2026-02-10 18:51:40.071 INFO  [ main -> org.tasktide.itemstore.mutex.LockActionReleaseApp.main ]: APP-Configuring arguments for testing
2026-02-10 18:51:40.071 INFO  [ main -> org.tasktide.itemstore.mutex.LockActionReleaseApp.main ]: APP-Configuring arguments for testing
2026-02-10 18:51:40.106 INFO  [ main -> org.tasktide.itemstore.mutex.LockActionReleaseApp.main ]: APP-Configuring arguments for testing
2026-02-10 18:51:40.107 INFO  [ main -> org.tasktide.itemstore.mutex.LockActionReleaseApp.main ]: APP-Configuring arguments for testing
2026-02-10 18:51:40.119 INFO  [ main -> org.tasktide.itemstore.mutex.LockActionReleaseApp.main ]: APP-Configuring arguments for testing
2026-02-10 18:51:40.120 INFO  [ main -> org.tasktide.itemstore.mutex.LockActionReleaseApp.main ]: APP-Configuring arguments for testing
2026-02-10 18:51:40.138 INFO  [ main -> org.tasktide.itemstore.mutex.LockActionReleaseApp.main ]: APP-Configuring arguments for testing
2026-02-10 18:51:40.138 INFO  [ main -> org.tasktide.itemstore.mutex.LockActionReleaseApp.main ]: APP-Configuring arguments for testing
2026-02-10 18:51:40.139 INFO  [ main -> org.tasktide.itemstore.mutex.LockActionReleaseApp.main ]: APP-Configuring arguments for testing
2026-02-10 18:51:40.138 INFO  [ main -> org.tasktide.itemstore.mutex.LockActionReleaseApp.main ]: APP-Configuring arguments for testing
2026-02-10 18:51:40.138 INFO  [ main -> org.tasktide.itemstore.mutex.LockActionReleaseApp.main ]: APP-Configuring arguments for testing
2026-02-10 18:51:40.138 INFO  [ main -> org.tasktide.itemstore.mutex.LockActionReleaseApp.main ]: APP-Configuring arguments for testing
2026-02-10 18:51:40.139 INFO  [ main -> org.tasktide.itemstore.mutex.LockActionReleaseApp.main ]: APP-Configuring arguments for testing
2026-02-10 18:51:40.139 INFO  [ main -> org.tasktide.itemstore.mutex.LockActionReleaseApp.main ]: APP-Configuring arguments for testing
2026-02-10 18:51:40.147 INFO  [ main -> org.tasktide.itemstore.mutex.LockActionReleaseApp.main ]: APP-Configuring arguments for testing
2026-02-10 18:51:40.145 INFO  [ main -> org.tasktide.itemstore.mutex.LockActionReleaseApp.main ]: APP-Configuring arguments for testing
2026-02-10 18:51:40.146 INFO  [ main -> org.tasktide.itemstore.mutex.LockActionReleaseApp.main ]: APP-Configuring arguments for testing
2026-02-10 18:51:40.157 INFO  [ main -> org.tasktide.itemstore.mutex.LockActionReleaseApp.main ]: APP-Configuring arguments for testing
2026-02-10 18:51:40.157 INFO  [ main -> org.tasktide.itemstore.mutex.LockActionReleaseApp.main ]: APP-Configuring arguments for testing
2026-02-10 18:51:40.177 INFO  [ main -> org.tasktide.itemstore.mutex.LockActionReleaseApp.main ]: APP-Configuring arguments for testing
2026-02-10 18:51:40.177 INFO  [ main -> org.tasktide.itemstore.mutex.LockActionReleaseApp.main ]: APP-Configuring arguments for testing
2026-02-10 18:51:40.177 INFO  [ main -> org.tasktide.itemstore.mutex.LockActionReleaseApp.main ]: APP-Configuring arguments for testing
2026-02-10 18:51:40.177 INFO  [ main -> org.tasktide.itemstore.mutex.LockActionReleaseApp.main ]: APP-Configuring arguments for testing
2026-02-10 18:51:40.181 INFO  [ main -> org.tasktide.itemstore.mutex.LockActionReleaseApp.main ]: APP-Configuring arguments for testing
2026-02-10 18:51:40.182 INFO  [ main -> org.tasktide.itemstore.mutex.LockActionReleaseApp.main ]: APP-Configuring arguments for testing
2026-02-10 18:51:40.181 INFO  [ main -> org.tasktide.itemstore.mutex.LockActionReleaseApp.main ]: APP-Configuring arguments for testing
2026-02-10 18:51:40.191 INFO  [ main -> org.tasktide.itemstore.mutex.LockActionReleaseApp.main ]: APP-Configuring arguments for testing
2026-02-10 18:51:40.218 INFO  [ main -> org.tasktide.itemstore.mutex.LockActionReleaseApp.main ]: APP-Configuring arguments for testing
2026-02-10 18:51:40.219 INFO  [ main -> org.tasktide.itemstore.mutex.LockActionReleaseApp.main ]: APP-Configuring arguments for testing
2026-02-10 18:51:40.237 INFO  [ main -> org.tasktide.itemstore.mutex.LockActionReleaseApp.main ]: APP-Configuring arguments for testing
2026-02-10 18:51:41.557 INFO  [ main -> org.tasktide.itemstore.mutex.LockActionReleaseApp.main ]: APP-Acquring lock
2026-02-10 18:51:41.582 INFO  [ main -> org.tasktide.itemstore.mutex.LockActionReleaseApp.main ]: APP-Acquring lock
2026-02-10 18:51:41.585 INFO  [ main -> org.tasktide.itemstore.mutex.LockActionReleaseApp.main ]: APP-Acquring lock
2026-02-10 18:51:41.603 INFO  [ main -> org.tasktide.itemstore.mutex.LockActionReleaseApp.main ]: APP-Acquring lock
2026-02-10 18:51:41.606 INFO  [ main -> org.tasktide.itemstore.mutex.LockActionReleaseApp.main ]: APP-Acquring lock
2026-02-10 18:51:41.606 INFO  [ main -> org.tasktide.itemstore.mutex.LockActionReleaseApp.main ]: APP-Acquring lock
2026-02-10 18:51:41.619 INFO  [ main -> org.tasktide.itemstore.mutex.LockActionReleaseApp.main ]: APP-Acquring lock
2026-02-10 18:51:41.646 INFO  [ main -> org.tasktide.itemstore.mutex.LockActionReleaseApp.main ]: APP-Acquring lock
2026-02-10 18:51:41.649 INFO  [ main -> org.tasktide.itemstore.mutex.LockActionReleaseApp.main ]: APP-Acquring lock
2026-02-10 18:51:41.650 INFO  [ main -> org.tasktide.itemstore.mutex.LockActionReleaseApp.main ]: APP-Acquring lock
2026-02-10 18:51:41.650 INFO  [ main -> org.tasktide.itemstore.mutex.LockActionReleaseApp.main ]: APP-Acquring lock
2026-02-10 18:51:41.650 INFO  [ main -> org.tasktide.itemstore.mutex.LockActionReleaseApp.main ]: APP-Acquring lock
2026-02-10 18:51:41.651 INFO  [ main -> org.tasktide.itemstore.mutex.LockActionReleaseApp.main ]: APP-Acquring lock
2026-02-10 18:51:41.651 INFO  [ main -> org.tasktide.itemstore.mutex.LockActionReleaseApp.main ]: APP-Acquring lock
2026-02-10 18:51:41.653 INFO  [ main -> org.tasktide.itemstore.mutex.LockActionReleaseApp.main ]: APP-Acquring lock
2026-02-10 18:51:41.653 INFO  [ main -> org.tasktide.itemstore.mutex.LockActionReleaseApp.main ]: APP-Acquring lock
2026-02-10 18:51:41.654 INFO  [ main -> org.tasktide.itemstore.mutex.LockActionReleaseApp.main ]: APP-Acquring lock
2026-02-10 18:51:41.654 INFO  [ main -> org.tasktide.itemstore.mutex.LockActionReleaseApp.main ]: APP-Acquring lock
2026-02-10 18:51:41.654 INFO  [ main -> org.tasktide.itemstore.mutex.LockActionReleaseApp.main ]: APP-Acquring lock
2026-02-10 18:51:41.656 INFO  [ main -> org.tasktide.itemstore.mutex.LockActionReleaseApp.main ]: APP-Acquring lock
2026-02-10 18:51:41.656 INFO  [ main -> org.tasktide.itemstore.mutex.LockActionReleaseApp.main ]: APP-Acquring lock
2026-02-10 18:51:41.659 INFO  [ main -> org.tasktide.itemstore.mutex.LockActionReleaseApp.main ]: APP-Acquring lock
2026-02-10 18:51:41.710 INFO  [ main -> org.tasktide.itemstore.mutex.LockActionReleaseApp.main ]: APP-Acquring lock
2026-02-10 18:51:41.710 INFO  [ main -> org.tasktide.itemstore.mutex.LockActionReleaseApp.main ]: APP-Acquring lock
2026-02-10 18:51:41.710 INFO  [ main -> org.tasktide.itemstore.mutex.LockActionReleaseApp.main ]: APP-Acquring lock
2026-02-10 18:51:41.710 INFO  [ main -> org.tasktide.itemstore.mutex.LockActionReleaseApp.main ]: APP-Acquring lock
2026-02-10 18:51:41.711 INFO  [ main -> org.tasktide.itemstore.mutex.LockActionReleaseApp.main ]: APP-Acquring lock
Exception in thread "main" java.lang.IllegalArgumentException: bound must be greater than origin
	at java.base/jdk.internal.util.random.RandomSupport.checkRange(RandomSupport.java:246)
	at java.base/java.util.random.RandomGenerator.nextLong(RandomGenerator.java:739)
	at org.tasktide.itemstore.mutex.utils.MutexConstants.getRandomJitter(MutexConstants.java:169)
2026-02-10 18:51:41.718 INFO  [ main -> org.tasktide.itemstore.mutex.LockActionReleaseApp.main ]: APP-Acquring lock
	at org.tasktide.itemstore.mutex.utils.MutexFilesUtils.waitJitterTime(MutexFilesUtils.java:267)
	at org.tasktide.itemstore.mutex.LockActionReleaseApp.main(LockActionReleaseApp.java:93)
2026-02-10 18:51:41.739 INFO  [ main -> org.tasktide.itemstore.mutex.LockActionReleaseApp.main ]: APP-Acquring lock
2026-02-10 18:51:41.857 INFO  [ main -> org.tasktide.itemstore.mutex.LockActionReleaseApp.main ]: APP-Acquring lock
2026-02-10 18:51:42.250 INFO  [ main -> org.tasktide.itemstore.mutex.orchestrator.MutexOrchestrator.performLock ]: Waiting for NFS lock for:	'84139ab3-ec85-4a3d-8bf5-4114599bb2c2'
2026-02-10 18:51:42.251 INFO  [ main -> org.tasktide.itemstore.mutex.orchestrator.MutexOrchestrator.performLock ]: Waiting for NFS lock for:	'f255fe3b-128a-4f3a-b02e-0d9de0ef33d1'
2026-02-10 18:51:42.254 INFO  [ main -> org.tasktide.itemstore.mutex.orchestrator.MutexOrchestrator.performLock ]: Waiting for NFS lock for:	'629acce3-6df4-4748-b35a-7e184ce08efd'
2026-02-10 18:51:42.271 INFO  [ main -> org.tasktide.itemstore.mutex.orchestrator.MutexOrchestrator.performLock ]: Waiting for NFS lock for:	'd6c8a1b9-2d6e-4a4e-a625-1512cd28977b'
2026-02-10 18:51:42.297 INFO  [ main -> org.tasktide.itemstore.mutex.orchestrator.MutexOrchestrator.performLock ]: Waiting for NFS lock for:	'694ad1c7-92be-43ba-961d-39ac241ca3fb'
2026-02-10 18:51:42.315 INFO  [ main -> org.tasktide.itemstore.mutex.orchestrator.MutexOrchestrator.performLock ]: Waiting for NFS lock for:	'2b34fea0-c417-407a-ae33-92410cbab48a'
2026-02-10 18:51:42.384 DEBUG [ main -> org.tasktide.itemstore.mutex.strategy.ElectionStrategy.initMutex ]: Initializing mutex:	'f255fe3b-128a-4f3a-b02e-0d9de0ef33d1'
2026-02-10 18:51:42.392 INFO  [ main -> org.tasktide.itemstore.mutex.orchestrator.MutexOrchestrator.performLock ]: Waiting for NFS lock for:	'bcdaa4a1-b03b-4847-a68d-53f5b74f2ab5'
2026-02-10 18:51:42.393 INFO  [ main -> org.tasktide.itemstore.mutex.orchestrator.MutexOrchestrator.performLock ]: Waiting for NFS lock for:	'483588d0-7fe9-4775-bce7-6891cd0f7f9f'
2026-02-10 18:51:42.394 INFO  [ main -> org.tasktide.itemstore.mutex.orchestrator.MutexOrchestrator.performLock ]: Waiting for NFS lock for:	'a43a90ad-088e-400f-bdc6-9ed21d8bdbf8'
2026-02-10 18:51:42.403 DEBUG [ main -> org.tasktide.itemstore.mutex.strategy.ElectionStrategy.initMutex ]: Initializing mutex:	'84139ab3-ec85-4a3d-8bf5-4114599bb2c2'
2026-02-10 18:51:42.427 DEBUG [ main -> org.tasktide.itemstore.mutex.strategy.ElectionStrategy.initMutex ]: Initializing mutex:	'629acce3-6df4-4748-b35a-7e184ce08efd'
2026-02-10 18:51:42.463 DEBUG [ main -> org.tasktide.itemstore.mutex.strategy.ElectionStrategy.initMutex ]: Initializing mutex:	'2b34fea0-c417-407a-ae33-92410cbab48a'
2026-02-10 18:51:42.466 INFO  [ main -> org.tasktide.itemstore.mutex.orchestrator.MutexOrchestrator.performLock ]: Waiting for NFS lock for:	'06934129-9983-4201-8664-e76a8edbf3fb'
2026-02-10 18:51:42.466 INFO  [ main -> org.tasktide.itemstore.mutex.orchestrator.MutexOrchestrator.performLock ]: Waiting for NFS lock for:	'489b3173-aefe-4f44-bad3-9ab3f438f9d0'
2026-02-10 18:51:42.501 DEBUG [ main -> org.tasktide.itemstore.mutex.strategy.ElectionStrategy.initMutex ]: Initializing mutex:	'd6c8a1b9-2d6e-4a4e-a625-1512cd28977b'
2026-02-10 18:51:42.514 DEBUG [ main -> org.tasktide.itemstore.mutex.strategy.ElectionStrategy.initMutex ]: Initializing mutex:	'bcdaa4a1-b03b-4847-a68d-53f5b74f2ab5'
2026-02-10 18:51:42.536 INFO  [ main -> org.tasktide.itemstore.mutex.orchestrator.MutexOrchestrator.performLock ]: Waiting for NFS lock for:	'1ff26b6f-07dd-44aa-8f2f-f9adf3b4f0c6'
2026-02-10 18:51:42.536 DEBUG [ main -> org.tasktide.itemstore.mutex.strategy.ElectionStrategy.initMutex ]: Initializing mutex:	'694ad1c7-92be-43ba-961d-39ac241ca3fb'
2026-02-10 18:51:42.636 INFO  [ main -> org.tasktide.itemstore.mutex.orchestrator.MutexOrchestrator.performLock ]: Waiting for NFS lock for:	'403f69d8-7393-4f0a-b445-3bca5bc39932'
2026-02-10 18:51:42.642 INFO  [ main -> org.tasktide.itemstore.mutex.orchestrator.MutexOrchestrator.performLock ]: Waiting for NFS lock for:	'c76957d2-091c-4b63-adc4-f1723b532569'
2026-02-10 18:51:42.645 DEBUG [ main -> org.tasktide.itemstore.mutex.strategy.ElectionStrategy.initMutex ]: Initializing mutex:	'483588d0-7fe9-4775-bce7-6891cd0f7f9f'
2026-02-10 18:51:42.664 INFO  [ main -> org.tasktide.itemstore.mutex.orchestrator.MutexOrchestrator.performLock ]: Waiting for NFS lock for:	'f0934e79-0373-490f-9a55-459e76a6ab89'
2026-02-10 18:51:42.689 DEBUG [ main -> org.tasktide.itemstore.mutex.strategy.ElectionStrategy.initMutex ]: Initializing mutex:	'a43a90ad-088e-400f-bdc6-9ed21d8bdbf8'
2026-02-10 18:51:42.722 INFO  [ main -> org.tasktide.itemstore.mutex.orchestrator.MutexOrchestrator.performLock ]: Waiting for NFS lock for:	'f9528b85-05b1-4429-9f3c-e3553b6f285d'
2026-02-10 18:51:42.723 INFO  [ main -> org.tasktide.itemstore.mutex.orchestrator.MutexOrchestrator.performLock ]: Waiting for NFS lock for:	'c0a3c564-e8cd-411a-bd82-b598eebc8e3f'
2026-02-10 18:51:42.725 INFO  [ main -> org.tasktide.itemstore.mutex.orchestrator.MutexOrchestrator.performLock ]: Waiting for NFS lock for:	'20aefd8d-c5b1-4ce4-b8f7-20fd62fba393'
2026-02-10 18:51:42.725 INFO  [ main -> org.tasktide.itemstore.mutex.orchestrator.MutexOrchestrator.performLock ]: Waiting for NFS lock for:	'9d71699a-e581-48d2-8862-f97290590aec'
2026-02-10 18:51:42.732 DEBUG [ main -> org.tasktide.itemstore.mutex.strategy.ElectionStrategy.initMutex ]: Initializing mutex:	'06934129-9983-4201-8664-e76a8edbf3fb'
2026-02-10 18:51:42.779 DEBUG [ main -> org.tasktide.itemstore.mutex.strategy.ElectionStrategy.initMutex ]: Initializing mutex:	'489b3173-aefe-4f44-bad3-9ab3f438f9d0'
2026-02-10 18:51:42.810 INFO  [ main -> org.tasktide.itemstore.mutex.orchestrator.MutexOrchestrator.performLock ]: Waiting for NFS lock for:	'50a0f249-d7fc-4005-a1d1-e88ac4cb8031'
2026-02-10 18:51:42.821 INFO  [ main -> org.tasktide.itemstore.mutex.orchestrator.MutexOrchestrator.performLock ]: Waiting for NFS lock for:	'b9c9623c-1c9e-4f42-8804-501d6b1cea5f'
2026-02-10 18:51:42.822 INFO  [ main -> org.tasktide.itemstore.mutex.orchestrator.MutexOrchestrator.performLock ]: Waiting for NFS lock for:	'a32d8a85-bfe8-4e7f-8b1f-7ea29ca727df'
2026-02-10 18:51:42.837 DEBUG [ main -> org.tasktide.itemstore.mutex.strategy.ElectionStrategy.initMutex ]: Initializing mutex:	'1ff26b6f-07dd-44aa-8f2f-f9adf3b4f0c6'
2026-02-10 18:51:42.862 INFO  [ main -> org.tasktide.itemstore.mutex.orchestrator.MutexOrchestrator.performLock ]: Waiting for NFS lock for:	'a20cf284-c339-4fae-a6e3-79b8ad393434'
2026-02-10 18:51:42.876 INFO  [ main -> org.tasktide.itemstore.mutex.orchestrator.MutexOrchestrator.performLock ]: Waiting for NFS lock for:	'10adb96e-4ae0-455c-b13f-f0612a4ebee3'
2026-02-10 18:51:42.877 INFO  [ main -> org.tasktide.itemstore.mutex.orchestrator.MutexOrchestrator.performLock ]: Waiting for NFS lock for:	'2b48f459-5f82-40fe-924d-12921c893fe4'
2026-02-10 18:51:42.878 INFO  [ main -> org.tasktide.itemstore.mutex.orchestrator.MutexOrchestrator.performLock ]: Waiting for NFS lock for:	'f42cea71-10b1-4a44-a74a-e91c395bd881'
2026-02-10 18:51:42.905 INFO  [ main -> org.tasktide.itemstore.mutex.orchestrator.MutexOrchestrator.performLock ]: Waiting for NFS lock for:	'8c35da5e-40ce-4683-adfe-e996f42d46f8'
2026-02-10 18:51:42.906 INFO  [ main -> org.tasktide.itemstore.mutex.orchestrator.MutexOrchestrator.performLock ]: Waiting for NFS lock for:	'44233a07-c44c-41ae-8a58-29576b692209'
2026-02-10 18:51:42.935 INFO  [ main -> org.tasktide.itemstore.mutex.orchestrator.MutexOrchestrator.performLock ]: Waiting for NFS lock for:	'bdb525bd-18ed-409f-928d-5adc4bd9a4dc'
2026-02-10 18:51:42.955 DEBUG [ main -> org.tasktide.itemstore.mutex.strategy.ElectionStrategy.initMutex ]: Initializing mutex:	'c76957d2-091c-4b63-adc4-f1723b532569'
2026-02-10 18:51:43.002 DEBUG [ main -> org.tasktide.itemstore.mutex.strategy.ElectionStrategy.initMutex ]: Initializing mutex:	'403f69d8-7393-4f0a-b445-3bca5bc39932'
2026-02-10 18:51:43.017 DEBUG [ main -> org.tasktide.itemstore.mutex.strategy.ElectionStrategy.initMutex ]: Initializing mutex:	'f0934e79-0373-490f-9a55-459e76a6ab89'
2026-02-10 18:51:43.074 DEBUG [ main -> org.tasktide.itemstore.mutex.strategy.ElectionStrategy.initMutex ]: Initializing mutex:	'f9528b85-05b1-4429-9f3c-e3553b6f285d'
2026-02-10 18:51:43.094 DEBUG [ main -> org.tasktide.itemstore.mutex.strategy.ElectionStrategy.initMutex ]: Initializing mutex:	'9d71699a-e581-48d2-8862-f97290590aec'
2026-02-10 18:51:43.125 DEBUG [ main -> org.tasktide.itemstore.mutex.strategy.ElectionStrategy.initMutex ]: Initializing mutex:	'50a0f249-d7fc-4005-a1d1-e88ac4cb8031'
2026-02-10 18:51:43.151 DEBUG [ main -> org.tasktide.itemstore.mutex.strategy.ElectionStrategy.initMutex ]: Initializing mutex:	'20aefd8d-c5b1-4ce4-b8f7-20fd62fba393'
2026-02-10 18:51:43.153 DEBUG [ main -> org.tasktide.itemstore.mutex.strategy.ElectionStrategy.initMutex ]: Initializing mutex:	'c0a3c564-e8cd-411a-bd82-b598eebc8e3f'
2026-02-10 18:51:43.188 DEBUG [ main -> org.tasktide.itemstore.mutex.strategy.ElectionStrategy.initMutex ]: Initializing mutex:	'a32d8a85-bfe8-4e7f-8b1f-7ea29ca727df'
2026-02-10 18:51:43.225 DEBUG [ main -> org.tasktide.itemstore.mutex.strategy.ElectionStrategy.initMutex ]: Initializing mutex:	'a20cf284-c339-4fae-a6e3-79b8ad393434'
2026-02-10 18:51:43.238 DEBUG [ main -> org.tasktide.itemstore.mutex.strategy.ElectionStrategy.initMutex ]: Initializing mutex:	'b9c9623c-1c9e-4f42-8804-501d6b1cea5f'
2026-02-10 18:51:43.270 DEBUG [ main -> org.tasktide.itemstore.mutex.strategy.ElectionStrategy.initMutex ]: Initializing mutex:	'2b48f459-5f82-40fe-924d-12921c893fe4'
2026-02-10 18:51:43.276 DEBUG [ main -> org.tasktide.itemstore.mutex.strategy.ElectionStrategy.initMutex ]: Initializing mutex:	'f42cea71-10b1-4a44-a74a-e91c395bd881'
2026-02-10 18:51:43.280 DEBUG [ main -> org.tasktide.itemstore.mutex.strategy.ElectionStrategy.initMutex ]: Initializing mutex:	'8c35da5e-40ce-4683-adfe-e996f42d46f8'
2026-02-10 18:51:43.289 DEBUG [ main -> org.tasktide.itemstore.mutex.strategy.ElectionStrategy.initMutex ]: Initializing mutex:	'10adb96e-4ae0-455c-b13f-f0612a4ebee3'
2026-02-10 18:51:43.298 DEBUG [ main -> org.tasktide.itemstore.mutex.strategy.ElectionStrategy.initMutex ]: Initializing mutex:	'bdb525bd-18ed-409f-928d-5adc4bd9a4dc'
2026-02-10 18:51:43.348 DEBUG [ main -> org.tasktide.itemstore.mutex.strategy.ElectionStrategy.initMutex ]: Initializing mutex:	'44233a07-c44c-41ae-8a58-29576b692209'
2026-02-10 18:51:43.525 DEBUG [ main -> org.tasktide.itemstore.mutex.strategy.ElectionStrategy.initMutex ]: Mutex initialized, inferring queue position
2026-02-10 18:51:43.535 WARN  [ main -> org.tasktide.itemstore.mutex.strategy.ElectionStrategy.initMutex ]: No election files detected
2026-02-10 18:51:43.544 DEBUG [ main -> org.tasktide.itemstore.mutex.strategy.ElectionStrategy.initMutex ]: Mutex initialized, inferring queue position
2026-02-10 18:51:43.556 WARN  [ main -> org.tasktide.itemstore.mutex.strategy.ElectionStrategy.initMutex ]: No election files detected
2026-02-10 18:51:43.574 DEBUG [ main -> org.tasktide.itemstore.mutex.strategy.ElectionStrategy.initMutex ]: Mutex initialized, inferring queue position
2026-02-10 18:51:43.583 WARN  [ main -> org.tasktide.itemstore.mutex.strategy.ElectionStrategy.initMutex ]: No election files detected
2026-02-10 18:51:43.626 DEBUG [ main -> org.tasktide.itemstore.mutex.strategy.ElectionStrategy.initMutex ]: Mutex initialized, inferring queue position
2026-02-10 18:51:43.635 WARN  [ main -> org.tasktide.itemstore.mutex.strategy.ElectionStrategy.initMutex ]: No election files detected
2026-02-10 18:51:43.648 DEBUG [ main -> org.tasktide.itemstore.mutex.strategy.ElectionStrategy.initMutex ]: Mutex initialized, inferring queue position
2026-02-10 18:51:43.659 WARN  [ main -> org.tasktide.itemstore.mutex.strategy.ElectionStrategy.initMutex ]: No election files detected
2026-02-10 18:51:43.659 DEBUG [ main -> org.tasktide.itemstore.mutex.strategy.ElectionStrategy.initMutex ]: Mutex initialized, inferring queue position
2026-02-10 18:51:43.673 WARN  [ main -> org.tasktide.itemstore.mutex.strategy.ElectionStrategy.initMutex ]: No election files detected
2026-02-10 18:51:43.731 DEBUG [ main -> org.tasktide.itemstore.mutex.strategy.ElectionStrategy.initMutex ]: Mutex initialized, inferring queue position
2026-02-10 18:51:43.737 DEBUG [ main -> org.tasktide.itemstore.mutex.strategy.ElectionStrategy.initMutex ]: Mutex initialized, inferring queue position
2026-02-10 18:51:43.738 WARN  [ main -> org.tasktide.itemstore.mutex.strategy.ElectionStrategy.initMutex ]: No election files detected
2026-02-10 18:51:43.747 WARN  [ main -> org.tasktide.itemstore.mutex.strategy.ElectionStrategy.initMutex ]: No election files detected
2026-02-10 18:51:43.809 DEBUG [ main -> org.tasktide.itemstore.mutex.strategy.ElectionStrategy.initMutex ]: Mutex initialized, inferring queue position
2026-02-10 18:51:43.821 WARN  [ main -> org.tasktide.itemstore.mutex.strategy.ElectionStrategy.initMutex ]: No election files detected
2026-02-10 18:51:43.887 DEBUG [ main -> org.tasktide.itemstore.mutex.strategy.ElectionStrategy.initMutex ]: Mutex initialized, inferring queue position
2026-02-10 18:51:43.909 WARN  [ main -> org.tasktide.itemstore.mutex.strategy.ElectionStrategy.initMutex ]: No election files detected
2026-02-10 18:51:43.929 DEBUG [ main -> org.tasktide.itemstore.mutex.strategy.ElectionStrategy.initMutex ]: Mutex initialized, inferring queue position
2026-02-10 18:51:43.944 WARN  [ main -> org.tasktide.itemstore.mutex.strategy.ElectionStrategy.initMutex ]: No election files detected
2026-02-10 18:51:43.945 DEBUG [ main -> org.tasktide.itemstore.mutex.strategy.ElectionStrategy.initMutex ]: Mutex initialized, inferring queue position
2026-02-10 18:51:43.954 WARN  [ main -> org.tasktide.itemstore.mutex.strategy.ElectionStrategy.initMutex ]: No election files detected
2026-02-10 18:51:44.087 INFO  [ main -> org.tasktide.itemstore.mutex.strategy.ElectionStrategy.waitUntilLeader ]: Leadership acquired:	'629acce3-6df4-4748-b35a-7e184ce08efd'
2026-02-10 18:51:44.092 INFO  [ main -> org.tasktide.itemstore.mutex.strategy.ElectionStrategy.waitUntilLeader ]: Verifying leadership:	'629acce3-6df4-4748-b35a-7e184ce08efd'
2026-02-10 18:51:44.122 DEBUG [ main -> org.tasktide.itemstore.mutex.strategy.ElectionStrategy.initMutex ]: Mutex initialized, inferring queue position
2026-02-10 18:51:44.136 DEBUG [ main -> org.tasktide.itemstore.mutex.strategy.ElectionStrategy.initMutex ]: Mutex initialized, inferring queue position
2026-02-10 18:51:44.137 WARN  [ main -> org.tasktide.itemstore.mutex.strategy.ElectionStrategy.initMutex ]: No election files detected
2026-02-10 18:51:44.142 WARN  [ main -> org.tasktide.itemstore.mutex.strategy.ElectionStrategy.initMutex ]: No election files detected
2026-02-10 18:51:44.163 DEBUG [ main -> org.tasktide.itemstore.mutex.strategy.ElectionStrategy.initMutex ]: Mutex initialized, inferring queue position
2026-02-10 18:51:44.170 WARN  [ main -> org.tasktide.itemstore.mutex.strategy.ElectionStrategy.initMutex ]: No election files detected
2026-02-10 18:51:44.243 DEBUG [ main -> org.tasktide.itemstore.mutex.strategy.ElectionStrategy.initMutex ]: Mutex initialized, inferring queue position
2026-02-10 18:51:44.251 DEBUG [ main -> org.tasktide.itemstore.mutex.strategy.ElectionStrategy.initMutex ]: Mutex initialized, inferring queue position
2026-02-10 18:51:44.258 DEBUG [ main -> org.tasktide.itemstore.mutex.strategy.ElectionStrategy.initMutex ]: Mutex initialized, inferring queue position
2026-02-10 18:51:44.258 WARN  [ main -> org.tasktide.itemstore.mutex.strategy.ElectionStrategy.initMutex ]: No election files detected
2026-02-10 18:51:44.258 WARN  [ main -> org.tasktide.itemstore.mutex.strategy.ElectionStrategy.initMutex ]: No election files detected
2026-02-10 18:51:44.265 WARN  [ main -> org.tasktide.itemstore.mutex.strategy.ElectionStrategy.initMutex ]: No election files detected
2026-02-10 18:51:44.275 INFO  [ main -> org.tasktide.itemstore.mutex.strategy.ElectionStrategy.waitUntilLeader ]: Leadership verified:	'629acce3-6df4-4748-b35a-7e184ce08efd'
2026-02-10 18:51:44.278 DEBUG [ main -> org.tasktide.itemstore.mutex.strategy.ElectionStrategy.apply ]: Active leader with Id:	'629acce3-6df4-4748-b35a-7e184ce08efd'
2026-02-10 18:51:44.280 DEBUG [ main -> org.tasktide.itemstore.mutex.strategy.ElectionStrategy.apply ]: State set, writing mutex for:	'629acce3-6df4-4748-b35a-7e184ce08efd'
2026-02-10 18:51:44.326 DEBUG [ main -> org.tasktide.itemstore.mutex.strategy.ElectionStrategy.apply ]: Mutex written for:	'629acce3-6df4-4748-b35a-7e184ce08efd'
2026-02-10 18:51:44.346 DEBUG [ main -> org.tasktide.itemstore.mutex.strategy.ElectionStrategy.initMutex ]: Mutex initialized, inferring queue position
2026-02-10 18:51:44.353 WARN  [ main -> org.tasktide.itemstore.mutex.strategy.ElectionStrategy.initMutex ]: No election files detected
2026-02-10 18:51:44.361 INFO  [ main -> org.tasktide.itemstore.mutex.orchestrator.MutexOrchestrator.performLock ]: NFS Lock acquired for:	'629acce3-6df4-4748-b35a-7e184ce08efd'
2026-02-10 18:51:44.363 INFO  [ main -> org.tasktide.itemstore.mutex.orchestrator.MutexOrchestrator.performLock ]: Confirming leadership:	'629acce3-6df4-4748-b35a-7e184ce08efd'
2026-02-10 18:51:44.380 DEBUG [ main -> org.tasktide.itemstore.mutex.strategy.ElectionStrategy.initMutex ]: Mutex initialized, inferring queue position
2026-02-10 18:51:44.385 DEBUG [ main -> org.tasktide.itemstore.mutex.strategy.ElectionStrategy.initMutex ]: Mutex initialized, inferring queue position
2026-02-10 18:51:44.389 WARN  [ main -> org.tasktide.itemstore.mutex.strategy.ElectionStrategy.initMutex ]: No election files detected
2026-02-10 18:51:44.393 WARN  [ main -> org.tasktide.itemstore.mutex.strategy.ElectionStrategy.initMutex ]: No election files detected
2026-02-10 18:51:44.417 DEBUG [ main -> org.tasktide.itemstore.mutex.strategy.ElectionStrategy.initMutex ]: Mutex initialized, inferring queue position
2026-02-10 18:51:44.423 WARN  [ main -> org.tasktide.itemstore.mutex.strategy.ElectionStrategy.initMutex ]: No election files detected
2026-02-10 18:51:44.445 DEBUG [ main -> org.tasktide.itemstore.mutex.strategy.ElectionStrategy.initMutex ]: Mutex initialized, inferring queue position
2026-02-10 18:51:44.454 DEBUG [ main -> org.tasktide.itemstore.mutex.strategy.ElectionStrategy.initMutex ]: Mutex initialized, inferring queue position
2026-02-10 18:51:44.458 DEBUG [ main -> org.tasktide.itemstore.mutex.strategy.ElectionStrategy.initMutex ]: Mutex initialized, inferring queue position
2026-02-10 18:51:44.463 DEBUG [ main -> org.tasktide.itemstore.mutex.strategy.ElectionStrategy.initMutex ]: Mutex initialized, inferring queue position
2026-02-10 18:51:44.463 WARN  [ main -> org.tasktide.itemstore.mutex.strategy.ElectionStrategy.initMutex ]: No election files detected
2026-02-10 18:51:44.463 WARN  [ main -> org.tasktide.itemstore.mutex.strategy.ElectionStrategy.initMutex ]: No election files detected
2026-02-10 18:51:44.464 WARN  [ main -> org.tasktide.itemstore.mutex.strategy.ElectionStrategy.initMutex ]: No election files detected
2026-02-10 18:51:44.469 WARN  [ main -> org.tasktide.itemstore.mutex.strategy.ElectionStrategy.initMutex ]: No election files detected
2026-02-10 18:51:44.481 DEBUG [ main -> org.tasktide.itemstore.mutex.strategy.ElectionStrategy.initMutex ]: Mutex initialized, inferring queue position
2026-02-10 18:51:44.488 WARN  [ main -> org.tasktide.itemstore.mutex.strategy.ElectionStrategy.initMutex ]: No election files detected
2026-02-10 18:51:44.509 DEBUG [ main -> org.tasktide.itemstore.mutex.strategy.ElectionStrategy.initMutex ]: Mutex initialized, inferring queue position
2026-02-10 18:51:44.516 WARN  [ main -> org.tasktide.itemstore.mutex.strategy.ElectionStrategy.initMutex ]: No election files detected
2026-02-10 18:51:44.568 INFO  [ main -> org.tasktide.itemstore.mutex.strategy.ElectionStrategy.evaluateLeaderTtl ]: Leader passed TTL check-in:	'/mnt/c/Users/Brendan Kenna/GitHub/TaskTide/tasktide/itemstore/ItemStore-Mutex/Queue/1770749502075.127-0-1-1_27d591f5-6cd2-45fc-99b7-9d6c15a00197_629acce3-6df4-4748-b35a-7e184ce08efd.lock'
2026-02-10 18:51:44.570 INFO  [ main -> org.tasktide.itemstore.mutex.strategy.ElectionStrategy.waitUntilLeader ]: Resetting predecessor:	'84139ab3-ec85-4a3d-8bf5-4114599bb2c2'
2026-02-10 18:51:44.582 DEBUG [ main -> org.tasktide.itemstore.mutex.strategy.ElectionStrategy.initMutex ]: Mutex initialized, inferring queue position
2026-02-10 18:51:44.588 WARN  [ main -> org.tasktide.itemstore.mutex.strategy.ElectionStrategy.initMutex ]: No election files detected
2026-02-10 18:51:44.616 INFO  [ main -> org.tasktide.itemstore.mutex.strategy.ElectionStrategy.evaluateLeaderTtl ]: Leader passed TTL check-in:	'/mnt/c/Users/Brendan Kenna/GitHub/TaskTide/tasktide/itemstore/ItemStore-Mutex/Queue/1770749502075.127-0-1-1_27d591f5-6cd2-45fc-99b7-9d6c15a00197_629acce3-6df4-4748-b35a-7e184ce08efd.lock'
2026-02-10 18:51:44.618 INFO  [ main -> org.tasktide.itemstore.mutex.strategy.ElectionStrategy.waitUntilLeader ]: Resetting predecessor:	'f255fe3b-128a-4f3a-b02e-0d9de0ef33d1'
2026-02-10 18:51:44.763 INFO  [ main -> org.tasktide.itemstore.mutex.strategy.ElectionStrategy.evaluateLeaderTtl ]: Leader passed TTL check-in:	'/mnt/c/Users/Brendan Kenna/GitHub/TaskTide/tasktide/itemstore/ItemStore-Mutex/Queue/1770749502075.127-0-1-1_27d591f5-6cd2-45fc-99b7-9d6c15a00197_629acce3-6df4-4748-b35a-7e184ce08efd.lock'
2026-02-10 18:51:44.765 INFO  [ main -> org.tasktide.itemstore.mutex.strategy.ElectionStrategy.waitUntilLeader ]: Resetting predecessor:	'84139ab3-ec85-4a3d-8bf5-4114599bb2c2'
2026-02-10 18:51:44.820 INFO  [ main -> org.tasktide.itemstore.mutex.strategy.ElectionStrategy.evaluateLeaderTtl ]: Leader passed TTL check-in:	'/mnt/c/Users/Brendan Kenna/GitHub/TaskTide/tasktide/itemstore/ItemStore-Mutex/Queue/1770749502075.127-0-1-1_27d591f5-6cd2-45fc-99b7-9d6c15a00197_629acce3-6df4-4748-b35a-7e184ce08efd.lock'
2026-02-10 18:51:44.824 INFO  [ main -> org.tasktide.itemstore.mutex.strategy.ElectionStrategy.waitUntilLeader ]: Resetting predecessor:	'd6c8a1b9-2d6e-4a4e-a625-1512cd28977b'
2026-02-10 18:51:44.830 INFO  [ main -> org.tasktide.itemstore.mutex.strategy.ElectionStrategy.evaluateLeaderTtl ]: Leader passed TTL check-in:	'/mnt/c/Users/Brendan Kenna/GitHub/TaskTide/tasktide/itemstore/ItemStore-Mutex/Queue/1770749502075.127-0-1-1_27d591f5-6cd2-45fc-99b7-9d6c15a00197_629acce3-6df4-4748-b35a-7e184ce08efd.lock'
2026-02-10 18:51:44.833 INFO  [ main -> org.tasktide.itemstore.mutex.strategy.ElectionStrategy.waitUntilLeader ]: Resetting predecessor:	'f255fe3b-128a-4f3a-b02e-0d9de0ef33d1'
2026-02-10 18:51:44.966 INFO  [ main -> org.tasktide.itemstore.mutex.strategy.ElectionStrategy.evaluateLeaderTtl ]: Leader passed TTL check-in:	'/mnt/c/Users/Brendan Kenna/GitHub/TaskTide/tasktide/itemstore/ItemStore-Mutex/Queue/1770749502075.127-0-1-1_27d591f5-6cd2-45fc-99b7-9d6c15a00197_629acce3-6df4-4748-b35a-7e184ce08efd.lock'
2026-02-10 18:51:44.969 INFO  [ main -> org.tasktide.itemstore.mutex.strategy.ElectionStrategy.waitUntilLeader ]: Resetting predecessor:	'84139ab3-ec85-4a3d-8bf5-4114599bb2c2'
2026-02-10 18:51:45.038 INFO  [ main -> org.tasktide.itemstore.mutex.strategy.ElectionStrategy.evaluateLeaderTtl ]: Leader passed TTL check-in:	'/mnt/c/Users/Brendan Kenna/GitHub/TaskTide/tasktide/itemstore/ItemStore-Mutex/Queue/1770749502075.127-0-1-1_27d591f5-6cd2-45fc-99b7-9d6c15a00197_629acce3-6df4-4748-b35a-7e184ce08efd.lock'
2026-02-10 18:51:45.040 INFO  [ main -> org.tasktide.itemstore.mutex.strategy.ElectionStrategy.waitUntilLeader ]: Resetting predecessor:	'd6c8a1b9-2d6e-4a4e-a625-1512cd28977b'
2026-02-10 18:51:45.047 INFO  [ main -> org.tasktide.itemstore.mutex.strategy.ElectionStrategy.evaluateLeaderTtl ]: Leader passed TTL check-in:	'/mnt/c/Users/Brendan Kenna/GitHub/TaskTide/tasktide/itemstore/ItemStore-Mutex/Queue/1770749502075.127-0-1-1_27d591f5-6cd2-45fc-99b7-9d6c15a00197_629acce3-6df4-4748-b35a-7e184ce08efd.lock'
2026-02-10 18:51:45.049 INFO  [ main -> org.tasktide.itemstore.mutex.strategy.ElectionStrategy.waitUntilLeader ]: Resetting predecessor:	'f255fe3b-128a-4f3a-b02e-0d9de0ef33d1'
2026-02-10 18:51:45.147 INFO  [ main -> org.tasktide.itemstore.mutex.strategy.ElectionStrategy.evaluateLeaderTtl ]: Leader passed TTL check-in:	'/mnt/c/Users/Brendan Kenna/GitHub/TaskTide/tasktide/itemstore/ItemStore-Mutex/Queue/1770749502075.127-0-1-1_27d591f5-6cd2-45fc-99b7-9d6c15a00197_629acce3-6df4-4748-b35a-7e184ce08efd.lock'
2026-02-10 18:51:45.149 INFO  [ main -> org.tasktide.itemstore.mutex.strategy.ElectionStrategy.waitUntilLeader ]: Resetting predecessor:	'84139ab3-ec85-4a3d-8bf5-4114599bb2c2'
2026-02-10 18:51:45.195 INFO  [ main -> org.tasktide.itemstore.mutex.strategy.ElectionStrategy.evaluateLeaderTtl ]: Leader passed TTL check-in:	'/mnt/c/Users/Brendan Kenna/GitHub/TaskTide/tasktide/itemstore/ItemStore-Mutex/Queue/1770749502075.127-0-1-1_27d591f5-6cd2-45fc-99b7-9d6c15a00197_629acce3-6df4-4748-b35a-7e184ce08efd.lock'
2026-02-10 18:51:45.200 INFO  [ main -> org.tasktide.itemstore.mutex.strategy.ElectionStrategy.waitUntilLeader ]: Resetting predecessor:	'f255fe3b-128a-4f3a-b02e-0d9de0ef33d1'
2026-02-10 18:51:45.340 INFO  [ main -> org.tasktide.itemstore.mutex.strategy.ElectionStrategy.evaluateLeaderTtl ]: Leader passed TTL check-in:	'/mnt/c/Users/Brendan Kenna/GitHub/TaskTide/tasktide/itemstore/ItemStore-Mutex/Queue/1770749502075.127-0-1-1_27d591f5-6cd2-45fc-99b7-9d6c15a00197_629acce3-6df4-4748-b35a-7e184ce08efd.lock'
2026-02-10 18:51:45.342 INFO  [ main -> org.tasktide.itemstore.mutex.strategy.ElectionStrategy.waitUntilLeader ]: Resetting predecessor:	'84139ab3-ec85-4a3d-8bf5-4114599bb2c2'
2026-02-10 18:51:45.344 INFO  [ main -> org.tasktide.itemstore.mutex.strategy.ElectionStrategy.evaluateLeaderTtl ]: Leader passed TTL check-in:	'/mnt/c/Users/Brendan Kenna/GitHub/TaskTide/tasktide/itemstore/ItemStore-Mutex/Queue/1770749502075.127-0-1-1_27d591f5-6cd2-45fc-99b7-9d6c15a00197_629acce3-6df4-4748-b35a-7e184ce08efd.lock'
2026-02-10 18:51:45.345 INFO  [ main -> org.tasktide.itemstore.mutex.strategy.ElectionStrategy.waitUntilLeader ]: Resetting predecessor:	'd6c8a1b9-2d6e-4a4e-a625-1512cd28977b'
2026-02-10 18:51:45.368 INFO  [ main -> org.tasktide.itemstore.mutex.strategy.ElectionStrategy.evaluateLeaderTtl ]: Leader passed TTL check-in:	'/mnt/c/Users/Brendan Kenna/GitHub/TaskTide/tasktide/itemstore/ItemStore-Mutex/Queue/1770749502075.127-0-1-1_27d591f5-6cd2-45fc-99b7-9d6c15a00197_629acce3-6df4-4748-b35a-7e184ce08efd.lock'
2026-02-10 18:51:45.371 INFO  [ main -> org.tasktide.itemstore.mutex.strategy.ElectionStrategy.waitUntilLeader ]: Resetting predecessor:	'f255fe3b-128a-4f3a-b02e-0d9de0ef33d1'
2026-02-10 18:51:45.498 INFO  [ main -> org.tasktide.itemstore.mutex.strategy.ElectionStrategy.evaluateLeaderTtl ]: Leader passed TTL check-in:	'/mnt/c/Users/Brendan Kenna/GitHub/TaskTide/tasktide/itemstore/ItemStore-Mutex/Queue/1770749502075.127-0-1-1_27d591f5-6cd2-45fc-99b7-9d6c15a00197_629acce3-6df4-4748-b35a-7e184ce08efd.lock'
2026-02-10 18:51:45.499 INFO  [ main -> org.tasktide.itemstore.mutex.strategy.ElectionStrategy.waitUntilLeader ]: Resetting predecessor:	'84139ab3-ec85-4a3d-8bf5-4114599bb2c2'
2026-02-10 18:51:45.570 INFO  [ main -> org.tasktide.itemstore.mutex.strategy.ElectionStrategy.evaluateLeaderTtl ]: Leader passed TTL check-in:	'/mnt/c/Users/Brendan Kenna/GitHub/TaskTide/tasktide/itemstore/ItemStore-Mutex/Queue/1770749502075.127-0-1-1_27d591f5-6cd2-45fc-99b7-9d6c15a00197_629acce3-6df4-4748-b35a-7e184ce08efd.lock'
2026-02-10 18:51:45.571 INFO  [ main -> org.tasktide.itemstore.mutex.strategy.ElectionStrategy.waitUntilLeader ]: Resetting predecessor:	'f255fe3b-128a-4f3a-b02e-0d9de0ef33d1'
2026-02-10 18:51:45.676 INFO  [ main -> org.tasktide.itemstore.mutex.strategy.ElectionStrategy.evaluateLeaderTtl ]: Leader passed TTL check-in:	'/mnt/c/Users/Brendan Kenna/GitHub/TaskTide/tasktide/itemstore/ItemStore-Mutex/Queue/1770749502075.127-0-1-1_27d591f5-6cd2-45fc-99b7-9d6c15a00197_629acce3-6df4-4748-b35a-7e184ce08efd.lock'
2026-02-10 18:51:45.678 INFO  [ main -> org.tasktide.itemstore.mutex.strategy.ElectionStrategy.waitUntilLeader ]: Resetting predecessor:	'd6c8a1b9-2d6e-4a4e-a625-1512cd28977b'
2026-02-10 18:51:45.680 INFO  [ main -> org.tasktide.itemstore.mutex.strategy.ElectionStrategy.evaluateLeaderTtl ]: Leader passed TTL check-in:	'/mnt/c/Users/Brendan Kenna/GitHub/TaskTide/tasktide/itemstore/ItemStore-Mutex/Queue/1770749502075.127-0-1-1_27d591f5-6cd2-45fc-99b7-9d6c15a00197_629acce3-6df4-4748-b35a-7e184ce08efd.lock'
2026-02-10 18:51:45.682 INFO  [ main -> org.tasktide.itemstore.mutex.strategy.ElectionStrategy.waitUntilLeader ]: Resetting predecessor:	'84139ab3-ec85-4a3d-8bf5-4114599bb2c2'
2026-02-10 18:51:45.722 INFO  [ main -> org.tasktide.itemstore.mutex.orchestrator.MutexOrchestrator.confirmLeader ]: Leadership confirmed:	'629acce3-6df4-4748-b35a-7e184ce08efd'
2026-02-10 18:51:45.723 INFO  [ main -> org.tasktide.itemstore.mutex.orchestrator.MutexOrchestrator.performLock ]: Leadership confirmed:	'629acce3-6df4-4748-b35a-7e184ce08efd'
2026-02-10 18:51:45.724 INFO  [ main -> org.tasktide.itemstore.mutex.orchestrator.MutexOrchestrator.performLock ]: Waiting for FileChannel lock for:	'629acce3-6df4-4748-b35a-7e184ce08efd'
2026-02-10 18:51:45.744 INFO  [ main -> org.tasktide.itemstore.mutex.strategy.ElectionStrategy.evaluateLeaderTtl ]: Leader passed TTL check-in:	'/mnt/c/Users/Brendan Kenna/GitHub/TaskTide/tasktide/itemstore/ItemStore-Mutex/Queue/1770749502075.127-0-1-1_27d591f5-6cd2-45fc-99b7-9d6c15a00197_629acce3-6df4-4748-b35a-7e184ce08efd.lock'
2026-02-10 18:51:45.745 INFO  [ main -> org.tasktide.itemstore.mutex.strategy.ElectionStrategy.waitUntilLeader ]: Resetting predecessor:	'f255fe3b-128a-4f3a-b02e-0d9de0ef33d1'
2026-02-10 18:51:45.860 INFO  [ main -> org.tasktide.itemstore.mutex.strategy.ElectionStrategy.evaluateLeaderTtl ]: Leader passed TTL check-in:	'/mnt/c/Users/Brendan Kenna/GitHub/TaskTide/tasktide/itemstore/ItemStore-Mutex/Queue/1770749502075.127-0-1-1_27d591f5-6cd2-45fc-99b7-9d6c15a00197_629acce3-6df4-4748-b35a-7e184ce08efd.lock'
2026-02-10 18:51:45.862 INFO  [ main -> org.tasktide.itemstore.mutex.strategy.ElectionStrategy.waitUntilLeader ]: Resetting predecessor:	'84139ab3-ec85-4a3d-8bf5-4114599bb2c2'
2026-02-10 18:51:45.879 INFO  [ main -> org.tasktide.itemstore.mutex.strategy.ElectionStrategy.evaluateLeaderTtl ]: Leader passed TTL check-in:	'/mnt/c/Users/Brendan Kenna/GitHub/TaskTide/tasktide/itemstore/ItemStore-Mutex/Queue/1770749502075.127-0-1-1_27d591f5-6cd2-45fc-99b7-9d6c15a00197_629acce3-6df4-4748-b35a-7e184ce08efd.lock'
2026-02-10 18:51:45.881 INFO  [ main -> org.tasktide.itemstore.mutex.strategy.ElectionStrategy.waitUntilLeader ]: Resetting predecessor:	'f255fe3b-128a-4f3a-b02e-0d9de0ef33d1'
2026-02-10 18:51:45.960 INFO  [ main -> org.tasktide.itemstore.mutex.strategy.ElectionStrategy.evaluateLeaderTtl ]: Leader passed TTL check-in:	'/mnt/c/Users/Brendan Kenna/GitHub/TaskTide/tasktide/itemstore/ItemStore-Mutex/Queue/1770749502075.127-0-1-1_27d591f5-6cd2-45fc-99b7-9d6c15a00197_629acce3-6df4-4748-b35a-7e184ce08efd.lock'
2026-02-10 18:51:45.962 INFO  [ main -> org.tasktide.itemstore.mutex.strategy.ElectionStrategy.waitUntilLeader ]: Resetting predecessor:	'd6c8a1b9-2d6e-4a4e-a625-1512cd28977b'
2026-02-10 18:51:46.053 INFO  [ main -> org.tasktide.itemstore.mutex.strategy.ElectionStrategy.evaluateLeaderTtl ]: Leader passed TTL check-in:	'/mnt/c/Users/Brendan Kenna/GitHub/TaskTide/tasktide/itemstore/ItemStore-Mutex/Queue/1770749502075.127-0-1-1_27d591f5-6cd2-45fc-99b7-9d6c15a00197_629acce3-6df4-4748-b35a-7e184ce08efd.lock'
2026-02-10 18:51:46.056 INFO  [ main -> org.tasktide.itemstore.mutex.strategy.ElectionStrategy.waitUntilLeader ]: Resetting predecessor:	'f255fe3b-128a-4f3a-b02e-0d9de0ef33d1'
2026-02-10 18:51:46.069 INFO  [ main -> org.tasktide.itemstore.mutex.strategy.ElectionStrategy.evaluateLeaderTtl ]: Leader passed TTL check-in:	'/mnt/c/Users/Brendan Kenna/GitHub/TaskTide/tasktide/itemstore/ItemStore-Mutex/Queue/1770749502075.127-0-1-1_27d591f5-6cd2-45fc-99b7-9d6c15a00197_629acce3-6df4-4748-b35a-7e184ce08efd.lock'
2026-02-10 18:51:46.071 INFO  [ main -> org.tasktide.itemstore.mutex.strategy.ElectionStrategy.waitUntilLeader ]: Resetting predecessor:	'84139ab3-ec85-4a3d-8bf5-4114599bb2c2'
2026-02-10 18:51:46.205 INFO  [ main -> org.tasktide.itemstore.mutex.strategy.ElectionStrategy.evaluateLeaderTtl ]: Leader passed TTL check-in:	'/mnt/c/Users/Brendan Kenna/GitHub/TaskTide/tasktide/itemstore/ItemStore-Mutex/Queue/1770749502075.127-0-1-1_27d591f5-6cd2-45fc-99b7-9d6c15a00197_629acce3-6df4-4748-b35a-7e184ce08efd.lock'
2026-02-10 18:51:46.207 INFO  [ main -> org.tasktide.itemstore.mutex.strategy.ElectionStrategy.waitUntilLeader ]: Resetting predecessor:	'f255fe3b-128a-4f3a-b02e-0d9de0ef33d1'
2026-02-10 18:51:46.246 INFO  [ main -> org.tasktide.itemstore.mutex.strategy.ElectionStrategy.evaluateLeaderTtl ]: Leader passed TTL check-in:	'/mnt/c/Users/Brendan Kenna/GitHub/TaskTide/tasktide/itemstore/ItemStore-Mutex/Queue/1770749502075.127-0-1-1_27d591f5-6cd2-45fc-99b7-9d6c15a00197_629acce3-6df4-4748-b35a-7e184ce08efd.lock'
2026-02-10 18:51:46.247 INFO  [ main -> org.tasktide.itemstore.mutex.strategy.ElectionStrategy.waitUntilLeader ]: Resetting predecessor:	'84139ab3-ec85-4a3d-8bf5-4114599bb2c2'
2026-02-10 18:51:46.266 INFO  [ main -> org.tasktide.itemstore.mutex.strategy.ElectionStrategy.evaluateLeaderTtl ]: Leader passed TTL check-in:	'/mnt/c/Users/Brendan Kenna/GitHub/TaskTide/tasktide/itemstore/ItemStore-Mutex/Queue/1770749502075.127-0-1-1_27d591f5-6cd2-45fc-99b7-9d6c15a00197_629acce3-6df4-4748-b35a-7e184ce08efd.lock'
2026-02-10 18:51:46.267 INFO  [ main -> org.tasktide.itemstore.mutex.strategy.ElectionStrategy.waitUntilLeader ]: Resetting predecessor:	'd6c8a1b9-2d6e-4a4e-a625-1512cd28977b'
2026-02-10 18:51:46.369 INFO  [ main -> org.tasktide.itemstore.mutex.orchestrator.MutexOrchestrator.performLock ]: File Channel Lock acquired for:	'629acce3-6df4-4748-b35a-7e184ce08efd'
2026-02-10 18:51:46.371 INFO  [ main -> org.tasktide.itemstore.mutex.orchestrator.MutexOrchestrator.performLock ]: Lock successful for:	'629acce3-6df4-4748-b35a-7e184ce08efd'
2026-02-10 18:51:46.387 INFO  [ main -> org.tasktide.itemstore.mutex.strategy.ElectionStrategy.evaluateLeaderTtl ]: Leader passed TTL check-in:	'/mnt/c/Users/Brendan Kenna/GitHub/TaskTide/tasktide/itemstore/ItemStore-Mutex/Queue/1770749502075.127-0-1-1_27d591f5-6cd2-45fc-99b7-9d6c15a00197_629acce3-6df4-4748-b35a-7e184ce08efd.lock'
2026-02-10 18:51:46.390 INFO  [ main -> org.tasktide.itemstore.mutex.strategy.ElectionStrategy.waitUntilLeader ]: Resetting predecessor:	'f255fe3b-128a-4f3a-b02e-0d9de0ef33d1'
2026-02-10 18:51:46.414 INFO  [ main -> org.tasktide.itemstore.mutex.strategy.ElectionStrategy.evaluateLeaderTtl ]: Leader passed TTL check-in:	'/mnt/c/Users/Brendan Kenna/GitHub/TaskTide/tasktide/itemstore/ItemStore-Mutex/Queue/1770749502075.127-0-1-1_27d591f5-6cd2-45fc-99b7-9d6c15a00197_629acce3-6df4-4748-b35a-7e184ce08efd.lock'
2026-02-10 18:51:46.416 INFO  [ main -> org.tasktide.itemstore.mutex.strategy.ElectionStrategy.waitUntilLeader ]: Resetting predecessor:	'84139ab3-ec85-4a3d-8bf5-4114599bb2c2'
2026-02-10 18:51:46.420 INFO  [ main -> org.tasktide.itemstore.mutex.strategy.ElectionStrategy.waitUntilLeader ]: Recasting ballot:	'2b34fea0-c417-407a-ae33-92410cbab48a'
2026-02-10 18:51:46.545 INFO  [ main -> org.tasktide.itemstore.mutex.strategy.ElectionStrategy.waitUntilLeader ]: Recasting ballot:	'f255fe3b-128a-4f3a-b02e-0d9de0ef33d1'
2026-02-10 18:51:46.577 INFO  [ main -> org.tasktide.itemstore.mutex.strategy.ElectionStrategy.waitUntilLeader ]: Recasting ballot:	'84139ab3-ec85-4a3d-8bf5-4114599bb2c2'
2026-02-10 18:51:46.601 INFO  [ main -> org.tasktide.itemstore.mutex.strategy.ElectionStrategy.evaluateLeaderTtl ]: Leader passed TTL check-in:	'/mnt/c/Users/Brendan Kenna/GitHub/TaskTide/tasktide/itemstore/ItemStore-Mutex/Queue/1770749502075.127-0-1-1_27d591f5-6cd2-45fc-99b7-9d6c15a00197_629acce3-6df4-4748-b35a-7e184ce08efd.lock'
2026-02-10 18:51:46.605 INFO  [ main -> org.tasktide.itemstore.mutex.strategy.ElectionStrategy.waitUntilLeader ]: Resetting predecessor:	'd6c8a1b9-2d6e-4a4e-a625-1512cd28977b'
2026-02-10 18:51:46.793 INFO  [ main -> org.tasktide.itemstore.mutex.orchestrator.MutexOrchestrator.tryAcquireUntilSuccess ]: Process-1452 Completed with counter value:	'0'
2026-02-10 18:51:46.794 INFO  [ main -> org.tasktide.itemstore.mutex.orchestrator.MutexOrchestrator.tryAcquireUntilSuccess ]: Process-1452 Loop terminating with done = 'true', and counter = '0'
2026-02-10 18:51:46.796 INFO  [ main -> org.tasktide.itemstore.mutex.LockActionReleaseApp.main ]: APP-Writing '0' to data file:	'/mnt/c/Users/Brendan Kenna/GitHub/TaskTide/tasktide/itemstore/ItemStore-Mutex/multi-process.txt'
2026-02-10 18:51:46.802 INFO  [ main -> org.tasktide.itemstore.mutex.LockActionReleaseApp.main ]: APP-Record written, releasing lock
2026-02-10 18:51:46.804 INFO  [ main -> org.tasktide.itemstore.mutex.orchestrator.MutexOrchestrator.releaseLock ]: Releasing active lock
2026-02-10 18:51:46.804 INFO  [ main -> org.tasktide.itemstore.mutex.orchestrator.MutexOrchestrator.releaseActiveLock ]: Releasing FileChannel mutex
2026-02-10 18:51:46.979 INFO  [ main -> org.tasktide.itemstore.mutex.strategy.ElectionStrategy.evaluateLeaderTtl ]: Leader passed TTL check-in:	'/mnt/c/Users/Brendan Kenna/GitHub/TaskTide/tasktide/itemstore/ItemStore-Mutex/Queue/1770749502075.127-0-1-1_27d591f5-6cd2-45fc-99b7-9d6c15a00197_629acce3-6df4-4748-b35a-7e184ce08efd.lock'
2026-02-10 18:51:46.980 INFO  [ main -> org.tasktide.itemstore.mutex.strategy.ElectionStrategy.waitUntilLeader ]: Resetting predecessor:	'd6c8a1b9-2d6e-4a4e-a625-1512cd28977b'
2026-02-10 18:51:46.995 INFO  [ main -> org.tasktide.itemstore.mutex.orchestrator.MutexOrchestrator.releaseActiveLock ]: Releasing NFS mutex:
'{
    "Election File": "/mnt/c/Users/Brendan Kenna/GitHub/TaskTide/tasktide/itemstore/ItemStore-Mutex/Queue/1770749502075.127-0-1-1_27d591f5-6cd2-45fc-99b7-9d6c15a00197_629acce3-6df4-4748-b35a-7e184ce08efd.lock",
    "End Jitter": "PT0.239S",
    "Host File": "/mnt/c/Users/Brendan Kenna/GitHub/TaskTide/tasktide/itemstore/ItemStore-Mutex/Host-Lock/1770749502075.127-0-1-1_27d591f5-6cd2-45fc-99b7-9d6c15a00197.lock",
    "Id": "629acce3-6df4-4748-b35a-7e184ce08efd",
    "Lock Dir": "/mnt/c/Users/Brendan Kenna/GitHub/TaskTide/tasktide/itemstore/ItemStore-Mutex",
    "Lock File": "/mnt/c/Users/Brendan Kenna/GitHub/TaskTide/tasktide/itemstore/ItemStore-Mutex/lock-file.lock",
    "Mutex State": "LOCKED",
    "Retry Interval": "PT0.22S",
    "Stale File Threshold": "PT10S",
    "Start Jitter": "PT0.111S",
    "Timestamp": 1770749502099
}'
2026-02-10 18:51:47.010 INFO  [ main -> org.tasktide.itemstore.mutex.LockActionReleaseApp.main ]: APP-Lock released, test complete
2026-02-10 18:51:47.247 INFO  [ main -> org.tasktide.itemstore.mutex.strategy.ElectionStrategy.waitUntilLeader ]: Leadership acquired:	'd6c8a1b9-2d6e-4a4e-a625-1512cd28977b'
2026-02-10 18:51:47.248 INFO  [ main -> org.tasktide.itemstore.mutex.strategy.ElectionStrategy.waitUntilLeader ]: Verifying leadership:	'd6c8a1b9-2d6e-4a4e-a625-1512cd28977b'
2026-02-10 18:51:47.434 INFO  [ main -> org.tasktide.itemstore.mutex.strategy.ElectionStrategy.waitUntilLeader ]: Leadership verified:	'd6c8a1b9-2d6e-4a4e-a625-1512cd28977b'
2026-02-10 18:51:47.436 DEBUG [ main -> org.tasktide.itemstore.mutex.strategy.ElectionStrategy.apply ]: Active leader with Id:	'd6c8a1b9-2d6e-4a4e-a625-1512cd28977b'
2026-02-10 18:51:47.437 DEBUG [ main -> org.tasktide.itemstore.mutex.strategy.ElectionStrategy.apply ]: State set, writing mutex for:	'd6c8a1b9-2d6e-4a4e-a625-1512cd28977b'
2026-02-10 18:51:47.494 DEBUG [ main -> org.tasktide.itemstore.mutex.strategy.ElectionStrategy.apply ]: Mutex written for:	'd6c8a1b9-2d6e-4a4e-a625-1512cd28977b'
2026-02-10 18:51:47.508 INFO  [ main -> org.tasktide.itemstore.mutex.strategy.ElectionStrategy.evaluateLeaderTtl ]: Leader passed TTL check-in:	'/mnt/c/Users/Brendan Kenna/GitHub/TaskTide/tasktide/itemstore/ItemStore-Mutex/Queue/1770749502075.127-0-1-1_27d591f5-6cd2-45fc-99b7-9d6c15a00197_629acce3-6df4-4748-b35a-7e184ce08efd.lock'
2026-02-10 18:51:47.510 INFO  [ main -> org.tasktide.itemstore.mutex.strategy.ElectionStrategy.waitUntilLeader ]: Resetting predecessor:	'694ad1c7-92be-43ba-961d-39ac241ca3fb'
2026-02-10 18:51:47.581 INFO  [ main -> org.tasktide.itemstore.mutex.orchestrator.MutexOrchestrator.performLock ]: NFS Lock acquired for:	'd6c8a1b9-2d6e-4a4e-a625-1512cd28977b'
2026-02-10 18:51:47.583 INFO  [ main -> org.tasktide.itemstore.mutex.orchestrator.MutexOrchestrator.performLock ]: Confirming leadership:	'd6c8a1b9-2d6e-4a4e-a625-1512cd28977b'
2026-02-10 18:51:47.599 INFO  [ main -> org.tasktide.itemstore.mutex.strategy.ElectionStrategy.evaluateLeaderTtl ]: Leader passed TTL check-in:	'/mnt/c/Users/Brendan Kenna/GitHub/TaskTide/tasktide/itemstore/ItemStore-Mutex/Queue/1770749502075.127-0-1-1_27d591f5-6cd2-45fc-99b7-9d6c15a00197_629acce3-6df4-4748-b35a-7e184ce08efd.lock'
2026-02-10 18:51:47.601 INFO  [ main -> org.tasktide.itemstore.mutex.strategy.ElectionStrategy.waitUntilLeader ]: Resetting predecessor:	'a43a90ad-088e-400f-bdc6-9ed21d8bdbf8'
2026-02-10 18:51:47.752 INFO  [ main -> org.tasktide.itemstore.mutex.strategy.ElectionStrategy.evaluateLeaderTtl ]: Leader passed TTL check-in:	'/mnt/c/Users/Brendan Kenna/GitHub/TaskTide/tasktide/itemstore/ItemStore-Mutex/Queue/1770749502102.127-0-1-1_6f8a8ab8-7fe2-43f9-8263-2598611f50ee_d6c8a1b9-2d6e-4a4e-a625-1512cd28977b.lock'
2026-02-10 18:51:47.755 INFO  [ main -> org.tasktide.itemstore.mutex.strategy.ElectionStrategy.waitUntilLeader ]: Resetting predecessor:	'694ad1c7-92be-43ba-961d-39ac241ca3fb'
2026-02-10 18:51:47.814 INFO  [ main -> org.tasktide.itemstore.mutex.strategy.ElectionStrategy.evaluateLeaderTtl ]: Leader passed TTL check-in:	'/mnt/c/Users/Brendan Kenna/GitHub/TaskTide/tasktide/itemstore/ItemStore-Mutex/Queue/1770749502102.127-0-1-1_6f8a8ab8-7fe2-43f9-8263-2598611f50ee_d6c8a1b9-2d6e-4a4e-a625-1512cd28977b.lock'
2026-02-10 18:51:47.816 INFO  [ main -> org.tasktide.itemstore.mutex.strategy.ElectionStrategy.waitUntilLeader ]: Resetting predecessor:	'a43a90ad-088e-400f-bdc6-9ed21d8bdbf8'
2026-02-10 18:51:48.030 INFO  [ main -> org.tasktide.itemstore.mutex.strategy.ElectionStrategy.evaluateLeaderTtl ]: Leader passed TTL check-in:	'/mnt/c/Users/Brendan Kenna/GitHub/TaskTide/tasktide/itemstore/ItemStore-Mutex/Queue/1770749502102.127-0-1-1_6f8a8ab8-7fe2-43f9-8263-2598611f50ee_d6c8a1b9-2d6e-4a4e-a625-1512cd28977b.lock'
2026-02-10 18:51:48.032 INFO  [ main -> org.tasktide.itemstore.mutex.strategy.ElectionStrategy.waitUntilLeader ]: Resetting predecessor:	'694ad1c7-92be-43ba-961d-39ac241ca3fb'
2026-02-10 18:51:48.070 INFO  [ main -> org.tasktide.itemstore.mutex.strategy.ElectionStrategy.evaluateLeaderTtl ]: Leader passed TTL check-in:	'/mnt/c/Users/Brendan Kenna/GitHub/TaskTide/tasktide/itemstore/ItemStore-Mutex/Queue/1770749502102.127-0-1-1_6f8a8ab8-7fe2-43f9-8263-2598611f50ee_d6c8a1b9-2d6e-4a4e-a625-1512cd28977b.lock'
2026-02-10 18:51:48.071 INFO  [ main -> org.tasktide.itemstore.mutex.strategy.ElectionStrategy.waitUntilLeader ]: Resetting predecessor:	'a43a90ad-088e-400f-bdc6-9ed21d8bdbf8'
2026-02-10 18:51:48.131 INFO  [ main -> org.tasktide.itemstore.mutex.strategy.ElectionStrategy.waitUntilLeader ]: Recasting ballot:	'483588d0-7fe9-4775-bce7-6891cd0f7f9f'
2026-02-10 18:51:48.168 INFO  [ main -> org.tasktide.itemstore.mutex.orchestrator.MutexOrchestrator.confirmLeader ]: Leadership confirmed:	'd6c8a1b9-2d6e-4a4e-a625-1512cd28977b'
2026-02-10 18:51:48.171 INFO  [ main -> org.tasktide.itemstore.mutex.orchestrator.MutexOrchestrator.performLock ]: Leadership confirmed:	'd6c8a1b9-2d6e-4a4e-a625-1512cd28977b'
2026-02-10 18:51:48.172 INFO  [ main -> org.tasktide.itemstore.mutex.orchestrator.MutexOrchestrator.performLock ]: Waiting for FileChannel lock for:	'd6c8a1b9-2d6e-4a4e-a625-1512cd28977b'
2026-02-10 18:51:48.267 INFO  [ main -> org.tasktide.itemstore.mutex.strategy.ElectionStrategy.evaluateLeaderTtl ]: Leader passed TTL check-in:	'/mnt/c/Users/Brendan Kenna/GitHub/TaskTide/tasktide/itemstore/ItemStore-Mutex/Queue/1770749502102.127-0-1-1_6f8a8ab8-7fe2-43f9-8263-2598611f50ee_d6c8a1b9-2d6e-4a4e-a625-1512cd28977b.lock'
2026-02-10 18:51:48.269 INFO  [ main -> org.tasktide.itemstore.mutex.strategy.ElectionStrategy.waitUntilLeader ]: Resetting predecessor:	'a43a90ad-088e-400f-bdc6-9ed21d8bdbf8'
2026-02-10 18:51:48.292 INFO  [ main -> org.tasktide.itemstore.mutex.strategy.ElectionStrategy.waitUntilLeader ]: Recasting ballot:	'694ad1c7-92be-43ba-961d-39ac241ca3fb'
2026-02-10 18:51:48.440 INFO  [ main -> org.tasktide.itemstore.mutex.strategy.ElectionStrategy.evaluateLeaderTtl ]: Leader passed TTL check-in:	'/mnt/c/Users/Brendan Kenna/GitHub/TaskTide/tasktide/itemstore/ItemStore-Mutex/Queue/1770749502102.127-0-1-1_6f8a8ab8-7fe2-43f9-8263-2598611f50ee_d6c8a1b9-2d6e-4a4e-a625-1512cd28977b.lock'
2026-02-10 18:51:48.442 INFO  [ main -> org.tasktide.itemstore.mutex.strategy.ElectionStrategy.waitUntilLeader ]: Resetting predecessor:	'bcdaa4a1-b03b-4847-a68d-53f5b74f2ab5'
2026-02-10 18:51:48.505 INFO  [ main -> org.tasktide.itemstore.mutex.strategy.ElectionStrategy.evaluateLeaderTtl ]: Leader passed TTL check-in:	'/mnt/c/Users/Brendan Kenna/GitHub/TaskTide/tasktide/itemstore/ItemStore-Mutex/Queue/1770749502102.127-0-1-1_6f8a8ab8-7fe2-43f9-8263-2598611f50ee_d6c8a1b9-2d6e-4a4e-a625-1512cd28977b.lock'
2026-02-10 18:51:48.507 INFO  [ main -> org.tasktide.itemstore.mutex.strategy.ElectionStrategy.waitUntilLeader ]: Resetting predecessor:	'a43a90ad-088e-400f-bdc6-9ed21d8bdbf8'
2026-02-10 18:51:48.643 INFO  [ main -> org.tasktide.itemstore.mutex.strategy.ElectionStrategy.evaluateLeaderTtl ]: Leader passed TTL check-in:	'/mnt/c/Users/Brendan Kenna/GitHub/TaskTide/tasktide/itemstore/ItemStore-Mutex/Queue/1770749502102.127-0-1-1_6f8a8ab8-7fe2-43f9-8263-2598611f50ee_d6c8a1b9-2d6e-4a4e-a625-1512cd28977b.lock'
2026-02-10 18:51:48.644 INFO  [ main -> org.tasktide.itemstore.mutex.strategy.ElectionStrategy.waitUntilLeader ]: Resetting predecessor:	'bcdaa4a1-b03b-4847-a68d-53f5b74f2ab5'
2026-02-10 18:51:48.721 INFO  [ main -> org.tasktide.itemstore.mutex.strategy.ElectionStrategy.evaluateLeaderTtl ]: Leader passed TTL check-in:	'/mnt/c/Users/Brendan Kenna/GitHub/TaskTide/tasktide/itemstore/ItemStore-Mutex/Queue/1770749502102.127-0-1-1_6f8a8ab8-7fe2-43f9-8263-2598611f50ee_d6c8a1b9-2d6e-4a4e-a625-1512cd28977b.lock'
2026-02-10 18:51:48.723 INFO  [ main -> org.tasktide.itemstore.mutex.strategy.ElectionStrategy.waitUntilLeader ]: Resetting predecessor:	'a43a90ad-088e-400f-bdc6-9ed21d8bdbf8'
2026-02-10 18:51:48.863 INFO  [ main -> org.tasktide.itemstore.mutex.strategy.ElectionStrategy.evaluateLeaderTtl ]: Leader passed TTL check-in:	'/mnt/c/Users/Brendan Kenna/GitHub/TaskTide/tasktide/itemstore/ItemStore-Mutex/Queue/1770749502102.127-0-1-1_6f8a8ab8-7fe2-43f9-8263-2598611f50ee_d6c8a1b9-2d6e-4a4e-a625-1512cd28977b.lock'
2026-02-10 18:51:48.867 INFO  [ main -> org.tasktide.itemstore.mutex.strategy.ElectionStrategy.waitUntilLeader ]: Resetting predecessor:	'bcdaa4a1-b03b-4847-a68d-53f5b74f2ab5'
2026-02-10 18:51:48.882 INFO  [ main -> org.tasktide.itemstore.mutex.orchestrator.MutexOrchestrator.performLock ]: File Channel Lock acquired for:	'd6c8a1b9-2d6e-4a4e-a625-1512cd28977b'
2026-02-10 18:51:48.886 INFO  [ main -> org.tasktide.itemstore.mutex.orchestrator.MutexOrchestrator.performLock ]: Lock successful for:	'd6c8a1b9-2d6e-4a4e-a625-1512cd28977b'
2026-02-10 18:51:48.923 INFO  [ main -> org.tasktide.itemstore.mutex.strategy.ElectionStrategy.waitUntilLeader ]: Recasting ballot:	'a43a90ad-088e-400f-bdc6-9ed21d8bdbf8'
2026-02-10 18:51:49.197 INFO  [ main -> org.tasktide.itemstore.mutex.strategy.ElectionStrategy.evaluateLeaderTtl ]: Leader passed TTL check-in:	'/mnt/c/Users/Brendan Kenna/GitHub/TaskTide/tasktide/itemstore/ItemStore-Mutex/Queue/1770749502102.127-0-1-1_6f8a8ab8-7fe2-43f9-8263-2598611f50ee_d6c8a1b9-2d6e-4a4e-a625-1512cd28977b.lock'
2026-02-10 18:51:49.203 INFO  [ main -> org.tasktide.itemstore.mutex.strategy.ElectionStrategy.waitUntilLeader ]: Resetting predecessor:	'bcdaa4a1-b03b-4847-a68d-53f5b74f2ab5'
2026-02-10 18:51:49.340 INFO  [ main -> org.tasktide.itemstore.mutex.strategy.ElectionStrategy.waitUntilLeader ]: Recasting ballot:	'f255fe3b-128a-4f3a-b02e-0d9de0ef33d1'
2026-02-10 18:51:49.369 INFO  [ main -> org.tasktide.itemstore.mutex.strategy.ElectionStrategy.waitUntilLeader ]: Recasting ballot:	'1ff26b6f-07dd-44aa-8f2f-f9adf3b4f0c6'
2026-02-10 18:51:49.398 INFO  [ main -> org.tasktide.itemstore.mutex.orchestrator.MutexOrchestrator.tryAcquireUntilSuccess ]: Process-928 Completed with counter value:	'0'
2026-02-10 18:51:49.401 INFO  [ main -> org.tasktide.itemstore.mutex.orchestrator.MutexOrchestrator.tryAcquireUntilSuccess ]: Process-928 Loop terminating with done = 'true', and counter = '0'
2026-02-10 18:51:49.418 INFO  [ main -> org.tasktide.itemstore.mutex.LockActionReleaseApp.main ]: APP-Writing '1' to data file:	'/mnt/c/Users/Brendan Kenna/GitHub/TaskTide/tasktide/itemstore/ItemStore-Mutex/multi-process.txt'
2026-02-10 18:51:49.428 INFO  [ main -> org.tasktide.itemstore.mutex.LockActionReleaseApp.main ]: APP-Record written, releasing lock
2026-02-10 18:51:49.429 INFO  [ main -> org.tasktide.itemstore.mutex.orchestrator.MutexOrchestrator.releaseLock ]: Releasing active lock
2026-02-10 18:51:49.431 INFO  [ main -> org.tasktide.itemstore.mutex.orchestrator.MutexOrchestrator.releaseActiveLock ]: Releasing FileChannel mutex
2026-02-10 18:51:49.459 INFO  [ main -> org.tasktide.itemstore.mutex.strategy.ElectionStrategy.evaluateLeaderTtl ]: Leader passed TTL check-in:	'/mnt/c/Users/Brendan Kenna/GitHub/TaskTide/tasktide/itemstore/ItemStore-Mutex/Queue/1770749502102.127-0-1-1_6f8a8ab8-7fe2-43f9-8263-2598611f50ee_d6c8a1b9-2d6e-4a4e-a625-1512cd28977b.lock'
2026-02-10 18:51:49.461 INFO  [ main -> org.tasktide.itemstore.mutex.strategy.ElectionStrategy.waitUntilLeader ]: Resetting predecessor:	'489b3173-aefe-4f44-bad3-9ab3f438f9d0'
2026-02-10 18:51:49.542 INFO  [ main -> org.tasktide.itemstore.mutex.strategy.ElectionStrategy.evaluateLeaderTtl ]: Leader passed TTL check-in:	'/mnt/c/Users/Brendan Kenna/GitHub/TaskTide/tasktide/itemstore/ItemStore-Mutex/Queue/1770749502102.127-0-1-1_6f8a8ab8-7fe2-43f9-8263-2598611f50ee_d6c8a1b9-2d6e-4a4e-a625-1512cd28977b.lock'
2026-02-10 18:51:49.544 INFO  [ main -> org.tasktide.itemstore.mutex.strategy.ElectionStrategy.waitUntilLeader ]: Resetting predecessor:	'bcdaa4a1-b03b-4847-a68d-53f5b74f2ab5'
2026-02-10 18:51:49.757 INFO  [ main -> org.tasktide.itemstore.mutex.orchestrator.MutexOrchestrator.releaseActiveLock ]: Releasing NFS mutex:
'{
    "Election File": "/mnt/c/Users/Brendan Kenna/GitHub/TaskTide/tasktide/itemstore/ItemStore-Mutex/Queue/1770749502102.127-0-1-1_6f8a8ab8-7fe2-43f9-8263-2598611f50ee_d6c8a1b9-2d6e-4a4e-a625-1512cd28977b.lock",
    "End Jitter": "PT0.309S",
    "Host File": "/mnt/c/Users/Brendan Kenna/GitHub/TaskTide/tasktide/itemstore/ItemStore-Mutex/Host-Lock/1770749502102.127-0-1-1_6f8a8ab8-7fe2-43f9-8263-2598611f50ee.lock",
    "Id": "d6c8a1b9-2d6e-4a4e-a625-1512cd28977b",
    "Lock Dir": "/mnt/c/Users/Brendan Kenna/GitHub/TaskTide/tasktide/itemstore/ItemStore-Mutex",
    "Lock File": "/mnt/c/Users/Brendan Kenna/GitHub/TaskTide/tasktide/itemstore/ItemStore-Mutex/lock-file.lock",
    "Mutex State": "LOCKED",
    "Retry Interval": "PT0.274S",
    "Stale File Threshold": "PT10S",
    "Start Jitter": "PT0.159S",
    "Timestamp": 1770749502125
}'
2026-02-10 18:51:49.772 INFO  [ main -> org.tasktide.itemstore.mutex.LockActionReleaseApp.main ]: APP-Lock released, test complete
2026-02-10 18:51:49.776 WARN  [ main -> org.tasktide.itemstore.mutex.strategy.ElectionStrategy.evaluateLeaderTtl ]: Error verifiying leader TTL:	'/mnt/c/Users/Brendan Kenna/GitHub/TaskTide/tasktide/itemstore/ItemStore-Mutex/Queue/1770749502102.127-0-1-1_6f8a8ab8-7fe2-43f9-8263-2598611f50ee_d6c8a1b9-2d6e-4a4e-a625-1512cd28977b.lock'
'java.util.NoSuchElementException: No value present'
2026-02-10 18:51:49.826 INFO  [ main -> org.tasktide.itemstore.mutex.strategy.ElectionStrategy.waitUntilLeader ]: Leadership acquired:	'bcdaa4a1-b03b-4847-a68d-53f5b74f2ab5'
2026-02-10 18:51:49.827 INFO  [ main -> org.tasktide.itemstore.mutex.strategy.ElectionStrategy.waitUntilLeader ]: Verifying leadership:	'bcdaa4a1-b03b-4847-a68d-53f5b74f2ab5'
2026-02-10 18:51:50.044 INFO  [ main -> org.tasktide.itemstore.mutex.strategy.ElectionStrategy.evaluateLeaderTtl ]: Leader passed TTL check-in:	'/mnt/c/Users/Brendan Kenna/GitHub/TaskTide/tasktide/itemstore/ItemStore-Mutex/Queue/1770749502230.127-0-1-1_6a2acc10-1a84-461f-bde3-278399294b04_bcdaa4a1-b03b-4847-a68d-53f5b74f2ab5.lock'
2026-02-10 18:51:50.046 INFO  [ main -> org.tasktide.itemstore.mutex.strategy.ElectionStrategy.waitUntilLeader ]: Resetting predecessor:	'489b3173-aefe-4f44-bad3-9ab3f438f9d0'
2026-02-10 18:51:50.107 INFO  [ main -> org.tasktide.itemstore.mutex.strategy.ElectionStrategy.waitUntilLeader ]: Leadership verified:	'bcdaa4a1-b03b-4847-a68d-53f5b74f2ab5'
2026-02-10 18:51:50.108 DEBUG [ main -> org.tasktide.itemstore.mutex.strategy.ElectionStrategy.apply ]: Active leader with Id:	'bcdaa4a1-b03b-4847-a68d-53f5b74f2ab5'
2026-02-10 18:51:50.110 DEBUG [ main -> org.tasktide.itemstore.mutex.strategy.ElectionStrategy.apply ]: State set, writing mutex for:	'bcdaa4a1-b03b-4847-a68d-53f5b74f2ab5'
2026-02-10 18:51:50.121 INFO  [ main -> org.tasktide.itemstore.mutex.strategy.ElectionStrategy.waitUntilLeader ]: Recasting ballot:	'84139ab3-ec85-4a3d-8bf5-4114599bb2c2'
2026-02-10 18:51:50.180 INFO  [ main -> org.tasktide.itemstore.mutex.strategy.ElectionStrategy.evaluateLeaderTtl ]: Leader passed TTL check-in:	'/mnt/c/Users/Brendan Kenna/GitHub/TaskTide/tasktide/itemstore/ItemStore-Mutex/Queue/1770749502102.127-0-1-1_6f8a8ab8-7fe2-43f9-8263-2598611f50ee_d6c8a1b9-2d6e-4a4e-a625-1512cd28977b.lock'
2026-02-10 18:51:50.182 INFO  [ main -> org.tasktide.itemstore.mutex.strategy.ElectionStrategy.waitUntilLeader ]: Resetting predecessor:	'06934129-9983-4201-8664-e76a8edbf3fb'
2026-02-10 18:51:50.182 DEBUG [ main -> org.tasktide.itemstore.mutex.strategy.ElectionStrategy.apply ]: Mutex written for:	'bcdaa4a1-b03b-4847-a68d-53f5b74f2ab5'
2026-02-10 18:51:50.242 INFO  [ main -> org.tasktide.itemstore.mutex.orchestrator.MutexOrchestrator.performLock ]: NFS Lock acquired for:	'bcdaa4a1-b03b-4847-a68d-53f5b74f2ab5'
2026-02-10 18:51:50.244 INFO  [ main -> org.tasktide.itemstore.mutex.orchestrator.MutexOrchestrator.performLock ]: Confirming leadership:	'bcdaa4a1-b03b-4847-a68d-53f5b74f2ab5'
2026-02-10 18:51:50.331 INFO  [ main -> org.tasktide.itemstore.mutex.strategy.ElectionStrategy.waitUntilLeader ]: Recasting ballot:	'489b3173-aefe-4f44-bad3-9ab3f438f9d0'
2026-02-10 18:51:50.532 INFO  [ main -> org.tasktide.itemstore.mutex.strategy.ElectionStrategy.evaluateLeaderTtl ]: Leader passed TTL check-in:	'/mnt/c/Users/Brendan Kenna/GitHub/TaskTide/tasktide/itemstore/ItemStore-Mutex/Queue/1770749502230.127-0-1-1_6a2acc10-1a84-461f-bde3-278399294b04_bcdaa4a1-b03b-4847-a68d-53f5b74f2ab5.lock'
2026-02-10 18:51:50.536 INFO  [ main -> org.tasktide.itemstore.mutex.strategy.ElectionStrategy.waitUntilLeader ]: Resetting predecessor:	'06934129-9983-4201-8664-e76a8edbf3fb'
2026-02-10 18:51:50.600 INFO  [ main -> org.tasktide.itemstore.mutex.strategy.ElectionStrategy.waitUntilLeader ]: Recasting ballot:	'2b34fea0-c417-407a-ae33-92410cbab48a'
2026-02-10 18:51:50.751 INFO  [ main -> org.tasktide.itemstore.mutex.orchestrator.MutexOrchestrator.confirmLeader ]: Leadership confirmed:	'bcdaa4a1-b03b-4847-a68d-53f5b74f2ab5'
2026-02-10 18:51:50.753 INFO  [ main -> org.tasktide.itemstore.mutex.orchestrator.MutexOrchestrator.performLock ]: Leadership confirmed:	'bcdaa4a1-b03b-4847-a68d-53f5b74f2ab5'
2026-02-10 18:51:50.755 INFO  [ main -> org.tasktide.itemstore.mutex.orchestrator.MutexOrchestrator.performLock ]: Waiting for FileChannel lock for:	'bcdaa4a1-b03b-4847-a68d-53f5b74f2ab5'
2026-02-10 18:51:50.869 INFO  [ main -> org.tasktide.itemstore.mutex.strategy.ElectionStrategy.waitUntilLeader ]: Recasting ballot:	'9d71699a-e581-48d2-8862-f97290590aec'
2026-02-10 18:51:50.917 INFO  [ main -> org.tasktide.itemstore.mutex.strategy.ElectionStrategy.waitUntilLeader ]: Recasting ballot:	'f0934e79-0373-490f-9a55-459e76a6ab89'
2026-02-10 18:51:50.969 INFO  [ main -> org.tasktide.itemstore.mutex.strategy.ElectionStrategy.evaluateLeaderTtl ]: Leader passed TTL check-in:	'/mnt/c/Users/Brendan Kenna/GitHub/TaskTide/tasktide/itemstore/ItemStore-Mutex/Queue/1770749502230.127-0-1-1_6a2acc10-1a84-461f-bde3-278399294b04_bcdaa4a1-b03b-4847-a68d-53f5b74f2ab5.lock'
2026-02-10 18:51:50.971 INFO  [ main -> org.tasktide.itemstore.mutex.strategy.ElectionStrategy.waitUntilLeader ]: Resetting predecessor:	'06934129-9983-4201-8664-e76a8edbf3fb'
2026-02-10 18:51:51.053 INFO  [ main -> org.tasktide.itemstore.mutex.strategy.ElectionStrategy.evaluateLeaderTtl ]: Leader passed TTL check-in:	'/mnt/c/Users/Brendan Kenna/GitHub/TaskTide/tasktide/itemstore/ItemStore-Mutex/Queue/1770749502230.127-0-1-1_6a2acc10-1a84-461f-bde3-278399294b04_bcdaa4a1-b03b-4847-a68d-53f5b74f2ab5.lock'
2026-02-10 18:51:51.054 INFO  [ main -> org.tasktide.itemstore.mutex.strategy.ElectionStrategy.waitUntilLeader ]: Resetting predecessor:	'c76957d2-091c-4b63-adc4-f1723b532569'
2026-02-10 18:51:51.195 INFO  [ main -> org.tasktide.itemstore.mutex.strategy.ElectionStrategy.evaluateLeaderTtl ]: Leader passed TTL check-in:	'/mnt/c/Users/Brendan Kenna/GitHub/TaskTide/tasktide/itemstore/ItemStore-Mutex/Queue/1770749502264.127-0-1-1_4fd42e83-31a4-47eb-b1cf-bf54f64baa81_489b3173-aefe-4f44-bad3-9ab3f438f9d0.lock'
2026-02-10 18:51:51.196 INFO  [ main -> org.tasktide.itemstore.mutex.strategy.ElectionStrategy.waitUntilLeader ]: Resetting predecessor:	'403f69d8-7393-4f0a-b445-3bca5bc39932'
2026-02-10 18:51:51.231 INFO  [ main -> org.tasktide.itemstore.mutex.strategy.ElectionStrategy.evaluateLeaderTtl ]: Leader passed TTL check-in:	'/mnt/c/Users/Brendan Kenna/GitHub/TaskTide/tasktide/itemstore/ItemStore-Mutex/Queue/1770749502230.127-0-1-1_6a2acc10-1a84-461f-bde3-278399294b04_bcdaa4a1-b03b-4847-a68d-53f5b74f2ab5.lock'
2026-02-10 18:51:51.232 INFO  [ main -> org.tasktide.itemstore.mutex.strategy.ElectionStrategy.waitUntilLeader ]: Resetting predecessor:	'06934129-9983-4201-8664-e76a8edbf3fb'
2026-02-10 18:51:51.326 INFO  [ main -> org.tasktide.itemstore.mutex.strategy.ElectionStrategy.evaluateLeaderTtl ]: Leader passed TTL check-in:	'/mnt/c/Users/Brendan Kenna/GitHub/TaskTide/tasktide/itemstore/ItemStore-Mutex/Queue/1770749502230.127-0-1-1_6a2acc10-1a84-461f-bde3-278399294b04_bcdaa4a1-b03b-4847-a68d-53f5b74f2ab5.lock'
2026-02-10 18:51:51.327 INFO  [ main -> org.tasktide.itemstore.mutex.strategy.ElectionStrategy.waitUntilLeader ]: Resetting predecessor:	'c76957d2-091c-4b63-adc4-f1723b532569'
2026-02-10 18:51:51.454 INFO  [ main -> org.tasktide.itemstore.mutex.strategy.ElectionStrategy.waitUntilLeader ]: Recasting ballot:	'bdb525bd-18ed-409f-928d-5adc4bd9a4dc'
2026-02-10 18:51:51.468 INFO  [ main -> org.tasktide.itemstore.mutex.orchestrator.MutexOrchestrator.performLock ]: File Channel Lock acquired for:	'bcdaa4a1-b03b-4847-a68d-53f5b74f2ab5'
2026-02-10 18:51:51.470 INFO  [ main -> org.tasktide.itemstore.mutex.orchestrator.MutexOrchestrator.performLock ]: Lock successful for:	'bcdaa4a1-b03b-4847-a68d-53f5b74f2ab5'
2026-02-10 18:51:51.478 INFO  [ main -> org.tasktide.itemstore.mutex.strategy.ElectionStrategy.evaluateLeaderTtl ]: Leader passed TTL check-in:	'/mnt/c/Users/Brendan Kenna/GitHub/TaskTide/tasktide/itemstore/ItemStore-Mutex/Queue/1770749502230.127-0-1-1_6a2acc10-1a84-461f-bde3-278399294b04_bcdaa4a1-b03b-4847-a68d-53f5b74f2ab5.lock'
2026-02-10 18:51:51.480 INFO  [ main -> org.tasktide.itemstore.mutex.strategy.ElectionStrategy.waitUntilLeader ]: Resetting predecessor:	'06934129-9983-4201-8664-e76a8edbf3fb'
2026-02-10 18:51:51.541 INFO  [ main -> org.tasktide.itemstore.mutex.strategy.ElectionStrategy.evaluateLeaderTtl ]: Leader passed TTL check-in:	'/mnt/c/Users/Brendan Kenna/GitHub/TaskTide/tasktide/itemstore/ItemStore-Mutex/Queue/1770749502230.127-0-1-1_6a2acc10-1a84-461f-bde3-278399294b04_bcdaa4a1-b03b-4847-a68d-53f5b74f2ab5.lock'
2026-02-10 18:51:51.543 INFO  [ main -> org.tasktide.itemstore.mutex.strategy.ElectionStrategy.waitUntilLeader ]: Resetting predecessor:	'403f69d8-7393-4f0a-b445-3bca5bc39932'
2026-02-10 18:51:51.617 INFO  [ main -> org.tasktide.itemstore.mutex.strategy.ElectionStrategy.waitUntilLeader ]: Recasting ballot:	'c76957d2-091c-4b63-adc4-f1723b532569'
2026-02-10 18:51:51.822 INFO  [ main -> org.tasktide.itemstore.mutex.strategy.ElectionStrategy.waitUntilLeader ]: Recasting ballot:	'06934129-9983-4201-8664-e76a8edbf3fb'
2026-02-10 18:51:51.917 INFO  [ main -> org.tasktide.itemstore.mutex.orchestrator.MutexOrchestrator.tryAcquireUntilSuccess ]: Process-1370 Completed with counter value:	'0'
2026-02-10 18:51:51.919 INFO  [ main -> org.tasktide.itemstore.mutex.orchestrator.MutexOrchestrator.tryAcquireUntilSuccess ]: Process-1370 Loop terminating with done = 'true', and counter = '0'
2026-02-10 18:51:51.933 INFO  [ main -> org.tasktide.itemstore.mutex.LockActionReleaseApp.main ]: APP-Writing '2' to data file:	'/mnt/c/Users/Brendan Kenna/GitHub/TaskTide/tasktide/itemstore/ItemStore-Mutex/multi-process.txt'
2026-02-10 18:51:51.942 INFO  [ main -> org.tasktide.itemstore.mutex.LockActionReleaseApp.main ]: APP-Record written, releasing lock
2026-02-10 18:51:51.943 INFO  [ main -> org.tasktide.itemstore.mutex.orchestrator.MutexOrchestrator.releaseLock ]: Releasing active lock
2026-02-10 18:51:51.945 INFO  [ main -> org.tasktide.itemstore.mutex.orchestrator.MutexOrchestrator.releaseActiveLock ]: Releasing FileChannel mutex
2026-02-10 18:51:51.974 INFO  [ main -> org.tasktide.itemstore.mutex.strategy.ElectionStrategy.evaluateLeaderTtl ]: Leader passed TTL check-in:	'/mnt/c/Users/Brendan Kenna/GitHub/TaskTide/tasktide/itemstore/ItemStore-Mutex/Queue/1770749502230.127-0-1-1_6a2acc10-1a84-461f-bde3-278399294b04_bcdaa4a1-b03b-4847-a68d-53f5b74f2ab5.lock'
2026-02-10 18:51:51.975 INFO  [ main -> org.tasktide.itemstore.mutex.strategy.ElectionStrategy.waitUntilLeader ]: Resetting predecessor:	'403f69d8-7393-4f0a-b445-3bca5bc39932'
2026-02-10 18:51:52.306 INFO  [ main -> org.tasktide.itemstore.mutex.orchestrator.MutexOrchestrator.releaseActiveLock ]: Releasing NFS mutex:
'{
    "Election File": "/mnt/c/Users/Brendan Kenna/GitHub/TaskTide/tasktide/itemstore/ItemStore-Mutex/Queue/1770749502230.127-0-1-1_6a2acc10-1a84-461f-bde3-278399294b04_bcdaa4a1-b03b-4847-a68d-53f5b74f2ab5.lock",
    "End Jitter": "PT0.436S",
    "Host File": "/mnt/c/Users/Brendan Kenna/GitHub/TaskTide/tasktide/itemstore/ItemStore-Mutex/Host-Lock/1770749502230.127-0-1-1_6a2acc10-1a84-461f-bde3-278399294b04.lock",
    "Id": "bcdaa4a1-b03b-4847-a68d-53f5b74f2ab5",
    "Lock Dir": "/mnt/c/Users/Brendan Kenna/GitHub/TaskTide/tasktide/itemstore/ItemStore-Mutex",
    "Lock File": "/mnt/c/Users/Brendan Kenna/GitHub/TaskTide/tasktide/itemstore/ItemStore-Mutex/lock-file.lock",
    "Mutex State": "LOCKED",
    "Retry Interval": "PT0.09S",
    "Stale File Threshold": "PT10S",
    "Start Jitter": "PT0.116S",
    "Timestamp": 1770749502246
}'
2026-02-10 18:51:52.323 INFO  [ main -> org.tasktide.itemstore.mutex.LockActionReleaseApp.main ]: APP-Lock released, test complete
2026-02-10 18:51:52.324 INFO  [ main -> org.tasktide.itemstore.mutex.strategy.ElectionStrategy.waitUntilLeader ]: Leadership acquired:	'403f69d8-7393-4f0a-b445-3bca5bc39932'
2026-02-10 18:51:52.325 INFO  [ main -> org.tasktide.itemstore.mutex.strategy.ElectionStrategy.waitUntilLeader ]: Verifying leadership:	'403f69d8-7393-4f0a-b445-3bca5bc39932'
2026-02-10 18:51:52.559 WARN  [ main -> org.tasktide.itemstore.mutex.utils.MutexFilesUtils.clearStaleLeader ]: Unable to clear provided leader, perhaps cleared elsewhere:	'/mnt/c/Users/Brendan Kenna/GitHub/TaskTide/tasktide/itemstore/ItemStore-Mutex/Queue/1770749502230.127-0-1-1_6a2acc10-1a84-461f-bde3-278399294b04_bcdaa4a1-b03b-4847-a68d-53f5b74f2ab5.lock'
2026-02-10 18:51:52.561 WARN  [ main -> org.tasktide.itemstore.mutex.strategy.ElectionStrategy.evaluateLeaderTtl ]: Removing below stale leader status:	'false'

'/mnt/c/Users/Brendan Kenna/GitHub/TaskTide/tasktide/itemstore/ItemStore-Mutex/Queue/1770749502230.127-0-1-1_6a2acc10-1a84-461f-bde3-278399294b04_bcdaa4a1-b03b-4847-a68d-53f5b74f2ab5.lock'
2026-02-10 18:51:52.661 INFO  [ main -> org.tasktide.itemstore.mutex.strategy.ElectionStrategy.waitUntilLeader ]: Leadership verified:	'403f69d8-7393-4f0a-b445-3bca5bc39932'
2026-02-10 18:51:52.663 DEBUG [ main -> org.tasktide.itemstore.mutex.strategy.ElectionStrategy.apply ]: Active leader with Id:	'403f69d8-7393-4f0a-b445-3bca5bc39932'
2026-02-10 18:51:52.665 DEBUG [ main -> org.tasktide.itemstore.mutex.strategy.ElectionStrategy.apply ]: State set, writing mutex for:	'403f69d8-7393-4f0a-b445-3bca5bc39932'
2026-02-10 18:51:52.732 DEBUG [ main -> org.tasktide.itemstore.mutex.strategy.ElectionStrategy.apply ]: Mutex written for:	'403f69d8-7393-4f0a-b445-3bca5bc39932'
2026-02-10 18:51:52.817 INFO  [ main -> org.tasktide.itemstore.mutex.orchestrator.MutexOrchestrator.performLock ]: NFS Lock acquired for:	'403f69d8-7393-4f0a-b445-3bca5bc39932'
2026-02-10 18:51:52.819 INFO  [ main -> org.tasktide.itemstore.mutex.orchestrator.MutexOrchestrator.performLock ]: Confirming leadership:	'403f69d8-7393-4f0a-b445-3bca5bc39932'
2026-02-10 18:51:52.984 WARN  [ main -> org.tasktide.itemstore.mutex.utils.MutexFilesUtils.clearStaleLeader ]: Unable to clear provided leader, perhaps cleared elsewhere:	'/mnt/c/Users/Brendan Kenna/GitHub/TaskTide/tasktide/itemstore/ItemStore-Mutex/Queue/1770749502230.127-0-1-1_6a2acc10-1a84-461f-bde3-278399294b04_bcdaa4a1-b03b-4847-a68d-53f5b74f2ab5.lock'
2026-02-10 18:51:52.986 WARN  [ main -> org.tasktide.itemstore.mutex.strategy.ElectionStrategy.evaluateLeaderTtl ]: Removing below stale leader status:	'false'

'/mnt/c/Users/Brendan Kenna/GitHub/TaskTide/tasktide/itemstore/ItemStore-Mutex/Queue/1770749502230.127-0-1-1_6a2acc10-1a84-461f-bde3-278399294b04_bcdaa4a1-b03b-4847-a68d-53f5b74f2ab5.lock'
2026-02-10 18:51:53.008 WARN  [ main -> org.tasktide.itemstore.mutex.strategy.ElectionStrategy.evaluateLeaderTtl ]: Removing below stale leader status:	'true'

'/mnt/c/Users/Brendan Kenna/GitHub/TaskTide/tasktide/itemstore/ItemStore-Mutex/Queue/1770749502347.127-0-1-1_cd4295af-980c-4561-a4bf-75e37438c4a7_403f69d8-7393-4f0a-b445-3bca5bc39932.lock'
2026-02-10 18:51:53.158 DEBUG [ main -> org.tasktide.itemstore.mutex.orchestrator.MutexOrchestrator.cleanUp ]: Cleaning up lock file:	'403f69d8-7393-4f0a-b445-3bca5bc39932'
2026-02-10 18:51:53.160 WARN  [ main -> org.tasktide.itemstore.FileUtility.dropFile ]: Warning provided path does not exist, unable to delete:
'/mnt/c/Users/Brendan Kenna/GitHub/TaskTide/tasktide/itemstore/ItemStore-Mutex/lock-file.lock'

2026-02-10 18:51:53.238 INFO  [ main -> org.tasktide.itemstore.mutex.strategy.ElectionStrategy.waitUntilLeader ]: Recasting ballot:	'f255fe3b-128a-4f3a-b02e-0d9de0ef33d1'
2026-02-10 18:51:53.162 WARN  [ main -> org.tasktide.itemstore.FileUtility.dropFile ]: Warning could not delete target file, displaying error:	'/mnt/c/Users/Brendan Kenna/GitHub/TaskTide/tasktide/itemstore/ItemStore-Mutex/lock-file.lock'
java.nio.file.NoSuchFileException: /mnt/c/Users/Brendan Kenna/GitHub/TaskTide/tasktide/itemstore/ItemStore-Mutex/lock-file.lock
	at sun.nio.fs.UnixException.translateToIOException(UnixException.java:92) ~[?:?]
	at sun.nio.fs.UnixException.rethrowAsIOException(UnixException.java:106) ~[?:?]
	at sun.nio.fs.UnixException.rethrowAsIOException(UnixException.java:111) ~[?:?]
	at sun.nio.fs.UnixFileSystemProvider.implDelete(UnixFileSystemProvider.java:248) ~[?:?]
	at sun.nio.fs.AbstractFileSystemProvider.delete(AbstractFileSystemProvider.java:105) ~[?:?]
	at java.nio.file.Files.delete(Files.java:1152) ~[?:?]
	at org.tasktide.itemstore.FileUtility.dropFile(FileUtility.java:132) [main/:?]
	at org.tasktide.itemstore.mutex.orchestrator.MutexOrchestrator.cleanUp(MutexOrchestrator.java:387) [main/:?]
	at org.tasktide.itemstore.mutex.orchestrator.MutexOrchestrator.performLock(MutexOrchestrator.java:219) [main/:?]
	at org.tasktide.itemstore.mutex.orchestrator.MutexOrchestrator.acquireLock(MutexOrchestrator.java:135) [main/:?]
	at org.tasktide.itemstore.mutex.orchestrator.MutexOrchestrator.tryAcquireUntilSuccess(MutexOrchestrator.java:154) [main/:?]
	at org.tasktide.itemstore.mutex.LockActionReleaseApp.main(LockActionReleaseApp.java:95) [test/:?]
2026-02-10 18:51:53.297 DEBUG [ main -> org.tasktide.itemstore.mutex.orchestrator.MutexOrchestrator.cleanUp ]: Cleaning up host file:	'403f69d8-7393-4f0a-b445-3bca5bc39932'
2026-02-10 18:51:53.300 WARN  [ main -> org.tasktide.itemstore.FileUtility.dropFile ]: Warning provided path does not exist, unable to delete:
'/mnt/c/Users/Brendan Kenna/GitHub/TaskTide/tasktide/itemstore/ItemStore-Mutex/Host-Lock/1770749502346.127-0-1-1_cd4295af-980c-4561-a4bf-75e37438c4a7.lock'

2026-02-10 18:51:53.305 WARN  [ main -> org.tasktide.itemstore.FileUtility.dropFile ]: Warning could not delete target file, displaying error:	'/mnt/c/Users/Brendan Kenna/GitHub/TaskTide/tasktide/itemstore/ItemStore-Mutex/Host-Lock/1770749502346.127-0-1-1_cd4295af-980c-4561-a4bf-75e37438c4a7.lock'
java.nio.file.NoSuchFileException: /mnt/c/Users/Brendan Kenna/GitHub/TaskTide/tasktide/itemstore/ItemStore-Mutex/Host-Lock/1770749502346.127-0-1-1_cd4295af-980c-4561-a4bf-75e37438c4a7.lock
	at sun.nio.fs.UnixException.translateToIOException(UnixException.java:92) ~[?:?]
	at sun.nio.fs.UnixException.rethrowAsIOException(UnixException.java:106) ~[?:?]
	at sun.nio.fs.UnixException.rethrowAsIOException(UnixException.java:111) ~[?:?]
	at sun.nio.fs.UnixFileSystemProvider.implDelete(UnixFileSystemProvider.java:248) ~[?:?]
	at sun.nio.fs.AbstractFileSystemProvider.delete(AbstractFileSystemProvider.java:105) ~[?:?]
	at java.nio.file.Files.delete(Files.java:1152) ~[?:?]
	at org.tasktide.itemstore.FileUtility.dropFile(FileUtility.java:132) [main/:?]
	at org.tasktide.itemstore.mutex.orchestrator.MutexOrchestrator.cleanUp(MutexOrchestrator.java:392) [main/:?]
	at org.tasktide.itemstore.mutex.orchestrator.MutexOrchestrator.performLock(MutexOrchestrator.java:219) [main/:?]
	at org.tasktide.itemstore.mutex.orchestrator.MutexOrchestrator.acquireLock(MutexOrchestrator.java:135) [main/:?]
	at org.tasktide.itemstore.mutex.orchestrator.MutexOrchestrator.tryAcquireUntilSuccess(MutexOrchestrator.java:154) [main/:?]
	at org.tasktide.itemstore.mutex.LockActionReleaseApp.main(LockActionReleaseApp.java:95) [test/:?]
2026-02-10 18:51:53.308 DEBUG [ main -> org.tasktide.itemstore.mutex.orchestrator.MutexOrchestrator.cleanUp ]: Cleaning up confirm ballot file:	'403f69d8-7393-4f0a-b445-3bca5bc39932'
2026-02-10 18:51:53.311 WARN  [ main -> org.tasktide.itemstore.FileUtility.dropFile ]: Warning provided paths is null, unable to delete:
'null'

2026-02-10 18:51:53.314 DEBUG [ main -> org.tasktide.itemstore.mutex.orchestrator.MutexOrchestrator.cleanUp ]: Cleaning up election file:	'403f69d8-7393-4f0a-b445-3bca5bc39932'
2026-02-10 18:51:53.319 WARN  [ main -> org.tasktide.itemstore.FileUtility.dropFile ]: Warning provided path does not exist, unable to delete:
'/mnt/c/Users/Brendan Kenna/GitHub/TaskTide/tasktide/itemstore/ItemStore-Mutex/Queue/1770749502347.127-0-1-1_cd4295af-980c-4561-a4bf-75e37438c4a7_403f69d8-7393-4f0a-b445-3bca5bc39932.lock'

2026-02-10 18:51:53.321 INFO  [ main -> org.tasktide.itemstore.mutex.strategy.ElectionStrategy.waitUntilLeader ]: Leadership acquired:	'20aefd8d-c5b1-4ce4-b8f7-20fd62fba393'
2026-02-10 18:51:53.322 WARN  [ main -> org.tasktide.itemstore.FileUtility.dropFile ]: Warning could not delete target file, displaying error:	'/mnt/c/Users/Brendan Kenna/GitHub/TaskTide/tasktide/itemstore/ItemStore-Mutex/Queue/1770749502347.127-0-1-1_cd4295af-980c-4561-a4bf-75e37438c4a7_403f69d8-7393-4f0a-b445-3bca5bc39932.lock'
java.nio.file.NoSuchFileException: /mnt/c/Users/Brendan Kenna/GitHub/TaskTide/tasktide/itemstore/ItemStore-Mutex/Queue/1770749502347.127-0-1-1_cd4295af-980c-4561-a4bf-75e37438c4a7_403f69d8-7393-4f0a-b445-3bca5bc39932.lock
	at sun.nio.fs.UnixException.translateToIOException(UnixException.java:92) ~[?:?]
	at sun.nio.fs.UnixException.rethrowAsIOException(UnixException.java:106) ~[?:?]
	at sun.nio.fs.UnixException.rethrowAsIOException(UnixException.java:111) ~[?:?]
	at sun.nio.fs.UnixFileSystemProvider.implDelete(UnixFileSystemProvider.java:248) ~[?:?]
	at sun.nio.fs.AbstractFileSystemProvider.delete(AbstractFileSystemProvider.java:105) ~[?:?]
	at java.nio.file.Files.delete(Files.java:1152) ~[?:?]
	at org.tasktide.itemstore.FileUtility.dropFile(FileUtility.java:132) [main/:?]
	at org.tasktide.itemstore.mutex.orchestrator.MutexOrchestrator.cleanUp(MutexOrchestrator.java:402) [main/:?]
	at org.tasktide.itemstore.mutex.orchestrator.MutexOrchestrator.performLock(MutexOrchestrator.java:219) [main/:?]
	at org.tasktide.itemstore.mutex.orchestrator.MutexOrchestrator.acquireLock(MutexOrchestrator.java:135) [main/:?]
	at org.tasktide.itemstore.mutex.orchestrator.MutexOrchestrator.tryAcquireUntilSuccess(MutexOrchestrator.java:154) [main/:?]
	at org.tasktide.itemstore.mutex.LockActionReleaseApp.main(LockActionReleaseApp.java:95) [test/:?]
2026-02-10 18:51:53.323 INFO  [ main -> org.tasktide.itemstore.mutex.strategy.ElectionStrategy.waitUntilLeader ]: Verifying leadership:	'20aefd8d-c5b1-4ce4-b8f7-20fd62fba393'
2026-02-10 18:51:53.439 WARN  [ main -> org.tasktide.itemstore.mutex.strategy.ElectionStrategy.evaluateLeaderTtl ]: Removing below stale leader status:	'true'

'/mnt/c/Users/Brendan Kenna/GitHub/TaskTide/tasktide/itemstore/ItemStore-Mutex/Queue/1770749502406.127-0-1-1_50bcb54e-4907-4f90-b7d6-0c60cbea9104_20aefd8d-c5b1-4ce4-b8f7-20fd62fba393.lock'
2026-02-10 18:51:53.546 WARN  [ main -> org.tasktide.itemstore.mutex.utils.MutexFilesUtils.clearStaleLeader ]: Unable to clear provided leader, perhaps cleared elsewhere:	'/mnt/c/Users/Brendan Kenna/GitHub/TaskTide/tasktide/itemstore/ItemStore-Mutex/Queue/1770749502347.127-0-1-1_cd4295af-980c-4561-a4bf-75e37438c4a7_403f69d8-7393-4f0a-b445-3bca5bc39932.lock'
2026-02-10 18:51:53.548 WARN  [ main -> org.tasktide.itemstore.mutex.strategy.ElectionStrategy.evaluateLeaderTtl ]: Removing below stale leader status:	'false'

'/mnt/c/Users/Brendan Kenna/GitHub/TaskTide/tasktide/itemstore/ItemStore-Mutex/Queue/1770749502347.127-0-1-1_cd4295af-980c-4561-a4bf-75e37438c4a7_403f69d8-7393-4f0a-b445-3bca5bc39932.lock'
2026-02-10 18:51:53.762 WARN  [ main -> org.tasktide.itemstore.mutex.orchestrator.MutexOrchestrator.tryAcquireUntilSuccess ]: Process-949 Attempt 0 failed: LEADERSHIP_CONFIRMATION_FAILED | Exception: Unable to read elected leader:	403f69d8-7393-4f0a-b445-3bca5bc39932
2026-02-10 18:51:53.777 WARN  [ main -> org.tasktide.itemstore.mutex.strategy.ElectionStrategy.waitUntilLeader ]: Unable to verifiy leadership:	'20aefd8d-c5b1-4ce4-b8f7-20fd62fba393'
2026-02-10 18:51:53.809 INFO  [ main -> org.tasktide.itemstore.mutex.strategy.ElectionStrategy.waitUntilLeader ]: Recasting ballot:	'84139ab3-ec85-4a3d-8bf5-4114599bb2c2'
2026-02-10 18:51:53.894 INFO  [ main -> org.tasktide.itemstore.mutex.strategy.ElectionStrategy.waitUntilLeader ]: Leadership acquired:	'c0a3c564-e8cd-411a-bd82-b598eebc8e3f'
2026-02-10 18:51:53.895 INFO  [ main -> org.tasktide.itemstore.mutex.strategy.ElectionStrategy.waitUntilLeader ]: Verifying leadership:	'c0a3c564-e8cd-411a-bd82-b598eebc8e3f'
2026-02-10 18:51:53.904 WARN  [ main -> org.tasktide.itemstore.mutex.utils.MutexFilesUtils.clearStaleLeader ]: Unable to clear provided leader, perhaps cleared elsewhere:	'/mnt/c/Users/Brendan Kenna/GitHub/TaskTide/tasktide/itemstore/ItemStore-Mutex/Queue/1770749502406.127-0-1-1_50bcb54e-4907-4f90-b7d6-0c60cbea9104_20aefd8d-c5b1-4ce4-b8f7-20fd62fba393.lock'
2026-02-10 18:51:53.905 WARN  [ main -> org.tasktide.itemstore.mutex.strategy.ElectionStrategy.evaluateLeaderTtl ]: Removing below stale leader status:	'false'

'/mnt/c/Users/Brendan Kenna/GitHub/TaskTide/tasktide/itemstore/ItemStore-Mutex/Queue/1770749502406.127-0-1-1_50bcb54e-4907-4f90-b7d6-0c60cbea9104_20aefd8d-c5b1-4ce4-b8f7-20fd62fba393.lock'
2026-02-10 18:51:53.964 WARN  [ main -> org.tasktide.itemstore.mutex.strategy.ElectionStrategy.evaluateLeaderTtl ]: Removing below stale leader status:	'true'

'/mnt/c/Users/Brendan Kenna/GitHub/TaskTide/tasktide/itemstore/ItemStore-Mutex/Queue/1770749502433.127-0-1-1_9c92f581-5b3e-42d3-93ec-ea9d67db501a_c0a3c564-e8cd-411a-bd82-b598eebc8e3f.lock'
2026-02-10 18:51:54.315 WARN  [ main -> org.tasktide.itemstore.mutex.strategy.ElectionStrategy.evaluateLeaderTtl ]: Removing below stale leader status:	'true'

'/mnt/c/Users/Brendan Kenna/GitHub/TaskTide/tasktide/itemstore/ItemStore-Mutex/Queue/1770749502436.127-0-1-1_c3c67d8b-9c76-45f3-ba75-d4d621129dd2_f9528b85-05b1-4429-9f3c-e3553b6f285d.lock'
2026-02-10 18:51:54.319 WARN  [ main -> org.tasktide.itemstore.mutex.utils.MutexFilesUtils.clearStaleLeader ]: Unable to clear provided leader, perhaps cleared elsewhere:	'/mnt/c/Users/Brendan Kenna/GitHub/TaskTide/tasktide/itemstore/ItemStore-Mutex/Queue/1770749502433.127-0-1-1_9c92f581-5b3e-42d3-93ec-ea9d67db501a_c0a3c564-e8cd-411a-bd82-b598eebc8e3f.lock'
2026-02-10 18:51:54.320 WARN  [ main -> org.tasktide.itemstore.mutex.strategy.ElectionStrategy.evaluateLeaderTtl ]: Removing below stale leader status:	'false'

'/mnt/c/Users/Brendan Kenna/GitHub/TaskTide/tasktide/itemstore/ItemStore-Mutex/Queue/1770749502433.127-0-1-1_9c92f581-5b3e-42d3-93ec-ea9d67db501a_c0a3c564-e8cd-411a-bd82-b598eebc8e3f.lock'
2026-02-10 18:51:54.337 WARN  [ main -> org.tasktide.itemstore.mutex.strategy.ElectionStrategy.waitUntilLeader ]: Unable to verifiy leadership:	'c0a3c564-e8cd-411a-bd82-b598eebc8e3f'
2026-02-10 18:51:54.457 INFO  [ main -> org.tasktide.itemstore.mutex.orchestrator.MutexOrchestrator.performLock ]: Waiting for NFS lock for:	'136df93f-5d91-4d18-a3ff-22e358ba7abd'
2026-02-10 18:51:54.669 INFO  [ main -> org.tasktide.itemstore.mutex.strategy.ElectionStrategy.waitUntilLeader ]: Leadership acquired:	'50a0f249-d7fc-4005-a1d1-e88ac4cb8031'
2026-02-10 18:51:54.671 INFO  [ main -> org.tasktide.itemstore.mutex.strategy.ElectionStrategy.waitUntilLeader ]: Verifying leadership:	'50a0f249-d7fc-4005-a1d1-e88ac4cb8031'
2026-02-10 18:51:54.762 WARN  [ main -> org.tasktide.itemstore.mutex.strategy.ElectionStrategy.evaluateLeaderTtl ]: Removing below stale leader status:	'true'

'/mnt/c/Users/Brendan Kenna/GitHub/TaskTide/tasktide/itemstore/ItemStore-Mutex/Queue/1770749502458.127-0-1-1_885cbace-f3be-42b5-bfea-1184f39e9fad_50a0f249-d7fc-4005-a1d1-e88ac4cb8031.lock'
2026-02-10 18:51:54.765 INFO  [ main -> org.tasktide.itemstore.mutex.strategy.ElectionStrategy.waitUntilLeader ]: Recasting ballot:	'f42cea71-10b1-4a44-a74a-e91c395bd881'
2026-02-10 18:51:54.766 WARN  [ main -> org.tasktide.itemstore.mutex.strategy.ElectionStrategy.evaluateLeaderTtl ]: Error verifiying leader TTL:	'/mnt/c/Users/Brendan Kenna/GitHub/TaskTide/tasktide/itemstore/ItemStore-Mutex/Queue/1770749502458.127-0-1-1_885cbace-f3be-42b5-bfea-1184f39e9fad_50a0f249-d7fc-4005-a1d1-e88ac4cb8031.lock'
'java.util.NoSuchElementException: No value present'
2026-02-10 18:51:54.853 DEBUG [ main -> org.tasktide.itemstore.mutex.strategy.ElectionStrategy.initMutex ]: Initializing mutex:	'136df93f-5d91-4d18-a3ff-22e358ba7abd'
2026-02-10 18:51:54.910 DEBUG [ main -> org.tasktide.itemstore.mutex.strategy.ElectionStrategy.initMutex ]: Mutex initialized, inferring queue position
2026-02-10 18:51:54.917 WARN  [ main -> org.tasktide.itemstore.mutex.strategy.ElectionStrategy.initMutex ]: No election files detected
2026-02-10 18:51:55.089 WARN  [ main -> org.tasktide.itemstore.mutex.strategy.ElectionStrategy.waitUntilLeader ]: Unable to verifiy leadership:	'50a0f249-d7fc-4005-a1d1-e88ac4cb8031'
2026-02-10 18:51:55.213 INFO  [ main -> org.tasktide.itemstore.mutex.strategy.ElectionStrategy.waitUntilLeader ]: Leadership acquired:	'b9c9623c-1c9e-4f42-8804-501d6b1cea5f'
2026-02-10 18:51:55.215 INFO  [ main -> org.tasktide.itemstore.mutex.strategy.ElectionStrategy.waitUntilLeader ]: Verifying leadership:	'b9c9623c-1c9e-4f42-8804-501d6b1cea5f'
2026-02-10 18:51:55.295 WARN  [ main -> org.tasktide.itemstore.mutex.utils.MutexFilesUtils.clearStaleLeader ]: Unable to clear provided leader, perhaps cleared elsewhere:	'/mnt/c/Users/Brendan Kenna/GitHub/TaskTide/tasktide/itemstore/ItemStore-Mutex/Queue/1770749502436.127-0-1-1_c3c67d8b-9c76-45f3-ba75-d4d621129dd2_f9528b85-05b1-4429-9f3c-e3553b6f285d.lock'
2026-02-10 18:51:55.297 WARN  [ main -> org.tasktide.itemstore.mutex.strategy.ElectionStrategy.evaluateLeaderTtl ]: Removing below stale leader status:	'false'

'/mnt/c/Users/Brendan Kenna/GitHub/TaskTide/tasktide/itemstore/ItemStore-Mutex/Queue/1770749502436.127-0-1-1_c3c67d8b-9c76-45f3-ba75-d4d621129dd2_f9528b85-05b1-4429-9f3c-e3553b6f285d.lock'
2026-02-10 18:51:55.547 INFO  [ main -> org.tasktide.itemstore.mutex.strategy.ElectionStrategy.waitUntilLeader ]: Recasting ballot:	'483588d0-7fe9-4775-bce7-6891cd0f7f9f'
2026-02-10 18:51:55.646 INFO  [ main -> org.tasktide.itemstore.mutex.strategy.ElectionStrategy.waitUntilLeader ]: Leadership verified:	'b9c9623c-1c9e-4f42-8804-501d6b1cea5f'
2026-02-10 18:51:55.647 DEBUG [ main -> org.tasktide.itemstore.mutex.strategy.ElectionStrategy.apply ]: Active leader with Id:	'b9c9623c-1c9e-4f42-8804-501d6b1cea5f'
2026-02-10 18:51:55.648 DEBUG [ main -> org.tasktide.itemstore.mutex.strategy.ElectionStrategy.apply ]: State set, writing mutex for:	'b9c9623c-1c9e-4f42-8804-501d6b1cea5f'
2026-02-10 18:51:55.651 WARN  [ main -> org.tasktide.itemstore.mutex.strategy.ElectionStrategy.evaluateLeaderTtl ]: Removing below stale leader status:	'true'

'/mnt/c/Users/Brendan Kenna/GitHub/TaskTide/tasktide/itemstore/ItemStore-Mutex/Queue/1770749502497.127-0-1-1_29d4f30a-001e-4148-8db8-b0af27d849e4_b9c9623c-1c9e-4f42-8804-501d6b1cea5f.lock'
2026-02-10 18:51:55.690 DEBUG [ main -> org.tasktide.itemstore.mutex.strategy.ElectionStrategy.apply ]: Mutex written for:	'b9c9623c-1c9e-4f42-8804-501d6b1cea5f'
2026-02-10 18:51:55.721 INFO  [ main -> org.tasktide.itemstore.mutex.orchestrator.MutexOrchestrator.performLock ]: NFS Lock acquired for:	'b9c9623c-1c9e-4f42-8804-501d6b1cea5f'
2026-02-10 18:51:55.722 INFO  [ main -> org.tasktide.itemstore.mutex.orchestrator.MutexOrchestrator.performLock ]: Confirming leadership:	'b9c9623c-1c9e-4f42-8804-501d6b1cea5f'
2026-02-10 18:51:55.969 WARN  [ main -> org.tasktide.itemstore.mutex.strategy.ElectionStrategy.evaluateLeaderTtl ]: Removing below stale leader status:	'true'

'/mnt/c/Users/Brendan Kenna/GitHub/TaskTide/tasktide/itemstore/ItemStore-Mutex/Queue/1770749502497.127-0-1-1_29d4f30a-001e-4148-8db8-b0af27d849e4_b9c9623c-1c9e-4f42-8804-501d6b1cea5f.lock'
2026-02-10 18:51:56.011 WARN  [ main -> org.tasktide.itemstore.mutex.utils.MutexFilesUtils.clearStaleLeader ]: Unable to clear provided leader, perhaps cleared elsewhere:	'/mnt/c/Users/Brendan Kenna/GitHub/TaskTide/tasktide/itemstore/ItemStore-Mutex/Queue/1770749502497.127-0-1-1_29d4f30a-001e-4148-8db8-b0af27d849e4_b9c9623c-1c9e-4f42-8804-501d6b1cea5f.lock'
2026-02-10 18:51:56.012 WARN  [ main -> org.tasktide.itemstore.mutex.strategy.ElectionStrategy.evaluateLeaderTtl ]: Removing below stale leader status:	'false'

'/mnt/c/Users/Brendan Kenna/GitHub/TaskTide/tasktide/itemstore/ItemStore-Mutex/Queue/1770749502497.127-0-1-1_29d4f30a-001e-4148-8db8-b0af27d849e4_b9c9623c-1c9e-4f42-8804-501d6b1cea5f.lock'
2026-02-10 18:51:56.020 INFO  [ main -> org.tasktide.itemstore.mutex.strategy.ElectionStrategy.waitUntilLeader ]: Leadership acquired:	'a32d8a85-bfe8-4e7f-8b1f-7ea29ca727df'
2026-02-10 18:51:56.022 INFO  [ main -> org.tasktide.itemstore.mutex.strategy.ElectionStrategy.waitUntilLeader ]: Verifying leadership:	'a32d8a85-bfe8-4e7f-8b1f-7ea29ca727df'
2026-02-10 18:51:56.143 DEBUG [ main -> org.tasktide.itemstore.mutex.orchestrator.MutexOrchestrator.cleanUp ]: Cleaning up lock file:	'b9c9623c-1c9e-4f42-8804-501d6b1cea5f'
2026-02-10 18:51:56.145 WARN  [ main -> org.tasktide.itemstore.FileUtility.dropFile ]: Warning provided path does not exist, unable to delete:
'/mnt/c/Users/Brendan Kenna/GitHub/TaskTide/tasktide/itemstore/ItemStore-Mutex/lock-file.lock'

2026-02-10 18:51:56.147 WARN  [ main -> org.tasktide.itemstore.FileUtility.dropFile ]: Warning could not delete target file, displaying error:	'/mnt/c/Users/Brendan Kenna/GitHub/TaskTide/tasktide/itemstore/ItemStore-Mutex/lock-file.lock'
java.nio.file.NoSuchFileException: /mnt/c/Users/Brendan Kenna/GitHub/TaskTide/tasktide/itemstore/ItemStore-Mutex/lock-file.lock
	at sun.nio.fs.UnixException.translateToIOException(UnixException.java:92) ~[?:?]
	at sun.nio.fs.UnixException.rethrowAsIOException(UnixException.java:106) ~[?:?]
	at sun.nio.fs.UnixException.rethrowAsIOException(UnixException.java:111) ~[?:?]
	at sun.nio.fs.UnixFileSystemProvider.implDelete(UnixFileSystemProvider.java:248) ~[?:?]
	at sun.nio.fs.AbstractFileSystemProvider.delete(AbstractFileSystemProvider.java:105) ~[?:?]
	at java.nio.file.Files.delete(Files.java:1152) ~[?:?]
	at org.tasktide.itemstore.FileUtility.dropFile(FileUtility.java:132) [main/:?]
	at org.tasktide.itemstore.mutex.orchestrator.MutexOrchestrator.cleanUp(MutexOrchestrator.java:387) [main/:?]
	at org.tasktide.itemstore.mutex.orchestrator.MutexOrchestrator.performLock(MutexOrchestrator.java:219) [main/:?]
	at org.tasktide.itemstore.mutex.orchestrator.MutexOrchestrator.acquireLock(MutexOrchestrator.java:135) [main/:?]
	at org.tasktide.itemstore.mutex.orchestrator.MutexOrchestrator.tryAcquireUntilSuccess(MutexOrchestrator.java:154) [main/:?]
	at org.tasktide.itemstore.mutex.LockActionReleaseApp.main(LockActionReleaseApp.java:95) [test/:?]
2026-02-10 18:51:56.233 DEBUG [ main -> org.tasktide.itemstore.mutex.orchestrator.MutexOrchestrator.cleanUp ]: Cleaning up host file:	'b9c9623c-1c9e-4f42-8804-501d6b1cea5f'
2026-02-10 18:51:56.235 WARN  [ main -> org.tasktide.itemstore.FileUtility.dropFile ]: Warning provided path does not exist, unable to delete:
'/mnt/c/Users/Brendan Kenna/GitHub/TaskTide/tasktide/itemstore/ItemStore-Mutex/Host-Lock/1770749502497.127-0-1-1_29d4f30a-001e-4148-8db8-b0af27d849e4.lock'

2026-02-10 18:51:56.238 WARN  [ main -> org.tasktide.itemstore.FileUtility.dropFile ]: Warning could not delete target file, displaying error:	'/mnt/c/Users/Brendan Kenna/GitHub/TaskTide/tasktide/itemstore/ItemStore-Mutex/Host-Lock/1770749502497.127-0-1-1_29d4f30a-001e-4148-8db8-b0af27d849e4.lock'
java.nio.file.NoSuchFileException: /mnt/c/Users/Brendan Kenna/GitHub/TaskTide/tasktide/itemstore/ItemStore-Mutex/Host-Lock/1770749502497.127-0-1-1_29d4f30a-001e-4148-8db8-b0af27d849e4.lock
	at sun.nio.fs.UnixException.translateToIOException(UnixException.java:92) ~[?:?]
	at sun.nio.fs.UnixException.rethrowAsIOException(UnixException.java:106) ~[?:?]
	at sun.nio.fs.UnixException.rethrowAsIOException(UnixException.java:111) ~[?:?]
	at sun.nio.fs.UnixFileSystemProvider.implDelete(UnixFileSystemProvider.java:248) ~[?:?]
	at sun.nio.fs.AbstractFileSystemProvider.delete(AbstractFileSystemProvider.java:105) ~[?:?]
	at java.nio.file.Files.delete(Files.java:1152) ~[?:?]
	at org.tasktide.itemstore.FileUtility.dropFile(FileUtility.java:132) [main/:?]
	at org.tasktide.itemstore.mutex.orchestrator.MutexOrchestrator.cleanUp(MutexOrchestrator.java:392) [main/:?]
	at org.tasktide.itemstore.mutex.orchestrator.MutexOrchestrator.performLock(MutexOrchestrator.java:219) [main/:?]
	at org.tasktide.itemstore.mutex.orchestrator.MutexOrchestrator.acquireLock(MutexOrchestrator.java:135) [main/:?]
	at org.tasktide.itemstore.mutex.orchestrator.MutexOrchestrator.tryAcquireUntilSuccess(MutexOrchestrator.java:154) [main/:?]
	at org.tasktide.itemstore.mutex.LockActionReleaseApp.main(LockActionReleaseApp.java:95) [test/:?]
2026-02-10 18:51:56.239 DEBUG [ main -> org.tasktide.itemstore.mutex.orchestrator.MutexOrchestrator.cleanUp ]: Cleaning up confirm ballot file:	'b9c9623c-1c9e-4f42-8804-501d6b1cea5f'
2026-02-10 18:51:56.241 WARN  [ main -> org.tasktide.itemstore.FileUtility.dropFile ]: Warning provided paths is null, unable to delete:
'null'

2026-02-10 18:51:56.242 DEBUG [ main -> org.tasktide.itemstore.mutex.orchestrator.MutexOrchestrator.cleanUp ]: Cleaning up election file:	'b9c9623c-1c9e-4f42-8804-501d6b1cea5f'
2026-02-10 18:51:56.245 WARN  [ main -> org.tasktide.itemstore.FileUtility.dropFile ]: Warning provided path does not exist, unable to delete:
'/mnt/c/Users/Brendan Kenna/GitHub/TaskTide/tasktide/itemstore/ItemStore-Mutex/Queue/1770749502497.127-0-1-1_29d4f30a-001e-4148-8db8-b0af27d849e4_b9c9623c-1c9e-4f42-8804-501d6b1cea5f.lock'

2026-02-10 18:51:56.247 WARN  [ main -> org.tasktide.itemstore.FileUtility.dropFile ]: Warning could not delete target file, displaying error:	'/mnt/c/Users/Brendan Kenna/GitHub/TaskTide/tasktide/itemstore/ItemStore-Mutex/Queue/1770749502497.127-0-1-1_29d4f30a-001e-4148-8db8-b0af27d849e4_b9c9623c-1c9e-4f42-8804-501d6b1cea5f.lock'
java.nio.file.NoSuchFileException: /mnt/c/Users/Brendan Kenna/GitHub/TaskTide/tasktide/itemstore/ItemStore-Mutex/Queue/1770749502497.127-0-1-1_29d4f30a-001e-4148-8db8-b0af27d849e4_b9c9623c-1c9e-4f42-8804-501d6b1cea5f.lock
	at sun.nio.fs.UnixException.translateToIOException(UnixException.java:92) ~[?:?]
	at sun.nio.fs.UnixException.rethrowAsIOException(UnixException.java:106) ~[?:?]
	at sun.nio.fs.UnixException.rethrowAsIOException(UnixException.java:111) ~[?:?]
	at sun.nio.fs.UnixFileSystemProvider.implDelete(UnixFileSystemProvider.java:248) ~[?:?]
	at sun.nio.fs.AbstractFileSystemProvider.delete(AbstractFileSystemProvider.java:105) ~[?:?]
	at java.nio.file.Files.delete(Files.java:1152) ~[?:?]
	at org.tasktide.itemstore.FileUtility.dropFile(FileUtility.java:132) [main/:?]
	at org.tasktide.itemstore.mutex.orchestrator.MutexOrchestrator.cleanUp(MutexOrchestrator.java:402) [main/:?]
	at org.tasktide.itemstore.mutex.orchestrator.MutexOrchestrator.performLock(MutexOrchestrator.java:219) [main/:?]
	at org.tasktide.itemstore.mutex.orchestrator.MutexOrchestrator.acquireLock(MutexOrchestrator.java:135) [main/:?]
	at org.tasktide.itemstore.mutex.orchestrator.MutexOrchestrator.tryAcquireUntilSuccess(MutexOrchestrator.java:154) [main/:?]
	at org.tasktide.itemstore.mutex.LockActionReleaseApp.main(LockActionReleaseApp.java:95) [test/:?]
2026-02-10 18:51:56.352 INFO  [ main -> org.tasktide.itemstore.mutex.strategy.ElectionStrategy.waitUntilLeader ]: Recasting ballot:	'694ad1c7-92be-43ba-961d-39ac241ca3fb'
2026-02-10 18:51:56.355 WARN  [ main -> org.tasktide.itemstore.mutex.strategy.ElectionStrategy.evaluateLeaderTtl ]: Removing below stale leader status:	'true'

'/mnt/c/Users/Brendan Kenna/GitHub/TaskTide/tasktide/itemstore/ItemStore-Mutex/Queue/1770749502526.127-0-1-1_b1a3948d-cbf3-4ece-bbc5-c227209297a3_a32d8a85-bfe8-4e7f-8b1f-7ea29ca727df.lock'
2026-02-10 18:51:56.356 INFO  [ main -> org.tasktide.itemstore.mutex.strategy.ElectionStrategy.waitUntilLeader ]: Recasting ballot:	'f255fe3b-128a-4f3a-b02e-0d9de0ef33d1'
2026-02-10 18:51:56.396 WARN  [ main -> org.tasktide.itemstore.mutex.strategy.ElectionStrategy.waitUntilLeader ]: Unable to verifiy leadership:	'a32d8a85-bfe8-4e7f-8b1f-7ea29ca727df'
2026-02-10 18:51:56.447 INFO  [ main -> org.tasktide.itemstore.mutex.strategy.ElectionStrategy.waitUntilLeader ]: Leadership acquired:	'a20cf284-c339-4fae-a6e3-79b8ad393434'
2026-02-10 18:51:56.448 INFO  [ main -> org.tasktide.itemstore.mutex.strategy.ElectionStrategy.waitUntilLeader ]: Verifying leadership:	'a20cf284-c339-4fae-a6e3-79b8ad393434'
2026-02-10 18:51:56.530 WARN  [ main -> org.tasktide.itemstore.mutex.orchestrator.MutexOrchestrator.tryAcquireUntilSuccess ]: Process-1022 Attempt 0 failed: LEADERSHIP_CONFIRMATION_FAILED | Exception: Unable to read elected leader:	b9c9623c-1c9e-4f42-8804-501d6b1cea5f
2026-02-10 18:51:56.727 WARN  [ main -> org.tasktide.itemstore.mutex.utils.MutexFilesUtils.clearStaleLeader ]: Unable to clear provided leader, perhaps cleared elsewhere:	'/mnt/c/Users/Brendan Kenna/GitHub/TaskTide/tasktide/itemstore/ItemStore-Mutex/Queue/1770749502526.127-0-1-1_b1a3948d-cbf3-4ece-bbc5-c227209297a3_a32d8a85-bfe8-4e7f-8b1f-7ea29ca727df.lock'
2026-02-10 18:51:56.727 WARN  [ main -> org.tasktide.itemstore.mutex.strategy.ElectionStrategy.evaluateLeaderTtl ]: Removing below stale leader status:	'false'

'/mnt/c/Users/Brendan Kenna/GitHub/TaskTide/tasktide/itemstore/ItemStore-Mutex/Queue/1770749502526.127-0-1-1_b1a3948d-cbf3-4ece-bbc5-c227209297a3_a32d8a85-bfe8-4e7f-8b1f-7ea29ca727df.lock'
2026-02-10 18:51:56.781 INFO  [ main -> org.tasktide.itemstore.mutex.strategy.ElectionStrategy.waitUntilLeader ]: Recasting ballot:	'2b34fea0-c417-407a-ae33-92410cbab48a'
2026-02-10 18:51:56.794 WARN  [ main -> org.tasktide.itemstore.mutex.strategy.ElectionStrategy.evaluateLeaderTtl ]: Removing below stale leader status:	'true'

'/mnt/c/Users/Brendan Kenna/GitHub/TaskTide/tasktide/itemstore/ItemStore-Mutex/Queue/1770749502566.127-0-1-1_7493e205-2a85-4042-90a6-359128af69fe_a20cf284-c339-4fae-a6e3-79b8ad393434.lock'
2026-02-10 18:51:56.860 WARN  [ main -> org.tasktide.itemstore.mutex.strategy.ElectionStrategy.waitUntilLeader ]: Unable to verifiy leadership:	'a20cf284-c339-4fae-a6e3-79b8ad393434'
2026-02-10 18:51:56.991 INFO  [ main -> org.tasktide.itemstore.mutex.strategy.ElectionStrategy.waitUntilLeader ]: Recasting ballot:	'84139ab3-ec85-4a3d-8bf5-4114599bb2c2'
2026-02-10 18:51:57.165 WARN  [ main -> org.tasktide.itemstore.mutex.strategy.ElectionStrategy.evaluateLeaderTtl ]: Removing below stale leader status:	'true'

'/mnt/c/Users/Brendan Kenna/GitHub/TaskTide/tasktide/itemstore/ItemStore-Mutex/Queue/1770749502609.127-0-1-1_8e9ee5c3-897c-47eb-9ab1-78c37551e56f_2b48f459-5f82-40fe-924d-12921c893fe4.lock'
2026-02-10 18:51:57.297 WARN  [ main -> org.tasktide.itemstore.mutex.utils.MutexFilesUtils.clearStaleLeader ]: Unable to clear provided leader, perhaps cleared elsewhere:	'/mnt/c/Users/Brendan Kenna/GitHub/TaskTide/tasktide/itemstore/ItemStore-Mutex/Queue/1770749502566.127-0-1-1_7493e205-2a85-4042-90a6-359128af69fe_a20cf284-c339-4fae-a6e3-79b8ad393434.lock'
2026-02-10 18:51:57.298 WARN  [ main -> org.tasktide.itemstore.mutex.strategy.ElectionStrategy.evaluateLeaderTtl ]: Removing below stale leader status:	'false'

'/mnt/c/Users/Brendan Kenna/GitHub/TaskTide/tasktide/itemstore/ItemStore-Mutex/Queue/1770749502566.127-0-1-1_7493e205-2a85-4042-90a6-359128af69fe_a20cf284-c339-4fae-a6e3-79b8ad393434.lock'
2026-02-10 18:51:57.357 WARN  [ main -> org.tasktide.itemstore.mutex.strategy.ElectionStrategy.evaluateLeaderTtl ]: Removing below stale leader status:	'true'

'/mnt/c/Users/Brendan Kenna/GitHub/TaskTide/tasktide/itemstore/ItemStore-Mutex/Queue/1770749502613.127-0-1-1_f62617b9-1f9f-4aa1-b9af-dc6687dc2119_10adb96e-4ae0-455c-b13f-f0612a4ebee3.lock'
2026-02-10 18:51:57.366 INFO  [ main -> org.tasktide.itemstore.mutex.orchestrator.MutexOrchestrator.performLock ]: Waiting for NFS lock for:	'1ece435f-517d-42ef-962e-434d0b95bf5b'
2026-02-10 18:51:57.550 WARN  [ main -> org.tasktide.itemstore.mutex.strategy.ElectionStrategy.evaluateLeaderTtl ]: Removing below stale leader status:	'true'

'/mnt/c/Users/Brendan Kenna/GitHub/TaskTide/tasktide/itemstore/ItemStore-Mutex/Queue/1770749502647.127-0-1-1_17c7873b-ab53-4f37-877b-eda907c02f1f_44233a07-c44c-41ae-8a58-29576b692209.lock'
2026-02-10 18:51:57.767 WARN  [ main -> org.tasktide.itemstore.mutex.strategy.ElectionStrategy.evaluateLeaderTtl ]: Removing below stale leader status:	'true'

'/mnt/c/Users/Brendan Kenna/GitHub/TaskTide/tasktide/itemstore/ItemStore-Mutex/Queue/1770749502651.127-0-1-1_40954ea3-608b-4aec-90b6-ef51319402b4_8c35da5e-40ce-4683-adfe-e996f42d46f8.lock'
2026-02-10 18:51:57.829 INFO  [ main -> org.tasktide.itemstore.mutex.strategy.ElectionStrategy.waitUntilLeader ]: Leadership acquired:	'a43a90ad-088e-400f-bdc6-9ed21d8bdbf8'
2026-02-10 18:51:57.831 DEBUG [ main -> org.tasktide.itemstore.mutex.strategy.ElectionStrategy.initMutex ]: Initializing mutex:	'1ece435f-517d-42ef-962e-434d0b95bf5b'
2026-02-10 18:51:57.832 INFO  [ main -> org.tasktide.itemstore.mutex.strategy.ElectionStrategy.waitUntilLeader ]: Verifying leadership:	'a43a90ad-088e-400f-bdc6-9ed21d8bdbf8'
2026-02-10 18:51:57.890 WARN  [ main -> org.tasktide.itemstore.mutex.utils.MutexFilesUtils.clearStaleLeader ]: Unable to clear provided leader, perhaps cleared elsewhere:	'/mnt/c/Users/Brendan Kenna/GitHub/TaskTide/tasktide/itemstore/ItemStore-Mutex/Queue/1770749502609.127-0-1-1_8e9ee5c3-897c-47eb-9ab1-78c37551e56f_2b48f459-5f82-40fe-924d-12921c893fe4.lock'
2026-02-10 18:51:57.892 WARN  [ main -> org.tasktide.itemstore.mutex.strategy.ElectionStrategy.evaluateLeaderTtl ]: Removing below stale leader status:	'false'

'/mnt/c/Users/Brendan Kenna/GitHub/TaskTide/tasktide/itemstore/ItemStore-Mutex/Queue/1770749502609.127-0-1-1_8e9ee5c3-897c-47eb-9ab1-78c37551e56f_2b48f459-5f82-40fe-924d-12921c893fe4.lock'
2026-02-10 18:51:57.927 DEBUG [ main -> org.tasktide.itemstore.mutex.strategy.ElectionStrategy.initMutex ]: Mutex initialized, inferring queue position
2026-02-10 18:51:57.931 WARN  [ main -> org.tasktide.itemstore.mutex.strategy.ElectionStrategy.initMutex ]: No election files detected
2026-02-10 18:51:58.035 INFO  [ main -> org.tasktide.itemstore.mutex.strategy.ElectionStrategy.evaluateLeaderTtl ]: Leader passed TTL check-in:	'/mnt/c/Users/Brendan Kenna/GitHub/TaskTide/tasktide/itemstore/ItemStore-Mutex/Queue/1770749508932.127-0-1-1_45fda85a-16bd-4889-af4d-d90a48577a3f_90d36b47-df89-4a23-b9e1-a12bf5d06730.lock'
2026-02-10 18:51:58.038 INFO  [ main -> org.tasktide.itemstore.mutex.strategy.ElectionStrategy.waitUntilLeader ]: Resetting predecessor:	'489b3173-aefe-4f44-bad3-9ab3f438f9d0'
2026-02-10 18:51:58.064 INFO  [ main -> org.tasktide.itemstore.mutex.strategy.ElectionStrategy.waitUntilLeader ]: Leadership verified:	'a43a90ad-088e-400f-bdc6-9ed21d8bdbf8'
2026-02-10 18:51:58.066 DEBUG [ main -> org.tasktide.itemstore.mutex.strategy.ElectionStrategy.apply ]: Active leader with Id:	'a43a90ad-088e-400f-bdc6-9ed21d8bdbf8'
2026-02-10 18:51:58.068 DEBUG [ main -> org.tasktide.itemstore.mutex.strategy.ElectionStrategy.apply ]: State set, writing mutex for:	'a43a90ad-088e-400f-bdc6-9ed21d8bdbf8'
2026-02-10 18:51:58.137 DEBUG [ main -> org.tasktide.itemstore.mutex.strategy.ElectionStrategy.apply ]: Mutex written for:	'a43a90ad-088e-400f-bdc6-9ed21d8bdbf8'
2026-02-10 18:51:58.196 INFO  [ main -> org.tasktide.itemstore.mutex.orchestrator.MutexOrchestrator.performLock ]: NFS Lock acquired for:	'a43a90ad-088e-400f-bdc6-9ed21d8bdbf8'
2026-02-10 18:51:58.198 INFO  [ main -> org.tasktide.itemstore.mutex.orchestrator.MutexOrchestrator.performLock ]: Confirming leadership:	'a43a90ad-088e-400f-bdc6-9ed21d8bdbf8'
2026-02-10 18:51:58.328 INFO  [ main -> org.tasktide.itemstore.mutex.strategy.ElectionStrategy.waitUntilLeader ]: Recasting ballot:	'f9528b85-05b1-4429-9f3c-e3553b6f285d'
2026-02-10 18:51:58.350 INFO  [ main -> org.tasktide.itemstore.mutex.strategy.ElectionStrategy.evaluateLeaderTtl ]: Leader passed TTL check-in:	'/mnt/c/Users/Brendan Kenna/GitHub/TaskTide/tasktide/itemstore/ItemStore-Mutex/Queue/1770749508932.127-0-1-1_45fda85a-16bd-4889-af4d-d90a48577a3f_90d36b47-df89-4a23-b9e1-a12bf5d06730.lock'
2026-02-10 18:51:58.352 INFO  [ main -> org.tasktide.itemstore.mutex.strategy.ElectionStrategy.waitUntilLeader ]: Resetting predecessor:	'489b3173-aefe-4f44-bad3-9ab3f438f9d0'
2026-02-10 18:51:58.495 WARN  [ main -> org.tasktide.itemstore.mutex.utils.MutexFilesUtils.clearStaleLeader ]: Unable to clear provided leader, perhaps cleared elsewhere:	'/mnt/c/Users/Brendan Kenna/GitHub/TaskTide/tasktide/itemstore/ItemStore-Mutex/Queue/1770749502647.127-0-1-1_17c7873b-ab53-4f37-877b-eda907c02f1f_44233a07-c44c-41ae-8a58-29576b692209.lock'
2026-02-10 18:51:58.495 WARN  [ main -> org.tasktide.itemstore.mutex.strategy.ElectionStrategy.evaluateLeaderTtl ]: Removing below stale leader status:	'false'

'/mnt/c/Users/Brendan Kenna/GitHub/TaskTide/tasktide/itemstore/ItemStore-Mutex/Queue/1770749502647.127-0-1-1_17c7873b-ab53-4f37-877b-eda907c02f1f_44233a07-c44c-41ae-8a58-29576b692209.lock'
2026-02-10 18:52:00.967 WARN  [ main -> org.tasktide.itemstore.mutex.strategy.ElectionStrategy.evaluateLeaderTtl ]: Removing below stale leader status:	'true'

'/mnt/c/Users/Brendan Kenna/GitHub/TaskTide/tasktide/itemstore/ItemStore-Mutex/Queue/1770749508932.127-0-1-1_45fda85a-16bd-4889-af4d-d90a48577a3f_90d36b47-df89-4a23-b9e1-a12bf5d06730.lock'
2026-02-10 18:52:01.012 DEBUG [ main -> org.tasktide.itemstore.mutex.orchestrator.MutexOrchestrator.cleanUp ]: Cleaning up lock file:	'a43a90ad-088e-400f-bdc6-9ed21d8bdbf8'
2026-02-10 18:52:01.013 WARN  [ main -> org.tasktide.itemstore.FileUtility.dropFile ]: Warning provided path does not exist, unable to delete:
'/mnt/c/Users/Brendan Kenna/GitHub/TaskTide/tasktide/itemstore/ItemStore-Mutex/lock-file.lock'

2026-02-10 18:52:01.098 INFO  [ main -> org.tasktide.itemstore.mutex.strategy.ElectionStrategy.waitUntilLeader ]: Leadership acquired:	'1ff26b6f-07dd-44aa-8f2f-f9adf3b4f0c6'
2026-02-10 18:52:01.100 INFO  [ main -> org.tasktide.itemstore.mutex.strategy.ElectionStrategy.waitUntilLeader ]: Verifying leadership:	'1ff26b6f-07dd-44aa-8f2f-f9adf3b4f0c6'
2026-02-10 18:52:01.014 WARN  [ main -> org.tasktide.itemstore.FileUtility.dropFile ]: Warning could not delete target file, displaying error:	'/mnt/c/Users/Brendan Kenna/GitHub/TaskTide/tasktide/itemstore/ItemStore-Mutex/lock-file.lock'
java.nio.file.NoSuchFileException: /mnt/c/Users/Brendan Kenna/GitHub/TaskTide/tasktide/itemstore/ItemStore-Mutex/lock-file.lock
	at sun.nio.fs.UnixException.translateToIOException(UnixException.java:92) ~[?:?]
	at sun.nio.fs.UnixException.rethrowAsIOException(UnixException.java:106) ~[?:?]
	at sun.nio.fs.UnixException.rethrowAsIOException(UnixException.java:111) ~[?:?]
	at sun.nio.fs.UnixFileSystemProvider.implDelete(UnixFileSystemProvider.java:248) ~[?:?]
	at sun.nio.fs.AbstractFileSystemProvider.delete(AbstractFileSystemProvider.java:105) ~[?:?]
	at java.nio.file.Files.delete(Files.java:1152) ~[?:?]
	at org.tasktide.itemstore.FileUtility.dropFile(FileUtility.java:132) [main/:?]
	at org.tasktide.itemstore.mutex.orchestrator.MutexOrchestrator.cleanUp(MutexOrchestrator.java:387) [main/:?]
	at org.tasktide.itemstore.mutex.orchestrator.MutexOrchestrator.performLock(MutexOrchestrator.java:219) [main/:?]
	at org.tasktide.itemstore.mutex.orchestrator.MutexOrchestrator.acquireLock(MutexOrchestrator.java:135) [main/:?]
	at org.tasktide.itemstore.mutex.orchestrator.MutexOrchestrator.tryAcquireUntilSuccess(MutexOrchestrator.java:154) [main/:?]
	at org.tasktide.itemstore.mutex.LockActionReleaseApp.main(LockActionReleaseApp.java:95) [test/:?]
2026-02-10 18:52:01.128 DEBUG [ main -> org.tasktide.itemstore.mutex.orchestrator.MutexOrchestrator.cleanUp ]: Cleaning up host file:	'a43a90ad-088e-400f-bdc6-9ed21d8bdbf8'
2026-02-10 18:52:01.133 WARN  [ main -> org.tasktide.itemstore.FileUtility.dropFile ]: Warning provided path does not exist, unable to delete:
'/mnt/c/Users/Brendan Kenna/GitHub/TaskTide/tasktide/itemstore/ItemStore-Mutex/Host-Lock/1770749502227.127-0-1-1_45fda85a-16bd-4889-af4d-d90a48577a3f.lock'

2026-02-10 18:52:01.136 WARN  [ main -> org.tasktide.itemstore.mutex.utils.MutexFilesUtils.clearStaleLeader ]: Unable to clear provided leader, perhaps cleared elsewhere:	'/mnt/c/Users/Brendan Kenna/GitHub/TaskTide/tasktide/itemstore/ItemStore-Mutex/Queue/1770749508932.127-0-1-1_45fda85a-16bd-4889-af4d-d90a48577a3f_90d36b47-df89-4a23-b9e1-a12bf5d06730.lock'
2026-02-10 18:52:01.136 WARN  [ main -> org.tasktide.itemstore.FileUtility.dropFile ]: Warning could not delete target file, displaying error:	'/mnt/c/Users/Brendan Kenna/GitHub/TaskTide/tasktide/itemstore/ItemStore-Mutex/Host-Lock/1770749502227.127-0-1-1_45fda85a-16bd-4889-af4d-d90a48577a3f.lock'
java.nio.file.NoSuchFileException: /mnt/c/Users/Brendan Kenna/GitHub/TaskTide/tasktide/itemstore/ItemStore-Mutex/Host-Lock/1770749502227.127-0-1-1_45fda85a-16bd-4889-af4d-d90a48577a3f.lock
	at sun.nio.fs.UnixException.translateToIOException(UnixException.java:92) ~[?:?]
	at sun.nio.fs.UnixException.rethrowAsIOException(UnixException.java:106) ~[?:?]
	at sun.nio.fs.UnixException.rethrowAsIOException(UnixException.java:111) ~[?:?]
	at sun.nio.fs.UnixFileSystemProvider.implDelete(UnixFileSystemProvider.java:248) ~[?:?]
	at sun.nio.fs.AbstractFileSystemProvider.delete(AbstractFileSystemProvider.java:105) ~[?:?]
	at java.nio.file.Files.delete(Files.java:1152) ~[?:?]
	at org.tasktide.itemstore.FileUtility.dropFile(FileUtility.java:132) [main/:?]
	at org.tasktide.itemstore.mutex.orchestrator.MutexOrchestrator.cleanUp(MutexOrchestrator.java:392) [main/:?]
	at org.tasktide.itemstore.mutex.orchestrator.MutexOrchestrator.performLock(MutexOrchestrator.java:219) [main/:?]
	at org.tasktide.itemstore.mutex.orchestrator.MutexOrchestrator.acquireLock(MutexOrchestrator.java:135) [main/:?]
	at org.tasktide.itemstore.mutex.orchestrator.MutexOrchestrator.tryAcquireUntilSuccess(MutexOrchestrator.java:154) [main/:?]
	at org.tasktide.itemstore.mutex.LockActionReleaseApp.main(LockActionReleaseApp.java:95) [test/:?]
2026-02-10 18:52:01.138 WARN  [ main -> org.tasktide.itemstore.mutex.strategy.ElectionStrategy.evaluateLeaderTtl ]: Removing below stale leader status:	'false'

'/mnt/c/Users/Brendan Kenna/GitHub/TaskTide/tasktide/itemstore/ItemStore-Mutex/Queue/1770749508932.127-0-1-1_45fda85a-16bd-4889-af4d-d90a48577a3f_90d36b47-df89-4a23-b9e1-a12bf5d06730.lock'
2026-02-10 18:52:01.138 DEBUG [ main -> org.tasktide.itemstore.mutex.orchestrator.MutexOrchestrator.cleanUp ]: Cleaning up confirm ballot file:	'a43a90ad-088e-400f-bdc6-9ed21d8bdbf8'
2026-02-10 18:52:01.145 DEBUG [ main -> org.tasktide.itemstore.mutex.orchestrator.MutexOrchestrator.cleanUp ]: Cleaning up election file:	'a43a90ad-088e-400f-bdc6-9ed21d8bdbf8'
2026-02-10 18:52:01.147 WARN  [ main -> org.tasktide.itemstore.FileUtility.dropFile ]: Warning provided path does not exist, unable to delete:
'/mnt/c/Users/Brendan Kenna/GitHub/TaskTide/tasktide/itemstore/ItemStore-Mutex/Queue/1770749508932.127-0-1-1_45fda85a-16bd-4889-af4d-d90a48577a3f_90d36b47-df89-4a23-b9e1-a12bf5d06730.lock'

2026-02-10 18:52:01.149 WARN  [ main -> org.tasktide.itemstore.FileUtility.dropFile ]: Warning could not delete target file, displaying error:	'/mnt/c/Users/Brendan Kenna/GitHub/TaskTide/tasktide/itemstore/ItemStore-Mutex/Queue/1770749508932.127-0-1-1_45fda85a-16bd-4889-af4d-d90a48577a3f_90d36b47-df89-4a23-b9e1-a12bf5d06730.lock'
java.nio.file.NoSuchFileException: /mnt/c/Users/Brendan Kenna/GitHub/TaskTide/tasktide/itemstore/ItemStore-Mutex/Queue/1770749508932.127-0-1-1_45fda85a-16bd-4889-af4d-d90a48577a3f_90d36b47-df89-4a23-b9e1-a12bf5d06730.lock
	at sun.nio.fs.UnixException.translateToIOException(UnixException.java:92) ~[?:?]
	at sun.nio.fs.UnixException.rethrowAsIOException(UnixException.java:106) ~[?:?]
	at sun.nio.fs.UnixException.rethrowAsIOException(UnixException.java:111) ~[?:?]
	at sun.nio.fs.UnixFileSystemProvider.implDelete(UnixFileSystemProvider.java:248) ~[?:?]
	at sun.nio.fs.AbstractFileSystemProvider.delete(AbstractFileSystemProvider.java:105) ~[?:?]
	at java.nio.file.Files.delete(Files.java:1152) ~[?:?]
	at org.tasktide.itemstore.FileUtility.dropFile(FileUtility.java:132) [main/:?]
	at org.tasktide.itemstore.mutex.orchestrator.MutexOrchestrator.cleanUp(MutexOrchestrator.java:402) [main/:?]
	at org.tasktide.itemstore.mutex.orchestrator.MutexOrchestrator.performLock(MutexOrchestrator.java:219) [main/:?]
	at org.tasktide.itemstore.mutex.orchestrator.MutexOrchestrator.acquireLock(MutexOrchestrator.java:135) [main/:?]
	at org.tasktide.itemstore.mutex.orchestrator.MutexOrchestrator.tryAcquireUntilSuccess(MutexOrchestrator.java:154) [main/:?]
	at org.tasktide.itemstore.mutex.LockActionReleaseApp.main(LockActionReleaseApp.java:95) [test/:?]
2026-02-10 18:52:01.312 WARN  [ main -> org.tasktide.itemstore.mutex.strategy.ElectionStrategy.evaluateLeaderTtl ]: Removing below stale leader status:	'true'

'/mnt/c/Users/Brendan Kenna/GitHub/TaskTide/tasktide/itemstore/ItemStore-Mutex/Queue/1770749509387.127-0-1-1_76ffede9-f0b4-4fe9-b0fd-bd77c1fd67c9_8f0cb84b-8db9-4fe5-a157-52e2f1a6130e.lock'
2026-02-10 18:52:01.455 WARN  [ main -> org.tasktide.itemstore.mutex.strategy.ElectionStrategy.waitUntilLeader ]: Unable to verifiy leadership:	'1ff26b6f-07dd-44aa-8f2f-f9adf3b4f0c6'
2026-02-10 18:52:01.575 INFO  [ main -> org.tasktide.itemstore.mutex.strategy.ElectionStrategy.waitUntilLeader ]: Leadership acquired:	'489b3173-aefe-4f44-bad3-9ab3f438f9d0'
2026-02-10 18:52:01.578 INFO  [ main -> org.tasktide.itemstore.mutex.strategy.ElectionStrategy.waitUntilLeader ]: Verifying leadership:	'489b3173-aefe-4f44-bad3-9ab3f438f9d0'
2026-02-10 18:52:01.593 WARN  [ main -> org.tasktide.itemstore.mutex.strategy.ElectionStrategy.evaluateLeaderTtl ]: Removing below stale leader status:	'true'

'/mnt/c/Users/Brendan Kenna/GitHub/TaskTide/tasktide/itemstore/ItemStore-Mutex/Queue/1770749510340.127-0-1-1_4fd42e83-31a4-47eb-b1cf-bf54f64baa81_6eac51fc-4374-4d01-9d36-72cf092353f0.lock'
2026-02-10 18:52:01.704 WARN  [ main -> org.tasktide.itemstore.mutex.orchestrator.MutexOrchestrator.tryAcquireUntilSuccess ]: Process-1055 Attempt 0 failed: LEADERSHIP_CONFIRMATION_FAILED | Exception: Unable to read confirmatory leader:	a43a90ad-088e-400f-bdc6-9ed21d8bdbf8
2026-02-10 18:52:01.765 WARN  [ main -> org.tasktide.itemstore.mutex.strategy.ElectionStrategy.evaluateLeaderTtl ]: Removing below stale leader status:	'true'

'/mnt/c/Users/Brendan Kenna/GitHub/TaskTide/tasktide/itemstore/ItemStore-Mutex/Queue/1770749510884.127-0-1-1_3644e965-1ac4-4347-b334-a862f24f6b35_97375785-fc30-48aa-9edb-81681b61b387.lock'
2026-02-10 18:52:01.929 WARN  [ main -> org.tasktide.itemstore.mutex.strategy.ElectionStrategy.waitUntilLeader ]: Unable to verifiy leadership:	'489b3173-aefe-4f44-bad3-9ab3f438f9d0'
2026-02-10 18:52:01.937 WARN  [ main -> org.tasktide.itemstore.mutex.strategy.ElectionStrategy.evaluateLeaderTtl ]: Removing below stale leader status:	'true'

'/mnt/c/Users/Brendan Kenna/GitHub/TaskTide/tasktide/itemstore/ItemStore-Mutex/Queue/1770749510923.127-0-1-1_aaaf40e3-aa56-410a-a296-58253a3cf0cb_441f3daf-822e-41c0-870c-ad07d869e865.lock'
2026-02-10 18:52:02.001 WARN  [ main -> org.tasktide.itemstore.mutex.utils.MutexFilesUtils.clearStaleLeader ]: Unable to clear provided leader, perhaps cleared elsewhere:	'/mnt/c/Users/Brendan Kenna/GitHub/TaskTide/tasktide/itemstore/ItemStore-Mutex/Queue/1770749509387.127-0-1-1_76ffede9-f0b4-4fe9-b0fd-bd77c1fd67c9_8f0cb84b-8db9-4fe5-a157-52e2f1a6130e.lock'
2026-02-10 18:52:02.002 WARN  [ main -> org.tasktide.itemstore.mutex.strategy.ElectionStrategy.evaluateLeaderTtl ]: Removing below stale leader status:	'false'

'/mnt/c/Users/Brendan Kenna/GitHub/TaskTide/tasktide/itemstore/ItemStore-Mutex/Queue/1770749509387.127-0-1-1_76ffede9-f0b4-4fe9-b0fd-bd77c1fd67c9_8f0cb84b-8db9-4fe5-a157-52e2f1a6130e.lock'
2026-02-10 18:52:02.061 WARN  [ main -> org.tasktide.itemstore.mutex.strategy.ElectionStrategy.evaluateLeaderTtl ]: Removing below stale leader status:	'true'

'/mnt/c/Users/Brendan Kenna/GitHub/TaskTide/tasktide/itemstore/ItemStore-Mutex/Queue/1770749511464.127-0-1-1_79953efe-d32d-4942-85e2-d704d978c820_0844ce70-60b9-4711-b6c1-baac5bde6b4c.lock'
2026-02-10 18:52:02.270 WARN  [ main -> org.tasktide.itemstore.mutex.strategy.ElectionStrategy.evaluateLeaderTtl ]: Removing below stale leader status:	'true'

'/mnt/c/Users/Brendan Kenna/GitHub/TaskTide/tasktide/itemstore/ItemStore-Mutex/Queue/1770749511632.127-0-1-1_800436b2-b1ca-41cb-a393-6e5efddab540_fccbba09-bbc8-4bc8-82ff-2664857a2cd5.lock'
2026-02-10 18:52:02.314 INFO  [ main -> org.tasktide.itemstore.mutex.orchestrator.MutexOrchestrator.performLock ]: Waiting for NFS lock for:	'47917415-072f-490f-a9e0-4159860d8240'
2026-02-10 18:52:02.324 INFO  [ main -> org.tasktide.itemstore.mutex.strategy.ElectionStrategy.waitUntilLeader ]: Leadership acquired:	'06934129-9983-4201-8664-e76a8edbf3fb'
2026-02-10 18:52:02.326 INFO  [ main -> org.tasktide.itemstore.mutex.strategy.ElectionStrategy.waitUntilLeader ]: Verifying leadership:	'06934129-9983-4201-8664-e76a8edbf3fb'
2026-02-10 18:52:02.332 WARN  [ main -> org.tasktide.itemstore.mutex.strategy.ElectionStrategy.evaluateLeaderTtl ]: Removing below stale leader status:	'true'

'/mnt/c/Users/Brendan Kenna/GitHub/TaskTide/tasktide/itemstore/ItemStore-Mutex/Queue/1770749511827.127-0-1-1_1c236ea8-c0ac-431a-b56e-56997d2ef26a_5703a2b8-7949-4361-a5a8-5ce457b53913.lock'
2026-02-10 18:52:02.429 WARN  [ main -> org.tasktide.itemstore.mutex.utils.MutexFilesUtils.clearStaleLeader ]: Unable to clear provided leader, perhaps cleared elsewhere:	'/mnt/c/Users/Brendan Kenna/GitHub/TaskTide/tasktide/itemstore/ItemStore-Mutex/Queue/1770749510340.127-0-1-1_4fd42e83-31a4-47eb-b1cf-bf54f64baa81_6eac51fc-4374-4d01-9d36-72cf092353f0.lock'
2026-02-10 18:52:02.430 WARN  [ main -> org.tasktide.itemstore.mutex.strategy.ElectionStrategy.evaluateLeaderTtl ]: Removing below stale leader status:	'false'

'/mnt/c/Users/Brendan Kenna/GitHub/TaskTide/tasktide/itemstore/ItemStore-Mutex/Queue/1770749510340.127-0-1-1_4fd42e83-31a4-47eb-b1cf-bf54f64baa81_6eac51fc-4374-4d01-9d36-72cf092353f0.lock'
2026-02-10 18:52:02.464 INFO  [ main -> org.tasktide.itemstore.mutex.strategy.ElectionStrategy.evaluateLeaderTtl ]: Leader passed TTL check-in:	'/mnt/c/Users/Brendan Kenna/GitHub/TaskTide/tasktide/itemstore/ItemStore-Mutex/Queue/1770749513725.127-0-1-1_50bcb54e-4907-4f90-b7d6-0c60cbea9104_52bab4c0-e442-48b4-a3fe-e1afd2aba482.lock'
2026-02-10 18:52:02.465 INFO  [ main -> org.tasktide.itemstore.mutex.strategy.ElectionStrategy.waitUntilLeader ]: Resetting predecessor:	'136df93f-5d91-4d18-a3ff-22e358ba7abd'
2026-02-10 18:52:02.535 DEBUG [ main -> org.tasktide.itemstore.mutex.strategy.ElectionStrategy.initMutex ]: Initializing mutex:	'47917415-072f-490f-a9e0-4159860d8240'
2026-02-10 18:52:02.633 DEBUG [ main -> org.tasktide.itemstore.mutex.strategy.ElectionStrategy.initMutex ]: Mutex initialized, inferring queue position
2026-02-10 18:52:02.645 WARN  [ main -> org.tasktide.itemstore.mutex.strategy.ElectionStrategy.initMutex ]: No election files detected
2026-02-10 18:52:02.648 WARN  [ main -> org.tasktide.itemstore.mutex.strategy.ElectionStrategy.waitUntilLeader ]: Unable to verifiy leadership:	'06934129-9983-4201-8664-e76a8edbf3fb'
2026-02-10 18:52:02.664 INFO  [ main -> org.tasktide.itemstore.mutex.strategy.ElectionStrategy.evaluateLeaderTtl ]: Leader passed TTL check-in:	'/mnt/c/Users/Brendan Kenna/GitHub/TaskTide/tasktide/itemstore/ItemStore-Mutex/Queue/1770749513725.127-0-1-1_50bcb54e-4907-4f90-b7d6-0c60cbea9104_52bab4c0-e442-48b4-a3fe-e1afd2aba482.lock'
2026-02-10 18:52:02.666 INFO  [ main -> org.tasktide.itemstore.mutex.strategy.ElectionStrategy.waitUntilLeader ]: Resetting predecessor:	'c0a3c564-e8cd-411a-bd82-b598eebc8e3f'
2026-02-10 18:52:02.753 INFO  [ main -> org.tasktide.itemstore.mutex.strategy.ElectionStrategy.waitUntilLeader ]: Leadership acquired:	'20aefd8d-c5b1-4ce4-b8f7-20fd62fba393'
2026-02-10 18:52:02.755 INFO  [ main -> org.tasktide.itemstore.mutex.strategy.ElectionStrategy.waitUntilLeader ]: Verifying leadership:	'20aefd8d-c5b1-4ce4-b8f7-20fd62fba393'
2026-02-10 18:52:02.802 INFO  [ main -> org.tasktide.itemstore.mutex.strategy.ElectionStrategy.evaluateLeaderTtl ]: Leader passed TTL check-in:	'/mnt/c/Users/Brendan Kenna/GitHub/TaskTide/tasktide/itemstore/ItemStore-Mutex/Queue/1770749513725.127-0-1-1_50bcb54e-4907-4f90-b7d6-0c60cbea9104_52bab4c0-e442-48b4-a3fe-e1afd2aba482.lock'
2026-02-10 18:52:02.803 INFO  [ main -> org.tasktide.itemstore.mutex.strategy.ElectionStrategy.waitUntilLeader ]: Resetting predecessor:	'136df93f-5d91-4d18-a3ff-22e358ba7abd'
2026-02-10 18:52:02.943 INFO  [ main -> org.tasktide.itemstore.mutex.strategy.ElectionStrategy.waitUntilLeader ]: Recasting ballot:	'c76957d2-091c-4b63-adc4-f1723b532569'
2026-02-10 18:52:02.984 INFO  [ main -> org.tasktide.itemstore.mutex.strategy.ElectionStrategy.waitUntilLeader ]: Recasting ballot:	'489b3173-aefe-4f44-bad3-9ab3f438f9d0'
2026-02-10 18:52:03.048 INFO  [ main -> org.tasktide.itemstore.mutex.strategy.ElectionStrategy.waitUntilLeader ]: Recasting ballot:	'c0a3c564-e8cd-411a-bd82-b598eebc8e3f'
2026-02-10 18:52:03.126 INFO  [ main -> org.tasktide.itemstore.mutex.strategy.ElectionStrategy.waitUntilLeader ]: Leadership verified:	'20aefd8d-c5b1-4ce4-b8f7-20fd62fba393'
2026-02-10 18:52:03.127 DEBUG [ main -> org.tasktide.itemstore.mutex.strategy.ElectionStrategy.apply ]: Active leader with Id:	'20aefd8d-c5b1-4ce4-b8f7-20fd62fba393'
2026-02-10 18:52:03.128 DEBUG [ main -> org.tasktide.itemstore.mutex.strategy.ElectionStrategy.apply ]: State set, writing mutex for:	'20aefd8d-c5b1-4ce4-b8f7-20fd62fba393'
2026-02-10 18:52:03.177 DEBUG [ main -> org.tasktide.itemstore.mutex.strategy.ElectionStrategy.apply ]: Mutex written for:	'20aefd8d-c5b1-4ce4-b8f7-20fd62fba393'
2026-02-10 18:52:03.242 INFO  [ main -> org.tasktide.itemstore.mutex.orchestrator.MutexOrchestrator.performLock ]: NFS Lock acquired for:	'20aefd8d-c5b1-4ce4-b8f7-20fd62fba393'
2026-02-10 18:52:03.244 INFO  [ main -> org.tasktide.itemstore.mutex.orchestrator.MutexOrchestrator.performLock ]: Confirming leadership:	'20aefd8d-c5b1-4ce4-b8f7-20fd62fba393'
2026-02-10 18:52:03.255 INFO  [ main -> org.tasktide.itemstore.mutex.strategy.ElectionStrategy.evaluateLeaderTtl ]: Leader passed TTL check-in:	'/mnt/c/Users/Brendan Kenna/GitHub/TaskTide/tasktide/itemstore/ItemStore-Mutex/Queue/1770749513725.127-0-1-1_50bcb54e-4907-4f90-b7d6-0c60cbea9104_52bab4c0-e442-48b4-a3fe-e1afd2aba482.lock'
2026-02-10 18:52:03.257 INFO  [ main -> org.tasktide.itemstore.mutex.strategy.ElectionStrategy.waitUntilLeader ]: Resetting predecessor:	'136df93f-5d91-4d18-a3ff-22e358ba7abd'
2026-02-10 18:52:03.382 INFO  [ main -> org.tasktide.itemstore.mutex.strategy.ElectionStrategy.evaluateLeaderTtl ]: Leader passed TTL check-in:	'/mnt/c/Users/Brendan Kenna/GitHub/TaskTide/tasktide/itemstore/ItemStore-Mutex/Queue/1770749513725.127-0-1-1_50bcb54e-4907-4f90-b7d6-0c60cbea9104_52bab4c0-e442-48b4-a3fe-e1afd2aba482.lock'
2026-02-10 18:52:03.383 INFO  [ main -> org.tasktide.itemstore.mutex.strategy.ElectionStrategy.waitUntilLeader ]: Resetting predecessor:	'50a0f249-d7fc-4005-a1d1-e88ac4cb8031'
2026-02-10 18:52:03.427 INFO  [ main -> org.tasktide.itemstore.mutex.strategy.ElectionStrategy.waitUntilLeader ]: Recasting ballot:	'a32d8a85-bfe8-4e7f-8b1f-7ea29ca727df'
2026-02-10 18:52:03.436 INFO  [ main -> org.tasktide.itemstore.mutex.strategy.ElectionStrategy.waitUntilLeader ]: Recasting ballot:	'84139ab3-ec85-4a3d-8bf5-4114599bb2c2'
2026-02-10 18:52:03.450 INFO  [ main -> org.tasktide.itemstore.mutex.strategy.ElectionStrategy.evaluateLeaderTtl ]: Leader passed TTL check-in:	'/mnt/c/Users/Brendan Kenna/GitHub/TaskTide/tasktide/itemstore/ItemStore-Mutex/Queue/1770749513725.127-0-1-1_50bcb54e-4907-4f90-b7d6-0c60cbea9104_52bab4c0-e442-48b4-a3fe-e1afd2aba482.lock'
2026-02-10 18:52:03.452 INFO  [ main -> org.tasktide.itemstore.mutex.strategy.ElectionStrategy.waitUntilLeader ]: Resetting predecessor:	'f42cea71-10b1-4a44-a74a-e91c395bd881'
2026-02-10 18:52:03.674 INFO  [ main -> org.tasktide.itemstore.mutex.strategy.ElectionStrategy.evaluateLeaderTtl ]: Leader passed TTL check-in:	'/mnt/c/Users/Brendan Kenna/GitHub/TaskTide/tasktide/itemstore/ItemStore-Mutex/Queue/1770749513725.127-0-1-1_50bcb54e-4907-4f90-b7d6-0c60cbea9104_52bab4c0-e442-48b4-a3fe-e1afd2aba482.lock'
2026-02-10 18:52:03.676 INFO  [ main -> org.tasktide.itemstore.mutex.strategy.ElectionStrategy.waitUntilLeader ]: Resetting predecessor:	'136df93f-5d91-4d18-a3ff-22e358ba7abd'
2026-02-10 18:52:03.687 INFO  [ main -> org.tasktide.itemstore.mutex.strategy.ElectionStrategy.evaluateLeaderTtl ]: Leader passed TTL check-in:	'/mnt/c/Users/Brendan Kenna/GitHub/TaskTide/tasktide/itemstore/ItemStore-Mutex/Queue/1770749513725.127-0-1-1_50bcb54e-4907-4f90-b7d6-0c60cbea9104_52bab4c0-e442-48b4-a3fe-e1afd2aba482.lock'
2026-02-10 18:52:03.687 INFO  [ main -> org.tasktide.itemstore.mutex.strategy.ElectionStrategy.waitUntilLeader ]: Resetting predecessor:	'f42cea71-10b1-4a44-a74a-e91c395bd881'
2026-02-10 18:52:03.744 INFO  [ main -> org.tasktide.itemstore.mutex.strategy.ElectionStrategy.waitUntilLeader ]: Recasting ballot:	'f255fe3b-128a-4f3a-b02e-0d9de0ef33d1'
2026-02-10 18:52:03.786 INFO  [ main -> org.tasktide.itemstore.mutex.strategy.ElectionStrategy.waitUntilLeader ]: Recasting ballot:	'50a0f249-d7fc-4005-a1d1-e88ac4cb8031'
2026-02-10 18:52:03.969 INFO  [ main -> org.tasktide.itemstore.mutex.strategy.ElectionStrategy.evaluateLeaderTtl ]: Leader passed TTL check-in:	'/mnt/c/Users/Brendan Kenna/GitHub/TaskTide/tasktide/itemstore/ItemStore-Mutex/Queue/1770749513725.127-0-1-1_50bcb54e-4907-4f90-b7d6-0c60cbea9104_52bab4c0-e442-48b4-a3fe-e1afd2aba482.lock'
2026-02-10 18:52:03.972 INFO  [ main -> org.tasktide.itemstore.mutex.strategy.ElectionStrategy.waitUntilLeader ]: Resetting predecessor:	'f42cea71-10b1-4a44-a74a-e91c395bd881'
2026-02-10 18:52:04.061 INFO  [ main -> org.tasktide.itemstore.mutex.orchestrator.MutexOrchestrator.confirmLeader ]: Leadership confirmed:	'20aefd8d-c5b1-4ce4-b8f7-20fd62fba393'
2026-02-10 18:52:04.063 INFO  [ main -> org.tasktide.itemstore.mutex.orchestrator.MutexOrchestrator.performLock ]: Leadership confirmed:	'20aefd8d-c5b1-4ce4-b8f7-20fd62fba393'
2026-02-10 18:52:04.064 INFO  [ main -> org.tasktide.itemstore.mutex.orchestrator.MutexOrchestrator.performLock ]: Waiting for FileChannel lock for:	'20aefd8d-c5b1-4ce4-b8f7-20fd62fba393'
2026-02-10 18:52:04.070 WARN  [ main -> org.tasktide.itemstore.mutex.strategy.ElectionStrategy.evaluateLeaderTtl ]: Removing below stale leader status:	'true'

'/mnt/c/Users/Brendan Kenna/GitHub/TaskTide/tasktide/itemstore/ItemStore-Mutex/Queue/1770749513725.127-0-1-1_50bcb54e-4907-4f90-b7d6-0c60cbea9104_52bab4c0-e442-48b4-a3fe-e1afd2aba482.lock'
2026-02-10 18:52:04.071 WARN  [ main -> org.tasktide.itemstore.mutex.strategy.ElectionStrategy.evaluateLeaderTtl ]: Error verifiying leader TTL:	'/mnt/c/Users/Brendan Kenna/GitHub/TaskTide/tasktide/itemstore/ItemStore-Mutex/Queue/1770749513725.127-0-1-1_50bcb54e-4907-4f90-b7d6-0c60cbea9104_52bab4c0-e442-48b4-a3fe-e1afd2aba482.lock'
'java.util.NoSuchElementException: No value present'
2026-02-10 18:52:04.199 INFO  [ main -> org.tasktide.itemstore.mutex.strategy.ElectionStrategy.evaluateLeaderTtl ]: Leader passed TTL check-in:	'/mnt/c/Users/Brendan Kenna/GitHub/TaskTide/tasktide/itemstore/ItemStore-Mutex/Queue/1770749514456.127-0-1-1_cd4295af-980c-4561-a4bf-75e37438c4a7_136df93f-5d91-4d18-a3ff-22e358ba7abd.lock'
2026-02-10 18:52:04.200 INFO  [ main -> org.tasktide.itemstore.mutex.strategy.ElectionStrategy.waitUntilLeader ]: Resetting predecessor:	'f42cea71-10b1-4a44-a74a-e91c395bd881'
2026-02-10 18:52:04.264 INFO  [ main -> org.tasktide.itemstore.mutex.strategy.ElectionStrategy.evaluateLeaderTtl ]: Leader passed TTL check-in:	'/mnt/c/Users/Brendan Kenna/GitHub/TaskTide/tasktide/itemstore/ItemStore-Mutex/Queue/1770749514456.127-0-1-1_cd4295af-980c-4561-a4bf-75e37438c4a7_136df93f-5d91-4d18-a3ff-22e358ba7abd.lock'
2026-02-10 18:52:04.266 INFO  [ main -> org.tasktide.itemstore.mutex.strategy.ElectionStrategy.waitUntilLeader ]: Resetting predecessor:	'694ad1c7-92be-43ba-961d-39ac241ca3fb'
2026-02-10 18:52:04.455 INFO  [ main -> org.tasktide.itemstore.mutex.strategy.ElectionStrategy.evaluateLeaderTtl ]: Leader passed TTL check-in:	'/mnt/c/Users/Brendan Kenna/GitHub/TaskTide/tasktide/itemstore/ItemStore-Mutex/Queue/1770749514456.127-0-1-1_cd4295af-980c-4561-a4bf-75e37438c4a7_136df93f-5d91-4d18-a3ff-22e358ba7abd.lock'
2026-02-10 18:52:04.456 INFO  [ main -> org.tasktide.itemstore.mutex.strategy.ElectionStrategy.waitUntilLeader ]: Resetting predecessor:	'f42cea71-10b1-4a44-a74a-e91c395bd881'
2026-02-10 18:52:04.479 INFO  [ main -> org.tasktide.itemstore.mutex.strategy.ElectionStrategy.waitUntilLeader ]: Leadership acquired:	'136df93f-5d91-4d18-a3ff-22e358ba7abd'
2026-02-10 18:52:04.480 INFO  [ main -> org.tasktide.itemstore.mutex.strategy.ElectionStrategy.waitUntilLeader ]: Verifying leadership:	'136df93f-5d91-4d18-a3ff-22e358ba7abd'
2026-02-10 18:52:04.490 INFO  [ main -> org.tasktide.itemstore.mutex.strategy.ElectionStrategy.evaluateLeaderTtl ]: Leader passed TTL check-in:	'/mnt/c/Users/Brendan Kenna/GitHub/TaskTide/tasktide/itemstore/ItemStore-Mutex/Queue/1770749514456.127-0-1-1_cd4295af-980c-4561-a4bf-75e37438c4a7_136df93f-5d91-4d18-a3ff-22e358ba7abd.lock'
2026-02-10 18:52:04.491 INFO  [ main -> org.tasktide.itemstore.mutex.strategy.ElectionStrategy.waitUntilLeader ]: Resetting predecessor:	'694ad1c7-92be-43ba-961d-39ac241ca3fb'
2026-02-10 18:52:04.507 INFO  [ main -> org.tasktide.itemstore.mutex.strategy.ElectionStrategy.waitUntilLeader ]: Recasting ballot:	'1ff26b6f-07dd-44aa-8f2f-f9adf3b4f0c6'
2026-02-10 18:52:04.749 INFO  [ main -> org.tasktide.itemstore.mutex.strategy.ElectionStrategy.evaluateLeaderTtl ]: Leader passed TTL check-in:	'/mnt/c/Users/Brendan Kenna/GitHub/TaskTide/tasktide/itemstore/ItemStore-Mutex/Queue/1770749514456.127-0-1-1_cd4295af-980c-4561-a4bf-75e37438c4a7_136df93f-5d91-4d18-a3ff-22e358ba7abd.lock'
2026-02-10 18:52:04.750 INFO  [ main -> org.tasktide.itemstore.mutex.strategy.ElectionStrategy.waitUntilLeader ]: Resetting predecessor:	'694ad1c7-92be-43ba-961d-39ac241ca3fb'
2026-02-10 18:52:04.816 INFO  [ main -> org.tasktide.itemstore.mutex.strategy.ElectionStrategy.waitUntilLeader ]: Leadership verified:	'136df93f-5d91-4d18-a3ff-22e358ba7abd'
2026-02-10 18:52:04.817 DEBUG [ main -> org.tasktide.itemstore.mutex.strategy.ElectionStrategy.apply ]: Active leader with Id:	'136df93f-5d91-4d18-a3ff-22e358ba7abd'
2026-02-10 18:52:04.818 DEBUG [ main -> org.tasktide.itemstore.mutex.strategy.ElectionStrategy.apply ]: State set, writing mutex for:	'136df93f-5d91-4d18-a3ff-22e358ba7abd'
2026-02-10 18:52:04.856 DEBUG [ main -> org.tasktide.itemstore.mutex.strategy.ElectionStrategy.apply ]: Mutex written for:	'136df93f-5d91-4d18-a3ff-22e358ba7abd'
2026-02-10 18:52:04.937 INFO  [ main -> org.tasktide.itemstore.mutex.orchestrator.MutexOrchestrator.performLock ]: NFS Lock acquired for:	'136df93f-5d91-4d18-a3ff-22e358ba7abd'
2026-02-10 18:52:04.939 INFO  [ main -> org.tasktide.itemstore.mutex.orchestrator.MutexOrchestrator.performLock ]: Confirming leadership:	'136df93f-5d91-4d18-a3ff-22e358ba7abd'
2026-02-10 18:52:04.967 WARN  [ main -> org.tasktide.itemstore.mutex.strategy.ElectionStrategy.evaluateLeaderTtl ]: Removing below stale leader status:	'true'

'/mnt/c/Users/Brendan Kenna/GitHub/TaskTide/tasktide/itemstore/ItemStore-Mutex/Queue/1770749514456.127-0-1-1_cd4295af-980c-4561-a4bf-75e37438c4a7_136df93f-5d91-4d18-a3ff-22e358ba7abd.lock'
2026-02-10 18:52:05.077 WARN  [ main -> org.tasktide.itemstore.mutex.strategy.ElectionStrategy.evaluateLeaderTtl ]: Removing below stale leader status:	'true'

'/mnt/c/Users/Brendan Kenna/GitHub/TaskTide/tasktide/itemstore/ItemStore-Mutex/Queue/1770749514772.127-0-1-1_319bdbaa-3b5c-4de3-ad5c-13faaa950bcc_7a396bb9-492e-40e9-b758-252bec8a071d.lock'
2026-02-10 18:52:05.248 INFO  [ main -> org.tasktide.itemstore.mutex.strategy.ElectionStrategy.evaluateLeaderTtl ]: Leader passed TTL check-in:	'/mnt/c/Users/Brendan Kenna/GitHub/TaskTide/tasktide/itemstore/ItemStore-Mutex/Queue/1770749515555.127-0-1-1_7af9c1ba-2b05-4dc6-8579-8343a6cf4d6a_adc6eb64-ce32-43c3-9746-078b21aaaa35.lock'
2026-02-10 18:52:05.250 INFO  [ main -> org.tasktide.itemstore.mutex.strategy.ElectionStrategy.waitUntilLeader ]: Resetting predecessor:	'a20cf284-c339-4fae-a6e3-79b8ad393434'
2026-02-10 18:52:05.313 DEBUG [ main -> org.tasktide.itemstore.mutex.orchestrator.MutexOrchestrator.cleanUp ]: Cleaning up lock file:	'136df93f-5d91-4d18-a3ff-22e358ba7abd'
2026-02-10 18:52:05.317 INFO  [ main -> org.tasktide.itemstore.mutex.orchestrator.MutexOrchestrator.performLock ]: File Channel Lock acquired for:	'20aefd8d-c5b1-4ce4-b8f7-20fd62fba393'
2026-02-10 18:52:05.318 WARN  [ main -> org.tasktide.itemstore.FileUtility.dropFile ]: Warning provided path does not exist, unable to delete:
'/mnt/c/Users/Brendan Kenna/GitHub/TaskTide/tasktide/itemstore/ItemStore-Mutex/lock-file.lock'

2026-02-10 18:52:05.321 INFO  [ main -> org.tasktide.itemstore.mutex.orchestrator.MutexOrchestrator.performLock ]: Lock successful for:	'20aefd8d-c5b1-4ce4-b8f7-20fd62fba393'
2026-02-10 18:52:05.323 WARN  [ main -> org.tasktide.itemstore.FileUtility.dropFile ]: Warning could not delete target file, displaying error:	'/mnt/c/Users/Brendan Kenna/GitHub/TaskTide/tasktide/itemstore/ItemStore-Mutex/lock-file.lock'
java.nio.file.NoSuchFileException: /mnt/c/Users/Brendan Kenna/GitHub/TaskTide/tasktide/itemstore/ItemStore-Mutex/lock-file.lock
	at sun.nio.fs.UnixException.translateToIOException(UnixException.java:92) ~[?:?]
	at sun.nio.fs.UnixException.rethrowAsIOException(UnixException.java:106) ~[?:?]
	at sun.nio.fs.UnixException.rethrowAsIOException(UnixException.java:111) ~[?:?]
	at sun.nio.fs.UnixFileSystemProvider.implDelete(UnixFileSystemProvider.java:248) ~[?:?]
	at sun.nio.fs.AbstractFileSystemProvider.delete(AbstractFileSystemProvider.java:105) ~[?:?]
	at java.nio.file.Files.delete(Files.java:1152) ~[?:?]
	at org.tasktide.itemstore.FileUtility.dropFile(FileUtility.java:132) [main/:?]
	at org.tasktide.itemstore.mutex.orchestrator.MutexOrchestrator.cleanUp(MutexOrchestrator.java:387) [main/:?]
	at org.tasktide.itemstore.mutex.orchestrator.MutexOrchestrator.performLock(MutexOrchestrator.java:219) [main/:?]
	at org.tasktide.itemstore.mutex.orchestrator.MutexOrchestrator.acquireLock(MutexOrchestrator.java:135) [main/:?]
	at org.tasktide.itemstore.mutex.orchestrator.MutexOrchestrator.tryAcquireUntilSuccess(MutexOrchestrator.java:154) [main/:?]
	at org.tasktide.itemstore.mutex.LockActionReleaseApp.main(LockActionReleaseApp.java:95) [test/:?]
2026-02-10 18:52:05.325 DEBUG [ main -> org.tasktide.itemstore.mutex.orchestrator.MutexOrchestrator.cleanUp ]: Cleaning up host file:	'136df93f-5d91-4d18-a3ff-22e358ba7abd'
2026-02-10 18:52:05.327 WARN  [ main -> org.tasktide.itemstore.FileUtility.dropFile ]: Warning provided path does not exist, unable to delete:
'/mnt/c/Users/Brendan Kenna/GitHub/TaskTide/tasktide/itemstore/ItemStore-Mutex/Host-Lock/1770749514456.127-0-1-1_cd4295af-980c-4561-a4bf-75e37438c4a7.lock'

2026-02-10 18:52:05.330 WARN  [ main -> org.tasktide.itemstore.FileUtility.dropFile ]: Warning could not delete target file, displaying error:	'/mnt/c/Users/Brendan Kenna/GitHub/TaskTide/tasktide/itemstore/ItemStore-Mutex/Host-Lock/1770749514456.127-0-1-1_cd4295af-980c-4561-a4bf-75e37438c4a7.lock'
java.nio.file.NoSuchFileException: /mnt/c/Users/Brendan Kenna/GitHub/TaskTide/tasktide/itemstore/ItemStore-Mutex/Host-Lock/1770749514456.127-0-1-1_cd4295af-980c-4561-a4bf-75e37438c4a7.lock
	at sun.nio.fs.UnixException.translateToIOException(UnixException.java:92) ~[?:?]
	at sun.nio.fs.UnixException.rethrowAsIOException(UnixException.java:106) ~[?:?]
	at sun.nio.fs.UnixException.rethrowAsIOException(UnixException.java:111) ~[?:?]
	at sun.nio.fs.UnixFileSystemProvider.implDelete(UnixFileSystemProvider.java:248) ~[?:?]
	at sun.nio.fs.AbstractFileSystemProvider.delete(AbstractFileSystemProvider.java:105) ~[?:?]
	at java.nio.file.Files.delete(Files.java:1152) ~[?:?]
	at org.tasktide.itemstore.FileUtility.dropFile(FileUtility.java:132) [main/:?]
	at org.tasktide.itemstore.mutex.orchestrator.MutexOrchestrator.cleanUp(MutexOrchestrator.java:392) [main/:?]
	at org.tasktide.itemstore.mutex.orchestrator.MutexOrchestrator.performLock(MutexOrchestrator.java:219) [main/:?]
	at org.tasktide.itemstore.mutex.orchestrator.MutexOrchestrator.acquireLock(MutexOrchestrator.java:135) [main/:?]
	at org.tasktide.itemstore.mutex.orchestrator.MutexOrchestrator.tryAcquireUntilSuccess(MutexOrchestrator.java:154) [main/:?]
	at org.tasktide.itemstore.mutex.LockActionReleaseApp.main(LockActionReleaseApp.java:95) [test/:?]
2026-02-10 18:52:05.332 DEBUG [ main -> org.tasktide.itemstore.mutex.orchestrator.MutexOrchestrator.cleanUp ]: Cleaning up confirm ballot file:	'136df93f-5d91-4d18-a3ff-22e358ba7abd'
2026-02-10 18:52:05.335 WARN  [ main -> org.tasktide.itemstore.FileUtility.dropFile ]: Warning provided paths is null, unable to delete:
'null'

2026-02-10 18:52:05.338 DEBUG [ main -> org.tasktide.itemstore.mutex.orchestrator.MutexOrchestrator.cleanUp ]: Cleaning up election file:	'136df93f-5d91-4d18-a3ff-22e358ba7abd'
2026-02-10 18:52:05.343 WARN  [ main -> org.tasktide.itemstore.FileUtility.dropFile ]: Warning provided path does not exist, unable to delete:
'/mnt/c/Users/Brendan Kenna/GitHub/TaskTide/tasktide/itemstore/ItemStore-Mutex/Queue/1770749514456.127-0-1-1_cd4295af-980c-4561-a4bf-75e37438c4a7_136df93f-5d91-4d18-a3ff-22e358ba7abd.lock'

2026-02-10 18:52:05.345 INFO  [ main -> org.tasktide.itemstore.mutex.strategy.ElectionStrategy.evaluateLeaderTtl ]: Leader passed TTL check-in:	'/mnt/c/Users/Brendan Kenna/GitHub/TaskTide/tasktide/itemstore/ItemStore-Mutex/Queue/1770749515555.127-0-1-1_7af9c1ba-2b05-4dc6-8579-8343a6cf4d6a_adc6eb64-ce32-43c3-9746-078b21aaaa35.lock'
2026-02-10 18:52:05.349 INFO  [ main -> org.tasktide.itemstore.mutex.strategy.ElectionStrategy.waitUntilLeader ]: Resetting predecessor:	'694ad1c7-92be-43ba-961d-39ac241ca3fb'
2026-02-10 18:52:05.349 WARN  [ main -> org.tasktide.itemstore.FileUtility.dropFile ]: Warning could not delete target file, displaying error:	'/mnt/c/Users/Brendan Kenna/GitHub/TaskTide/tasktide/itemstore/ItemStore-Mutex/Queue/1770749514456.127-0-1-1_cd4295af-980c-4561-a4bf-75e37438c4a7_136df93f-5d91-4d18-a3ff-22e358ba7abd.lock'
java.nio.file.NoSuchFileException: /mnt/c/Users/Brendan Kenna/GitHub/TaskTide/tasktide/itemstore/ItemStore-Mutex/Queue/1770749514456.127-0-1-1_cd4295af-980c-4561-a4bf-75e37438c4a7_136df93f-5d91-4d18-a3ff-22e358ba7abd.lock
	at sun.nio.fs.UnixException.translateToIOException(UnixException.java:92) ~[?:?]
	at sun.nio.fs.UnixException.rethrowAsIOException(UnixException.java:106) ~[?:?]
	at sun.nio.fs.UnixException.rethrowAsIOException(UnixException.java:111) ~[?:?]
	at sun.nio.fs.UnixFileSystemProvider.implDelete(UnixFileSystemProvider.java:248) ~[?:?]
	at sun.nio.fs.AbstractFileSystemProvider.delete(AbstractFileSystemProvider.java:105) ~[?:?]
	at java.nio.file.Files.delete(Files.java:1152) ~[?:?]
	at org.tasktide.itemstore.FileUtility.dropFile(FileUtility.java:132) [main/:?]
	at org.tasktide.itemstore.mutex.orchestrator.MutexOrchestrator.cleanUp(MutexOrchestrator.java:402) [main/:?]
	at org.tasktide.itemstore.mutex.orchestrator.MutexOrchestrator.performLock(MutexOrchestrator.java:219) [main/:?]
	at org.tasktide.itemstore.mutex.orchestrator.MutexOrchestrator.acquireLock(MutexOrchestrator.java:135) [main/:?]
	at org.tasktide.itemstore.mutex.orchestrator.MutexOrchestrator.tryAcquireUntilSuccess(MutexOrchestrator.java:154) [main/:?]
	at org.tasktide.itemstore.mutex.LockActionReleaseApp.main(LockActionReleaseApp.java:95) [test/:?]
2026-02-10 18:52:05.353 WARN  [ main -> org.tasktide.itemstore.mutex.orchestrator.MutexOrchestrator.tryAcquireUntilSuccess ]: Process-949 Attempt 1 failed: LEADERSHIP_CONFIRMATION_FAILED | Exception: Unable to read elected leader:	136df93f-5d91-4d18-a3ff-22e358ba7abd
2026-02-10 18:52:05.451 WARN  [ main -> org.tasktide.itemstore.mutex.utils.MutexFilesUtils.clearStaleLeader ]: Unable to clear provided leader, perhaps cleared elsewhere:	'/mnt/c/Users/Brendan Kenna/GitHub/TaskTide/tasktide/itemstore/ItemStore-Mutex/Queue/1770749514456.127-0-1-1_cd4295af-980c-4561-a4bf-75e37438c4a7_136df93f-5d91-4d18-a3ff-22e358ba7abd.lock'
2026-02-10 18:52:05.452 WARN  [ main -> org.tasktide.itemstore.mutex.strategy.ElectionStrategy.evaluateLeaderTtl ]: Removing below stale leader status:	'false'

'/mnt/c/Users/Brendan Kenna/GitHub/TaskTide/tasktide/itemstore/ItemStore-Mutex/Queue/1770749514456.127-0-1-1_cd4295af-980c-4561-a4bf-75e37438c4a7_136df93f-5d91-4d18-a3ff-22e358ba7abd.lock'
2026-02-10 18:52:05.521 INFO  [ main -> org.tasktide.itemstore.mutex.strategy.ElectionStrategy.waitUntilLeader ]: Recasting ballot:	'bdb525bd-18ed-409f-928d-5adc4bd9a4dc'
2026-02-10 18:52:05.626 INFO  [ main -> org.tasktide.itemstore.mutex.strategy.ElectionStrategy.evaluateLeaderTtl ]: Leader passed TTL check-in:	'/mnt/c/Users/Brendan Kenna/GitHub/TaskTide/tasktide/itemstore/ItemStore-Mutex/Queue/1770749515555.127-0-1-1_7af9c1ba-2b05-4dc6-8579-8343a6cf4d6a_adc6eb64-ce32-43c3-9746-078b21aaaa35.lock'
2026-02-10 18:52:05.629 INFO  [ main -> org.tasktide.itemstore.mutex.strategy.ElectionStrategy.waitUntilLeader ]: Resetting predecessor:	'694ad1c7-92be-43ba-961d-39ac241ca3fb'
2026-02-10 18:52:05.647 INFO  [ main -> org.tasktide.itemstore.mutex.strategy.ElectionStrategy.evaluateLeaderTtl ]: Leader passed TTL check-in:	'/mnt/c/Users/Brendan Kenna/GitHub/TaskTide/tasktide/itemstore/ItemStore-Mutex/Queue/1770749515555.127-0-1-1_7af9c1ba-2b05-4dc6-8579-8343a6cf4d6a_adc6eb64-ce32-43c3-9746-078b21aaaa35.lock'
2026-02-10 18:52:05.651 INFO  [ main -> org.tasktide.itemstore.mutex.strategy.ElectionStrategy.waitUntilLeader ]: Resetting predecessor:	'a20cf284-c339-4fae-a6e3-79b8ad393434'
2026-02-10 18:52:05.703 INFO  [ main -> org.tasktide.itemstore.mutex.strategy.ElectionStrategy.waitUntilLeader ]: Leadership acquired:	'483588d0-7fe9-4775-bce7-6891cd0f7f9f'
2026-02-10 18:52:05.704 INFO  [ main -> org.tasktide.itemstore.mutex.strategy.ElectionStrategy.waitUntilLeader ]: Verifying leadership:	'483588d0-7fe9-4775-bce7-6891cd0f7f9f'
2026-02-10 18:52:05.794 INFO  [ main -> org.tasktide.itemstore.mutex.orchestrator.MutexOrchestrator.tryAcquireUntilSuccess ]: Process-992 Completed with counter value:	'0'
2026-02-10 18:52:05.795 INFO  [ main -> org.tasktide.itemstore.mutex.orchestrator.MutexOrchestrator.tryAcquireUntilSuccess ]: Process-992 Loop terminating with done = 'true', and counter = '0'
2026-02-10 18:52:05.801 INFO  [ main -> org.tasktide.itemstore.mutex.strategy.ElectionStrategy.waitUntilLeader ]: Recasting ballot:	'2b48f459-5f82-40fe-924d-12921c893fe4'
2026-02-10 18:52:05.803 INFO  [ main -> org.tasktide.itemstore.mutex.LockActionReleaseApp.main ]: APP-Writing '3' to data file:	'/mnt/c/Users/Brendan Kenna/GitHub/TaskTide/tasktide/itemstore/ItemStore-Mutex/multi-process.txt'
2026-02-10 18:52:05.807 INFO  [ main -> org.tasktide.itemstore.mutex.LockActionReleaseApp.main ]: APP-Record written, releasing lock
2026-02-10 18:52:05.808 INFO  [ main -> org.tasktide.itemstore.mutex.orchestrator.MutexOrchestrator.releaseLock ]: Releasing active lock
2026-02-10 18:52:05.809 INFO  [ main -> org.tasktide.itemstore.mutex.orchestrator.MutexOrchestrator.releaseActiveLock ]: Releasing FileChannel mutex
2026-02-10 18:52:05.859 WARN  [ main -> org.tasktide.itemstore.mutex.strategy.ElectionStrategy.evaluateLeaderTtl ]: Removing below stale leader status:	'true'

'/mnt/c/Users/Brendan Kenna/GitHub/TaskTide/tasktide/itemstore/ItemStore-Mutex/Queue/1770749515555.127-0-1-1_7af9c1ba-2b05-4dc6-8579-8343a6cf4d6a_adc6eb64-ce32-43c3-9746-078b21aaaa35.lock'
2026-02-10 18:52:05.990 WARN  [ main -> org.tasktide.itemstore.mutex.strategy.ElectionStrategy.waitUntilLeader ]: Unable to verifiy leadership:	'483588d0-7fe9-4775-bce7-6891cd0f7f9f'
2026-02-10 18:52:06.048 WARN  [ main -> org.tasktide.itemstore.mutex.utils.MutexFilesUtils.clearStaleLeader ]: Unable to clear provided leader, perhaps cleared elsewhere:	'/mnt/c/Users/Brendan Kenna/GitHub/TaskTide/tasktide/itemstore/ItemStore-Mutex/Queue/1770749515555.127-0-1-1_7af9c1ba-2b05-4dc6-8579-8343a6cf4d6a_adc6eb64-ce32-43c3-9746-078b21aaaa35.lock'
2026-02-10 18:52:06.049 WARN  [ main -> org.tasktide.itemstore.mutex.strategy.ElectionStrategy.evaluateLeaderTtl ]: Removing below stale leader status:	'false'

'/mnt/c/Users/Brendan Kenna/GitHub/TaskTide/tasktide/itemstore/ItemStore-Mutex/Queue/1770749515555.127-0-1-1_7af9c1ba-2b05-4dc6-8579-8343a6cf4d6a_adc6eb64-ce32-43c3-9746-078b21aaaa35.lock'
2026-02-10 18:52:06.053 INFO  [ main -> org.tasktide.itemstore.mutex.strategy.ElectionStrategy.evaluateLeaderTtl ]: Leader passed TTL check-in:	'/mnt/c/Users/Brendan Kenna/GitHub/TaskTide/tasktide/itemstore/ItemStore-Mutex/Queue/1770749516365.127-0-1-1_fff8708e-50e1-4078-96a0-683768a220f7_b8ab0d05-0f71-4529-ad9f-83e9cc4c137b.lock'
2026-02-10 18:52:06.055 INFO  [ main -> org.tasktide.itemstore.mutex.strategy.ElectionStrategy.waitUntilLeader ]: Resetting predecessor:	'1ece435f-517d-42ef-962e-434d0b95bf5b'
2026-02-10 18:52:06.063 INFO  [ main -> org.tasktide.itemstore.mutex.strategy.ElectionStrategy.waitUntilLeader ]: Leadership acquired:	'694ad1c7-92be-43ba-961d-39ac241ca3fb'
2026-02-10 18:52:06.065 INFO  [ main -> org.tasktide.itemstore.mutex.strategy.ElectionStrategy.waitUntilLeader ]: Verifying leadership:	'694ad1c7-92be-43ba-961d-39ac241ca3fb'
2026-02-10 18:52:06.122 INFO  [ main -> org.tasktide.itemstore.mutex.strategy.ElectionStrategy.evaluateLeaderTtl ]: Leader passed TTL check-in:	'/mnt/c/Users/Brendan Kenna/GitHub/TaskTide/tasktide/itemstore/ItemStore-Mutex/Queue/1770749516365.127-0-1-1_fff8708e-50e1-4078-96a0-683768a220f7_b8ab0d05-0f71-4529-ad9f-83e9cc4c137b.lock'
2026-02-10 18:52:06.123 INFO  [ main -> org.tasktide.itemstore.mutex.strategy.ElectionStrategy.waitUntilLeader ]: Resetting predecessor:	'a20cf284-c339-4fae-a6e3-79b8ad393434'
2026-02-10 18:52:06.157 INFO  [ main -> org.tasktide.itemstore.mutex.orchestrator.MutexOrchestrator.performLock ]: Waiting for NFS lock for:	'90946a93-1b57-4c35-958b-5e7ac3394563'
2026-02-10 18:52:06.175 INFO  [ main -> org.tasktide.itemstore.mutex.orchestrator.MutexOrchestrator.releaseActiveLock ]: Releasing NFS mutex:
'{
    "Election File": "/mnt/c/Users/Brendan Kenna/GitHub/TaskTide/tasktide/itemstore/ItemStore-Mutex/Queue/1770749513725.127-0-1-1_50bcb54e-4907-4f90-b7d6-0c60cbea9104_52bab4c0-e442-48b4-a3fe-e1afd2aba482.lock",
    "End Jitter": "PT0.451S",
    "Host File": "/mnt/c/Users/Brendan Kenna/GitHub/TaskTide/tasktide/itemstore/ItemStore-Mutex/Host-Lock/1770749502406.127-0-1-1_50bcb54e-4907-4f90-b7d6-0c60cbea9104.lock",
    "Id": "20aefd8d-c5b1-4ce4-b8f7-20fd62fba393",
    "Lock Dir": "/mnt/c/Users/Brendan Kenna/GitHub/TaskTide/tasktide/itemstore/ItemStore-Mutex",
    "Lock File": "/mnt/c/Users/Brendan Kenna/GitHub/TaskTide/tasktide/itemstore/ItemStore-Mutex/lock-file.lock",
    "Mutex State": "LOCKED",
    "Retry Interval": "PT0.03S",
    "Stale File Threshold": "PT10S",
    "Start Jitter": "PT0.266S",
    "Timestamp": 1770749513725
}'
2026-02-10 18:52:06.182 INFO  [ main -> org.tasktide.itemstore.mutex.LockActionReleaseApp.main ]: APP-Lock released, test complete
2026-02-10 18:52:06.293 INFO  [ main -> org.tasktide.itemstore.mutex.strategy.ElectionStrategy.evaluateLeaderTtl ]: Leader passed TTL check-in:	'/mnt/c/Users/Brendan Kenna/GitHub/TaskTide/tasktide/itemstore/ItemStore-Mutex/Queue/1770749516365.127-0-1-1_fff8708e-50e1-4078-96a0-683768a220f7_b8ab0d05-0f71-4529-ad9f-83e9cc4c137b.lock'
2026-02-10 18:52:06.294 INFO  [ main -> org.tasktide.itemstore.mutex.strategy.ElectionStrategy.waitUntilLeader ]: Resetting predecessor:	'2b34fea0-c417-407a-ae33-92410cbab48a'
2026-02-10 18:52:06.296 INFO  [ main -> org.tasktide.itemstore.mutex.strategy.ElectionStrategy.waitUntilLeader ]: Leadership verified:	'694ad1c7-92be-43ba-961d-39ac241ca3fb'
2026-02-10 18:52:06.297 DEBUG [ main -> org.tasktide.itemstore.mutex.strategy.ElectionStrategy.apply ]: Active leader with Id:	'694ad1c7-92be-43ba-961d-39ac241ca3fb'
2026-02-10 18:52:06.299 DEBUG [ main -> org.tasktide.itemstore.mutex.strategy.ElectionStrategy.apply ]: State set, writing mutex for:	'694ad1c7-92be-43ba-961d-39ac241ca3fb'
2026-02-10 18:52:06.303 INFO  [ main -> org.tasktide.itemstore.mutex.strategy.ElectionStrategy.waitUntilLeader ]: Recasting ballot:	'44233a07-c44c-41ae-8a58-29576b692209'
2026-02-10 18:52:06.352 DEBUG [ main -> org.tasktide.itemstore.mutex.strategy.ElectionStrategy.apply ]: Mutex written for:	'694ad1c7-92be-43ba-961d-39ac241ca3fb'
2026-02-10 18:52:06.406 INFO  [ main -> org.tasktide.itemstore.mutex.orchestrator.MutexOrchestrator.performLock ]: NFS Lock acquired for:	'694ad1c7-92be-43ba-961d-39ac241ca3fb'
2026-02-10 18:52:06.407 INFO  [ main -> org.tasktide.itemstore.mutex.orchestrator.MutexOrchestrator.performLock ]: Confirming leadership:	'694ad1c7-92be-43ba-961d-39ac241ca3fb'
2026-02-10 18:52:06.476 INFO  [ main -> org.tasktide.itemstore.mutex.strategy.ElectionStrategy.evaluateLeaderTtl ]: Leader passed TTL check-in:	'/mnt/c/Users/Brendan Kenna/GitHub/TaskTide/tasktide/itemstore/ItemStore-Mutex/Queue/1770749516365.127-0-1-1_fff8708e-50e1-4078-96a0-683768a220f7_b8ab0d05-0f71-4529-ad9f-83e9cc4c137b.lock'
2026-02-10 18:52:06.478 INFO  [ main -> org.tasktide.itemstore.mutex.strategy.ElectionStrategy.waitUntilLeader ]: Resetting predecessor:	'1ece435f-517d-42ef-962e-434d0b95bf5b'
2026-02-10 18:52:06.499 INFO  [ main -> org.tasktide.itemstore.mutex.strategy.ElectionStrategy.waitUntilLeader ]: Recasting ballot:	'10adb96e-4ae0-455c-b13f-f0612a4ebee3'
2026-02-10 18:52:06.518 DEBUG [ main -> org.tasktide.itemstore.mutex.strategy.ElectionStrategy.initMutex ]: Initializing mutex:	'90946a93-1b57-4c35-958b-5e7ac3394563'
2026-02-10 18:52:06.580 DEBUG [ main -> org.tasktide.itemstore.mutex.strategy.ElectionStrategy.initMutex ]: Mutex initialized, inferring queue position
2026-02-10 18:52:06.585 WARN  [ main -> org.tasktide.itemstore.mutex.strategy.ElectionStrategy.initMutex ]: No election files detected
2026-02-10 18:52:06.611 WARN  [ main -> org.tasktide.itemstore.mutex.strategy.ElectionStrategy.evaluateLeaderTtl ]: Removing below stale leader status:	'true'

'/mnt/c/Users/Brendan Kenna/GitHub/TaskTide/tasktide/itemstore/ItemStore-Mutex/Queue/1770749516365.127-0-1-1_fff8708e-50e1-4078-96a0-683768a220f7_b8ab0d05-0f71-4529-ad9f-83e9cc4c137b.lock'
2026-02-10 18:52:06.614 WARN  [ main -> org.tasktide.itemstore.mutex.utils.MutexFilesUtils.clearStaleLeader ]: Unable to clear provided leader, perhaps cleared elsewhere:	'/mnt/c/Users/Brendan Kenna/GitHub/TaskTide/tasktide/itemstore/ItemStore-Mutex/Queue/1770749516365.127-0-1-1_fff8708e-50e1-4078-96a0-683768a220f7_b8ab0d05-0f71-4529-ad9f-83e9cc4c137b.lock'
2026-02-10 18:52:06.615 WARN  [ main -> org.tasktide.itemstore.mutex.strategy.ElectionStrategy.evaluateLeaderTtl ]: Removing below stale leader status:	'false'

'/mnt/c/Users/Brendan Kenna/GitHub/TaskTide/tasktide/itemstore/ItemStore-Mutex/Queue/1770749516365.127-0-1-1_fff8708e-50e1-4078-96a0-683768a220f7_b8ab0d05-0f71-4529-ad9f-83e9cc4c137b.lock'
2026-02-10 18:52:06.661 DEBUG [ main -> org.tasktide.itemstore.mutex.orchestrator.MutexOrchestrator.cleanUp ]: Cleaning up lock file:	'694ad1c7-92be-43ba-961d-39ac241ca3fb'
2026-02-10 18:52:06.663 WARN  [ main -> org.tasktide.itemstore.FileUtility.dropFile ]: Warning provided path does not exist, unable to delete:
'/mnt/c/Users/Brendan Kenna/GitHub/TaskTide/tasktide/itemstore/ItemStore-Mutex/lock-file.lock'

2026-02-10 18:52:06.693 INFO  [ main -> org.tasktide.itemstore.mutex.strategy.ElectionStrategy.evaluateLeaderTtl ]: Leader passed TTL check-in:	'/mnt/c/Users/Brendan Kenna/GitHub/TaskTide/tasktide/itemstore/ItemStore-Mutex/Queue/1770749516787.127-0-1-1_a01a59fe-62f8-445e-ae31-76f4c296d4ed_7f01d4ab-f87a-4b1c-a63b-c638c5f7a7cf.lock'
2026-02-10 18:52:06.695 INFO  [ main -> org.tasktide.itemstore.mutex.strategy.ElectionStrategy.waitUntilLeader ]: Resetting predecessor:	'f9528b85-05b1-4429-9f3c-e3553b6f285d'
2026-02-10 18:52:06.665 WARN  [ main -> org.tasktide.itemstore.FileUtility.dropFile ]: Warning could not delete target file, displaying error:	'/mnt/c/Users/Brendan Kenna/GitHub/TaskTide/tasktide/itemstore/ItemStore-Mutex/lock-file.lock'
java.nio.file.NoSuchFileException: /mnt/c/Users/Brendan Kenna/GitHub/TaskTide/tasktide/itemstore/ItemStore-Mutex/lock-file.lock
	at sun.nio.fs.UnixException.translateToIOException(UnixException.java:92) ~[?:?]
	at sun.nio.fs.UnixException.rethrowAsIOException(UnixException.java:106) ~[?:?]
	at sun.nio.fs.UnixException.rethrowAsIOException(UnixException.java:111) ~[?:?]
	at sun.nio.fs.UnixFileSystemProvider.implDelete(UnixFileSystemProvider.java:248) ~[?:?]
	at sun.nio.fs.AbstractFileSystemProvider.delete(AbstractFileSystemProvider.java:105) ~[?:?]
	at java.nio.file.Files.delete(Files.java:1152) ~[?:?]
	at org.tasktide.itemstore.FileUtility.dropFile(FileUtility.java:132) [main/:?]
	at org.tasktide.itemstore.mutex.orchestrator.MutexOrchestrator.cleanUp(MutexOrchestrator.java:387) [main/:?]
	at org.tasktide.itemstore.mutex.orchestrator.MutexOrchestrator.performLock(MutexOrchestrator.java:219) [main/:?]
	at org.tasktide.itemstore.mutex.orchestrator.MutexOrchestrator.acquireLock(MutexOrchestrator.java:135) [main/:?]
	at org.tasktide.itemstore.mutex.orchestrator.MutexOrchestrator.tryAcquireUntilSuccess(MutexOrchestrator.java:154) [main/:?]
	at org.tasktide.itemstore.mutex.LockActionReleaseApp.main(LockActionReleaseApp.java:95) [test/:?]
2026-02-10 18:52:06.831 DEBUG [ main -> org.tasktide.itemstore.mutex.orchestrator.MutexOrchestrator.cleanUp ]: Cleaning up host file:	'694ad1c7-92be-43ba-961d-39ac241ca3fb'
2026-02-10 18:52:06.835 WARN  [ main -> org.tasktide.itemstore.FileUtility.dropFile ]: Warning provided path does not exist, unable to delete:
'/mnt/c/Users/Brendan Kenna/GitHub/TaskTide/tasktide/itemstore/ItemStore-Mutex/Host-Lock/1770749502129.127-0-1-1_fff8708e-50e1-4078-96a0-683768a220f7.lock'

2026-02-10 18:52:06.839 WARN  [ main -> org.tasktide.itemstore.FileUtility.dropFile ]: Warning could not delete target file, displaying error:	'/mnt/c/Users/Brendan Kenna/GitHub/TaskTide/tasktide/itemstore/ItemStore-Mutex/Host-Lock/1770749502129.127-0-1-1_fff8708e-50e1-4078-96a0-683768a220f7.lock'
java.nio.file.NoSuchFileException: /mnt/c/Users/Brendan Kenna/GitHub/TaskTide/tasktide/itemstore/ItemStore-Mutex/Host-Lock/1770749502129.127-0-1-1_fff8708e-50e1-4078-96a0-683768a220f7.lock
	at sun.nio.fs.UnixException.translateToIOException(UnixException.java:92) ~[?:?]
	at sun.nio.fs.UnixException.rethrowAsIOException(UnixException.java:106) ~[?:?]
	at sun.nio.fs.UnixException.rethrowAsIOException(UnixException.java:111) ~[?:?]
	at sun.nio.fs.UnixFileSystemProvider.implDelete(UnixFileSystemProvider.java:248) ~[?:?]
	at sun.nio.fs.AbstractFileSystemProvider.delete(AbstractFileSystemProvider.java:105) ~[?:?]
	at java.nio.file.Files.delete(Files.java:1152) ~[?:?]
	at org.tasktide.itemstore.FileUtility.dropFile(FileUtility.java:132) [main/:?]
	at org.tasktide.itemstore.mutex.orchestrator.MutexOrchestrator.cleanUp(MutexOrchestrator.java:392) [main/:?]
	at org.tasktide.itemstore.mutex.orchestrator.MutexOrchestrator.performLock(MutexOrchestrator.java:219) [main/:?]
	at org.tasktide.itemstore.mutex.orchestrator.MutexOrchestrator.acquireLock(MutexOrchestrator.java:135) [main/:?]
	at org.tasktide.itemstore.mutex.orchestrator.MutexOrchestrator.tryAcquireUntilSuccess(MutexOrchestrator.java:154) [main/:?]
	at org.tasktide.itemstore.mutex.LockActionReleaseApp.main(LockActionReleaseApp.java:95) [test/:?]
2026-02-10 18:52:06.840 INFO  [ main -> org.tasktide.itemstore.mutex.strategy.ElectionStrategy.waitUntilLeader ]: Leadership acquired:	'2b34fea0-c417-407a-ae33-92410cbab48a'
2026-02-10 18:52:06.841 DEBUG [ main -> org.tasktide.itemstore.mutex.orchestrator.MutexOrchestrator.cleanUp ]: Cleaning up confirm ballot file:	'694ad1c7-92be-43ba-961d-39ac241ca3fb'
2026-02-10 18:52:06.843 INFO  [ main -> org.tasktide.itemstore.mutex.strategy.ElectionStrategy.waitUntilLeader ]: Verifying leadership:	'2b34fea0-c417-407a-ae33-92410cbab48a'
2026-02-10 18:52:06.843 WARN  [ main -> org.tasktide.itemstore.FileUtility.dropFile ]: Warning provided paths is null, unable to delete:
'null'

2026-02-10 18:52:06.845 DEBUG [ main -> org.tasktide.itemstore.mutex.orchestrator.MutexOrchestrator.cleanUp ]: Cleaning up election file:	'694ad1c7-92be-43ba-961d-39ac241ca3fb'
2026-02-10 18:52:06.847 WARN  [ main -> org.tasktide.itemstore.FileUtility.dropFile ]: Warning provided path does not exist, unable to delete:
'/mnt/c/Users/Brendan Kenna/GitHub/TaskTide/tasktide/itemstore/ItemStore-Mutex/Queue/1770749516365.127-0-1-1_fff8708e-50e1-4078-96a0-683768a220f7_b8ab0d05-0f71-4529-ad9f-83e9cc4c137b.lock'

2026-02-10 18:52:06.848 WARN  [ main -> org.tasktide.itemstore.FileUtility.dropFile ]: Warning could not delete target file, displaying error:	'/mnt/c/Users/Brendan Kenna/GitHub/TaskTide/tasktide/itemstore/ItemStore-Mutex/Queue/1770749516365.127-0-1-1_fff8708e-50e1-4078-96a0-683768a220f7_b8ab0d05-0f71-4529-ad9f-83e9cc4c137b.lock'
java.nio.file.NoSuchFileException: /mnt/c/Users/Brendan Kenna/GitHub/TaskTide/tasktide/itemstore/ItemStore-Mutex/Queue/1770749516365.127-0-1-1_fff8708e-50e1-4078-96a0-683768a220f7_b8ab0d05-0f71-4529-ad9f-83e9cc4c137b.lock
	at sun.nio.fs.UnixException.translateToIOException(UnixException.java:92) ~[?:?]
	at sun.nio.fs.UnixException.rethrowAsIOException(UnixException.java:106) ~[?:?]
	at sun.nio.fs.UnixException.rethrowAsIOException(UnixException.java:111) ~[?:?]
	at sun.nio.fs.UnixFileSystemProvider.implDelete(UnixFileSystemProvider.java:248) ~[?:?]
	at sun.nio.fs.AbstractFileSystemProvider.delete(AbstractFileSystemProvider.java:105) ~[?:?]
	at java.nio.file.Files.delete(Files.java:1152) ~[?:?]
	at org.tasktide.itemstore.FileUtility.dropFile(FileUtility.java:132) [main/:?]
	at org.tasktide.itemstore.mutex.orchestrator.MutexOrchestrator.cleanUp(MutexOrchestrator.java:402) [main/:?]
	at org.tasktide.itemstore.mutex.orchestrator.MutexOrchestrator.performLock(MutexOrchestrator.java:219) [main/:?]
	at org.tasktide.itemstore.mutex.orchestrator.MutexOrchestrator.acquireLock(MutexOrchestrator.java:135) [main/:?]
	at org.tasktide.itemstore.mutex.orchestrator.MutexOrchestrator.tryAcquireUntilSuccess(MutexOrchestrator.java:154) [main/:?]
	at org.tasktide.itemstore.mutex.LockActionReleaseApp.main(LockActionReleaseApp.java:95) [test/:?]
2026-02-10 18:52:06.870 INFO  [ main -> org.tasktide.itemstore.mutex.strategy.ElectionStrategy.evaluateLeaderTtl ]: Leader passed TTL check-in:	'/mnt/c/Users/Brendan Kenna/GitHub/TaskTide/tasktide/itemstore/ItemStore-Mutex/Queue/1770749516787.127-0-1-1_a01a59fe-62f8-445e-ae31-76f4c296d4ed_7f01d4ab-f87a-4b1c-a63b-c638c5f7a7cf.lock'
2026-02-10 18:52:06.871 INFO  [ main -> org.tasktide.itemstore.mutex.strategy.ElectionStrategy.waitUntilLeader ]: Resetting predecessor:	'1ece435f-517d-42ef-962e-434d0b95bf5b'
2026-02-10 18:52:07.070 INFO  [ main -> org.tasktide.itemstore.mutex.strategy.ElectionStrategy.waitUntilLeader ]: Leadership verified:	'2b34fea0-c417-407a-ae33-92410cbab48a'
2026-02-10 18:52:07.072 DEBUG [ main -> org.tasktide.itemstore.mutex.strategy.ElectionStrategy.apply ]: Active leader with Id:	'2b34fea0-c417-407a-ae33-92410cbab48a'
2026-02-10 18:52:07.073 DEBUG [ main -> org.tasktide.itemstore.mutex.strategy.ElectionStrategy.apply ]: State set, writing mutex for:	'2b34fea0-c417-407a-ae33-92410cbab48a'
2026-02-10 18:52:07.084 INFO  [ main -> org.tasktide.itemstore.mutex.strategy.ElectionStrategy.waitUntilLeader ]: Leadership acquired:	'a20cf284-c339-4fae-a6e3-79b8ad393434'
2026-02-10 18:52:07.085 INFO  [ main -> org.tasktide.itemstore.mutex.strategy.ElectionStrategy.waitUntilLeader ]: Verifying leadership:	'a20cf284-c339-4fae-a6e3-79b8ad393434'
2026-02-10 18:52:07.132 INFO  [ main -> org.tasktide.itemstore.mutex.strategy.ElectionStrategy.evaluateLeaderTtl ]: Leader passed TTL check-in:	'/mnt/c/Users/Brendan Kenna/GitHub/TaskTide/tasktide/itemstore/ItemStore-Mutex/Queue/1770749516829.127-0-1-1_7493e205-2a85-4042-90a6-359128af69fe_918296f0-bc21-4ef3-962c-8f23ba9097c4.lock'
2026-02-10 18:52:07.134 INFO  [ main -> org.tasktide.itemstore.mutex.strategy.ElectionStrategy.waitUntilLeader ]: Resetting predecessor:	'f9528b85-05b1-4429-9f3c-e3553b6f285d'
2026-02-10 18:52:07.140 DEBUG [ main -> org.tasktide.itemstore.mutex.strategy.ElectionStrategy.apply ]: Mutex written for:	'2b34fea0-c417-407a-ae33-92410cbab48a'
2026-02-10 18:52:07.203 INFO  [ main -> org.tasktide.itemstore.mutex.orchestrator.MutexOrchestrator.performLock ]: NFS Lock acquired for:	'2b34fea0-c417-407a-ae33-92410cbab48a'
2026-02-10 18:52:07.204 INFO  [ main -> org.tasktide.itemstore.mutex.orchestrator.MutexOrchestrator.performLock ]: Confirming leadership:	'2b34fea0-c417-407a-ae33-92410cbab48a'
2026-02-10 18:52:07.213 INFO  [ main -> org.tasktide.itemstore.mutex.strategy.ElectionStrategy.waitUntilLeader ]: Recasting ballot:	'f255fe3b-128a-4f3a-b02e-0d9de0ef33d1'
2026-02-10 18:52:07.260 INFO  [ main -> org.tasktide.itemstore.mutex.strategy.ElectionStrategy.waitUntilLeader ]: Recasting ballot:	'9d71699a-e581-48d2-8862-f97290590aec'
2026-02-10 18:52:07.358 WARN  [ main -> org.tasktide.itemstore.mutex.strategy.ElectionStrategy.evaluateLeaderTtl ]: Removing below stale leader status:	'true'

'/mnt/c/Users/Brendan Kenna/GitHub/TaskTide/tasktide/itemstore/ItemStore-Mutex/Queue/1770749516787.127-0-1-1_a01a59fe-62f8-445e-ae31-76f4c296d4ed_7f01d4ab-f87a-4b1c-a63b-c638c5f7a7cf.lock'
2026-02-10 18:52:07.413 WARN  [ main -> org.tasktide.itemstore.mutex.orchestrator.MutexOrchestrator.tryAcquireUntilSuccess ]: Process-1134 Attempt 0 failed: LEADERSHIP_CONFIRMATION_FAILED | Exception: Unable to read elected leader:	694ad1c7-92be-43ba-961d-39ac241ca3fb
2026-02-10 18:52:07.484 DEBUG [ main -> org.tasktide.itemstore.mutex.orchestrator.MutexOrchestrator.cleanUp ]: Cleaning up lock file:	'2b34fea0-c417-407a-ae33-92410cbab48a'
2026-02-10 18:52:07.488 WARN  [ main -> org.tasktide.itemstore.FileUtility.dropFile ]: Warning provided path does not exist, unable to delete:
'/mnt/c/Users/Brendan Kenna/GitHub/TaskTide/tasktide/itemstore/ItemStore-Mutex/lock-file.lock'

2026-02-10 18:52:07.550 INFO  [ main -> org.tasktide.itemstore.mutex.strategy.ElectionStrategy.waitUntilLeader ]: Leadership verified:	'a20cf284-c339-4fae-a6e3-79b8ad393434'
2026-02-10 18:52:07.553 DEBUG [ main -> org.tasktide.itemstore.mutex.strategy.ElectionStrategy.apply ]: Active leader with Id:	'a20cf284-c339-4fae-a6e3-79b8ad393434'
2026-02-10 18:52:07.556 DEBUG [ main -> org.tasktide.itemstore.mutex.strategy.ElectionStrategy.apply ]: State set, writing mutex for:	'a20cf284-c339-4fae-a6e3-79b8ad393434'
2026-02-10 18:52:07.564 WARN  [ main -> org.tasktide.itemstore.mutex.strategy.ElectionStrategy.evaluateLeaderTtl ]: Removing below stale leader status:	'true'

'/mnt/c/Users/Brendan Kenna/GitHub/TaskTide/tasktide/itemstore/ItemStore-Mutex/Queue/1770749516829.127-0-1-1_7493e205-2a85-4042-90a6-359128af69fe_918296f0-bc21-4ef3-962c-8f23ba9097c4.lock'
2026-02-10 18:52:07.622 DEBUG [ main -> org.tasktide.itemstore.mutex.strategy.ElectionStrategy.apply ]: Mutex written for:	'a20cf284-c339-4fae-a6e3-79b8ad393434'
2026-02-10 18:52:07.492 WARN  [ main -> org.tasktide.itemstore.FileUtility.dropFile ]: Warning could not delete target file, displaying error:	'/mnt/c/Users/Brendan Kenna/GitHub/TaskTide/tasktide/itemstore/ItemStore-Mutex/lock-file.lock'
java.nio.file.NoSuchFileException: /mnt/c/Users/Brendan Kenna/GitHub/TaskTide/tasktide/itemstore/ItemStore-Mutex/lock-file.lock
	at sun.nio.fs.UnixException.translateToIOException(UnixException.java:92) ~[?:?]
	at sun.nio.fs.UnixException.rethrowAsIOException(UnixException.java:106) ~[?:?]
	at sun.nio.fs.UnixException.rethrowAsIOException(UnixException.java:111) ~[?:?]
	at sun.nio.fs.UnixFileSystemProvider.implDelete(UnixFileSystemProvider.java:248) ~[?:?]
	at sun.nio.fs.AbstractFileSystemProvider.delete(AbstractFileSystemProvider.java:105) ~[?:?]
	at java.nio.file.Files.delete(Files.java:1152) ~[?:?]
	at org.tasktide.itemstore.FileUtility.dropFile(FileUtility.java:132) [main/:?]
	at org.tasktide.itemstore.mutex.orchestrator.MutexOrchestrator.cleanUp(MutexOrchestrator.java:387) [main/:?]
	at org.tasktide.itemstore.mutex.orchestrator.MutexOrchestrator.performLock(MutexOrchestrator.java:219) [main/:?]
	at org.tasktide.itemstore.mutex.orchestrator.MutexOrchestrator.acquireLock(MutexOrchestrator.java:135) [main/:?]
	at org.tasktide.itemstore.mutex.orchestrator.MutexOrchestrator.tryAcquireUntilSuccess(MutexOrchestrator.java:154) [main/:?]
	at org.tasktide.itemstore.mutex.LockActionReleaseApp.main(LockActionReleaseApp.java:95) [test/:?]
2026-02-10 18:52:07.669 DEBUG [ main -> org.tasktide.itemstore.mutex.orchestrator.MutexOrchestrator.cleanUp ]: Cleaning up host file:	'2b34fea0-c417-407a-ae33-92410cbab48a'
2026-02-10 18:52:07.674 WARN  [ main -> org.tasktide.itemstore.FileUtility.dropFile ]: Warning provided path does not exist, unable to delete:
'/mnt/c/Users/Brendan Kenna/GitHub/TaskTide/tasktide/itemstore/ItemStore-Mutex/Host-Lock/1770749502144.127-0-1-1_a01a59fe-62f8-445e-ae31-76f4c296d4ed.lock'

2026-02-10 18:52:07.679 WARN  [ main -> org.tasktide.itemstore.FileUtility.dropFile ]: Warning could not delete target file, displaying error:	'/mnt/c/Users/Brendan Kenna/GitHub/TaskTide/tasktide/itemstore/ItemStore-Mutex/Host-Lock/1770749502144.127-0-1-1_a01a59fe-62f8-445e-ae31-76f4c296d4ed.lock'
java.nio.file.NoSuchFileException: /mnt/c/Users/Brendan Kenna/GitHub/TaskTide/tasktide/itemstore/ItemStore-Mutex/Host-Lock/1770749502144.127-0-1-1_a01a59fe-62f8-445e-ae31-76f4c296d4ed.lock
	at sun.nio.fs.UnixException.translateToIOException(UnixException.java:92) ~[?:?]
	at sun.nio.fs.UnixException.rethrowAsIOException(UnixException.java:106) ~[?:?]
	at sun.nio.fs.UnixException.rethrowAsIOException(UnixException.java:111) ~[?:?]
	at sun.nio.fs.UnixFileSystemProvider.implDelete(UnixFileSystemProvider.java:248) ~[?:?]
	at sun.nio.fs.AbstractFileSystemProvider.delete(AbstractFileSystemProvider.java:105) ~[?:?]
	at java.nio.file.Files.delete(Files.java:1152) ~[?:?]
	at org.tasktide.itemstore.FileUtility.dropFile(FileUtility.java:132) [main/:?]
	at org.tasktide.itemstore.mutex.orchestrator.MutexOrchestrator.cleanUp(MutexOrchestrator.java:392) [main/:?]
	at org.tasktide.itemstore.mutex.orchestrator.MutexOrchestrator.performLock(MutexOrchestrator.java:219) [main/:?]
	at org.tasktide.itemstore.mutex.orchestrator.MutexOrchestrator.acquireLock(MutexOrchestrator.java:135) [main/:?]
	at org.tasktide.itemstore.mutex.orchestrator.MutexOrchestrator.tryAcquireUntilSuccess(MutexOrchestrator.java:154) [main/:?]
	at org.tasktide.itemstore.mutex.LockActionReleaseApp.main(LockActionReleaseApp.java:95) [test/:?]
2026-02-10 18:52:07.681 DEBUG [ main -> org.tasktide.itemstore.mutex.orchestrator.MutexOrchestrator.cleanUp ]: Cleaning up confirm ballot file:	'2b34fea0-c417-407a-ae33-92410cbab48a'
2026-02-10 18:52:07.682 WARN  [ main -> org.tasktide.itemstore.FileUtility.dropFile ]: Warning provided paths is null, unable to delete:
'null'

2026-02-10 18:52:07.684 DEBUG [ main -> org.tasktide.itemstore.mutex.orchestrator.MutexOrchestrator.cleanUp ]: Cleaning up election file:	'2b34fea0-c417-407a-ae33-92410cbab48a'
2026-02-10 18:52:07.685 WARN  [ main -> org.tasktide.itemstore.FileUtility.dropFile ]: Warning provided path does not exist, unable to delete:
'/mnt/c/Users/Brendan Kenna/GitHub/TaskTide/tasktide/itemstore/ItemStore-Mutex/Queue/1770749516787.127-0-1-1_a01a59fe-62f8-445e-ae31-76f4c296d4ed_7f01d4ab-f87a-4b1c-a63b-c638c5f7a7cf.lock'

2026-02-10 18:52:07.688 WARN  [ main -> org.tasktide.itemstore.FileUtility.dropFile ]: Warning could not delete target file, displaying error:	'/mnt/c/Users/Brendan Kenna/GitHub/TaskTide/tasktide/itemstore/ItemStore-Mutex/Queue/1770749516787.127-0-1-1_a01a59fe-62f8-445e-ae31-76f4c296d4ed_7f01d4ab-f87a-4b1c-a63b-c638c5f7a7cf.lock'
java.nio.file.NoSuchFileException: /mnt/c/Users/Brendan Kenna/GitHub/TaskTide/tasktide/itemstore/ItemStore-Mutex/Queue/1770749516787.127-0-1-1_a01a59fe-62f8-445e-ae31-76f4c296d4ed_7f01d4ab-f87a-4b1c-a63b-c638c5f7a7cf.lock
	at sun.nio.fs.UnixException.translateToIOException(UnixException.java:92) ~[?:?]
	at sun.nio.fs.UnixException.rethrowAsIOException(UnixException.java:106) ~[?:?]
	at sun.nio.fs.UnixException.rethrowAsIOException(UnixException.java:111) ~[?:?]
	at sun.nio.fs.UnixFileSystemProvider.implDelete(UnixFileSystemProvider.java:248) ~[?:?]
	at sun.nio.fs.AbstractFileSystemProvider.delete(AbstractFileSystemProvider.java:105) ~[?:?]
	at java.nio.file.Files.delete(Files.java:1152) ~[?:?]
	at org.tasktide.itemstore.FileUtility.dropFile(FileUtility.java:132) [main/:?]
	at org.tasktide.itemstore.mutex.orchestrator.MutexOrchestrator.cleanUp(MutexOrchestrator.java:402) [main/:?]
	at org.tasktide.itemstore.mutex.orchestrator.MutexOrchestrator.performLock(MutexOrchestrator.java:219) [main/:?]
	at org.tasktide.itemstore.mutex.orchestrator.MutexOrchestrator.acquireLock(MutexOrchestrator.java:135) [main/:?]
	at org.tasktide.itemstore.mutex.orchestrator.MutexOrchestrator.tryAcquireUntilSuccess(MutexOrchestrator.java:154) [main/:?]
	at org.tasktide.itemstore.mutex.LockActionReleaseApp.main(LockActionReleaseApp.java:95) [test/:?]
2026-02-10 18:52:07.689 INFO  [ main -> org.tasktide.itemstore.mutex.orchestrator.MutexOrchestrator.performLock ]: NFS Lock acquired for:	'a20cf284-c339-4fae-a6e3-79b8ad393434'
2026-02-10 18:52:07.691 INFO  [ main -> org.tasktide.itemstore.mutex.orchestrator.MutexOrchestrator.performLock ]: Confirming leadership:	'a20cf284-c339-4fae-a6e3-79b8ad393434'
2026-02-10 18:52:07.735 WARN  [ main -> org.tasktide.itemstore.mutex.strategy.ElectionStrategy.evaluateLeaderTtl ]: Removing below stale leader status:	'true'

'/mnt/c/Users/Brendan Kenna/GitHub/TaskTide/tasktide/itemstore/ItemStore-Mutex/Queue/1770749516829.127-0-1-1_7493e205-2a85-4042-90a6-359128af69fe_918296f0-bc21-4ef3-962c-8f23ba9097c4.lock'
2026-02-10 18:52:07.758 INFO  [ main -> org.tasktide.itemstore.mutex.strategy.ElectionStrategy.waitUntilLeader ]: Leadership acquired:	'1ece435f-517d-42ef-962e-434d0b95bf5b'
2026-02-10 18:52:07.760 INFO  [ main -> org.tasktide.itemstore.mutex.strategy.ElectionStrategy.waitUntilLeader ]: Verifying leadership:	'1ece435f-517d-42ef-962e-434d0b95bf5b'
2026-02-10 18:52:07.802 WARN  [ main -> org.tasktide.itemstore.mutex.strategy.ElectionStrategy.evaluateLeaderTtl ]: Removing below stale leader status:	'true'

'/mnt/c/Users/Brendan Kenna/GitHub/TaskTide/tasktide/itemstore/ItemStore-Mutex/Queue/1770749517366.127-0-1-1_29d4f30a-001e-4148-8db8-b0af27d849e4_1ece435f-517d-42ef-962e-434d0b95bf5b.lock'
2026-02-10 18:52:07.892 INFO  [ main -> org.tasktide.itemstore.mutex.orchestrator.MutexOrchestrator.performLock ]: Waiting for NFS lock for:	'31cdf384-541d-4cc9-8496-fce1088b0ae8'
2026-02-10 18:52:07.971 INFO  [ main -> org.tasktide.itemstore.mutex.strategy.ElectionStrategy.waitUntilLeader ]: Leadership acquired:	'f9528b85-05b1-4429-9f3c-e3553b6f285d'
2026-02-10 18:52:07.973 INFO  [ main -> org.tasktide.itemstore.mutex.strategy.ElectionStrategy.waitUntilLeader ]: Verifying leadership:	'f9528b85-05b1-4429-9f3c-e3553b6f285d'
2026-02-10 18:52:07.990 INFO  [ main -> org.tasktide.itemstore.mutex.strategy.ElectionStrategy.waitUntilLeader ]: Recasting ballot:	'84139ab3-ec85-4a3d-8bf5-4114599bb2c2'
2026-02-10 18:52:08.036 INFO  [ main -> org.tasktide.itemstore.mutex.strategy.ElectionStrategy.evaluateLeaderTtl ]: Leader passed TTL check-in:	'/mnt/c/Users/Brendan Kenna/GitHub/TaskTide/tasktide/itemstore/ItemStore-Mutex/Queue/1770749518333.127-0-1-1_c3c67d8b-9c76-45f3-ba75-d4d621129dd2_569f6393-77cb-4825-8a8f-33633c47685d.lock'
2026-02-10 18:52:08.039 INFO  [ main -> org.tasktide.itemstore.mutex.strategy.ElectionStrategy.waitUntilLeader ]: Resetting predecessor:	'f0934e79-0373-490f-9a55-459e76a6ab89'
2026-02-10 18:52:08.110 WARN  [ main -> org.tasktide.itemstore.mutex.orchestrator.MutexOrchestrator.tryAcquireUntilSuccess ]: Process-1338 Attempt 0 failed: LEADERSHIP_CONFIRMATION_FAILED | Exception: Unable to read elected leader:	2b34fea0-c417-407a-ae33-92410cbab48a
2026-02-10 18:52:08.143 DEBUG [ main -> org.tasktide.itemstore.mutex.strategy.ElectionStrategy.initMutex ]: Initializing mutex:	'31cdf384-541d-4cc9-8496-fce1088b0ae8'
2026-02-10 18:52:08.143 DEBUG [ main -> org.tasktide.itemstore.mutex.orchestrator.MutexOrchestrator.cleanUp ]: Cleaning up lock file:	'a20cf284-c339-4fae-a6e3-79b8ad393434'
2026-02-10 18:52:08.146 WARN  [ main -> org.tasktide.itemstore.FileUtility.dropFile ]: Warning provided path does not exist, unable to delete:
'/mnt/c/Users/Brendan Kenna/GitHub/TaskTide/tasktide/itemstore/ItemStore-Mutex/lock-file.lock'

2026-02-10 18:52:08.166 INFO  [ main -> org.tasktide.itemstore.mutex.strategy.ElectionStrategy.evaluateLeaderTtl ]: Leader passed TTL check-in:	'/mnt/c/Users/Brendan Kenna/GitHub/TaskTide/tasktide/itemstore/ItemStore-Mutex/Queue/1770749518333.127-0-1-1_c3c67d8b-9c76-45f3-ba75-d4d621129dd2_569f6393-77cb-4825-8a8f-33633c47685d.lock'
2026-02-10 18:52:08.169 INFO  [ main -> org.tasktide.itemstore.mutex.strategy.ElectionStrategy.waitUntilLeader ]: Resetting predecessor:	'47917415-072f-490f-a9e0-4159860d8240'
2026-02-10 18:52:08.222 INFO  [ main -> org.tasktide.itemstore.mutex.strategy.ElectionStrategy.evaluateLeaderTtl ]: Leader passed TTL check-in:	'/mnt/c/Users/Brendan Kenna/GitHub/TaskTide/tasktide/itemstore/ItemStore-Mutex/Queue/1770749518333.127-0-1-1_c3c67d8b-9c76-45f3-ba75-d4d621129dd2_569f6393-77cb-4825-8a8f-33633c47685d.lock'
2026-02-10 18:52:08.225 INFO  [ main -> org.tasktide.itemstore.mutex.strategy.ElectionStrategy.waitUntilLeader ]: Resetting predecessor:	'8c35da5e-40ce-4683-adfe-e996f42d46f8'
2026-02-10 18:52:08.253 DEBUG [ main -> org.tasktide.itemstore.mutex.strategy.ElectionStrategy.initMutex ]: Mutex initialized, inferring queue position
2026-02-10 18:52:08.258 WARN  [ main -> org.tasktide.itemstore.mutex.strategy.ElectionStrategy.initMutex ]: No election files detected
2026-02-10 18:52:08.287 WARN  [ main -> org.tasktide.itemstore.mutex.strategy.ElectionStrategy.waitUntilLeader ]: Unable to verifiy leadership:	'1ece435f-517d-42ef-962e-434d0b95bf5b'
2026-02-10 18:52:08.147 WARN  [ main -> org.tasktide.itemstore.FileUtility.dropFile ]: Warning could not delete target file, displaying error:	'/mnt/c/Users/Brendan Kenna/GitHub/TaskTide/tasktide/itemstore/ItemStore-Mutex/lock-file.lock'
java.nio.file.NoSuchFileException: /mnt/c/Users/Brendan Kenna/GitHub/TaskTide/tasktide/itemstore/ItemStore-Mutex/lock-file.lock
	at sun.nio.fs.UnixException.translateToIOException(UnixException.java:92) ~[?:?]
	at sun.nio.fs.UnixException.rethrowAsIOException(UnixException.java:106) ~[?:?]
	at sun.nio.fs.UnixException.rethrowAsIOException(UnixException.java:111) ~[?:?]
	at sun.nio.fs.UnixFileSystemProvider.implDelete(UnixFileSystemProvider.java:248) ~[?:?]
	at sun.nio.fs.AbstractFileSystemProvider.delete(AbstractFileSystemProvider.java:105) ~[?:?]
	at java.nio.file.Files.delete(Files.java:1152) ~[?:?]
	at org.tasktide.itemstore.FileUtility.dropFile(FileUtility.java:132) [main/:?]
	at org.tasktide.itemstore.mutex.orchestrator.MutexOrchestrator.cleanUp(MutexOrchestrator.java:387) [main/:?]
	at org.tasktide.itemstore.mutex.orchestrator.MutexOrchestrator.performLock(MutexOrchestrator.java:219) [main/:?]
	at org.tasktide.itemstore.mutex.orchestrator.MutexOrchestrator.acquireLock(MutexOrchestrator.java:135) [main/:?]
	at org.tasktide.itemstore.mutex.orchestrator.MutexOrchestrator.tryAcquireUntilSuccess(MutexOrchestrator.java:154) [main/:?]
	at org.tasktide.itemstore.mutex.LockActionReleaseApp.main(LockActionReleaseApp.java:95) [test/:?]
2026-02-10 18:52:08.309 DEBUG [ main -> org.tasktide.itemstore.mutex.orchestrator.MutexOrchestrator.cleanUp ]: Cleaning up host file:	'a20cf284-c339-4fae-a6e3-79b8ad393434'
2026-02-10 18:52:08.312 INFO  [ main -> org.tasktide.itemstore.mutex.strategy.ElectionStrategy.waitUntilLeader ]: Leadership verified:	'f9528b85-05b1-4429-9f3c-e3553b6f285d'
2026-02-10 18:52:08.314 WARN  [ main -> org.tasktide.itemstore.FileUtility.dropFile ]: Warning provided path does not exist, unable to delete:
'/mnt/c/Users/Brendan Kenna/GitHub/TaskTide/tasktide/itemstore/ItemStore-Mutex/Host-Lock/1770749502566.127-0-1-1_7493e205-2a85-4042-90a6-359128af69fe.lock'

2026-02-10 18:52:08.314 DEBUG [ main -> org.tasktide.itemstore.mutex.strategy.ElectionStrategy.apply ]: Active leader with Id:	'f9528b85-05b1-4429-9f3c-e3553b6f285d'
2026-02-10 18:52:08.317 DEBUG [ main -> org.tasktide.itemstore.mutex.strategy.ElectionStrategy.apply ]: State set, writing mutex for:	'f9528b85-05b1-4429-9f3c-e3553b6f285d'
2026-02-10 18:52:08.319 WARN  [ main -> org.tasktide.itemstore.FileUtility.dropFile ]: Warning could not delete target file, displaying error:	'/mnt/c/Users/Brendan Kenna/GitHub/TaskTide/tasktide/itemstore/ItemStore-Mutex/Host-Lock/1770749502566.127-0-1-1_7493e205-2a85-4042-90a6-359128af69fe.lock'
java.nio.file.NoSuchFileException: /mnt/c/Users/Brendan Kenna/GitHub/TaskTide/tasktide/itemstore/ItemStore-Mutex/Host-Lock/1770749502566.127-0-1-1_7493e205-2a85-4042-90a6-359128af69fe.lock
	at sun.nio.fs.UnixException.translateToIOException(UnixException.java:92) ~[?:?]
	at sun.nio.fs.UnixException.rethrowAsIOException(UnixException.java:106) ~[?:?]
	at sun.nio.fs.UnixException.rethrowAsIOException(UnixException.java:111) ~[?:?]
	at sun.nio.fs.UnixFileSystemProvider.implDelete(UnixFileSystemProvider.java:248) ~[?:?]
	at sun.nio.fs.AbstractFileSystemProvider.delete(AbstractFileSystemProvider.java:105) ~[?:?]
	at java.nio.file.Files.delete(Files.java:1152) ~[?:?]
	at org.tasktide.itemstore.FileUtility.dropFile(FileUtility.java:132) [main/:?]
	at org.tasktide.itemstore.mutex.orchestrator.MutexOrchestrator.cleanUp(MutexOrchestrator.java:392) [main/:?]
	at org.tasktide.itemstore.mutex.orchestrator.MutexOrchestrator.performLock(MutexOrchestrator.java:219) [main/:?]
	at org.tasktide.itemstore.mutex.orchestrator.MutexOrchestrator.acquireLock(MutexOrchestrator.java:135) [main/:?]
	at org.tasktide.itemstore.mutex.orchestrator.MutexOrchestrator.tryAcquireUntilSuccess(MutexOrchestrator.java:154) [main/:?]
	at org.tasktide.itemstore.mutex.LockActionReleaseApp.main(LockActionReleaseApp.java:95) [test/:?]
2026-02-10 18:52:08.321 DEBUG [ main -> org.tasktide.itemstore.mutex.orchestrator.MutexOrchestrator.cleanUp ]: Cleaning up confirm ballot file:	'a20cf284-c339-4fae-a6e3-79b8ad393434'
2026-02-10 18:52:08.322 WARN  [ main -> org.tasktide.itemstore.FileUtility.dropFile ]: Warning provided paths is null, unable to delete:
'null'

2026-02-10 18:52:08.324 DEBUG [ main -> org.tasktide.itemstore.mutex.orchestrator.MutexOrchestrator.cleanUp ]: Cleaning up election file:	'a20cf284-c339-4fae-a6e3-79b8ad393434'
2026-02-10 18:52:08.325 WARN  [ main -> org.tasktide.itemstore.FileUtility.dropFile ]: Warning provided path does not exist, unable to delete:
'/mnt/c/Users/Brendan Kenna/GitHub/TaskTide/tasktide/itemstore/ItemStore-Mutex/Queue/1770749516829.127-0-1-1_7493e205-2a85-4042-90a6-359128af69fe_918296f0-bc21-4ef3-962c-8f23ba9097c4.lock'

2026-02-10 18:52:08.327 WARN  [ main -> org.tasktide.itemstore.FileUtility.dropFile ]: Warning could not delete target file, displaying error:	'/mnt/c/Users/Brendan Kenna/GitHub/TaskTide/tasktide/itemstore/ItemStore-Mutex/Queue/1770749516829.127-0-1-1_7493e205-2a85-4042-90a6-359128af69fe_918296f0-bc21-4ef3-962c-8f23ba9097c4.lock'
java.nio.file.NoSuchFileException: /mnt/c/Users/Brendan Kenna/GitHub/TaskTide/tasktide/itemstore/ItemStore-Mutex/Queue/1770749516829.127-0-1-1_7493e205-2a85-4042-90a6-359128af69fe_918296f0-bc21-4ef3-962c-8f23ba9097c4.lock
	at sun.nio.fs.UnixException.translateToIOException(UnixException.java:92) ~[?:?]
	at sun.nio.fs.UnixException.rethrowAsIOException(UnixException.java:106) ~[?:?]
	at sun.nio.fs.UnixException.rethrowAsIOException(UnixException.java:111) ~[?:?]
	at sun.nio.fs.UnixFileSystemProvider.implDelete(UnixFileSystemProvider.java:248) ~[?:?]
	at sun.nio.fs.AbstractFileSystemProvider.delete(AbstractFileSystemProvider.java:105) ~[?:?]
	at java.nio.file.Files.delete(Files.java:1152) ~[?:?]
	at org.tasktide.itemstore.FileUtility.dropFile(FileUtility.java:132) [main/:?]
	at org.tasktide.itemstore.mutex.orchestrator.MutexOrchestrator.cleanUp(MutexOrchestrator.java:402) [main/:?]
	at org.tasktide.itemstore.mutex.orchestrator.MutexOrchestrator.performLock(MutexOrchestrator.java:219) [main/:?]
	at org.tasktide.itemstore.mutex.orchestrator.MutexOrchestrator.acquireLock(MutexOrchestrator.java:135) [main/:?]
	at org.tasktide.itemstore.mutex.orchestrator.MutexOrchestrator.tryAcquireUntilSuccess(MutexOrchestrator.java:154) [main/:?]
	at org.tasktide.itemstore.mutex.LockActionReleaseApp.main(LockActionReleaseApp.java:95) [test/:?]
2026-02-10 18:52:08.328 WARN  [ main -> org.tasktide.itemstore.mutex.strategy.ElectionStrategy.evaluateLeaderTtl ]: Error verifiying leader TTL:	'/mnt/c/Users/Brendan Kenna/GitHub/TaskTide/tasktide/itemstore/ItemStore-Mutex/Queue/1770749518333.127-0-1-1_c3c67d8b-9c76-45f3-ba75-d4d621129dd2_569f6393-77cb-4825-8a8f-33633c47685d.lock'
'java.util.NoSuchElementException: No value present'
2026-02-10 18:52:08.378 DEBUG [ main -> org.tasktide.itemstore.mutex.strategy.ElectionStrategy.apply ]: Mutex written for:	'f9528b85-05b1-4429-9f3c-e3553b6f285d'
2026-02-10 18:52:08.402 INFO  [ main -> org.tasktide.itemstore.mutex.orchestrator.MutexOrchestrator.performLock ]: NFS Lock acquired for:	'f9528b85-05b1-4429-9f3c-e3553b6f285d'
2026-02-10 18:52:08.403 INFO  [ main -> org.tasktide.itemstore.mutex.orchestrator.MutexOrchestrator.performLock ]: Confirming leadership:	'f9528b85-05b1-4429-9f3c-e3553b6f285d'
2026-02-10 18:52:08.513 INFO  [ main -> org.tasktide.itemstore.mutex.orchestrator.MutexOrchestrator.performLock ]: Waiting for NFS lock for:	'f84a2ff0-75a1-4442-b74e-014d8f3ffed2'
2026-02-10 18:52:08.554 INFO  [ main -> org.tasktide.itemstore.mutex.strategy.ElectionStrategy.evaluateLeaderTtl ]: Leader passed TTL check-in:	'/mnt/c/Users/Brendan Kenna/GitHub/TaskTide/tasktide/itemstore/ItemStore-Mutex/Queue/1770749518333.127-0-1-1_c3c67d8b-9c76-45f3-ba75-d4d621129dd2_569f6393-77cb-4825-8a8f-33633c47685d.lock'
2026-02-10 18:52:08.556 INFO  [ main -> org.tasktide.itemstore.mutex.strategy.ElectionStrategy.waitUntilLeader ]: Resetting predecessor:	'47917415-072f-490f-a9e0-4159860d8240'
2026-02-10 18:52:08.589 INFO  [ main -> org.tasktide.itemstore.mutex.strategy.ElectionStrategy.waitUntilLeader ]: Recasting ballot:	'8c35da5e-40ce-4683-adfe-e996f42d46f8'
2026-02-10 18:52:08.642 INFO  [ main -> org.tasktide.itemstore.mutex.strategy.ElectionStrategy.evaluateLeaderTtl ]: Leader passed TTL check-in:	'/mnt/c/Users/Brendan Kenna/GitHub/TaskTide/tasktide/itemstore/ItemStore-Mutex/Queue/1770749518333.127-0-1-1_c3c67d8b-9c76-45f3-ba75-d4d621129dd2_569f6393-77cb-4825-8a8f-33633c47685d.lock'
2026-02-10 18:52:08.644 INFO  [ main -> org.tasktide.itemstore.mutex.strategy.ElectionStrategy.waitUntilLeader ]: Resetting predecessor:	'f0934e79-0373-490f-9a55-459e76a6ab89'
2026-02-10 18:52:08.717 WARN  [ main -> org.tasktide.itemstore.mutex.strategy.ElectionStrategy.evaluateLeaderTtl ]: Removing below stale leader status:	'true'

'/mnt/c/Users/Brendan Kenna/GitHub/TaskTide/tasktide/itemstore/ItemStore-Mutex/Queue/1770749518333.127-0-1-1_c3c67d8b-9c76-45f3-ba75-d4d621129dd2_569f6393-77cb-4825-8a8f-33633c47685d.lock'
2026-02-10 18:52:08.736 WARN  [ main -> org.tasktide.itemstore.mutex.orchestrator.MutexOrchestrator.tryAcquireUntilSuccess ]: Process-1036 Attempt 0 failed: LEADERSHIP_CONFIRMATION_FAILED | Exception: Unable to read elected leader:	a20cf284-c339-4fae-a6e3-79b8ad393434
2026-02-10 18:52:08.749 INFO  [ main -> org.tasktide.itemstore.mutex.strategy.ElectionStrategy.waitUntilLeader ]: Leadership acquired:	'47917415-072f-490f-a9e0-4159860d8240'
2026-02-10 18:52:08.751 INFO  [ main -> org.tasktide.itemstore.mutex.strategy.ElectionStrategy.waitUntilLeader ]: Verifying leadership:	'47917415-072f-490f-a9e0-4159860d8240'
2026-02-10 18:52:08.781 DEBUG [ main -> org.tasktide.itemstore.mutex.strategy.ElectionStrategy.initMutex ]: Initializing mutex:	'f84a2ff0-75a1-4442-b74e-014d8f3ffed2'
2026-02-10 18:52:08.793 DEBUG [ main -> org.tasktide.itemstore.mutex.orchestrator.MutexOrchestrator.cleanUp ]: Cleaning up lock file:	'f9528b85-05b1-4429-9f3c-e3553b6f285d'
2026-02-10 18:52:08.793 WARN  [ main -> org.tasktide.itemstore.FileUtility.dropFile ]: Warning provided path does not exist, unable to delete:
'/mnt/c/Users/Brendan Kenna/GitHub/TaskTide/tasktide/itemstore/ItemStore-Mutex/lock-file.lock'

2026-02-10 18:52:08.821 DEBUG [ main -> org.tasktide.itemstore.mutex.strategy.ElectionStrategy.initMutex ]: Mutex initialized, inferring queue position
2026-02-10 18:52:08.824 WARN  [ main -> org.tasktide.itemstore.mutex.strategy.ElectionStrategy.initMutex ]: No election files detected
2026-02-10 18:52:08.795 WARN  [ main -> org.tasktide.itemstore.FileUtility.dropFile ]: Warning could not delete target file, displaying error:	'/mnt/c/Users/Brendan Kenna/GitHub/TaskTide/tasktide/itemstore/ItemStore-Mutex/lock-file.lock'
java.nio.file.NoSuchFileException: /mnt/c/Users/Brendan Kenna/GitHub/TaskTide/tasktide/itemstore/ItemStore-Mutex/lock-file.lock
	at sun.nio.fs.UnixException.translateToIOException(UnixException.java:92) ~[?:?]
	at sun.nio.fs.UnixException.rethrowAsIOException(UnixException.java:106) ~[?:?]
	at sun.nio.fs.UnixException.rethrowAsIOException(UnixException.java:111) ~[?:?]
	at sun.nio.fs.UnixFileSystemProvider.implDelete(UnixFileSystemProvider.java:248) ~[?:?]
	at sun.nio.fs.AbstractFileSystemProvider.delete(AbstractFileSystemProvider.java:105) ~[?:?]
	at java.nio.file.Files.delete(Files.java:1152) ~[?:?]
	at org.tasktide.itemstore.FileUtility.dropFile(FileUtility.java:132) [main/:?]
	at org.tasktide.itemstore.mutex.orchestrator.MutexOrchestrator.cleanUp(MutexOrchestrator.java:387) [main/:?]
	at org.tasktide.itemstore.mutex.orchestrator.MutexOrchestrator.performLock(MutexOrchestrator.java:219) [main/:?]
	at org.tasktide.itemstore.mutex.orchestrator.MutexOrchestrator.acquireLock(MutexOrchestrator.java:135) [main/:?]
	at org.tasktide.itemstore.mutex.orchestrator.MutexOrchestrator.tryAcquireUntilSuccess(MutexOrchestrator.java:154) [main/:?]
	at org.tasktide.itemstore.mutex.LockActionReleaseApp.main(LockActionReleaseApp.java:95) [test/:?]
2026-02-10 18:52:08.888 DEBUG [ main -> org.tasktide.itemstore.mutex.orchestrator.MutexOrchestrator.cleanUp ]: Cleaning up host file:	'f9528b85-05b1-4429-9f3c-e3553b6f285d'
2026-02-10 18:52:08.890 WARN  [ main -> org.tasktide.itemstore.FileUtility.dropFile ]: Warning provided path does not exist, unable to delete:
'/mnt/c/Users/Brendan Kenna/GitHub/TaskTide/tasktide/itemstore/ItemStore-Mutex/Host-Lock/1770749502436.127-0-1-1_c3c67d8b-9c76-45f3-ba75-d4d621129dd2.lock'

2026-02-10 18:52:08.894 WARN  [ main -> org.tasktide.itemstore.FileUtility.dropFile ]: Warning could not delete target file, displaying error:	'/mnt/c/Users/Brendan Kenna/GitHub/TaskTide/tasktide/itemstore/ItemStore-Mutex/Host-Lock/1770749502436.127-0-1-1_c3c67d8b-9c76-45f3-ba75-d4d621129dd2.lock'
java.nio.file.NoSuchFileException: /mnt/c/Users/Brendan Kenna/GitHub/TaskTide/tasktide/itemstore/ItemStore-Mutex/Host-Lock/1770749502436.127-0-1-1_c3c67d8b-9c76-45f3-ba75-d4d621129dd2.lock
	at sun.nio.fs.UnixException.translateToIOException(UnixException.java:92) ~[?:?]
	at sun.nio.fs.UnixException.rethrowAsIOException(UnixException.java:106) ~[?:?]
	at sun.nio.fs.UnixException.rethrowAsIOException(UnixException.java:111) ~[?:?]
	at sun.nio.fs.UnixFileSystemProvider.implDelete(UnixFileSystemProvider.java:248) ~[?:?]
	at sun.nio.fs.AbstractFileSystemProvider.delete(AbstractFileSystemProvider.java:105) ~[?:?]
	at java.nio.file.Files.delete(Files.java:1152) ~[?:?]
	at org.tasktide.itemstore.FileUtility.dropFile(FileUtility.java:132) [main/:?]
	at org.tasktide.itemstore.mutex.orchestrator.MutexOrchestrator.cleanUp(MutexOrchestrator.java:392) [main/:?]
	at org.tasktide.itemstore.mutex.orchestrator.MutexOrchestrator.performLock(MutexOrchestrator.java:219) [main/:?]
	at org.tasktide.itemstore.mutex.orchestrator.MutexOrchestrator.acquireLock(MutexOrchestrator.java:135) [main/:?]
	at org.tasktide.itemstore.mutex.orchestrator.MutexOrchestrator.tryAcquireUntilSuccess(MutexOrchestrator.java:154) [main/:?]
	at org.tasktide.itemstore.mutex.LockActionReleaseApp.main(LockActionReleaseApp.java:95) [test/:?]
2026-02-10 18:52:08.896 DEBUG [ main -> org.tasktide.itemstore.mutex.orchestrator.MutexOrchestrator.cleanUp ]: Cleaning up confirm ballot file:	'f9528b85-05b1-4429-9f3c-e3553b6f285d'
2026-02-10 18:52:08.896 WARN  [ main -> org.tasktide.itemstore.FileUtility.dropFile ]: Warning provided paths is null, unable to delete:
'null'

2026-02-10 18:52:08.897 DEBUG [ main -> org.tasktide.itemstore.mutex.orchestrator.MutexOrchestrator.cleanUp ]: Cleaning up election file:	'f9528b85-05b1-4429-9f3c-e3553b6f285d'
2026-02-10 18:52:08.898 WARN  [ main -> org.tasktide.itemstore.FileUtility.dropFile ]: Warning provided path does not exist, unable to delete:
'/mnt/c/Users/Brendan Kenna/GitHub/TaskTide/tasktide/itemstore/ItemStore-Mutex/Queue/1770749518333.127-0-1-1_c3c67d8b-9c76-45f3-ba75-d4d621129dd2_569f6393-77cb-4825-8a8f-33633c47685d.lock'

2026-02-10 18:52:08.899 WARN  [ main -> org.tasktide.itemstore.FileUtility.dropFile ]: Warning could not delete target file, displaying error:	'/mnt/c/Users/Brendan Kenna/GitHub/TaskTide/tasktide/itemstore/ItemStore-Mutex/Queue/1770749518333.127-0-1-1_c3c67d8b-9c76-45f3-ba75-d4d621129dd2_569f6393-77cb-4825-8a8f-33633c47685d.lock'
java.nio.file.NoSuchFileException: /mnt/c/Users/Brendan Kenna/GitHub/TaskTide/tasktide/itemstore/ItemStore-Mutex/Queue/1770749518333.127-0-1-1_c3c67d8b-9c76-45f3-ba75-d4d621129dd2_569f6393-77cb-4825-8a8f-33633c47685d.lock
	at sun.nio.fs.UnixException.translateToIOException(UnixException.java:92) ~[?:?]
	at sun.nio.fs.UnixException.rethrowAsIOException(UnixException.java:106) ~[?:?]
	at sun.nio.fs.UnixException.rethrowAsIOException(UnixException.java:111) ~[?:?]
	at sun.nio.fs.UnixFileSystemProvider.implDelete(UnixFileSystemProvider.java:248) ~[?:?]
	at sun.nio.fs.AbstractFileSystemProvider.delete(AbstractFileSystemProvider.java:105) ~[?:?]
	at java.nio.file.Files.delete(Files.java:1152) ~[?:?]
	at org.tasktide.itemstore.FileUtility.dropFile(FileUtility.java:132) [main/:?]
	at org.tasktide.itemstore.mutex.orchestrator.MutexOrchestrator.cleanUp(MutexOrchestrator.java:402) [main/:?]
	at org.tasktide.itemstore.mutex.orchestrator.MutexOrchestrator.performLock(MutexOrchestrator.java:219) [main/:?]
	at org.tasktide.itemstore.mutex.orchestrator.MutexOrchestrator.acquireLock(MutexOrchestrator.java:135) [main/:?]
	at org.tasktide.itemstore.mutex.orchestrator.MutexOrchestrator.tryAcquireUntilSuccess(MutexOrchestrator.java:154) [main/:?]
	at org.tasktide.itemstore.mutex.LockActionReleaseApp.main(LockActionReleaseApp.java:95) [test/:?]
2026-02-10 18:52:08.960 INFO  [ main -> org.tasktide.itemstore.mutex.strategy.ElectionStrategy.evaluateLeaderTtl ]: Leader passed TTL check-in:	'/mnt/c/Users/Brendan Kenna/GitHub/TaskTide/tasktide/itemstore/ItemStore-Mutex/Queue/1770749522314.127-0-1-1_45fda85a-16bd-4889-af4d-d90a48577a3f_47917415-072f-490f-a9e0-4159860d8240.lock'
2026-02-10 18:52:08.961 INFO  [ main -> org.tasktide.itemstore.mutex.strategy.ElectionStrategy.waitUntilLeader ]: Resetting predecessor:	'c76957d2-091c-4b63-adc4-f1723b532569'
2026-02-10 18:52:08.974 INFO  [ main -> org.tasktide.itemstore.mutex.strategy.ElectionStrategy.waitUntilLeader ]: Leadership verified:	'47917415-072f-490f-a9e0-4159860d8240'
2026-02-10 18:52:08.977 DEBUG [ main -> org.tasktide.itemstore.mutex.strategy.ElectionStrategy.apply ]: Active leader with Id:	'47917415-072f-490f-a9e0-4159860d8240'
2026-02-10 18:52:08.980 DEBUG [ main -> org.tasktide.itemstore.mutex.strategy.ElectionStrategy.apply ]: State set, writing mutex for:	'47917415-072f-490f-a9e0-4159860d8240'
2026-02-10 18:52:08.995 INFO  [ main -> org.tasktide.itemstore.mutex.strategy.ElectionStrategy.waitUntilLeader ]: Leadership acquired:	'f0934e79-0373-490f-9a55-459e76a6ab89'
2026-02-10 18:52:08.997 INFO  [ main -> org.tasktide.itemstore.mutex.strategy.ElectionStrategy.waitUntilLeader ]: Verifying leadership:	'f0934e79-0373-490f-9a55-459e76a6ab89'
2026-02-10 18:52:09.034 INFO  [ main -> org.tasktide.itemstore.mutex.strategy.ElectionStrategy.evaluateLeaderTtl ]: Leader passed TTL check-in:	'/mnt/c/Users/Brendan Kenna/GitHub/TaskTide/tasktide/itemstore/ItemStore-Mutex/Queue/1770749522341.127-0-1-1_aaaf40e3-aa56-410a-a296-58253a3cf0cb_8c111c80-1e77-4f5a-9e5c-e0969aa2a0db.lock'
2026-02-10 18:52:09.036 INFO  [ main -> org.tasktide.itemstore.mutex.strategy.ElectionStrategy.waitUntilLeader ]: Resetting predecessor:	'06934129-9983-4201-8664-e76a8edbf3fb'
2026-02-10 18:52:09.052 DEBUG [ main -> org.tasktide.itemstore.mutex.strategy.ElectionStrategy.apply ]: Mutex written for:	'47917415-072f-490f-a9e0-4159860d8240'
2026-02-10 18:52:09.110 INFO  [ main -> org.tasktide.itemstore.mutex.orchestrator.MutexOrchestrator.performLock ]: NFS Lock acquired for:	'47917415-072f-490f-a9e0-4159860d8240'
2026-02-10 18:52:09.111 INFO  [ main -> org.tasktide.itemstore.mutex.orchestrator.MutexOrchestrator.performLock ]: Confirming leadership:	'47917415-072f-490f-a9e0-4159860d8240'
2026-02-10 18:52:09.294 INFO  [ main -> org.tasktide.itemstore.mutex.strategy.ElectionStrategy.evaluateLeaderTtl ]: Leader passed TTL check-in:	'/mnt/c/Users/Brendan Kenna/GitHub/TaskTide/tasktide/itemstore/ItemStore-Mutex/Queue/1770749522314.127-0-1-1_45fda85a-16bd-4889-af4d-d90a48577a3f_47917415-072f-490f-a9e0-4159860d8240.lock'
2026-02-10 18:52:09.296 INFO  [ main -> org.tasktide.itemstore.mutex.strategy.ElectionStrategy.waitUntilLeader ]: Resetting predecessor:	'c76957d2-091c-4b63-adc4-f1723b532569'
2026-02-10 18:52:09.379 WARN  [ main -> org.tasktide.itemstore.mutex.strategy.ElectionStrategy.waitUntilLeader ]: Unable to verifiy leadership:	'f0934e79-0373-490f-9a55-459e76a6ab89'
2026-02-10 18:52:09.410 WARN  [ main -> org.tasktide.itemstore.mutex.orchestrator.MutexOrchestrator.tryAcquireUntilSuccess ]: Process-1195 Attempt 0 failed: LEADERSHIP_CONFIRMATION_FAILED | Exception: Unable to read elected leader:	f9528b85-05b1-4429-9f3c-e3553b6f285d
2026-02-10 18:52:09.419 INFO  [ main -> org.tasktide.itemstore.mutex.strategy.ElectionStrategy.evaluateLeaderTtl ]: Leader passed TTL check-in:	'/mnt/c/Users/Brendan Kenna/GitHub/TaskTide/tasktide/itemstore/ItemStore-Mutex/Queue/1770749522314.127-0-1-1_45fda85a-16bd-4889-af4d-d90a48577a3f_47917415-072f-490f-a9e0-4159860d8240.lock'
2026-02-10 18:52:09.421 INFO  [ main -> org.tasktide.itemstore.mutex.strategy.ElectionStrategy.waitUntilLeader ]: Resetting predecessor:	'06934129-9983-4201-8664-e76a8edbf3fb'
2026-02-10 18:52:09.515 INFO  [ main -> org.tasktide.itemstore.mutex.strategy.ElectionStrategy.waitUntilLeader ]: Recasting ballot:	'483588d0-7fe9-4775-bce7-6891cd0f7f9f'
2026-02-10 18:52:09.610 INFO  [ main -> org.tasktide.itemstore.mutex.strategy.ElectionStrategy.evaluateLeaderTtl ]: Leader passed TTL check-in:	'/mnt/c/Users/Brendan Kenna/GitHub/TaskTide/tasktide/itemstore/ItemStore-Mutex/Queue/1770749522314.127-0-1-1_45fda85a-16bd-4889-af4d-d90a48577a3f_47917415-072f-490f-a9e0-4159860d8240.lock'
2026-02-10 18:52:09.611 INFO  [ main -> org.tasktide.itemstore.mutex.strategy.ElectionStrategy.waitUntilLeader ]: Resetting predecessor:	'c76957d2-091c-4b63-adc4-f1723b532569'
2026-02-10 18:52:09.626 INFO  [ main -> org.tasktide.itemstore.mutex.orchestrator.MutexOrchestrator.performLock ]: Waiting for NFS lock for:	'2b3b2ec9-09ca-4eda-8fdf-abb4f06ee75b'
2026-02-10 18:52:09.659 INFO  [ main -> org.tasktide.itemstore.mutex.strategy.ElectionStrategy.evaluateLeaderTtl ]: Leader passed TTL check-in:	'/mnt/c/Users/Brendan Kenna/GitHub/TaskTide/tasktide/itemstore/ItemStore-Mutex/Queue/1770749522314.127-0-1-1_45fda85a-16bd-4889-af4d-d90a48577a3f_47917415-072f-490f-a9e0-4159860d8240.lock'
2026-02-10 18:52:09.660 INFO  [ main -> org.tasktide.itemstore.mutex.strategy.ElectionStrategy.waitUntilLeader ]: Resetting predecessor:	'f0934e79-0373-490f-9a55-459e76a6ab89'
2026-02-10 18:52:09.765 INFO  [ main -> org.tasktide.itemstore.mutex.strategy.ElectionStrategy.evaluateLeaderTtl ]: Leader passed TTL check-in:	'/mnt/c/Users/Brendan Kenna/GitHub/TaskTide/tasktide/itemstore/ItemStore-Mutex/Queue/1770749522314.127-0-1-1_45fda85a-16bd-4889-af4d-d90a48577a3f_47917415-072f-490f-a9e0-4159860d8240.lock'
2026-02-10 18:52:09.766 INFO  [ main -> org.tasktide.itemstore.mutex.strategy.ElectionStrategy.waitUntilLeader ]: Resetting predecessor:	'06934129-9983-4201-8664-e76a8edbf3fb'
2026-02-10 18:52:09.799 INFO  [ main -> org.tasktide.itemstore.mutex.orchestrator.MutexOrchestrator.confirmLeader ]: Leadership confirmed:	'47917415-072f-490f-a9e0-4159860d8240'
2026-02-10 18:52:09.799 INFO  [ main -> org.tasktide.itemstore.mutex.orchestrator.MutexOrchestrator.performLock ]: Leadership confirmed:	'47917415-072f-490f-a9e0-4159860d8240'
2026-02-10 18:52:09.800 INFO  [ main -> org.tasktide.itemstore.mutex.orchestrator.MutexOrchestrator.performLock ]: Waiting for FileChannel lock for:	'47917415-072f-490f-a9e0-4159860d8240'
2026-02-10 18:52:09.864 INFO  [ main -> org.tasktide.itemstore.mutex.strategy.ElectionStrategy.evaluateLeaderTtl ]: Leader passed TTL check-in:	'/mnt/c/Users/Brendan Kenna/GitHub/TaskTide/tasktide/itemstore/ItemStore-Mutex/Queue/1770749522314.127-0-1-1_45fda85a-16bd-4889-af4d-d90a48577a3f_47917415-072f-490f-a9e0-4159860d8240.lock'
2026-02-10 18:52:09.866 INFO  [ main -> org.tasktide.itemstore.mutex.strategy.ElectionStrategy.waitUntilLeader ]: Resetting predecessor:	'c76957d2-091c-4b63-adc4-f1723b532569'
2026-02-10 18:52:09.931 INFO  [ main -> org.tasktide.itemstore.mutex.strategy.ElectionStrategy.evaluateLeaderTtl ]: Leader passed TTL check-in:	'/mnt/c/Users/Brendan Kenna/GitHub/TaskTide/tasktide/itemstore/ItemStore-Mutex/Queue/1770749522314.127-0-1-1_45fda85a-16bd-4889-af4d-d90a48577a3f_47917415-072f-490f-a9e0-4159860d8240.lock'
2026-02-10 18:52:09.932 INFO  [ main -> org.tasktide.itemstore.mutex.strategy.ElectionStrategy.waitUntilLeader ]: Resetting predecessor:	'f0934e79-0373-490f-9a55-459e76a6ab89'
2026-02-10 18:52:10.037 DEBUG [ main -> org.tasktide.itemstore.mutex.strategy.ElectionStrategy.initMutex ]: Initializing mutex:	'2b3b2ec9-09ca-4eda-8fdf-abb4f06ee75b'
2026-02-10 18:52:10.125 DEBUG [ main -> org.tasktide.itemstore.mutex.strategy.ElectionStrategy.initMutex ]: Mutex initialized, inferring queue position
2026-02-10 18:52:10.134 WARN  [ main -> org.tasktide.itemstore.mutex.strategy.ElectionStrategy.initMutex ]: No election files detected
2026-02-10 18:52:10.148 INFO  [ main -> org.tasktide.itemstore.mutex.strategy.ElectionStrategy.evaluateLeaderTtl ]: Leader passed TTL check-in:	'/mnt/c/Users/Brendan Kenna/GitHub/TaskTide/tasktide/itemstore/ItemStore-Mutex/Queue/1770749522314.127-0-1-1_45fda85a-16bd-4889-af4d-d90a48577a3f_47917415-072f-490f-a9e0-4159860d8240.lock'
2026-02-10 18:52:10.149 INFO  [ main -> org.tasktide.itemstore.mutex.strategy.ElectionStrategy.waitUntilLeader ]: Resetting predecessor:	'06934129-9983-4201-8664-e76a8edbf3fb'
2026-02-10 18:52:10.177 INFO  [ main -> org.tasktide.itemstore.mutex.strategy.ElectionStrategy.evaluateLeaderTtl ]: Leader passed TTL check-in:	'/mnt/c/Users/Brendan Kenna/GitHub/TaskTide/tasktide/itemstore/ItemStore-Mutex/Queue/1770749522314.127-0-1-1_45fda85a-16bd-4889-af4d-d90a48577a3f_47917415-072f-490f-a9e0-4159860d8240.lock'
2026-02-10 18:52:10.178 INFO  [ main -> org.tasktide.itemstore.mutex.strategy.ElectionStrategy.waitUntilLeader ]: Resetting predecessor:	'c76957d2-091c-4b63-adc4-f1723b532569'
2026-02-10 18:52:10.188 INFO  [ main -> org.tasktide.itemstore.mutex.orchestrator.MutexOrchestrator.performLock ]: Waiting for NFS lock for:	'bf4185b2-c54b-4264-98a6-f98c39ffd431'
2026-02-10 18:52:10.306 INFO  [ main -> org.tasktide.itemstore.mutex.strategy.ElectionStrategy.waitUntilLeader ]: Recasting ballot:	'f255fe3b-128a-4f3a-b02e-0d9de0ef33d1'
2026-02-10 18:52:10.311 INFO  [ main -> org.tasktide.itemstore.mutex.strategy.ElectionStrategy.evaluateLeaderTtl ]: Leader passed TTL check-in:	'/mnt/c/Users/Brendan Kenna/GitHub/TaskTide/tasktide/itemstore/ItemStore-Mutex/Queue/1770749522314.127-0-1-1_45fda85a-16bd-4889-af4d-d90a48577a3f_47917415-072f-490f-a9e0-4159860d8240.lock'
2026-02-10 18:52:10.312 INFO  [ main -> org.tasktide.itemstore.mutex.strategy.ElectionStrategy.waitUntilLeader ]: Resetting predecessor:	'f0934e79-0373-490f-9a55-459e76a6ab89'
2026-02-10 18:52:10.478 INFO  [ main -> org.tasktide.itemstore.mutex.strategy.ElectionStrategy.evaluateLeaderTtl ]: Leader passed TTL check-in:	'/mnt/c/Users/Brendan Kenna/GitHub/TaskTide/tasktide/itemstore/ItemStore-Mutex/Queue/1770749522314.127-0-1-1_45fda85a-16bd-4889-af4d-d90a48577a3f_47917415-072f-490f-a9e0-4159860d8240.lock'
2026-02-10 18:52:10.479 INFO  [ main -> org.tasktide.itemstore.mutex.strategy.ElectionStrategy.waitUntilLeader ]: Resetting predecessor:	'c76957d2-091c-4b63-adc4-f1723b532569'
2026-02-10 18:52:10.519 INFO  [ main -> org.tasktide.itemstore.mutex.strategy.ElectionStrategy.waitUntilLeader ]: Recasting ballot:	'f42cea71-10b1-4a44-a74a-e91c395bd881'
2026-02-10 18:52:10.562 INFO  [ main -> org.tasktide.itemstore.mutex.strategy.ElectionStrategy.evaluateLeaderTtl ]: Leader passed TTL check-in:	'/mnt/c/Users/Brendan Kenna/GitHub/TaskTide/tasktide/itemstore/ItemStore-Mutex/Queue/1770749522314.127-0-1-1_45fda85a-16bd-4889-af4d-d90a48577a3f_47917415-072f-490f-a9e0-4159860d8240.lock'
2026-02-10 18:52:10.564 INFO  [ main -> org.tasktide.itemstore.mutex.strategy.ElectionStrategy.waitUntilLeader ]: Resetting predecessor:	'06934129-9983-4201-8664-e76a8edbf3fb'
2026-02-10 18:52:10.571 DEBUG [ main -> org.tasktide.itemstore.mutex.strategy.ElectionStrategy.initMutex ]: Initializing mutex:	'bf4185b2-c54b-4264-98a6-f98c39ffd431'
2026-02-10 18:52:10.625 DEBUG [ main -> org.tasktide.itemstore.mutex.strategy.ElectionStrategy.initMutex ]: Mutex initialized, inferring queue position
2026-02-10 18:52:10.629 WARN  [ main -> org.tasktide.itemstore.mutex.strategy.ElectionStrategy.initMutex ]: No election files detected
2026-02-10 18:52:10.630 INFO  [ main -> org.tasktide.itemstore.mutex.strategy.ElectionStrategy.waitUntilLeader ]: Recasting ballot:	'f0934e79-0373-490f-9a55-459e76a6ab89'
2026-02-10 18:52:10.678 INFO  [ main -> org.tasktide.itemstore.mutex.orchestrator.MutexOrchestrator.performLock ]: File Channel Lock acquired for:	'47917415-072f-490f-a9e0-4159860d8240'
2026-02-10 18:52:10.679 INFO  [ main -> org.tasktide.itemstore.mutex.orchestrator.MutexOrchestrator.performLock ]: Lock successful for:	'47917415-072f-490f-a9e0-4159860d8240'
2026-02-10 18:52:10.680 INFO  [ main -> org.tasktide.itemstore.mutex.orchestrator.MutexOrchestrator.tryAcquireUntilSuccess ]: Process-1055 Completed with counter value:	'1'
2026-02-10 18:52:10.681 INFO  [ main -> org.tasktide.itemstore.mutex.orchestrator.MutexOrchestrator.tryAcquireUntilSuccess ]: Process-1055 Loop terminating with done = 'true', and counter = '1'
2026-02-10 18:52:10.689 INFO  [ main -> org.tasktide.itemstore.mutex.LockActionReleaseApp.main ]: APP-Writing '4' to data file:	'/mnt/c/Users/Brendan Kenna/GitHub/TaskTide/tasktide/itemstore/ItemStore-Mutex/multi-process.txt'
2026-02-10 18:52:10.695 INFO  [ main -> org.tasktide.itemstore.mutex.LockActionReleaseApp.main ]: APP-Record written, releasing lock
2026-02-10 18:52:10.695 INFO  [ main -> org.tasktide.itemstore.mutex.orchestrator.MutexOrchestrator.releaseLock ]: Releasing active lock
2026-02-10 18:52:10.696 INFO  [ main -> org.tasktide.itemstore.mutex.orchestrator.MutexOrchestrator.releaseActiveLock ]: Releasing FileChannel mutex
2026-02-10 18:52:10.801 INFO  [ main -> org.tasktide.itemstore.mutex.strategy.ElectionStrategy.evaluateLeaderTtl ]: Leader passed TTL check-in:	'/mnt/c/Users/Brendan Kenna/GitHub/TaskTide/tasktide/itemstore/ItemStore-Mutex/Queue/1770749522314.127-0-1-1_45fda85a-16bd-4889-af4d-d90a48577a3f_47917415-072f-490f-a9e0-4159860d8240.lock'
2026-02-10 18:52:10.801 INFO  [ main -> org.tasktide.itemstore.mutex.strategy.ElectionStrategy.evaluateLeaderTtl ]: Leader passed TTL check-in:	'/mnt/c/Users/Brendan Kenna/GitHub/TaskTide/tasktide/itemstore/ItemStore-Mutex/Queue/1770749522314.127-0-1-1_45fda85a-16bd-4889-af4d-d90a48577a3f_47917415-072f-490f-a9e0-4159860d8240.lock'
2026-02-10 18:52:10.803 INFO  [ main -> org.tasktide.itemstore.mutex.strategy.ElectionStrategy.waitUntilLeader ]: Resetting predecessor:	'489b3173-aefe-4f44-bad3-9ab3f438f9d0'
2026-02-10 18:52:10.803 INFO  [ main -> org.tasktide.itemstore.mutex.strategy.ElectionStrategy.waitUntilLeader ]: Resetting predecessor:	'c76957d2-091c-4b63-adc4-f1723b532569'
2026-02-10 18:52:10.805 INFO  [ main -> org.tasktide.itemstore.mutex.strategy.ElectionStrategy.evaluateLeaderTtl ]: Leader passed TTL check-in:	'/mnt/c/Users/Brendan Kenna/GitHub/TaskTide/tasktide/itemstore/ItemStore-Mutex/Queue/1770749522314.127-0-1-1_45fda85a-16bd-4889-af4d-d90a48577a3f_47917415-072f-490f-a9e0-4159860d8240.lock'
2026-02-10 18:52:10.806 INFO  [ main -> org.tasktide.itemstore.mutex.strategy.ElectionStrategy.waitUntilLeader ]: Resetting predecessor:	'06934129-9983-4201-8664-e76a8edbf3fb'
2026-02-10 18:52:11.040 INFO  [ main -> org.tasktide.itemstore.mutex.orchestrator.MutexOrchestrator.releaseActiveLock ]: Releasing NFS mutex:
'{
    "Election File": "/mnt/c/Users/Brendan Kenna/GitHub/TaskTide/tasktide/itemstore/ItemStore-Mutex/Queue/1770749522314.127-0-1-1_45fda85a-16bd-4889-af4d-d90a48577a3f_47917415-072f-490f-a9e0-4159860d8240.lock",
    "End Jitter": "PT0.352S",
    "Host File": "/mnt/c/Users/Brendan Kenna/GitHub/TaskTide/tasktide/itemstore/ItemStore-Mutex/Host-Lock/1770749522314.127-0-1-1_45fda85a-16bd-4889-af4d-d90a48577a3f.lock",
    "Id": "47917415-072f-490f-a9e0-4159860d8240",
    "Lock Dir": "/mnt/c/Users/Brendan Kenna/GitHub/TaskTide/tasktide/itemstore/ItemStore-Mutex",
    "Lock File": "/mnt/c/Users/Brendan Kenna/GitHub/TaskTide/tasktide/itemstore/ItemStore-Mutex/lock-file.lock",
    "Mutex State": "LOCKED",
    "Retry Interval": "PT0.102S",
    "Stale File Threshold": "PT10S",
    "Start Jitter": "PT0.17S",
    "Timestamp": 1770749522314
}'
2026-02-10 18:52:11.052 INFO  [ main -> org.tasktide.itemstore.mutex.LockActionReleaseApp.main ]: APP-Lock released, test complete
2026-02-10 18:52:11.088 INFO  [ main -> org.tasktide.itemstore.mutex.strategy.ElectionStrategy.evaluateLeaderTtl ]: Leader passed TTL check-in:	'/mnt/c/Users/Brendan Kenna/GitHub/TaskTide/tasktide/itemstore/ItemStore-Mutex/Queue/1770749522572.127-0-1-1_1c236ea8-c0ac-431a-b56e-56997d2ef26a_283980d0-b89f-4fbb-9705-13961a3a7e19.lock'
2026-02-10 18:52:11.089 INFO  [ main -> org.tasktide.itemstore.mutex.strategy.ElectionStrategy.waitUntilLeader ]: Resetting predecessor:	'c76957d2-091c-4b63-adc4-f1723b532569'
2026-02-10 18:52:11.166 INFO  [ main -> org.tasktide.itemstore.mutex.strategy.ElectionStrategy.waitUntilLeader ]: Leadership acquired:	'06934129-9983-4201-8664-e76a8edbf3fb'
2026-02-10 18:52:11.169 INFO  [ main -> org.tasktide.itemstore.mutex.strategy.ElectionStrategy.waitUntilLeader ]: Verifying leadership:	'06934129-9983-4201-8664-e76a8edbf3fb'
2026-02-10 18:52:11.181 INFO  [ main -> org.tasktide.itemstore.mutex.strategy.ElectionStrategy.evaluateLeaderTtl ]: Leader passed TTL check-in:	'/mnt/c/Users/Brendan Kenna/GitHub/TaskTide/tasktide/itemstore/ItemStore-Mutex/Queue/1770749522572.127-0-1-1_1c236ea8-c0ac-431a-b56e-56997d2ef26a_283980d0-b89f-4fbb-9705-13961a3a7e19.lock'
2026-02-10 18:52:11.185 INFO  [ main -> org.tasktide.itemstore.mutex.strategy.ElectionStrategy.waitUntilLeader ]: Resetting predecessor:	'489b3173-aefe-4f44-bad3-9ab3f438f9d0'
2026-02-10 18:52:11.339 INFO  [ main -> org.tasktide.itemstore.mutex.strategy.ElectionStrategy.evaluateLeaderTtl ]: Leader passed TTL check-in:	'/mnt/c/Users/Brendan Kenna/GitHub/TaskTide/tasktide/itemstore/ItemStore-Mutex/Queue/1770749522572.127-0-1-1_1c236ea8-c0ac-431a-b56e-56997d2ef26a_283980d0-b89f-4fbb-9705-13961a3a7e19.lock'
2026-02-10 18:52:11.340 INFO  [ main -> org.tasktide.itemstore.mutex.strategy.ElectionStrategy.waitUntilLeader ]: Resetting predecessor:	'c0a3c564-e8cd-411a-bd82-b598eebc8e3f'
2026-02-10 18:52:11.384 INFO  [ main -> org.tasktide.itemstore.mutex.strategy.ElectionStrategy.evaluateLeaderTtl ]: Leader passed TTL check-in:	'/mnt/c/Users/Brendan Kenna/GitHub/TaskTide/tasktide/itemstore/ItemStore-Mutex/Queue/1770749522572.127-0-1-1_1c236ea8-c0ac-431a-b56e-56997d2ef26a_283980d0-b89f-4fbb-9705-13961a3a7e19.lock'
2026-02-10 18:52:11.385 INFO  [ main -> org.tasktide.itemstore.mutex.strategy.ElectionStrategy.waitUntilLeader ]: Resetting predecessor:	'c76957d2-091c-4b63-adc4-f1723b532569'
2026-02-10 18:52:11.427 INFO  [ main -> org.tasktide.itemstore.mutex.strategy.ElectionStrategy.waitUntilLeader ]: Recasting ballot:	'489b3173-aefe-4f44-bad3-9ab3f438f9d0'
2026-02-10 18:52:11.469 INFO  [ main -> org.tasktide.itemstore.mutex.strategy.ElectionStrategy.evaluateLeaderTtl ]: Leader passed TTL check-in:	'/mnt/c/Users/Brendan Kenna/GitHub/TaskTide/tasktide/itemstore/ItemStore-Mutex/Queue/1770749522572.127-0-1-1_1c236ea8-c0ac-431a-b56e-56997d2ef26a_283980d0-b89f-4fbb-9705-13961a3a7e19.lock'
2026-02-10 18:52:11.471 INFO  [ main -> org.tasktide.itemstore.mutex.strategy.ElectionStrategy.waitUntilLeader ]: Resetting predecessor:	'a32d8a85-bfe8-4e7f-8b1f-7ea29ca727df'
2026-02-10 18:52:11.503 INFO  [ main -> org.tasktide.itemstore.mutex.strategy.ElectionStrategy.waitUntilLeader ]: Leadership verified:	'06934129-9983-4201-8664-e76a8edbf3fb'
2026-02-10 18:52:11.504 DEBUG [ main -> org.tasktide.itemstore.mutex.strategy.ElectionStrategy.apply ]: Active leader with Id:	'06934129-9983-4201-8664-e76a8edbf3fb'
2026-02-10 18:52:11.505 DEBUG [ main -> org.tasktide.itemstore.mutex.strategy.ElectionStrategy.apply ]: State set, writing mutex for:	'06934129-9983-4201-8664-e76a8edbf3fb'
2026-02-10 18:52:11.568 DEBUG [ main -> org.tasktide.itemstore.mutex.strategy.ElectionStrategy.apply ]: Mutex written for:	'06934129-9983-4201-8664-e76a8edbf3fb'
2026-02-10 18:52:11.633 INFO  [ main -> org.tasktide.itemstore.mutex.strategy.ElectionStrategy.evaluateLeaderTtl ]: Leader passed TTL check-in:	'/mnt/c/Users/Brendan Kenna/GitHub/TaskTide/tasktide/itemstore/ItemStore-Mutex/Queue/1770749522572.127-0-1-1_1c236ea8-c0ac-431a-b56e-56997d2ef26a_283980d0-b89f-4fbb-9705-13961a3a7e19.lock'
2026-02-10 18:52:11.635 INFO  [ main -> org.tasktide.itemstore.mutex.strategy.ElectionStrategy.waitUntilLeader ]: Resetting predecessor:	'c76957d2-091c-4b63-adc4-f1723b532569'
2026-02-10 18:52:11.647 INFO  [ main -> org.tasktide.itemstore.mutex.orchestrator.MutexOrchestrator.performLock ]: NFS Lock acquired for:	'06934129-9983-4201-8664-e76a8edbf3fb'
2026-02-10 18:52:11.649 INFO  [ main -> org.tasktide.itemstore.mutex.orchestrator.MutexOrchestrator.performLock ]: Confirming leadership:	'06934129-9983-4201-8664-e76a8edbf3fb'
2026-02-10 18:52:11.767 INFO  [ main -> org.tasktide.itemstore.mutex.strategy.ElectionStrategy.evaluateLeaderTtl ]: Leader passed TTL check-in:	'/mnt/c/Users/Brendan Kenna/GitHub/TaskTide/tasktide/itemstore/ItemStore-Mutex/Queue/1770749522572.127-0-1-1_1c236ea8-c0ac-431a-b56e-56997d2ef26a_283980d0-b89f-4fbb-9705-13961a3a7e19.lock'
2026-02-10 18:52:11.769 INFO  [ main -> org.tasktide.itemstore.mutex.strategy.ElectionStrategy.waitUntilLeader ]: Resetting predecessor:	'c0a3c564-e8cd-411a-bd82-b598eebc8e3f'
2026-02-10 18:52:11.826 INFO  [ main -> org.tasktide.itemstore.mutex.strategy.ElectionStrategy.evaluateLeaderTtl ]: Leader passed TTL check-in:	'/mnt/c/Users/Brendan Kenna/GitHub/TaskTide/tasktide/itemstore/ItemStore-Mutex/Queue/1770749522572.127-0-1-1_1c236ea8-c0ac-431a-b56e-56997d2ef26a_283980d0-b89f-4fbb-9705-13961a3a7e19.lock'
2026-02-10 18:52:11.829 INFO  [ main -> org.tasktide.itemstore.mutex.strategy.ElectionStrategy.waitUntilLeader ]: Resetting predecessor:	'a32d8a85-bfe8-4e7f-8b1f-7ea29ca727df'
2026-02-10 18:52:11.965 INFO  [ main -> org.tasktide.itemstore.mutex.strategy.ElectionStrategy.waitUntilLeader ]: Recasting ballot:	'c76957d2-091c-4b63-adc4-f1723b532569'
2026-02-10 18:52:12.151 INFO  [ main -> org.tasktide.itemstore.mutex.strategy.ElectionStrategy.waitUntilLeader ]: Recasting ballot:	'84139ab3-ec85-4a3d-8bf5-4114599bb2c2'
2026-02-10 18:52:12.204 INFO  [ main -> org.tasktide.itemstore.mutex.strategy.ElectionStrategy.evaluateLeaderTtl ]: Leader passed TTL check-in:	'/mnt/c/Users/Brendan Kenna/GitHub/TaskTide/tasktide/itemstore/ItemStore-Mutex/Queue/1770749522572.127-0-1-1_1c236ea8-c0ac-431a-b56e-56997d2ef26a_283980d0-b89f-4fbb-9705-13961a3a7e19.lock'
2026-02-10 18:52:12.206 INFO  [ main -> org.tasktide.itemstore.mutex.strategy.ElectionStrategy.waitUntilLeader ]: Resetting predecessor:	'a32d8a85-bfe8-4e7f-8b1f-7ea29ca727df'
2026-02-10 18:52:12.220 INFO  [ main -> org.tasktide.itemstore.mutex.strategy.ElectionStrategy.evaluateLeaderTtl ]: Leader passed TTL check-in:	'/mnt/c/Users/Brendan Kenna/GitHub/TaskTide/tasktide/itemstore/ItemStore-Mutex/Queue/1770749522572.127-0-1-1_1c236ea8-c0ac-431a-b56e-56997d2ef26a_283980d0-b89f-4fbb-9705-13961a3a7e19.lock'
2026-02-10 18:52:12.220 INFO  [ main -> org.tasktide.itemstore.mutex.strategy.ElectionStrategy.evaluateLeaderTtl ]: Leader passed TTL check-in:	'/mnt/c/Users/Brendan Kenna/GitHub/TaskTide/tasktide/itemstore/ItemStore-Mutex/Queue/1770749522572.127-0-1-1_1c236ea8-c0ac-431a-b56e-56997d2ef26a_283980d0-b89f-4fbb-9705-13961a3a7e19.lock'
2026-02-10 18:52:12.221 INFO  [ main -> org.tasktide.itemstore.mutex.strategy.ElectionStrategy.waitUntilLeader ]: Resetting predecessor:	'50a0f249-d7fc-4005-a1d1-e88ac4cb8031'
2026-02-10 18:52:12.222 INFO  [ main -> org.tasktide.itemstore.mutex.strategy.ElectionStrategy.waitUntilLeader ]: Resetting predecessor:	'c0a3c564-e8cd-411a-bd82-b598eebc8e3f'
2026-02-10 18:52:12.327 INFO  [ main -> org.tasktide.itemstore.mutex.orchestrator.MutexOrchestrator.confirmLeader ]: Leadership confirmed:	'06934129-9983-4201-8664-e76a8edbf3fb'
2026-02-10 18:52:12.328 INFO  [ main -> org.tasktide.itemstore.mutex.orchestrator.MutexOrchestrator.performLock ]: Leadership confirmed:	'06934129-9983-4201-8664-e76a8edbf3fb'
2026-02-10 18:52:12.329 INFO  [ main -> org.tasktide.itemstore.mutex.orchestrator.MutexOrchestrator.performLock ]: Waiting for FileChannel lock for:	'06934129-9983-4201-8664-e76a8edbf3fb'
2026-02-10 18:52:12.547 INFO  [ main -> org.tasktide.itemstore.mutex.strategy.ElectionStrategy.evaluateLeaderTtl ]: Leader passed TTL check-in:	'/mnt/c/Users/Brendan Kenna/GitHub/TaskTide/tasktide/itemstore/ItemStore-Mutex/Queue/1770749522572.127-0-1-1_1c236ea8-c0ac-431a-b56e-56997d2ef26a_283980d0-b89f-4fbb-9705-13961a3a7e19.lock'
2026-02-10 18:52:12.548 INFO  [ main -> org.tasktide.itemstore.mutex.strategy.ElectionStrategy.waitUntilLeader ]: Resetting predecessor:	'a32d8a85-bfe8-4e7f-8b1f-7ea29ca727df'
2026-02-10 18:52:12.613 INFO  [ main -> org.tasktide.itemstore.mutex.strategy.ElectionStrategy.evaluateLeaderTtl ]: Leader passed TTL check-in:	'/mnt/c/Users/Brendan Kenna/GitHub/TaskTide/tasktide/itemstore/ItemStore-Mutex/Queue/1770749522572.127-0-1-1_1c236ea8-c0ac-431a-b56e-56997d2ef26a_283980d0-b89f-4fbb-9705-13961a3a7e19.lock'
2026-02-10 18:52:12.614 INFO  [ main -> org.tasktide.itemstore.mutex.strategy.ElectionStrategy.waitUntilLeader ]: Resetting predecessor:	'50a0f249-d7fc-4005-a1d1-e88ac4cb8031'
2026-02-10 18:52:12.702 INFO  [ main -> org.tasktide.itemstore.mutex.strategy.ElectionStrategy.evaluateLeaderTtl ]: Leader passed TTL check-in:	'/mnt/c/Users/Brendan Kenna/GitHub/TaskTide/tasktide/itemstore/ItemStore-Mutex/Queue/1770749522572.127-0-1-1_1c236ea8-c0ac-431a-b56e-56997d2ef26a_283980d0-b89f-4fbb-9705-13961a3a7e19.lock'
2026-02-10 18:52:12.703 INFO  [ main -> org.tasktide.itemstore.mutex.strategy.ElectionStrategy.waitUntilLeader ]: Resetting predecessor:	'c0a3c564-e8cd-411a-bd82-b598eebc8e3f'
2026-02-10 18:52:12.957 WARN  [ main -> org.tasktide.itemstore.mutex.strategy.ElectionStrategy.evaluateLeaderTtl ]: Removing below stale leader status:	'true'

'/mnt/c/Users/Brendan Kenna/GitHub/TaskTide/tasktide/itemstore/ItemStore-Mutex/Queue/1770749522572.127-0-1-1_1c236ea8-c0ac-431a-b56e-56997d2ef26a_283980d0-b89f-4fbb-9705-13961a3a7e19.lock'
2026-02-10 18:52:13.004 INFO  [ main -> org.tasktide.itemstore.mutex.strategy.ElectionStrategy.evaluateLeaderTtl ]: Leader passed TTL check-in:	'/mnt/c/Users/Brendan Kenna/GitHub/TaskTide/tasktide/itemstore/ItemStore-Mutex/Queue/1770749523056.127-0-1-1_9c92f581-5b3e-42d3-93ec-ea9d67db501a_208dc3e8-c1d8-43bb-9b33-44f742baeaf1.lock'
2026-02-10 18:52:13.005 INFO  [ main -> org.tasktide.itemstore.mutex.strategy.ElectionStrategy.waitUntilLeader ]: Resetting predecessor:	'50a0f249-d7fc-4005-a1d1-e88ac4cb8031'
2026-02-10 18:52:13.178 INFO  [ main -> org.tasktide.itemstore.mutex.strategy.ElectionStrategy.evaluateLeaderTtl ]: Leader passed TTL check-in:	'/mnt/c/Users/Brendan Kenna/GitHub/TaskTide/tasktide/itemstore/ItemStore-Mutex/Queue/1770749523056.127-0-1-1_9c92f581-5b3e-42d3-93ec-ea9d67db501a_208dc3e8-c1d8-43bb-9b33-44f742baeaf1.lock'
2026-02-10 18:52:13.179 INFO  [ main -> org.tasktide.itemstore.mutex.strategy.ElectionStrategy.waitUntilLeader ]: Resetting predecessor:	'1ff26b6f-07dd-44aa-8f2f-f9adf3b4f0c6'
2026-02-10 18:52:13.185 INFO  [ main -> org.tasktide.itemstore.mutex.strategy.ElectionStrategy.waitUntilLeader ]: Leadership acquired:	'c0a3c564-e8cd-411a-bd82-b598eebc8e3f'
2026-02-10 18:52:13.186 INFO  [ main -> org.tasktide.itemstore.mutex.strategy.ElectionStrategy.waitUntilLeader ]: Verifying leadership:	'c0a3c564-e8cd-411a-bd82-b598eebc8e3f'
2026-02-10 18:52:13.278 INFO  [ main -> org.tasktide.itemstore.mutex.strategy.ElectionStrategy.waitUntilLeader ]: Recasting ballot:	'f255fe3b-128a-4f3a-b02e-0d9de0ef33d1'
2026-02-10 18:52:13.340 INFO  [ main -> org.tasktide.itemstore.mutex.strategy.ElectionStrategy.evaluateLeaderTtl ]: Leader passed TTL check-in:	'/mnt/c/Users/Brendan Kenna/GitHub/TaskTide/tasktide/itemstore/ItemStore-Mutex/Queue/1770749523056.127-0-1-1_9c92f581-5b3e-42d3-93ec-ea9d67db501a_208dc3e8-c1d8-43bb-9b33-44f742baeaf1.lock'
2026-02-10 18:52:13.341 INFO  [ main -> org.tasktide.itemstore.mutex.strategy.ElectionStrategy.waitUntilLeader ]: Resetting predecessor:	'a32d8a85-bfe8-4e7f-8b1f-7ea29ca727df'
2026-02-10 18:52:13.369 INFO  [ main -> org.tasktide.itemstore.mutex.strategy.ElectionStrategy.evaluateLeaderTtl ]: Leader passed TTL check-in:	'/mnt/c/Users/Brendan Kenna/GitHub/TaskTide/tasktide/itemstore/ItemStore-Mutex/Queue/1770749523056.127-0-1-1_9c92f581-5b3e-42d3-93ec-ea9d67db501a_208dc3e8-c1d8-43bb-9b33-44f742baeaf1.lock'
2026-02-10 18:52:13.371 INFO  [ main -> org.tasktide.itemstore.mutex.strategy.ElectionStrategy.waitUntilLeader ]: Resetting predecessor:	'50a0f249-d7fc-4005-a1d1-e88ac4cb8031'
2026-02-10 18:52:13.383 INFO  [ main -> org.tasktide.itemstore.mutex.orchestrator.MutexOrchestrator.performLock ]: File Channel Lock acquired for:	'06934129-9983-4201-8664-e76a8edbf3fb'
2026-02-10 18:52:13.384 INFO  [ main -> org.tasktide.itemstore.mutex.orchestrator.MutexOrchestrator.performLock ]: Lock successful for:	'06934129-9983-4201-8664-e76a8edbf3fb'
2026-02-10 18:52:13.414 INFO  [ main -> org.tasktide.itemstore.mutex.strategy.ElectionStrategy.waitUntilLeader ]: Recasting ballot:	'1ff26b6f-07dd-44aa-8f2f-f9adf3b4f0c6'
2026-02-10 18:52:13.415 INFO  [ main -> org.tasktide.itemstore.mutex.strategy.ElectionStrategy.waitUntilLeader ]: Recasting ballot:	'31cdf384-541d-4cc9-8496-fce1088b0ae8'
2026-02-10 18:52:13.664 INFO  [ main -> org.tasktide.itemstore.mutex.strategy.ElectionStrategy.waitUntilLeader ]: Leadership verified:	'c0a3c564-e8cd-411a-bd82-b598eebc8e3f'
2026-02-10 18:52:13.665 DEBUG [ main -> org.tasktide.itemstore.mutex.strategy.ElectionStrategy.apply ]: Active leader with Id:	'c0a3c564-e8cd-411a-bd82-b598eebc8e3f'
2026-02-10 18:52:13.667 DEBUG [ main -> org.tasktide.itemstore.mutex.strategy.ElectionStrategy.apply ]: State set, writing mutex for:	'c0a3c564-e8cd-411a-bd82-b598eebc8e3f'
2026-02-10 18:52:13.708 INFO  [ main -> org.tasktide.itemstore.mutex.strategy.ElectionStrategy.evaluateLeaderTtl ]: Leader passed TTL check-in:	'/mnt/c/Users/Brendan Kenna/GitHub/TaskTide/tasktide/itemstore/ItemStore-Mutex/Queue/1770749523440.127-0-1-1_b1a3948d-cbf3-4ece-bbc5-c227209297a3_8f5c2e54-d77d-4779-b678-32a1208bbf91.lock'
2026-02-10 18:52:13.711 INFO  [ main -> org.tasktide.itemstore.mutex.strategy.ElectionStrategy.waitUntilLeader ]: Resetting predecessor:	'bdb525bd-18ed-409f-928d-5adc4bd9a4dc'
2026-02-10 18:52:13.722 INFO  [ main -> org.tasktide.itemstore.mutex.strategy.ElectionStrategy.waitUntilLeader ]: Leadership acquired:	'a32d8a85-bfe8-4e7f-8b1f-7ea29ca727df'
2026-02-10 18:52:13.725 INFO  [ main -> org.tasktide.itemstore.mutex.strategy.ElectionStrategy.waitUntilLeader ]: Verifying leadership:	'a32d8a85-bfe8-4e7f-8b1f-7ea29ca727df'
2026-02-10 18:52:13.733 DEBUG [ main -> org.tasktide.itemstore.mutex.strategy.ElectionStrategy.apply ]: Mutex written for:	'c0a3c564-e8cd-411a-bd82-b598eebc8e3f'
2026-02-10 18:52:13.770 WARN  [ main -> org.tasktide.itemstore.mutex.strategy.ElectionStrategy.evaluateLeaderTtl ]: Removing below stale leader status:	'true'

'/mnt/c/Users/Brendan Kenna/GitHub/TaskTide/tasktide/itemstore/ItemStore-Mutex/Queue/1770749523056.127-0-1-1_9c92f581-5b3e-42d3-93ec-ea9d67db501a_208dc3e8-c1d8-43bb-9b33-44f742baeaf1.lock'
2026-02-10 18:52:13.776 INFO  [ main -> org.tasktide.itemstore.mutex.orchestrator.MutexOrchestrator.tryAcquireUntilSuccess ]: Process-1109 Completed with counter value:	'0'
2026-02-10 18:52:13.777 INFO  [ main -> org.tasktide.itemstore.mutex.orchestrator.MutexOrchestrator.tryAcquireUntilSuccess ]: Process-1109 Loop terminating with done = 'true', and counter = '0'
2026-02-10 18:52:13.783 INFO  [ main -> org.tasktide.itemstore.mutex.orchestrator.MutexOrchestrator.performLock ]: NFS Lock acquired for:	'c0a3c564-e8cd-411a-bd82-b598eebc8e3f'
2026-02-10 18:52:13.784 INFO  [ main -> org.tasktide.itemstore.mutex.orchestrator.MutexOrchestrator.performLock ]: Confirming leadership:	'c0a3c564-e8cd-411a-bd82-b598eebc8e3f'
2026-02-10 18:52:13.787 INFO  [ main -> org.tasktide.itemstore.mutex.LockActionReleaseApp.main ]: APP-Writing '5' to data file:	'/mnt/c/Users/Brendan Kenna/GitHub/TaskTide/tasktide/itemstore/ItemStore-Mutex/multi-process.txt'
2026-02-10 18:52:13.790 INFO  [ main -> org.tasktide.itemstore.mutex.LockActionReleaseApp.main ]: APP-Record written, releasing lock
2026-02-10 18:52:13.791 INFO  [ main -> org.tasktide.itemstore.mutex.orchestrator.MutexOrchestrator.releaseLock ]: Releasing active lock
2026-02-10 18:52:13.792 INFO  [ main -> org.tasktide.itemstore.mutex.orchestrator.MutexOrchestrator.releaseActiveLock ]: Releasing FileChannel mutex
2026-02-10 18:52:14.057 WARN  [ main -> org.tasktide.itemstore.mutex.strategy.ElectionStrategy.evaluateLeaderTtl ]: Removing below stale leader status:	'true'

'/mnt/c/Users/Brendan Kenna/GitHub/TaskTide/tasktide/itemstore/ItemStore-Mutex/Queue/1770749523440.127-0-1-1_b1a3948d-cbf3-4ece-bbc5-c227209297a3_8f5c2e54-d77d-4779-b678-32a1208bbf91.lock'
2026-02-10 18:52:14.133 INFO  [ main -> org.tasktide.itemstore.mutex.strategy.ElectionStrategy.waitUntilLeader ]: Leadership acquired:	'50a0f249-d7fc-4005-a1d1-e88ac4cb8031'
2026-02-10 18:52:14.137 INFO  [ main -> org.tasktide.itemstore.mutex.strategy.ElectionStrategy.waitUntilLeader ]: Verifying leadership:	'50a0f249-d7fc-4005-a1d1-e88ac4cb8031'
2026-02-10 18:52:14.157 DEBUG [ main -> org.tasktide.itemstore.mutex.orchestrator.MutexOrchestrator.cleanUp ]: Cleaning up lock file:	'c0a3c564-e8cd-411a-bd82-b598eebc8e3f'
2026-02-10 18:52:14.160 WARN  [ main -> org.tasktide.itemstore.FileUtility.dropFile ]: Warning provided path does not exist, unable to delete:
'/mnt/c/Users/Brendan Kenna/GitHub/TaskTide/tasktide/itemstore/ItemStore-Mutex/lock-file.lock'

2026-02-10 18:52:14.163 WARN  [ main -> org.tasktide.itemstore.mutex.strategy.ElectionStrategy.waitUntilLeader ]: Unable to verifiy leadership:	'a32d8a85-bfe8-4e7f-8b1f-7ea29ca727df'
2026-02-10 18:52:14.196 WARN  [ main -> org.tasktide.itemstore.mutex.strategy.ElectionStrategy.evaluateLeaderTtl ]: Removing below stale leader status:	'true'

'/mnt/c/Users/Brendan Kenna/GitHub/TaskTide/tasktide/itemstore/ItemStore-Mutex/Queue/1770749523792.127-0-1-1_885cbace-f3be-42b5-bfea-1184f39e9fad_f0f4460b-6327-487a-b998-f86faad5aad5.lock'
2026-02-10 18:52:14.227 INFO  [ main -> org.tasktide.itemstore.mutex.orchestrator.MutexOrchestrator.releaseActiveLock ]: Releasing NFS mutex:
'{
    "Election File": "/mnt/c/Users/Brendan Kenna/GitHub/TaskTide/tasktide/itemstore/ItemStore-Mutex/Queue/1770749522572.127-0-1-1_1c236ea8-c0ac-431a-b56e-56997d2ef26a_283980d0-b89f-4fbb-9705-13961a3a7e19.lock",
    "End Jitter": "PT0.408S",
    "Host File": "/mnt/c/Users/Brendan Kenna/GitHub/TaskTide/tasktide/itemstore/ItemStore-Mutex/Host-Lock/1770749502275.127-0-1-1_1c236ea8-c0ac-431a-b56e-56997d2ef26a.lock",
    "Id": "06934129-9983-4201-8664-e76a8edbf3fb",
    "Lock Dir": "/mnt/c/Users/Brendan Kenna/GitHub/TaskTide/tasktide/itemstore/ItemStore-Mutex",
    "Lock File": "/mnt/c/Users/Brendan Kenna/GitHub/TaskTide/tasktide/itemstore/ItemStore-Mutex/lock-file.lock",
    "Mutex State": "LOCKED",
    "Retry Interval": "PT0.166S",
    "Stale File Threshold": "PT10S",
    "Start Jitter": "PT0.195S",
    "Timestamp": 1770749522572
}'
2026-02-10 18:52:14.236 INFO  [ main -> org.tasktide.itemstore.mutex.LockActionReleaseApp.main ]: APP-Lock released, test complete
2026-02-10 18:52:14.255 INFO  [ main -> org.tasktide.itemstore.mutex.strategy.ElectionStrategy.evaluateLeaderTtl ]: Leader passed TTL check-in:	'/mnt/c/Users/Brendan Kenna/GitHub/TaskTide/tasktide/itemstore/ItemStore-Mutex/Queue/1770749525531.127-0-1-1_79953efe-d32d-4942-85e2-d704d978c820_0e9ad9e9-d58d-4119-815f-8ecbae72d253.lock'
2026-02-10 18:52:14.257 INFO  [ main -> org.tasktide.itemstore.mutex.strategy.ElectionStrategy.waitUntilLeader ]: Resetting predecessor:	'90946a93-1b57-4c35-958b-5e7ac3394563'
2026-02-10 18:52:14.165 WARN  [ main -> org.tasktide.itemstore.FileUtility.dropFile ]: Warning could not delete target file, displaying error:	'/mnt/c/Users/Brendan Kenna/GitHub/TaskTide/tasktide/itemstore/ItemStore-Mutex/lock-file.lock'
java.nio.file.NoSuchFileException: /mnt/c/Users/Brendan Kenna/GitHub/TaskTide/tasktide/itemstore/ItemStore-Mutex/lock-file.lock
	at sun.nio.fs.UnixException.translateToIOException(UnixException.java:92) ~[?:?]
	at sun.nio.fs.UnixException.rethrowAsIOException(UnixException.java:106) ~[?:?]
	at sun.nio.fs.UnixException.rethrowAsIOException(UnixException.java:111) ~[?:?]
	at sun.nio.fs.UnixFileSystemProvider.implDelete(UnixFileSystemProvider.java:248) ~[?:?]
	at sun.nio.fs.AbstractFileSystemProvider.delete(AbstractFileSystemProvider.java:105) ~[?:?]
	at java.nio.file.Files.delete(Files.java:1152) ~[?:?]
	at org.tasktide.itemstore.FileUtility.dropFile(FileUtility.java:132) [main/:?]
	at org.tasktide.itemstore.mutex.orchestrator.MutexOrchestrator.cleanUp(MutexOrchestrator.java:387) [main/:?]
	at org.tasktide.itemstore.mutex.orchestrator.MutexOrchestrator.performLock(MutexOrchestrator.java:219) [main/:?]
	at org.tasktide.itemstore.mutex.orchestrator.MutexOrchestrator.acquireLock(MutexOrchestrator.java:135) [main/:?]
	at org.tasktide.itemstore.mutex.orchestrator.MutexOrchestrator.tryAcquireUntilSuccess(MutexOrchestrator.java:154) [main/:?]
	at org.tasktide.itemstore.mutex.LockActionReleaseApp.main(LockActionReleaseApp.java:95) [test/:?]
2026-02-10 18:52:14.296 DEBUG [ main -> org.tasktide.itemstore.mutex.orchestrator.MutexOrchestrator.cleanUp ]: Cleaning up host file:	'c0a3c564-e8cd-411a-bd82-b598eebc8e3f'
2026-02-10 18:52:14.302 DEBUG [ main -> org.tasktide.itemstore.mutex.orchestrator.MutexOrchestrator.cleanUp ]: Cleaning up confirm ballot file:	'c0a3c564-e8cd-411a-bd82-b598eebc8e3f'
2026-02-10 18:52:14.303 WARN  [ main -> org.tasktide.itemstore.FileUtility.dropFile ]: Warning provided paths is null, unable to delete:
'null'

2026-02-10 18:52:14.304 DEBUG [ main -> org.tasktide.itemstore.mutex.orchestrator.MutexOrchestrator.cleanUp ]: Cleaning up election file:	'c0a3c564-e8cd-411a-bd82-b598eebc8e3f'
2026-02-10 18:52:14.305 WARN  [ main -> org.tasktide.itemstore.FileUtility.dropFile ]: Warning provided path does not exist, unable to delete:
'/mnt/c/Users/Brendan Kenna/GitHub/TaskTide/tasktide/itemstore/ItemStore-Mutex/Queue/1770749523056.127-0-1-1_9c92f581-5b3e-42d3-93ec-ea9d67db501a_208dc3e8-c1d8-43bb-9b33-44f742baeaf1.lock'

2026-02-10 18:52:14.306 WARN  [ main -> org.tasktide.itemstore.FileUtility.dropFile ]: Warning could not delete target file, displaying error:	'/mnt/c/Users/Brendan Kenna/GitHub/TaskTide/tasktide/itemstore/ItemStore-Mutex/Queue/1770749523056.127-0-1-1_9c92f581-5b3e-42d3-93ec-ea9d67db501a_208dc3e8-c1d8-43bb-9b33-44f742baeaf1.lock'
java.nio.file.NoSuchFileException: /mnt/c/Users/Brendan Kenna/GitHub/TaskTide/tasktide/itemstore/ItemStore-Mutex/Queue/1770749523056.127-0-1-1_9c92f581-5b3e-42d3-93ec-ea9d67db501a_208dc3e8-c1d8-43bb-9b33-44f742baeaf1.lock
	at sun.nio.fs.UnixException.translateToIOException(UnixException.java:92) ~[?:?]
	at sun.nio.fs.UnixException.rethrowAsIOException(UnixException.java:106) ~[?:?]
	at sun.nio.fs.UnixException.rethrowAsIOException(UnixException.java:111) ~[?:?]
	at sun.nio.fs.UnixFileSystemProvider.implDelete(UnixFileSystemProvider.java:248) ~[?:?]
	at sun.nio.fs.AbstractFileSystemProvider.delete(AbstractFileSystemProvider.java:105) ~[?:?]
	at java.nio.file.Files.delete(Files.java:1152) ~[?:?]
	at org.tasktide.itemstore.FileUtility.dropFile(FileUtility.java:132) [main/:?]
	at org.tasktide.itemstore.mutex.orchestrator.MutexOrchestrator.cleanUp(MutexOrchestrator.java:402) [main/:?]
	at org.tasktide.itemstore.mutex.orchestrator.MutexOrchestrator.performLock(MutexOrchestrator.java:219) [main/:?]
	at org.tasktide.itemstore.mutex.orchestrator.MutexOrchestrator.acquireLock(MutexOrchestrator.java:135) [main/:?]
	at org.tasktide.itemstore.mutex.orchestrator.MutexOrchestrator.tryAcquireUntilSuccess(MutexOrchestrator.java:154) [main/:?]
	at org.tasktide.itemstore.mutex.LockActionReleaseApp.main(LockActionReleaseApp.java:95) [test/:?]
2026-02-10 18:52:14.308 INFO  [ main -> org.tasktide.itemstore.mutex.strategy.ElectionStrategy.evaluateLeaderTtl ]: Leader passed TTL check-in:	'/mnt/c/Users/Brendan Kenna/GitHub/TaskTide/tasktide/itemstore/ItemStore-Mutex/Queue/1770749525531.127-0-1-1_79953efe-d32d-4942-85e2-d704d978c820_0e9ad9e9-d58d-4119-815f-8ecbae72d253.lock'
2026-02-10 18:52:14.308 INFO  [ main -> org.tasktide.itemstore.mutex.strategy.ElectionStrategy.waitUntilLeader ]: Resetting predecessor:	'44233a07-c44c-41ae-8a58-29576b692209'
2026-02-10 18:52:14.474 INFO  [ main -> org.tasktide.itemstore.mutex.strategy.ElectionStrategy.waitUntilLeader ]: Leadership acquired:	'bdb525bd-18ed-409f-928d-5adc4bd9a4dc'
2026-02-10 18:52:14.477 INFO  [ main -> org.tasktide.itemstore.mutex.strategy.ElectionStrategy.waitUntilLeader ]: Verifying leadership:	'bdb525bd-18ed-409f-928d-5adc4bd9a4dc'
2026-02-10 18:52:14.540 INFO  [ main -> org.tasktide.itemstore.mutex.strategy.ElectionStrategy.evaluateLeaderTtl ]: Leader passed TTL check-in:	'/mnt/c/Users/Brendan Kenna/GitHub/TaskTide/tasktide/itemstore/ItemStore-Mutex/Queue/1770749525531.127-0-1-1_79953efe-d32d-4942-85e2-d704d978c820_0e9ad9e9-d58d-4119-815f-8ecbae72d253.lock'
2026-02-10 18:52:14.541 INFO  [ main -> org.tasktide.itemstore.mutex.strategy.ElectionStrategy.waitUntilLeader ]: Resetting predecessor:	'2b48f459-5f82-40fe-924d-12921c893fe4'
2026-02-10 18:52:14.583 WARN  [ main -> org.tasktide.itemstore.mutex.strategy.ElectionStrategy.waitUntilLeader ]: Unable to verifiy leadership:	'50a0f249-d7fc-4005-a1d1-e88ac4cb8031'
2026-02-10 18:52:14.586 INFO  [ main -> org.tasktide.itemstore.mutex.strategy.ElectionStrategy.waitUntilLeader ]: Recasting ballot:	'f84a2ff0-75a1-4442-b74e-014d8f3ffed2'
2026-02-10 18:52:14.641 INFO  [ main -> org.tasktide.itemstore.mutex.strategy.ElectionStrategy.evaluateLeaderTtl ]: Leader passed TTL check-in:	'/mnt/c/Users/Brendan Kenna/GitHub/TaskTide/tasktide/itemstore/ItemStore-Mutex/Queue/1770749525531.127-0-1-1_79953efe-d32d-4942-85e2-d704d978c820_0e9ad9e9-d58d-4119-815f-8ecbae72d253.lock'
2026-02-10 18:52:14.642 INFO  [ main -> org.tasktide.itemstore.mutex.strategy.ElectionStrategy.waitUntilLeader ]: Resetting predecessor:	'90946a93-1b57-4c35-958b-5e7ac3394563'
2026-02-10 18:52:14.750 WARN  [ main -> org.tasktide.itemstore.mutex.orchestrator.MutexOrchestrator.tryAcquireUntilSuccess ]: Process-975 Attempt 0 failed: LEADERSHIP_CONFIRMATION_FAILED | Exception: Unable to read elected leader:	c0a3c564-e8cd-411a-bd82-b598eebc8e3f
2026-02-10 18:52:14.804 INFO  [ main -> org.tasktide.itemstore.mutex.strategy.ElectionStrategy.evaluateLeaderTtl ]: Leader passed TTL check-in:	'/mnt/c/Users/Brendan Kenna/GitHub/TaskTide/tasktide/itemstore/ItemStore-Mutex/Queue/1770749525531.127-0-1-1_79953efe-d32d-4942-85e2-d704d978c820_0e9ad9e9-d58d-4119-815f-8ecbae72d253.lock'
2026-02-10 18:52:14.808 INFO  [ main -> org.tasktide.itemstore.mutex.strategy.ElectionStrategy.waitUntilLeader ]: Resetting predecessor:	'44233a07-c44c-41ae-8a58-29576b692209'
2026-02-10 18:52:14.867 INFO  [ main -> org.tasktide.itemstore.mutex.strategy.ElectionStrategy.waitUntilLeader ]: Leadership verified:	'bdb525bd-18ed-409f-928d-5adc4bd9a4dc'
2026-02-10 18:52:14.869 DEBUG [ main -> org.tasktide.itemstore.mutex.strategy.ElectionStrategy.apply ]: Active leader with Id:	'bdb525bd-18ed-409f-928d-5adc4bd9a4dc'
2026-02-10 18:52:14.870 DEBUG [ main -> org.tasktide.itemstore.mutex.strategy.ElectionStrategy.apply ]: State set, writing mutex for:	'bdb525bd-18ed-409f-928d-5adc4bd9a4dc'
2026-02-10 18:52:14.936 INFO  [ main -> org.tasktide.itemstore.mutex.strategy.ElectionStrategy.waitUntilLeader ]: Leadership acquired:	'2b48f459-5f82-40fe-924d-12921c893fe4'
2026-02-10 18:52:14.939 INFO  [ main -> org.tasktide.itemstore.mutex.strategy.ElectionStrategy.waitUntilLeader ]: Verifying leadership:	'2b48f459-5f82-40fe-924d-12921c893fe4'
2026-02-10 18:52:14.951 DEBUG [ main -> org.tasktide.itemstore.mutex.strategy.ElectionStrategy.apply ]: Mutex written for:	'bdb525bd-18ed-409f-928d-5adc4bd9a4dc'
2026-02-10 18:52:14.989 INFO  [ main -> org.tasktide.itemstore.mutex.strategy.ElectionStrategy.evaluateLeaderTtl ]: Leader passed TTL check-in:	'/mnt/c/Users/Brendan Kenna/GitHub/TaskTide/tasktide/itemstore/ItemStore-Mutex/Queue/1770749525531.127-0-1-1_79953efe-d32d-4942-85e2-d704d978c820_0e9ad9e9-d58d-4119-815f-8ecbae72d253.lock'
2026-02-10 18:52:14.991 INFO  [ main -> org.tasktide.itemstore.mutex.strategy.ElectionStrategy.waitUntilLeader ]: Resetting predecessor:	'90946a93-1b57-4c35-958b-5e7ac3394563'
2026-02-10 18:52:15.033 INFO  [ main -> org.tasktide.itemstore.mutex.orchestrator.MutexOrchestrator.performLock ]: NFS Lock acquired for:	'bdb525bd-18ed-409f-928d-5adc4bd9a4dc'
2026-02-10 18:52:15.034 INFO  [ main -> org.tasktide.itemstore.mutex.orchestrator.MutexOrchestrator.performLock ]: Confirming leadership:	'bdb525bd-18ed-409f-928d-5adc4bd9a4dc'
2026-02-10 18:52:15.258 INFO  [ main -> org.tasktide.itemstore.mutex.strategy.ElectionStrategy.evaluateLeaderTtl ]: Leader passed TTL check-in:	'/mnt/c/Users/Brendan Kenna/GitHub/TaskTide/tasktide/itemstore/ItemStore-Mutex/Queue/1770749525531.127-0-1-1_79953efe-d32d-4942-85e2-d704d978c820_0e9ad9e9-d58d-4119-815f-8ecbae72d253.lock'
2026-02-10 18:52:15.260 INFO  [ main -> org.tasktide.itemstore.mutex.strategy.ElectionStrategy.waitUntilLeader ]: Resetting predecessor:	'44233a07-c44c-41ae-8a58-29576b692209'
2026-02-10 18:52:15.324 WARN  [ main -> org.tasktide.itemstore.mutex.strategy.ElectionStrategy.waitUntilLeader ]: Unable to verifiy leadership:	'2b48f459-5f82-40fe-924d-12921c893fe4'
2026-02-10 18:52:15.419 INFO  [ main -> org.tasktide.itemstore.mutex.strategy.ElectionStrategy.evaluateLeaderTtl ]: Leader passed TTL check-in:	'/mnt/c/Users/Brendan Kenna/GitHub/TaskTide/tasktide/itemstore/ItemStore-Mutex/Queue/1770749525531.127-0-1-1_79953efe-d32d-4942-85e2-d704d978c820_0e9ad9e9-d58d-4119-815f-8ecbae72d253.lock'
2026-02-10 18:52:15.421 INFO  [ main -> org.tasktide.itemstore.mutex.strategy.ElectionStrategy.waitUntilLeader ]: Resetting predecessor:	'90946a93-1b57-4c35-958b-5e7ac3394563'
2026-02-10 18:52:15.480 INFO  [ main -> org.tasktide.itemstore.mutex.strategy.ElectionStrategy.waitUntilLeader ]: Recasting ballot:	'84139ab3-ec85-4a3d-8bf5-4114599bb2c2'
2026-02-10 18:52:15.606 INFO  [ main -> org.tasktide.itemstore.mutex.orchestrator.MutexOrchestrator.performLock ]: Waiting for NFS lock for:	'808429aa-cbf3-4df4-98f7-9c54014c0466'
2026-02-10 18:52:15.615 INFO  [ main -> org.tasktide.itemstore.mutex.orchestrator.MutexOrchestrator.confirmLeader ]: Leadership confirmed:	'bdb525bd-18ed-409f-928d-5adc4bd9a4dc'
2026-02-10 18:52:15.616 INFO  [ main -> org.tasktide.itemstore.mutex.orchestrator.MutexOrchestrator.performLock ]: Leadership confirmed:	'bdb525bd-18ed-409f-928d-5adc4bd9a4dc'
2026-02-10 18:52:15.617 INFO  [ main -> org.tasktide.itemstore.mutex.orchestrator.MutexOrchestrator.performLock ]: Waiting for FileChannel lock for:	'bdb525bd-18ed-409f-928d-5adc4bd9a4dc'
2026-02-10 18:52:15.736 WARN  [ main -> org.tasktide.itemstore.mutex.strategy.ElectionStrategy.evaluateLeaderTtl ]: Removing below stale leader status:	'true'

'/mnt/c/Users/Brendan Kenna/GitHub/TaskTide/tasktide/itemstore/ItemStore-Mutex/Queue/1770749525531.127-0-1-1_79953efe-d32d-4942-85e2-d704d978c820_0e9ad9e9-d58d-4119-815f-8ecbae72d253.lock'
2026-02-10 18:52:15.737 WARN  [ main -> org.tasktide.itemstore.mutex.strategy.ElectionStrategy.evaluateLeaderTtl ]: Removing below stale leader status:	'true'

'/mnt/c/Users/Brendan Kenna/GitHub/TaskTide/tasktide/itemstore/ItemStore-Mutex/Queue/1770749525531.127-0-1-1_79953efe-d32d-4942-85e2-d704d978c820_0e9ad9e9-d58d-4119-815f-8ecbae72d253.lock'
2026-02-10 18:52:15.805 INFO  [ main -> org.tasktide.itemstore.mutex.strategy.ElectionStrategy.evaluateLeaderTtl ]: Leader passed TTL check-in:	'/mnt/c/Users/Brendan Kenna/GitHub/TaskTide/tasktide/itemstore/ItemStore-Mutex/Queue/1770749525805.127-0-1-1_8e9ee5c3-897c-47eb-9ab1-78c37551e56f_da5365b5-663e-493f-859b-d7cc9523422d.lock'
2026-02-10 18:52:15.806 INFO  [ main -> org.tasktide.itemstore.mutex.strategy.ElectionStrategy.waitUntilLeader ]: Resetting predecessor:	'90946a93-1b57-4c35-958b-5e7ac3394563'
2026-02-10 18:52:16.066 DEBUG [ main -> org.tasktide.itemstore.mutex.strategy.ElectionStrategy.initMutex ]: Initializing mutex:	'808429aa-cbf3-4df4-98f7-9c54014c0466'
2026-02-10 18:52:16.140 INFO  [ main -> org.tasktide.itemstore.mutex.strategy.ElectionStrategy.evaluateLeaderTtl ]: Leader passed TTL check-in:	'/mnt/c/Users/Brendan Kenna/GitHub/TaskTide/tasktide/itemstore/ItemStore-Mutex/Queue/1770749525805.127-0-1-1_8e9ee5c3-897c-47eb-9ab1-78c37551e56f_da5365b5-663e-493f-859b-d7cc9523422d.lock'
2026-02-10 18:52:16.142 INFO  [ main -> org.tasktide.itemstore.mutex.strategy.ElectionStrategy.waitUntilLeader ]: Resetting predecessor:	'10adb96e-4ae0-455c-b13f-f0612a4ebee3'
2026-02-10 18:52:16.150 DEBUG [ main -> org.tasktide.itemstore.mutex.strategy.ElectionStrategy.initMutex ]: Mutex initialized, inferring queue position
2026-02-10 18:52:16.153 WARN  [ main -> org.tasktide.itemstore.mutex.strategy.ElectionStrategy.initMutex ]: No election files detected
2026-02-10 18:52:16.156 WARN  [ main -> org.tasktide.itemstore.mutex.strategy.ElectionStrategy.evaluateLeaderTtl ]: Removing below stale leader status:	'true'

'/mnt/c/Users/Brendan Kenna/GitHub/TaskTide/tasktide/itemstore/ItemStore-Mutex/Queue/1770749525805.127-0-1-1_8e9ee5c3-897c-47eb-9ab1-78c37551e56f_da5365b5-663e-493f-859b-d7cc9523422d.lock'
2026-02-10 18:52:16.156 WARN  [ main -> org.tasktide.itemstore.mutex.utils.MutexFilesUtils.clearStaleLeader ]: Unable to clear provided leader, perhaps cleared elsewhere:	'/mnt/c/Users/Brendan Kenna/GitHub/TaskTide/tasktide/itemstore/ItemStore-Mutex/Queue/1770749525805.127-0-1-1_8e9ee5c3-897c-47eb-9ab1-78c37551e56f_da5365b5-663e-493f-859b-d7cc9523422d.lock'
2026-02-10 18:52:16.157 WARN  [ main -> org.tasktide.itemstore.mutex.strategy.ElectionStrategy.evaluateLeaderTtl ]: Removing below stale leader status:	'false'

'/mnt/c/Users/Brendan Kenna/GitHub/TaskTide/tasktide/itemstore/ItemStore-Mutex/Queue/1770749525805.127-0-1-1_8e9ee5c3-897c-47eb-9ab1-78c37551e56f_da5365b5-663e-493f-859b-d7cc9523422d.lock'
2026-02-10 18:52:16.175 INFO  [ main -> org.tasktide.itemstore.mutex.strategy.ElectionStrategy.evaluateLeaderTtl ]: Leader passed TTL check-in:	'/mnt/c/Users/Brendan Kenna/GitHub/TaskTide/tasktide/itemstore/ItemStore-Mutex/Queue/1770749526157.127-0-1-1_cd4295af-980c-4561-a4bf-75e37438c4a7_90946a93-1b57-4c35-958b-5e7ac3394563.lock'
2026-02-10 18:52:16.177 INFO  [ main -> org.tasktide.itemstore.mutex.strategy.ElectionStrategy.waitUntilLeader ]: Resetting predecessor:	'9d71699a-e581-48d2-8862-f97290590aec'
2026-02-10 18:52:16.523 INFO  [ main -> org.tasktide.itemstore.mutex.strategy.ElectionStrategy.waitUntilLeader ]: Leadership acquired:	'90946a93-1b57-4c35-958b-5e7ac3394563'
2026-02-10 18:52:16.526 INFO  [ main -> org.tasktide.itemstore.mutex.strategy.ElectionStrategy.waitUntilLeader ]: Verifying leadership:	'90946a93-1b57-4c35-958b-5e7ac3394563'
2026-02-10 18:52:16.529 INFO  [ main -> org.tasktide.itemstore.mutex.strategy.ElectionStrategy.waitUntilLeader ]: Recasting ballot:	'9d71699a-e581-48d2-8862-f97290590aec'
2026-02-10 18:52:16.572 INFO  [ main -> org.tasktide.itemstore.mutex.orchestrator.MutexOrchestrator.performLock ]: File Channel Lock acquired for:	'bdb525bd-18ed-409f-928d-5adc4bd9a4dc'
2026-02-10 18:52:16.575 INFO  [ main -> org.tasktide.itemstore.mutex.orchestrator.MutexOrchestrator.performLock ]: Lock successful for:	'bdb525bd-18ed-409f-928d-5adc4bd9a4dc'
2026-02-10 18:52:16.586 WARN  [ main -> org.tasktide.itemstore.mutex.strategy.ElectionStrategy.evaluateLeaderTtl ]: Removing below stale leader status:	'true'

'/mnt/c/Users/Brendan Kenna/GitHub/TaskTide/tasktide/itemstore/ItemStore-Mutex/Queue/1770749526157.127-0-1-1_cd4295af-980c-4561-a4bf-75e37438c4a7_90946a93-1b57-4c35-958b-5e7ac3394563.lock'
2026-02-10 18:52:16.588 WARN  [ main -> org.tasktide.itemstore.mutex.strategy.ElectionStrategy.evaluateLeaderTtl ]: Removing below stale leader status:	'true'

'/mnt/c/Users/Brendan Kenna/GitHub/TaskTide/tasktide/itemstore/ItemStore-Mutex/Queue/1770749526157.127-0-1-1_cd4295af-980c-4561-a4bf-75e37438c4a7_90946a93-1b57-4c35-958b-5e7ac3394563.lock'
2026-02-10 18:52:16.611 INFO  [ main -> org.tasktide.itemstore.mutex.strategy.ElectionStrategy.evaluateLeaderTtl ]: Leader passed TTL check-in:	'/mnt/c/Users/Brendan Kenna/GitHub/TaskTide/tasktide/itemstore/ItemStore-Mutex/Queue/1770749526309.127-0-1-1_17c7873b-ab53-4f37-877b-eda907c02f1f_49f725b5-f5ae-4b4f-b962-a8e00d259499.lock'
2026-02-10 18:52:16.612 INFO  [ main -> org.tasktide.itemstore.mutex.strategy.ElectionStrategy.waitUntilLeader ]: Resetting predecessor:	'44233a07-c44c-41ae-8a58-29576b692209'
2026-02-10 18:52:16.784 WARN  [ main -> org.tasktide.itemstore.mutex.strategy.ElectionStrategy.evaluateLeaderTtl ]: Removing below stale leader status:	'true'

'/mnt/c/Users/Brendan Kenna/GitHub/TaskTide/tasktide/itemstore/ItemStore-Mutex/Queue/1770749526309.127-0-1-1_17c7873b-ab53-4f37-877b-eda907c02f1f_49f725b5-f5ae-4b4f-b962-a8e00d259499.lock'
2026-02-10 18:52:16.895 INFO  [ main -> org.tasktide.itemstore.mutex.orchestrator.MutexOrchestrator.tryAcquireUntilSuccess ]: Process-1416 Completed with counter value:	'0'
2026-02-10 18:52:16.896 INFO  [ main -> org.tasktide.itemstore.mutex.orchestrator.MutexOrchestrator.tryAcquireUntilSuccess ]: Process-1416 Loop terminating with done = 'true', and counter = '0'
2026-02-10 18:52:16.906 INFO  [ main -> org.tasktide.itemstore.mutex.LockActionReleaseApp.main ]: APP-Writing '6' to data file:	'/mnt/c/Users/Brendan Kenna/GitHub/TaskTide/tasktide/itemstore/ItemStore-Mutex/multi-process.txt'
2026-02-10 18:52:16.915 INFO  [ main -> org.tasktide.itemstore.mutex.LockActionReleaseApp.main ]: APP-Record written, releasing lock
2026-02-10 18:52:16.917 INFO  [ main -> org.tasktide.itemstore.mutex.orchestrator.MutexOrchestrator.releaseLock ]: Releasing active lock
2026-02-10 18:52:16.918 INFO  [ main -> org.tasktide.itemstore.mutex.orchestrator.MutexOrchestrator.releaseActiveLock ]: Releasing FileChannel mutex
2026-02-10 18:52:16.933 WARN  [ main -> org.tasktide.itemstore.mutex.strategy.ElectionStrategy.evaluateLeaderTtl ]: Removing below stale leader status:	'true'

'/mnt/c/Users/Brendan Kenna/GitHub/TaskTide/tasktide/itemstore/ItemStore-Mutex/Queue/1770749526508.127-0-1-1_f62617b9-1f9f-4aa1-b9af-dc6687dc2119_20476eee-b8b3-4e64-8107-8f148eae0d5f.lock'
2026-02-10 18:52:17.028 INFO  [ main -> org.tasktide.itemstore.mutex.strategy.ElectionStrategy.waitUntilLeader ]: Leadership acquired:	'1ece435f-517d-42ef-962e-434d0b95bf5b'
2026-02-10 18:52:17.029 WARN  [ main -> org.tasktide.itemstore.mutex.strategy.ElectionStrategy.waitUntilLeader ]: Unable to verifiy leadership:	'90946a93-1b57-4c35-958b-5e7ac3394563'
2026-02-10 18:52:17.031 INFO  [ main -> org.tasktide.itemstore.mutex.strategy.ElectionStrategy.waitUntilLeader ]: Verifying leadership:	'1ece435f-517d-42ef-962e-434d0b95bf5b'
2026-02-10 18:52:17.051 INFO  [ main -> org.tasktide.itemstore.mutex.strategy.ElectionStrategy.evaluateLeaderTtl ]: Leader passed TTL check-in:	'/mnt/c/Users/Brendan Kenna/GitHub/TaskTide/tasktide/itemstore/ItemStore-Mutex/Queue/1770749528234.127-0-1-1_29d4f30a-001e-4148-8db8-b0af27d849e4_77bb6e18-e26b-457c-9a4b-802ee7fe23f6.lock'
2026-02-10 18:52:17.052 INFO  [ main -> org.tasktide.itemstore.mutex.strategy.ElectionStrategy.waitUntilLeader ]: Resetting predecessor:	'2b3b2ec9-09ca-4eda-8fdf-abb4f06ee75b'
2026-02-10 18:52:17.198 INFO  [ main -> org.tasktide.itemstore.mutex.strategy.ElectionStrategy.evaluateLeaderTtl ]: Leader passed TTL check-in:	'/mnt/c/Users/Brendan Kenna/GitHub/TaskTide/tasktide/itemstore/ItemStore-Mutex/Queue/1770749528234.127-0-1-1_29d4f30a-001e-4148-8db8-b0af27d849e4_77bb6e18-e26b-457c-9a4b-802ee7fe23f6.lock'
2026-02-10 18:52:17.199 INFO  [ main -> org.tasktide.itemstore.mutex.strategy.ElectionStrategy.waitUntilLeader ]: Resetting predecessor:	'8c35da5e-40ce-4683-adfe-e996f42d46f8'
2026-02-10 18:52:17.250 INFO  [ main -> org.tasktide.itemstore.mutex.strategy.ElectionStrategy.evaluateLeaderTtl ]: Leader passed TTL check-in:	'/mnt/c/Users/Brendan Kenna/GitHub/TaskTide/tasktide/itemstore/ItemStore-Mutex/Queue/1770749528234.127-0-1-1_29d4f30a-001e-4148-8db8-b0af27d849e4_77bb6e18-e26b-457c-9a4b-802ee7fe23f6.lock'
2026-02-10 18:52:17.252 INFO  [ main -> org.tasktide.itemstore.mutex.strategy.ElectionStrategy.waitUntilLeader ]: Resetting predecessor:	'483588d0-7fe9-4775-bce7-6891cd0f7f9f'
2026-02-10 18:52:17.374 INFO  [ main -> org.tasktide.itemstore.mutex.orchestrator.MutexOrchestrator.releaseActiveLock ]: Releasing NFS mutex:
'{
    "Election File": "/mnt/c/Users/Brendan Kenna/GitHub/TaskTide/tasktide/itemstore/ItemStore-Mutex/Queue/1770749525531.127-0-1-1_79953efe-d32d-4942-85e2-d704d978c820_0e9ad9e9-d58d-4119-815f-8ecbae72d253.lock",
    "End Jitter": "PT0.487S",
    "Host File": "/mnt/c/Users/Brendan Kenna/GitHub/TaskTide/tasktide/itemstore/ItemStore-Mutex/Host-Lock/1770749502698.127-0-1-1_79953efe-d32d-4942-85e2-d704d978c820.lock",
    "Id": "bdb525bd-18ed-409f-928d-5adc4bd9a4dc",
    "Lock Dir": "/mnt/c/Users/Brendan Kenna/GitHub/TaskTide/tasktide/itemstore/ItemStore-Mutex",
    "Lock File": "/mnt/c/Users/Brendan Kenna/GitHub/TaskTide/tasktide/itemstore/ItemStore-Mutex/lock-file.lock",
    "Mutex State": "LOCKED",
    "Retry Interval": "PT0.022S",
    "Stale File Threshold": "PT10S",
    "Start Jitter": "PT0.121S",
    "Timestamp": 1770749525531
}'
2026-02-10 18:52:17.382 INFO  [ main -> org.tasktide.itemstore.mutex.LockActionReleaseApp.main ]: APP-Lock released, test complete
2026-02-10 18:52:17.451 INFO  [ main -> org.tasktide.itemstore.mutex.strategy.ElectionStrategy.waitUntilLeader ]: Recasting ballot:	'50a0f249-d7fc-4005-a1d1-e88ac4cb8031'
2026-02-10 18:52:17.464 INFO  [ main -> org.tasktide.itemstore.mutex.strategy.ElectionStrategy.waitUntilLeader ]: Leadership verified:	'1ece435f-517d-42ef-962e-434d0b95bf5b'
2026-02-10 18:52:17.465 DEBUG [ main -> org.tasktide.itemstore.mutex.strategy.ElectionStrategy.apply ]: Active leader with Id:	'1ece435f-517d-42ef-962e-434d0b95bf5b'
2026-02-10 18:52:17.466 DEBUG [ main -> org.tasktide.itemstore.mutex.strategy.ElectionStrategy.apply ]: State set, writing mutex for:	'1ece435f-517d-42ef-962e-434d0b95bf5b'
2026-02-10 18:52:17.518 INFO  [ main -> org.tasktide.itemstore.mutex.strategy.ElectionStrategy.evaluateLeaderTtl ]: Leader passed TTL check-in:	'/mnt/c/Users/Brendan Kenna/GitHub/TaskTide/tasktide/itemstore/ItemStore-Mutex/Queue/1770749528605.127-0-1-1_40954ea3-608b-4aec-90b6-ef51319402b4_02a3bbe6-d124-42d0-afc8-fb03fe96d44d.lock'
2026-02-10 18:52:17.520 INFO  [ main -> org.tasktide.itemstore.mutex.strategy.ElectionStrategy.waitUntilLeader ]: Resetting predecessor:	'483588d0-7fe9-4775-bce7-6891cd0f7f9f'
2026-02-10 18:52:17.522 INFO  [ main -> org.tasktide.itemstore.mutex.strategy.ElectionStrategy.evaluateLeaderTtl ]: Leader passed TTL check-in:	'/mnt/c/Users/Brendan Kenna/GitHub/TaskTide/tasktide/itemstore/ItemStore-Mutex/Queue/1770749528605.127-0-1-1_40954ea3-608b-4aec-90b6-ef51319402b4_02a3bbe6-d124-42d0-afc8-fb03fe96d44d.lock'
2026-02-10 18:52:17.524 INFO  [ main -> org.tasktide.itemstore.mutex.strategy.ElectionStrategy.waitUntilLeader ]: Resetting predecessor:	'2b3b2ec9-09ca-4eda-8fdf-abb4f06ee75b'
2026-02-10 18:52:17.544 DEBUG [ main -> org.tasktide.itemstore.mutex.strategy.ElectionStrategy.apply ]: Mutex written for:	'1ece435f-517d-42ef-962e-434d0b95bf5b'
2026-02-10 18:52:17.626 INFO  [ main -> org.tasktide.itemstore.mutex.orchestrator.MutexOrchestrator.performLock ]: NFS Lock acquired for:	'1ece435f-517d-42ef-962e-434d0b95bf5b'
2026-02-10 18:52:17.628 INFO  [ main -> org.tasktide.itemstore.mutex.orchestrator.MutexOrchestrator.performLock ]: Confirming leadership:	'1ece435f-517d-42ef-962e-434d0b95bf5b'
2026-02-10 18:52:17.697 INFO  [ main -> org.tasktide.itemstore.mutex.strategy.ElectionStrategy.evaluateLeaderTtl ]: Leader passed TTL check-in:	'/mnt/c/Users/Brendan Kenna/GitHub/TaskTide/tasktide/itemstore/ItemStore-Mutex/Queue/1770749528234.127-0-1-1_29d4f30a-001e-4148-8db8-b0af27d849e4_77bb6e18-e26b-457c-9a4b-802ee7fe23f6.lock'
2026-02-10 18:52:17.698 INFO  [ main -> org.tasktide.itemstore.mutex.strategy.ElectionStrategy.waitUntilLeader ]: Resetting predecessor:	'8c35da5e-40ce-4683-adfe-e996f42d46f8'
2026-02-10 18:52:17.760 INFO  [ main -> org.tasktide.itemstore.mutex.strategy.ElectionStrategy.waitUntilLeader ]: Recasting ballot:	'a32d8a85-bfe8-4e7f-8b1f-7ea29ca727df'
2026-02-10 18:52:17.813 INFO  [ main -> org.tasktide.itemstore.mutex.strategy.ElectionStrategy.evaluateLeaderTtl ]: Leader passed TTL check-in:	'/mnt/c/Users/Brendan Kenna/GitHub/TaskTide/tasktide/itemstore/ItemStore-Mutex/Queue/1770749528234.127-0-1-1_29d4f30a-001e-4148-8db8-b0af27d849e4_77bb6e18-e26b-457c-9a4b-802ee7fe23f6.lock'
2026-02-10 18:52:17.815 INFO  [ main -> org.tasktide.itemstore.mutex.strategy.ElectionStrategy.waitUntilLeader ]: Resetting predecessor:	'483588d0-7fe9-4775-bce7-6891cd0f7f9f'
2026-02-10 18:52:17.852 INFO  [ main -> org.tasktide.itemstore.mutex.strategy.ElectionStrategy.waitUntilLeader ]: Recasting ballot:	'f255fe3b-128a-4f3a-b02e-0d9de0ef33d1'
2026-02-10 18:52:17.925 INFO  [ main -> org.tasktide.itemstore.mutex.strategy.ElectionStrategy.evaluateLeaderTtl ]: Leader passed TTL check-in:	'/mnt/c/Users/Brendan Kenna/GitHub/TaskTide/tasktide/itemstore/ItemStore-Mutex/Queue/1770749528234.127-0-1-1_29d4f30a-001e-4148-8db8-b0af27d849e4_77bb6e18-e26b-457c-9a4b-802ee7fe23f6.lock'
2026-02-10 18:52:17.927 INFO  [ main -> org.tasktide.itemstore.mutex.strategy.ElectionStrategy.waitUntilLeader ]: Resetting predecessor:	'2b3b2ec9-09ca-4eda-8fdf-abb4f06ee75b'
2026-02-10 18:52:18.074 INFO  [ main -> org.tasktide.itemstore.mutex.strategy.ElectionStrategy.evaluateLeaderTtl ]: Leader passed TTL check-in:	'/mnt/c/Users/Brendan Kenna/GitHub/TaskTide/tasktide/itemstore/ItemStore-Mutex/Queue/1770749528234.127-0-1-1_29d4f30a-001e-4148-8db8-b0af27d849e4_77bb6e18-e26b-457c-9a4b-802ee7fe23f6.lock'
2026-02-10 18:52:18.077 INFO  [ main -> org.tasktide.itemstore.mutex.strategy.ElectionStrategy.waitUntilLeader ]: Resetting predecessor:	'483588d0-7fe9-4775-bce7-6891cd0f7f9f'
2026-02-10 18:52:18.189 INFO  [ main -> org.tasktide.itemstore.mutex.strategy.ElectionStrategy.evaluateLeaderTtl ]: Leader passed TTL check-in:	'/mnt/c/Users/Brendan Kenna/GitHub/TaskTide/tasktide/itemstore/ItemStore-Mutex/Queue/1770749528234.127-0-1-1_29d4f30a-001e-4148-8db8-b0af27d849e4_77bb6e18-e26b-457c-9a4b-802ee7fe23f6.lock'
2026-02-10 18:52:18.191 INFO  [ main -> org.tasktide.itemstore.mutex.strategy.ElectionStrategy.waitUntilLeader ]: Resetting predecessor:	'8c35da5e-40ce-4683-adfe-e996f42d46f8'
2026-02-10 18:52:18.385 INFO  [ main -> org.tasktide.itemstore.mutex.strategy.ElectionStrategy.evaluateLeaderTtl ]: Leader passed TTL check-in:	'/mnt/c/Users/Brendan Kenna/GitHub/TaskTide/tasktide/itemstore/ItemStore-Mutex/Queue/1770749528234.127-0-1-1_29d4f30a-001e-4148-8db8-b0af27d849e4_77bb6e18-e26b-457c-9a4b-802ee7fe23f6.lock'
2026-02-10 18:52:18.386 INFO  [ main -> org.tasktide.itemstore.mutex.strategy.ElectionStrategy.waitUntilLeader ]: Resetting predecessor:	'2b3b2ec9-09ca-4eda-8fdf-abb4f06ee75b'
2026-02-10 18:52:18.386 INFO  [ main -> org.tasktide.itemstore.mutex.strategy.ElectionStrategy.evaluateLeaderTtl ]: Leader passed TTL check-in:	'/mnt/c/Users/Brendan Kenna/GitHub/TaskTide/tasktide/itemstore/ItemStore-Mutex/Queue/1770749528234.127-0-1-1_29d4f30a-001e-4148-8db8-b0af27d849e4_77bb6e18-e26b-457c-9a4b-802ee7fe23f6.lock'
2026-02-10 18:52:18.388 INFO  [ main -> org.tasktide.itemstore.mutex.strategy.ElectionStrategy.waitUntilLeader ]: Resetting predecessor:	'483588d0-7fe9-4775-bce7-6891cd0f7f9f'
2026-02-10 18:52:18.597 INFO  [ main -> org.tasktide.itemstore.mutex.strategy.ElectionStrategy.waitUntilLeader ]: Recasting ballot:	'90946a93-1b57-4c35-958b-5e7ac3394563'
2026-02-10 18:52:18.605 INFO  [ main -> org.tasktide.itemstore.mutex.orchestrator.MutexOrchestrator.confirmLeader ]: Leadership confirmed:	'1ece435f-517d-42ef-962e-434d0b95bf5b'
2026-02-10 18:52:18.606 INFO  [ main -> org.tasktide.itemstore.mutex.orchestrator.MutexOrchestrator.performLock ]: Leadership confirmed:	'1ece435f-517d-42ef-962e-434d0b95bf5b'
2026-02-10 18:52:18.607 INFO  [ main -> org.tasktide.itemstore.mutex.orchestrator.MutexOrchestrator.performLock ]: Waiting for FileChannel lock for:	'1ece435f-517d-42ef-962e-434d0b95bf5b'
2026-02-10 18:52:18.686 WARN  [ main -> org.tasktide.itemstore.mutex.strategy.ElectionStrategy.evaluateLeaderTtl ]: Removing below stale leader status:	'true'

'/mnt/c/Users/Brendan Kenna/GitHub/TaskTide/tasktide/itemstore/ItemStore-Mutex/Queue/1770749528234.127-0-1-1_29d4f30a-001e-4148-8db8-b0af27d849e4_77bb6e18-e26b-457c-9a4b-802ee7fe23f6.lock'
2026-02-10 18:52:18.686 WARN  [ main -> org.tasktide.itemstore.mutex.strategy.ElectionStrategy.evaluateLeaderTtl ]: Removing below stale leader status:	'true'

'/mnt/c/Users/Brendan Kenna/GitHub/TaskTide/tasktide/itemstore/ItemStore-Mutex/Queue/1770749528234.127-0-1-1_29d4f30a-001e-4148-8db8-b0af27d849e4_77bb6e18-e26b-457c-9a4b-802ee7fe23f6.lock'
2026-02-10 18:52:18.825 INFO  [ main -> org.tasktide.itemstore.mutex.strategy.ElectionStrategy.evaluateLeaderTtl ]: Leader passed TTL check-in:	'/mnt/c/Users/Brendan Kenna/GitHub/TaskTide/tasktide/itemstore/ItemStore-Mutex/Queue/1770749528605.127-0-1-1_40954ea3-608b-4aec-90b6-ef51319402b4_02a3bbe6-d124-42d0-afc8-fb03fe96d44d.lock'
2026-02-10 18:52:18.828 INFO  [ main -> org.tasktide.itemstore.mutex.strategy.ElectionStrategy.waitUntilLeader ]: Resetting predecessor:	'2b3b2ec9-09ca-4eda-8fdf-abb4f06ee75b'
2026-02-10 18:52:18.920 INFO  [ main -> org.tasktide.itemstore.mutex.strategy.ElectionStrategy.evaluateLeaderTtl ]: Leader passed TTL check-in:	'/mnt/c/Users/Brendan Kenna/GitHub/TaskTide/tasktide/itemstore/ItemStore-Mutex/Queue/1770749528605.127-0-1-1_40954ea3-608b-4aec-90b6-ef51319402b4_02a3bbe6-d124-42d0-afc8-fb03fe96d44d.lock'
2026-02-10 18:52:18.921 INFO  [ main -> org.tasktide.itemstore.mutex.strategy.ElectionStrategy.waitUntilLeader ]: Resetting predecessor:	'bf4185b2-c54b-4264-98a6-f98c39ffd431'
2026-02-10 18:52:18.931 INFO  [ main -> org.tasktide.itemstore.mutex.strategy.ElectionStrategy.evaluateLeaderTtl ]: Leader passed TTL check-in:	'/mnt/c/Users/Brendan Kenna/GitHub/TaskTide/tasktide/itemstore/ItemStore-Mutex/Queue/1770749528605.127-0-1-1_40954ea3-608b-4aec-90b6-ef51319402b4_02a3bbe6-d124-42d0-afc8-fb03fe96d44d.lock'
2026-02-10 18:52:18.934 INFO  [ main -> org.tasktide.itemstore.mutex.strategy.ElectionStrategy.waitUntilLeader ]: Resetting predecessor:	'483588d0-7fe9-4775-bce7-6891cd0f7f9f'
2026-02-10 18:52:18.977 INFO  [ main -> org.tasktide.itemstore.mutex.strategy.ElectionStrategy.waitUntilLeader ]: Recasting ballot:	'c76957d2-091c-4b63-adc4-f1723b532569'
2026-02-10 18:52:19.113 INFO  [ main -> org.tasktide.itemstore.mutex.strategy.ElectionStrategy.waitUntilLeader ]: Leadership acquired:	'8c35da5e-40ce-4683-adfe-e996f42d46f8'
2026-02-10 18:52:19.115 INFO  [ main -> org.tasktide.itemstore.mutex.strategy.ElectionStrategy.waitUntilLeader ]: Verifying leadership:	'8c35da5e-40ce-4683-adfe-e996f42d46f8'
2026-02-10 18:52:19.239 INFO  [ main -> org.tasktide.itemstore.mutex.strategy.ElectionStrategy.waitUntilLeader ]: Recasting ballot:	'483588d0-7fe9-4775-bce7-6891cd0f7f9f'
2026-02-10 18:52:19.252 WARN  [ main -> org.tasktide.itemstore.mutex.strategy.ElectionStrategy.evaluateLeaderTtl ]: Removing below stale leader status:	'true'

'/mnt/c/Users/Brendan Kenna/GitHub/TaskTide/tasktide/itemstore/ItemStore-Mutex/Queue/1770749528605.127-0-1-1_40954ea3-608b-4aec-90b6-ef51319402b4_02a3bbe6-d124-42d0-afc8-fb03fe96d44d.lock'
2026-02-10 18:52:19.307 INFO  [ main -> org.tasktide.itemstore.mutex.strategy.ElectionStrategy.evaluateLeaderTtl ]: Leader passed TTL check-in:	'/mnt/c/Users/Brendan Kenna/GitHub/TaskTide/tasktide/itemstore/ItemStore-Mutex/Queue/1770749529626.127-0-1-1_7493e205-2a85-4042-90a6-359128af69fe_2b3b2ec9-09ca-4eda-8fdf-abb4f06ee75b.lock'
2026-02-10 18:52:19.308 INFO  [ main -> org.tasktide.itemstore.mutex.strategy.ElectionStrategy.waitUntilLeader ]: Resetting predecessor:	'f42cea71-10b1-4a44-a74a-e91c395bd881'
2026-02-10 18:52:19.318 INFO  [ main -> org.tasktide.itemstore.mutex.strategy.ElectionStrategy.evaluateLeaderTtl ]: Leader passed TTL check-in:	'/mnt/c/Users/Brendan Kenna/GitHub/TaskTide/tasktide/itemstore/ItemStore-Mutex/Queue/1770749529626.127-0-1-1_7493e205-2a85-4042-90a6-359128af69fe_2b3b2ec9-09ca-4eda-8fdf-abb4f06ee75b.lock'
2026-02-10 18:52:19.319 INFO  [ main -> org.tasktide.itemstore.mutex.strategy.ElectionStrategy.waitUntilLeader ]: Resetting predecessor:	'f0934e79-0373-490f-9a55-459e76a6ab89'
2026-02-10 18:52:19.320 INFO  [ main -> org.tasktide.itemstore.mutex.strategy.ElectionStrategy.evaluateLeaderTtl ]: Leader passed TTL check-in:	'/mnt/c/Users/Brendan Kenna/GitHub/TaskTide/tasktide/itemstore/ItemStore-Mutex/Queue/1770749529626.127-0-1-1_7493e205-2a85-4042-90a6-359128af69fe_2b3b2ec9-09ca-4eda-8fdf-abb4f06ee75b.lock'
2026-02-10 18:52:19.321 INFO  [ main -> org.tasktide.itemstore.mutex.strategy.ElectionStrategy.waitUntilLeader ]: Resetting predecessor:	'bf4185b2-c54b-4264-98a6-f98c39ffd431'
2026-02-10 18:52:19.570 INFO  [ main -> org.tasktide.itemstore.mutex.strategy.ElectionStrategy.waitUntilLeader ]: Recasting ballot:	'489b3173-aefe-4f44-bad3-9ab3f438f9d0'
2026-02-10 18:52:19.588 INFO  [ main -> org.tasktide.itemstore.mutex.strategy.ElectionStrategy.evaluateLeaderTtl ]: Leader passed TTL check-in:	'/mnt/c/Users/Brendan Kenna/GitHub/TaskTide/tasktide/itemstore/ItemStore-Mutex/Queue/1770749529626.127-0-1-1_7493e205-2a85-4042-90a6-359128af69fe_2b3b2ec9-09ca-4eda-8fdf-abb4f06ee75b.lock'
2026-02-10 18:52:19.590 INFO  [ main -> org.tasktide.itemstore.mutex.strategy.ElectionStrategy.waitUntilLeader ]: Resetting predecessor:	'f42cea71-10b1-4a44-a74a-e91c395bd881'
2026-02-10 18:52:19.644 WARN  [ main -> org.tasktide.itemstore.mutex.strategy.ElectionStrategy.waitUntilLeader ]: Unable to verifiy leadership:	'8c35da5e-40ce-4683-adfe-e996f42d46f8'
2026-02-10 18:52:19.686 INFO  [ main -> org.tasktide.itemstore.mutex.strategy.ElectionStrategy.waitUntilLeader ]: Leadership acquired:	'2b3b2ec9-09ca-4eda-8fdf-abb4f06ee75b'
2026-02-10 18:52:19.688 INFO  [ main -> org.tasktide.itemstore.mutex.strategy.ElectionStrategy.waitUntilLeader ]: Verifying leadership:	'2b3b2ec9-09ca-4eda-8fdf-abb4f06ee75b'
2026-02-10 18:52:19.712 INFO  [ main -> org.tasktide.itemstore.mutex.strategy.ElectionStrategy.evaluateLeaderTtl ]: Leader passed TTL check-in:	'/mnt/c/Users/Brendan Kenna/GitHub/TaskTide/tasktide/itemstore/ItemStore-Mutex/Queue/1770749529626.127-0-1-1_7493e205-2a85-4042-90a6-359128af69fe_2b3b2ec9-09ca-4eda-8fdf-abb4f06ee75b.lock'
2026-02-10 18:52:19.714 INFO  [ main -> org.tasktide.itemstore.mutex.strategy.ElectionStrategy.waitUntilLeader ]: Resetting predecessor:	'bf4185b2-c54b-4264-98a6-f98c39ffd431'
2026-02-10 18:52:19.729 INFO  [ main -> org.tasktide.itemstore.mutex.strategy.ElectionStrategy.evaluateLeaderTtl ]: Leader passed TTL check-in:	'/mnt/c/Users/Brendan Kenna/GitHub/TaskTide/tasktide/itemstore/ItemStore-Mutex/Queue/1770749529626.127-0-1-1_7493e205-2a85-4042-90a6-359128af69fe_2b3b2ec9-09ca-4eda-8fdf-abb4f06ee75b.lock'
2026-02-10 18:52:19.732 INFO  [ main -> org.tasktide.itemstore.mutex.strategy.ElectionStrategy.waitUntilLeader ]: Resetting predecessor:	'f0934e79-0373-490f-9a55-459e76a6ab89'
2026-02-10 18:52:19.766 INFO  [ main -> org.tasktide.itemstore.mutex.strategy.ElectionStrategy.waitUntilLeader ]: Recasting ballot:	'84139ab3-ec85-4a3d-8bf5-4114599bb2c2'
2026-02-10 18:52:19.804 INFO  [ main -> org.tasktide.itemstore.mutex.strategy.ElectionStrategy.evaluateLeaderTtl ]: Leader passed TTL check-in:	'/mnt/c/Users/Brendan Kenna/GitHub/TaskTide/tasktide/itemstore/ItemStore-Mutex/Queue/1770749529626.127-0-1-1_7493e205-2a85-4042-90a6-359128af69fe_2b3b2ec9-09ca-4eda-8fdf-abb4f06ee75b.lock'
2026-02-10 18:52:19.805 INFO  [ main -> org.tasktide.itemstore.mutex.strategy.ElectionStrategy.waitUntilLeader ]: Resetting predecessor:	'f42cea71-10b1-4a44-a74a-e91c395bd881'
2026-02-10 18:52:19.907 INFO  [ main -> org.tasktide.itemstore.mutex.orchestrator.MutexOrchestrator.performLock ]: File Channel Lock acquired for:	'1ece435f-517d-42ef-962e-434d0b95bf5b'
2026-02-10 18:52:19.909 INFO  [ main -> org.tasktide.itemstore.mutex.orchestrator.MutexOrchestrator.performLock ]: Lock successful for:	'1ece435f-517d-42ef-962e-434d0b95bf5b'
2026-02-10 18:52:19.913 INFO  [ main -> org.tasktide.itemstore.mutex.orchestrator.MutexOrchestrator.tryAcquireUntilSuccess ]: Process-1022 Completed with counter value:	'1'
2026-02-10 18:52:19.916 INFO  [ main -> org.tasktide.itemstore.mutex.orchestrator.MutexOrchestrator.tryAcquireUntilSuccess ]: Process-1022 Loop terminating with done = 'true', and counter = '1'
2026-02-10 18:52:19.930 INFO  [ main -> org.tasktide.itemstore.mutex.LockActionReleaseApp.main ]: APP-Writing '7' to data file:	'/mnt/c/Users/Brendan Kenna/GitHub/TaskTide/tasktide/itemstore/ItemStore-Mutex/multi-process.txt'
2026-02-10 18:52:19.937 INFO  [ main -> org.tasktide.itemstore.mutex.LockActionReleaseApp.main ]: APP-Record written, releasing lock
2026-02-10 18:52:19.938 INFO  [ main -> org.tasktide.itemstore.mutex.orchestrator.MutexOrchestrator.releaseLock ]: Releasing active lock
2026-02-10 18:52:19.939 INFO  [ main -> org.tasktide.itemstore.mutex.orchestrator.MutexOrchestrator.releaseActiveLock ]: Releasing FileChannel mutex
2026-02-10 18:52:20.065 INFO  [ main -> org.tasktide.itemstore.mutex.strategy.ElectionStrategy.waitUntilLeader ]: Leadership verified:	'2b3b2ec9-09ca-4eda-8fdf-abb4f06ee75b'
2026-02-10 18:52:20.067 DEBUG [ main -> org.tasktide.itemstore.mutex.strategy.ElectionStrategy.apply ]: Active leader with Id:	'2b3b2ec9-09ca-4eda-8fdf-abb4f06ee75b'
2026-02-10 18:52:20.068 DEBUG [ main -> org.tasktide.itemstore.mutex.strategy.ElectionStrategy.apply ]: State set, writing mutex for:	'2b3b2ec9-09ca-4eda-8fdf-abb4f06ee75b'
2026-02-10 18:52:20.076 WARN  [ main -> org.tasktide.itemstore.mutex.strategy.ElectionStrategy.evaluateLeaderTtl ]: Removing below stale leader status:	'true'

'/mnt/c/Users/Brendan Kenna/GitHub/TaskTide/tasktide/itemstore/ItemStore-Mutex/Queue/1770749529626.127-0-1-1_7493e205-2a85-4042-90a6-359128af69fe_2b3b2ec9-09ca-4eda-8fdf-abb4f06ee75b.lock'
2026-02-10 18:52:20.106 INFO  [ main -> org.tasktide.itemstore.mutex.strategy.ElectionStrategy.evaluateLeaderTtl ]: Leader passed TTL check-in:	'/mnt/c/Users/Brendan Kenna/GitHub/TaskTide/tasktide/itemstore/ItemStore-Mutex/Queue/1770749530187.127-0-1-1_c3c67d8b-9c76-45f3-ba75-d4d621129dd2_bf4185b2-c54b-4264-98a6-f98c39ffd431.lock'
2026-02-10 18:52:20.108 INFO  [ main -> org.tasktide.itemstore.mutex.strategy.ElectionStrategy.waitUntilLeader ]: Resetting predecessor:	'bf4185b2-c54b-4264-98a6-f98c39ffd431'
2026-02-10 18:52:20.167 DEBUG [ main -> org.tasktide.itemstore.mutex.strategy.ElectionStrategy.apply ]: Mutex written for:	'2b3b2ec9-09ca-4eda-8fdf-abb4f06ee75b'
2026-02-10 18:52:20.176 INFO  [ main -> org.tasktide.itemstore.mutex.strategy.ElectionStrategy.evaluateLeaderTtl ]: Leader passed TTL check-in:	'/mnt/c/Users/Brendan Kenna/GitHub/TaskTide/tasktide/itemstore/ItemStore-Mutex/Queue/1770749530187.127-0-1-1_c3c67d8b-9c76-45f3-ba75-d4d621129dd2_bf4185b2-c54b-4264-98a6-f98c39ffd431.lock'
2026-02-10 18:52:20.178 INFO  [ main -> org.tasktide.itemstore.mutex.strategy.ElectionStrategy.waitUntilLeader ]: Resetting predecessor:	'f42cea71-10b1-4a44-a74a-e91c395bd881'
2026-02-10 18:52:20.226 INFO  [ main -> org.tasktide.itemstore.mutex.orchestrator.MutexOrchestrator.performLock ]: NFS Lock acquired for:	'2b3b2ec9-09ca-4eda-8fdf-abb4f06ee75b'
2026-02-10 18:52:20.227 INFO  [ main -> org.tasktide.itemstore.mutex.orchestrator.MutexOrchestrator.performLock ]: Confirming leadership:	'2b3b2ec9-09ca-4eda-8fdf-abb4f06ee75b'
2026-02-10 18:52:20.389 INFO  [ main -> org.tasktide.itemstore.mutex.strategy.ElectionStrategy.waitUntilLeader ]: Recasting ballot:	'2b48f459-5f82-40fe-924d-12921c893fe4'
2026-02-10 18:52:20.419 INFO  [ main -> org.tasktide.itemstore.mutex.orchestrator.MutexOrchestrator.releaseActiveLock ]: Releasing NFS mutex:
'{
    "Election File": "/mnt/c/Users/Brendan Kenna/GitHub/TaskTide/tasktide/itemstore/ItemStore-Mutex/Queue/1770749528234.127-0-1-1_29d4f30a-001e-4148-8db8-b0af27d849e4_77bb6e18-e26b-457c-9a4b-802ee7fe23f6.lock",
    "End Jitter": "PT0.473S",
    "Host File": "/mnt/c/Users/Brendan Kenna/GitHub/TaskTide/tasktide/itemstore/ItemStore-Mutex/Host-Lock/1770749517366.127-0-1-1_29d4f30a-001e-4148-8db8-b0af27d849e4.lock",
    "Id": "1ece435f-517d-42ef-962e-434d0b95bf5b",
    "Lock Dir": "/mnt/c/Users/Brendan Kenna/GitHub/TaskTide/tasktide/itemstore/ItemStore-Mutex",
    "Lock File": "/mnt/c/Users/Brendan Kenna/GitHub/TaskTide/tasktide/itemstore/ItemStore-Mutex/lock-file.lock",
    "Mutex State": "LOCKED",
    "Retry Interval": "PT0.146S",
    "Stale File Threshold": "PT10S",
    "Start Jitter": "PT0.358S",
    "Timestamp": 1770749528234
}'
2026-02-10 18:52:20.439 INFO  [ main -> org.tasktide.itemstore.mutex.LockActionReleaseApp.main ]: APP-Lock released, test complete
2026-02-10 18:52:20.474 WARN  [ main -> org.tasktide.itemstore.mutex.strategy.ElectionStrategy.evaluateLeaderTtl ]: Removing below stale leader status:	'true'

'/mnt/c/Users/Brendan Kenna/GitHub/TaskTide/tasktide/itemstore/ItemStore-Mutex/Queue/1770749529626.127-0-1-1_7493e205-2a85-4042-90a6-359128af69fe_2b3b2ec9-09ca-4eda-8fdf-abb4f06ee75b.lock'
2026-02-10 18:52:20.475 WARN  [ main -> org.tasktide.itemstore.mutex.strategy.ElectionStrategy.evaluateLeaderTtl ]: Removing below stale leader status:	'true'

'/mnt/c/Users/Brendan Kenna/GitHub/TaskTide/tasktide/itemstore/ItemStore-Mutex/Queue/1770749529626.127-0-1-1_7493e205-2a85-4042-90a6-359128af69fe_2b3b2ec9-09ca-4eda-8fdf-abb4f06ee75b.lock'
2026-02-10 18:52:20.575 WARN  [ main -> org.tasktide.itemstore.mutex.strategy.ElectionStrategy.evaluateLeaderTtl ]: Removing below stale leader status:	'true'

'/mnt/c/Users/Brendan Kenna/GitHub/TaskTide/tasktide/itemstore/ItemStore-Mutex/Queue/1770749530187.127-0-1-1_c3c67d8b-9c76-45f3-ba75-d4d621129dd2_bf4185b2-c54b-4264-98a6-f98c39ffd431.lock'
2026-02-10 18:52:20.578 WARN  [ main -> org.tasktide.itemstore.mutex.strategy.ElectionStrategy.evaluateLeaderTtl ]: Error verifiying leader TTL:	'/mnt/c/Users/Brendan Kenna/GitHub/TaskTide/tasktide/itemstore/ItemStore-Mutex/Queue/1770749530187.127-0-1-1_c3c67d8b-9c76-45f3-ba75-d4d621129dd2_bf4185b2-c54b-4264-98a6-f98c39ffd431.lock'
'java.util.NoSuchElementException: No value present'
2026-02-10 18:52:20.645 DEBUG [ main -> org.tasktide.itemstore.mutex.orchestrator.MutexOrchestrator.cleanUp ]: Cleaning up lock file:	'2b3b2ec9-09ca-4eda-8fdf-abb4f06ee75b'
2026-02-10 18:52:20.649 WARN  [ main -> org.tasktide.itemstore.FileUtility.dropFile ]: Warning provided path does not exist, unable to delete:
'/mnt/c/Users/Brendan Kenna/GitHub/TaskTide/tasktide/itemstore/ItemStore-Mutex/lock-file.lock'

2026-02-10 18:52:20.651 WARN  [ main -> org.tasktide.itemstore.FileUtility.dropFile ]: Warning could not delete target file, displaying error:	'/mnt/c/Users/Brendan Kenna/GitHub/TaskTide/tasktide/itemstore/ItemStore-Mutex/lock-file.lock'
java.nio.file.NoSuchFileException: /mnt/c/Users/Brendan Kenna/GitHub/TaskTide/tasktide/itemstore/ItemStore-Mutex/lock-file.lock
	at sun.nio.fs.UnixException.translateToIOException(UnixException.java:92) ~[?:?]
	at sun.nio.fs.UnixException.rethrowAsIOException(UnixException.java:106) ~[?:?]
	at sun.nio.fs.UnixException.rethrowAsIOException(UnixException.java:111) ~[?:?]
	at sun.nio.fs.UnixFileSystemProvider.implDelete(UnixFileSystemProvider.java:248) ~[?:?]
	at sun.nio.fs.AbstractFileSystemProvider.delete(AbstractFileSystemProvider.java:105) ~[?:?]
	at java.nio.file.Files.delete(Files.java:1152) ~[?:?]
	at org.tasktide.itemstore.FileUtility.dropFile(FileUtility.java:132) [main/:?]
	at org.tasktide.itemstore.mutex.orchestrator.MutexOrchestrator.cleanUp(MutexOrchestrator.java:387) [main/:?]
	at org.tasktide.itemstore.mutex.orchestrator.MutexOrchestrator.performLock(MutexOrchestrator.java:219) [main/:?]
	at org.tasktide.itemstore.mutex.orchestrator.MutexOrchestrator.acquireLock(MutexOrchestrator.java:135) [main/:?]
	at org.tasktide.itemstore.mutex.orchestrator.MutexOrchestrator.tryAcquireUntilSuccess(MutexOrchestrator.java:154) [main/:?]
	at org.tasktide.itemstore.mutex.LockActionReleaseApp.main(LockActionReleaseApp.java:95) [test/:?]
2026-02-10 18:52:20.654 DEBUG [ main -> org.tasktide.itemstore.mutex.orchestrator.MutexOrchestrator.cleanUp ]: Cleaning up host file:	'2b3b2ec9-09ca-4eda-8fdf-abb4f06ee75b'
2026-02-10 18:52:20.659 WARN  [ main -> org.tasktide.itemstore.FileUtility.dropFile ]: Warning provided path does not exist, unable to delete:
'/mnt/c/Users/Brendan Kenna/GitHub/TaskTide/tasktide/itemstore/ItemStore-Mutex/Host-Lock/1770749529626.127-0-1-1_7493e205-2a85-4042-90a6-359128af69fe.lock'

2026-02-10 18:52:20.663 WARN  [ main -> org.tasktide.itemstore.FileUtility.dropFile ]: Warning could not delete target file, displaying error:	'/mnt/c/Users/Brendan Kenna/GitHub/TaskTide/tasktide/itemstore/ItemStore-Mutex/Host-Lock/1770749529626.127-0-1-1_7493e205-2a85-4042-90a6-359128af69fe.lock'
java.nio.file.NoSuchFileException: /mnt/c/Users/Brendan Kenna/GitHub/TaskTide/tasktide/itemstore/ItemStore-Mutex/Host-Lock/1770749529626.127-0-1-1_7493e205-2a85-4042-90a6-359128af69fe.lock
	at sun.nio.fs.UnixException.translateToIOException(UnixException.java:92) ~[?:?]
	at sun.nio.fs.UnixException.rethrowAsIOException(UnixException.java:106) ~[?:?]
	at sun.nio.fs.UnixException.rethrowAsIOException(UnixException.java:111) ~[?:?]
	at sun.nio.fs.UnixFileSystemProvider.implDelete(UnixFileSystemProvider.java:248) ~[?:?]
	at sun.nio.fs.AbstractFileSystemProvider.delete(AbstractFileSystemProvider.java:105) ~[?:?]
	at java.nio.file.Files.delete(Files.java:1152) ~[?:?]
	at org.tasktide.itemstore.FileUtility.dropFile(FileUtility.java:132) [main/:?]
	at org.tasktide.itemstore.mutex.orchestrator.MutexOrchestrator.cleanUp(MutexOrchestrator.java:392) [main/:?]
	at org.tasktide.itemstore.mutex.orchestrator.MutexOrchestrator.performLock(MutexOrchestrator.java:219) [main/:?]
	at org.tasktide.itemstore.mutex.orchestrator.MutexOrchestrator.acquireLock(MutexOrchestrator.java:135) [main/:?]
	at org.tasktide.itemstore.mutex.orchestrator.MutexOrchestrator.tryAcquireUntilSuccess(MutexOrchestrator.java:154) [main/:?]
	at org.tasktide.itemstore.mutex.LockActionReleaseApp.main(LockActionReleaseApp.java:95) [test/:?]
2026-02-10 18:52:20.667 DEBUG [ main -> org.tasktide.itemstore.mutex.orchestrator.MutexOrchestrator.cleanUp ]: Cleaning up confirm ballot file:	'2b3b2ec9-09ca-4eda-8fdf-abb4f06ee75b'
2026-02-10 18:52:20.668 WARN  [ main -> org.tasktide.itemstore.FileUtility.dropFile ]: Warning provided paths is null, unable to delete:
'null'

2026-02-10 18:52:20.670 DEBUG [ main -> org.tasktide.itemstore.mutex.orchestrator.MutexOrchestrator.cleanUp ]: Cleaning up election file:	'2b3b2ec9-09ca-4eda-8fdf-abb4f06ee75b'
2026-02-10 18:52:20.672 WARN  [ main -> org.tasktide.itemstore.FileUtility.dropFile ]: Warning provided path does not exist, unable to delete:
'/mnt/c/Users/Brendan Kenna/GitHub/TaskTide/tasktide/itemstore/ItemStore-Mutex/Queue/1770749529626.127-0-1-1_7493e205-2a85-4042-90a6-359128af69fe_2b3b2ec9-09ca-4eda-8fdf-abb4f06ee75b.lock'

2026-02-10 18:52:20.675 WARN  [ main -> org.tasktide.itemstore.FileUtility.dropFile ]: Warning could not delete target file, displaying error:	'/mnt/c/Users/Brendan Kenna/GitHub/TaskTide/tasktide/itemstore/ItemStore-Mutex/Queue/1770749529626.127-0-1-1_7493e205-2a85-4042-90a6-359128af69fe_2b3b2ec9-09ca-4eda-8fdf-abb4f06ee75b.lock'
java.nio.file.NoSuchFileException: /mnt/c/Users/Brendan Kenna/GitHub/TaskTide/tasktide/itemstore/ItemStore-Mutex/Queue/1770749529626.127-0-1-1_7493e205-2a85-4042-90a6-359128af69fe_2b3b2ec9-09ca-4eda-8fdf-abb4f06ee75b.lock
	at sun.nio.fs.UnixException.translateToIOException(UnixException.java:92) ~[?:?]
	at sun.nio.fs.UnixException.rethrowAsIOException(UnixException.java:106) ~[?:?]
	at sun.nio.fs.UnixException.rethrowAsIOException(UnixException.java:111) ~[?:?]
	at sun.nio.fs.UnixFileSystemProvider.implDelete(UnixFileSystemProvider.java:248) ~[?:?]
	at sun.nio.fs.AbstractFileSystemProvider.delete(AbstractFileSystemProvider.java:105) ~[?:?]
	at java.nio.file.Files.delete(Files.java:1152) ~[?:?]
	at org.tasktide.itemstore.FileUtility.dropFile(FileUtility.java:132) [main/:?]
	at org.tasktide.itemstore.mutex.orchestrator.MutexOrchestrator.cleanUp(MutexOrchestrator.java:402) [main/:?]
	at org.tasktide.itemstore.mutex.orchestrator.MutexOrchestrator.performLock(MutexOrchestrator.java:219) [main/:?]
	at org.tasktide.itemstore.mutex.orchestrator.MutexOrchestrator.acquireLock(MutexOrchestrator.java:135) [main/:?]
	at org.tasktide.itemstore.mutex.orchestrator.MutexOrchestrator.tryAcquireUntilSuccess(MutexOrchestrator.java:154) [main/:?]
	at org.tasktide.itemstore.mutex.LockActionReleaseApp.main(LockActionReleaseApp.java:95) [test/:?]
2026-02-10 18:52:20.677 WARN  [ main -> org.tasktide.itemstore.mutex.orchestrator.MutexOrchestrator.tryAcquireUntilSuccess ]: Process-1036 Attempt 1 failed: LEADERSHIP_CONFIRMATION_FAILED | Exception: Unable to read elected leader:	2b3b2ec9-09ca-4eda-8fdf-abb4f06ee75b
2026-02-10 18:52:20.723 WARN  [ main -> org.tasktide.itemstore.mutex.strategy.ElectionStrategy.evaluateLeaderTtl ]: Removing below stale leader status:	'true'

'/mnt/c/Users/Brendan Kenna/GitHub/TaskTide/tasktide/itemstore/ItemStore-Mutex/Queue/1770749530525.127-0-1-1_319bdbaa-3b5c-4de3-ad5c-13faaa950bcc_26dd54fb-061d-4205-b31e-34ecd2d97192.lock'
2026-02-10 18:52:20.842 INFO  [ main -> org.tasktide.itemstore.mutex.strategy.ElectionStrategy.evaluateLeaderTtl ]: Leader passed TTL check-in:	'/mnt/c/Users/Brendan Kenna/GitHub/TaskTide/tasktide/itemstore/ItemStore-Mutex/Queue/1770749530636.127-0-1-1_aaaf40e3-aa56-410a-a296-58253a3cf0cb_7249a9a6-3b29-463e-bbb5-cb136d563f0f.lock'
2026-02-10 18:52:20.844 INFO  [ main -> org.tasktide.itemstore.mutex.strategy.ElectionStrategy.waitUntilLeader ]: Resetting predecessor:	'f84a2ff0-75a1-4442-b74e-014d8f3ffed2'
2026-02-10 18:52:20.854 INFO  [ main -> org.tasktide.itemstore.mutex.strategy.ElectionStrategy.evaluateLeaderTtl ]: Leader passed TTL check-in:	'/mnt/c/Users/Brendan Kenna/GitHub/TaskTide/tasktide/itemstore/ItemStore-Mutex/Queue/1770749530636.127-0-1-1_aaaf40e3-aa56-410a-a296-58253a3cf0cb_7249a9a6-3b29-463e-bbb5-cb136d563f0f.lock'
2026-02-10 18:52:20.855 INFO  [ main -> org.tasktide.itemstore.mutex.strategy.ElectionStrategy.waitUntilLeader ]: Resetting predecessor:	'1ff26b6f-07dd-44aa-8f2f-f9adf3b4f0c6'
2026-02-10 18:52:20.889 INFO  [ main -> org.tasktide.itemstore.mutex.strategy.ElectionStrategy.waitUntilLeader ]: Leadership acquired:	'f0934e79-0373-490f-9a55-459e76a6ab89'
2026-02-10 18:52:20.890 INFO  [ main -> org.tasktide.itemstore.mutex.strategy.ElectionStrategy.waitUntilLeader ]: Verifying leadership:	'f0934e79-0373-490f-9a55-459e76a6ab89'
2026-02-10 18:52:20.955 WARN  [ main -> org.tasktide.itemstore.mutex.strategy.ElectionStrategy.evaluateLeaderTtl ]: Removing below stale leader status:	'true'

'/mnt/c/Users/Brendan Kenna/GitHub/TaskTide/tasktide/itemstore/ItemStore-Mutex/Queue/1770749530636.127-0-1-1_aaaf40e3-aa56-410a-a296-58253a3cf0cb_7249a9a6-3b29-463e-bbb5-cb136d563f0f.lock'
2026-02-10 18:52:21.047 INFO  [ main -> org.tasktide.itemstore.mutex.strategy.ElectionStrategy.evaluateLeaderTtl ]: Leader passed TTL check-in:	'/mnt/c/Users/Brendan Kenna/GitHub/TaskTide/tasktide/itemstore/ItemStore-Mutex/Queue/1770749533418.127-0-1-1_76ffede9-f0b4-4fe9-b0fd-bd77c1fd67c9_0168dfdd-8419-428a-8cf9-7e582c759e45.lock'
2026-02-10 18:52:21.049 INFO  [ main -> org.tasktide.itemstore.mutex.strategy.ElectionStrategy.waitUntilLeader ]: Resetting predecessor:	'808429aa-cbf3-4df4-98f7-9c54014c0466'
2026-02-10 18:52:21.132 INFO  [ main -> org.tasktide.itemstore.mutex.strategy.ElectionStrategy.waitUntilLeader ]: Leadership acquired:	'1ff26b6f-07dd-44aa-8f2f-f9adf3b4f0c6'
2026-02-10 18:52:21.135 INFO  [ main -> org.tasktide.itemstore.mutex.strategy.ElectionStrategy.waitUntilLeader ]: Verifying leadership:	'1ff26b6f-07dd-44aa-8f2f-f9adf3b4f0c6'
2026-02-10 18:52:21.160 INFO  [ main -> org.tasktide.itemstore.mutex.strategy.ElectionStrategy.evaluateLeaderTtl ]: Leader passed TTL check-in:	'/mnt/c/Users/Brendan Kenna/GitHub/TaskTide/tasktide/itemstore/ItemStore-Mutex/Queue/1770749533418.127-0-1-1_76ffede9-f0b4-4fe9-b0fd-bd77c1fd67c9_0168dfdd-8419-428a-8cf9-7e582c759e45.lock'
2026-02-10 18:52:21.163 INFO  [ main -> org.tasktide.itemstore.mutex.strategy.ElectionStrategy.waitUntilLeader ]: Resetting predecessor:	'f84a2ff0-75a1-4442-b74e-014d8f3ffed2'
2026-02-10 18:52:21.242 INFO  [ main -> org.tasktide.itemstore.mutex.strategy.ElectionStrategy.evaluateLeaderTtl ]: Leader passed TTL check-in:	'/mnt/c/Users/Brendan Kenna/GitHub/TaskTide/tasktide/itemstore/ItemStore-Mutex/Queue/1770749533418.127-0-1-1_76ffede9-f0b4-4fe9-b0fd-bd77c1fd67c9_0168dfdd-8419-428a-8cf9-7e582c759e45.lock'
2026-02-10 18:52:21.243 INFO  [ main -> org.tasktide.itemstore.mutex.strategy.ElectionStrategy.waitUntilLeader ]: Resetting predecessor:	'31cdf384-541d-4cc9-8496-fce1088b0ae8'
2026-02-10 18:52:21.335 WARN  [ main -> org.tasktide.itemstore.mutex.strategy.ElectionStrategy.waitUntilLeader ]: Unable to verifiy leadership:	'f0934e79-0373-490f-9a55-459e76a6ab89'
2026-02-10 18:52:21.364 INFO  [ main -> org.tasktide.itemstore.mutex.strategy.ElectionStrategy.evaluateLeaderTtl ]: Leader passed TTL check-in:	'/mnt/c/Users/Brendan Kenna/GitHub/TaskTide/tasktide/itemstore/ItemStore-Mutex/Queue/1770749533418.127-0-1-1_76ffede9-f0b4-4fe9-b0fd-bd77c1fd67c9_0168dfdd-8419-428a-8cf9-7e582c759e45.lock'
2026-02-10 18:52:21.366 INFO  [ main -> org.tasktide.itemstore.mutex.strategy.ElectionStrategy.waitUntilLeader ]: Resetting predecessor:	'f84a2ff0-75a1-4442-b74e-014d8f3ffed2'
2026-02-10 18:52:21.433 INFO  [ main -> org.tasktide.itemstore.mutex.strategy.ElectionStrategy.waitUntilLeader ]: Leadership verified:	'1ff26b6f-07dd-44aa-8f2f-f9adf3b4f0c6'
2026-02-10 18:52:21.435 DEBUG [ main -> org.tasktide.itemstore.mutex.strategy.ElectionStrategy.apply ]: Active leader with Id:	'1ff26b6f-07dd-44aa-8f2f-f9adf3b4f0c6'
2026-02-10 18:52:21.436 DEBUG [ main -> org.tasktide.itemstore.mutex.strategy.ElectionStrategy.apply ]: State set, writing mutex for:	'1ff26b6f-07dd-44aa-8f2f-f9adf3b4f0c6'
2026-02-10 18:52:21.448 WARN  [ main -> org.tasktide.itemstore.mutex.strategy.ElectionStrategy.evaluateLeaderTtl ]: Error verifiying leader TTL:	'/mnt/c/Users/Brendan Kenna/GitHub/TaskTide/tasktide/itemstore/ItemStore-Mutex/Queue/1770749533418.127-0-1-1_76ffede9-f0b4-4fe9-b0fd-bd77c1fd67c9_0168dfdd-8419-428a-8cf9-7e582c759e45.lock'
'java.util.NoSuchElementException: No value present'
2026-02-10 18:52:21.494 INFO  [ main -> org.tasktide.itemstore.mutex.strategy.ElectionStrategy.waitUntilLeader ]: Leadership acquired:	'31cdf384-541d-4cc9-8496-fce1088b0ae8'
2026-02-10 18:52:21.496 INFO  [ main -> org.tasktide.itemstore.mutex.strategy.ElectionStrategy.waitUntilLeader ]: Verifying leadership:	'31cdf384-541d-4cc9-8496-fce1088b0ae8'
2026-02-10 18:52:21.524 DEBUG [ main -> org.tasktide.itemstore.mutex.strategy.ElectionStrategy.apply ]: Mutex written for:	'1ff26b6f-07dd-44aa-8f2f-f9adf3b4f0c6'
2026-02-10 18:52:21.530 INFO  [ main -> org.tasktide.itemstore.mutex.orchestrator.MutexOrchestrator.performLock ]: Waiting for NFS lock for:	'1350274f-e1a2-428b-b992-02c1b32181cf'
2026-02-10 18:52:21.563 INFO  [ main -> org.tasktide.itemstore.mutex.strategy.ElectionStrategy.waitUntilLeader ]: Recasting ballot:	'f84a2ff0-75a1-4442-b74e-014d8f3ffed2'
2026-02-10 18:52:21.593 INFO  [ main -> org.tasktide.itemstore.mutex.orchestrator.MutexOrchestrator.performLock ]: NFS Lock acquired for:	'1ff26b6f-07dd-44aa-8f2f-f9adf3b4f0c6'
2026-02-10 18:52:21.594 INFO  [ main -> org.tasktide.itemstore.mutex.orchestrator.MutexOrchestrator.performLock ]: Confirming leadership:	'1ff26b6f-07dd-44aa-8f2f-f9adf3b4f0c6'
2026-02-10 18:52:21.749 WARN  [ main -> org.tasktide.itemstore.mutex.strategy.ElectionStrategy.waitUntilLeader ]: Unable to verifiy leadership:	'31cdf384-541d-4cc9-8496-fce1088b0ae8'
2026-02-10 18:52:21.772 INFO  [ main -> org.tasktide.itemstore.mutex.strategy.ElectionStrategy.waitUntilLeader ]: Recasting ballot:	'f255fe3b-128a-4f3a-b02e-0d9de0ef33d1'
2026-02-10 18:52:21.942 DEBUG [ main -> org.tasktide.itemstore.mutex.strategy.ElectionStrategy.initMutex ]: Initializing mutex:	'1350274f-e1a2-428b-b992-02c1b32181cf'
2026-02-10 18:52:21.957 INFO  [ main -> org.tasktide.itemstore.mutex.strategy.ElectionStrategy.evaluateLeaderTtl ]: Leader passed TTL check-in:	'/mnt/c/Users/Brendan Kenna/GitHub/TaskTide/tasktide/itemstore/ItemStore-Mutex/Queue/1770749533418.127-0-1-1_76ffede9-f0b4-4fe9-b0fd-bd77c1fd67c9_0168dfdd-8419-428a-8cf9-7e582c759e45.lock'
2026-02-10 18:52:21.959 INFO  [ main -> org.tasktide.itemstore.mutex.strategy.ElectionStrategy.waitUntilLeader ]: Resetting predecessor:	'808429aa-cbf3-4df4-98f7-9c54014c0466'
2026-02-10 18:52:21.986 INFO  [ main -> org.tasktide.itemstore.mutex.strategy.ElectionStrategy.evaluateLeaderTtl ]: Leader passed TTL check-in:	'/mnt/c/Users/Brendan Kenna/GitHub/TaskTide/tasktide/itemstore/ItemStore-Mutex/Queue/1770749533418.127-0-1-1_76ffede9-f0b4-4fe9-b0fd-bd77c1fd67c9_0168dfdd-8419-428a-8cf9-7e582c759e45.lock'
2026-02-10 18:52:21.988 INFO  [ main -> org.tasktide.itemstore.mutex.strategy.ElectionStrategy.waitUntilLeader ]: Resetting predecessor:	'31cdf384-541d-4cc9-8496-fce1088b0ae8'
2026-02-10 18:52:21.998 INFO  [ main -> org.tasktide.itemstore.mutex.strategy.ElectionStrategy.evaluateLeaderTtl ]: Leader passed TTL check-in:	'/mnt/c/Users/Brendan Kenna/GitHub/TaskTide/tasktide/itemstore/ItemStore-Mutex/Queue/1770749533418.127-0-1-1_76ffede9-f0b4-4fe9-b0fd-bd77c1fd67c9_0168dfdd-8419-428a-8cf9-7e582c759e45.lock'
2026-02-10 18:52:22.000 INFO  [ main -> org.tasktide.itemstore.mutex.strategy.ElectionStrategy.waitUntilLeader ]: Resetting predecessor:	'9d71699a-e581-48d2-8862-f97290590aec'
2026-02-10 18:52:22.024 DEBUG [ main -> org.tasktide.itemstore.mutex.strategy.ElectionStrategy.initMutex ]: Mutex initialized, inferring queue position
2026-02-10 18:52:22.029 WARN  [ main -> org.tasktide.itemstore.mutex.strategy.ElectionStrategy.initMutex ]: No election files detected
2026-02-10 18:52:22.204 INFO  [ main -> org.tasktide.itemstore.mutex.strategy.ElectionStrategy.waitUntilLeader ]: Recasting ballot:	'44233a07-c44c-41ae-8a58-29576b692209'
2026-02-10 18:52:22.260 INFO  [ main -> org.tasktide.itemstore.mutex.strategy.ElectionStrategy.evaluateLeaderTtl ]: Leader passed TTL check-in:	'/mnt/c/Users/Brendan Kenna/GitHub/TaskTide/tasktide/itemstore/ItemStore-Mutex/Queue/1770749533418.127-0-1-1_76ffede9-f0b4-4fe9-b0fd-bd77c1fd67c9_0168dfdd-8419-428a-8cf9-7e582c759e45.lock'
2026-02-10 18:52:22.261 INFO  [ main -> org.tasktide.itemstore.mutex.strategy.ElectionStrategy.waitUntilLeader ]: Resetting predecessor:	'9d71699a-e581-48d2-8862-f97290590aec'
2026-02-10 18:52:22.266 INFO  [ main -> org.tasktide.itemstore.mutex.strategy.ElectionStrategy.waitUntilLeader ]: Recasting ballot:	'31cdf384-541d-4cc9-8496-fce1088b0ae8'
2026-02-10 18:52:22.322 INFO  [ main -> org.tasktide.itemstore.mutex.strategy.ElectionStrategy.evaluateLeaderTtl ]: Leader passed TTL check-in:	'/mnt/c/Users/Brendan Kenna/GitHub/TaskTide/tasktide/itemstore/ItemStore-Mutex/Queue/1770749533418.127-0-1-1_76ffede9-f0b4-4fe9-b0fd-bd77c1fd67c9_0168dfdd-8419-428a-8cf9-7e582c759e45.lock'
2026-02-10 18:52:22.325 INFO  [ main -> org.tasktide.itemstore.mutex.strategy.ElectionStrategy.waitUntilLeader ]: Resetting predecessor:	'10adb96e-4ae0-455c-b13f-f0612a4ebee3'
2026-02-10 18:52:22.418 INFO  [ main -> org.tasktide.itemstore.mutex.orchestrator.MutexOrchestrator.confirmLeader ]: Leadership confirmed:	'1ff26b6f-07dd-44aa-8f2f-f9adf3b4f0c6'
2026-02-10 18:52:22.419 INFO  [ main -> org.tasktide.itemstore.mutex.strategy.ElectionStrategy.evaluateLeaderTtl ]: Leader passed TTL check-in:	'/mnt/c/Users/Brendan Kenna/GitHub/TaskTide/tasktide/itemstore/ItemStore-Mutex/Queue/1770749533418.127-0-1-1_76ffede9-f0b4-4fe9-b0fd-bd77c1fd67c9_0168dfdd-8419-428a-8cf9-7e582c759e45.lock'
2026-02-10 18:52:22.420 INFO  [ main -> org.tasktide.itemstore.mutex.orchestrator.MutexOrchestrator.performLock ]: Leadership confirmed:	'1ff26b6f-07dd-44aa-8f2f-f9adf3b4f0c6'
2026-02-10 18:52:22.420 INFO  [ main -> org.tasktide.itemstore.mutex.strategy.ElectionStrategy.waitUntilLeader ]: Resetting predecessor:	'808429aa-cbf3-4df4-98f7-9c54014c0466'
2026-02-10 18:52:22.421 INFO  [ main -> org.tasktide.itemstore.mutex.orchestrator.MutexOrchestrator.performLock ]: Waiting for FileChannel lock for:	'1ff26b6f-07dd-44aa-8f2f-f9adf3b4f0c6'
2026-02-10 18:52:22.476 INFO  [ main -> org.tasktide.itemstore.mutex.strategy.ElectionStrategy.evaluateLeaderTtl ]: Leader passed TTL check-in:	'/mnt/c/Users/Brendan Kenna/GitHub/TaskTide/tasktide/itemstore/ItemStore-Mutex/Queue/1770749533418.127-0-1-1_76ffede9-f0b4-4fe9-b0fd-bd77c1fd67c9_0168dfdd-8419-428a-8cf9-7e582c759e45.lock'
2026-02-10 18:52:22.477 INFO  [ main -> org.tasktide.itemstore.mutex.strategy.ElectionStrategy.waitUntilLeader ]: Resetting predecessor:	'9d71699a-e581-48d2-8862-f97290590aec'
2026-02-10 18:52:22.767 INFO  [ main -> org.tasktide.itemstore.mutex.strategy.ElectionStrategy.evaluateLeaderTtl ]: Leader passed TTL check-in:	'/mnt/c/Users/Brendan Kenna/GitHub/TaskTide/tasktide/itemstore/ItemStore-Mutex/Queue/1770749533418.127-0-1-1_76ffede9-f0b4-4fe9-b0fd-bd77c1fd67c9_0168dfdd-8419-428a-8cf9-7e582c759e45.lock'
2026-02-10 18:52:22.768 INFO  [ main -> org.tasktide.itemstore.mutex.strategy.ElectionStrategy.waitUntilLeader ]: Resetting predecessor:	'10adb96e-4ae0-455c-b13f-f0612a4ebee3'
2026-02-10 18:52:22.816 INFO  [ main -> org.tasktide.itemstore.mutex.strategy.ElectionStrategy.evaluateLeaderTtl ]: Leader passed TTL check-in:	'/mnt/c/Users/Brendan Kenna/GitHub/TaskTide/tasktide/itemstore/ItemStore-Mutex/Queue/1770749533418.127-0-1-1_76ffede9-f0b4-4fe9-b0fd-bd77c1fd67c9_0168dfdd-8419-428a-8cf9-7e582c759e45.lock'
2026-02-10 18:52:22.818 INFO  [ main -> org.tasktide.itemstore.mutex.strategy.ElectionStrategy.waitUntilLeader ]: Resetting predecessor:	'9d71699a-e581-48d2-8862-f97290590aec'
2026-02-10 18:52:22.850 INFO  [ main -> org.tasktide.itemstore.mutex.strategy.ElectionStrategy.evaluateLeaderTtl ]: Leader passed TTL check-in:	'/mnt/c/Users/Brendan Kenna/GitHub/TaskTide/tasktide/itemstore/ItemStore-Mutex/Queue/1770749533418.127-0-1-1_76ffede9-f0b4-4fe9-b0fd-bd77c1fd67c9_0168dfdd-8419-428a-8cf9-7e582c759e45.lock'
2026-02-10 18:52:22.850 INFO  [ main -> org.tasktide.itemstore.mutex.strategy.ElectionStrategy.waitUntilLeader ]: Resetting predecessor:	'808429aa-cbf3-4df4-98f7-9c54014c0466'
2026-02-10 18:52:23.201 INFO  [ main -> org.tasktide.itemstore.mutex.strategy.ElectionStrategy.evaluateLeaderTtl ]: Leader passed TTL check-in:	'/mnt/c/Users/Brendan Kenna/GitHub/TaskTide/tasktide/itemstore/ItemStore-Mutex/Queue/1770749533418.127-0-1-1_76ffede9-f0b4-4fe9-b0fd-bd77c1fd67c9_0168dfdd-8419-428a-8cf9-7e582c759e45.lock'
2026-02-10 18:52:23.203 INFO  [ main -> org.tasktide.itemstore.mutex.strategy.ElectionStrategy.waitUntilLeader ]: Resetting predecessor:	'9d71699a-e581-48d2-8862-f97290590aec'
2026-02-10 18:52:23.213 INFO  [ main -> org.tasktide.itemstore.mutex.strategy.ElectionStrategy.evaluateLeaderTtl ]: Leader passed TTL check-in:	'/mnt/c/Users/Brendan Kenna/GitHub/TaskTide/tasktide/itemstore/ItemStore-Mutex/Queue/1770749533418.127-0-1-1_76ffede9-f0b4-4fe9-b0fd-bd77c1fd67c9_0168dfdd-8419-428a-8cf9-7e582c759e45.lock'
2026-02-10 18:52:23.214 INFO  [ main -> org.tasktide.itemstore.mutex.strategy.ElectionStrategy.waitUntilLeader ]: Resetting predecessor:	'10adb96e-4ae0-455c-b13f-f0612a4ebee3'
2026-02-10 18:52:23.221 INFO  [ main -> org.tasktide.itemstore.mutex.strategy.ElectionStrategy.waitUntilLeader ]: Recasting ballot:	'bf4185b2-c54b-4264-98a6-f98c39ffd431'
2026-02-10 18:52:23.257 INFO  [ main -> org.tasktide.itemstore.mutex.strategy.ElectionStrategy.evaluateLeaderTtl ]: Leader passed TTL check-in:	'/mnt/c/Users/Brendan Kenna/GitHub/TaskTide/tasktide/itemstore/ItemStore-Mutex/Queue/1770749533418.127-0-1-1_76ffede9-f0b4-4fe9-b0fd-bd77c1fd67c9_0168dfdd-8419-428a-8cf9-7e582c759e45.lock'
2026-02-10 18:52:23.258 INFO  [ main -> org.tasktide.itemstore.mutex.strategy.ElectionStrategy.waitUntilLeader ]: Resetting predecessor:	'808429aa-cbf3-4df4-98f7-9c54014c0466'
2026-02-10 18:52:23.297 INFO  [ main -> org.tasktide.itemstore.mutex.orchestrator.MutexOrchestrator.performLock ]: File Channel Lock acquired for:	'1ff26b6f-07dd-44aa-8f2f-f9adf3b4f0c6'
2026-02-10 18:52:23.299 INFO  [ main -> org.tasktide.itemstore.mutex.orchestrator.MutexOrchestrator.performLock ]: Lock successful for:	'1ff26b6f-07dd-44aa-8f2f-f9adf3b4f0c6'
2026-02-10 18:52:23.372 INFO  [ main -> org.tasktide.itemstore.mutex.strategy.ElectionStrategy.waitUntilLeader ]: Recasting ballot:	'f42cea71-10b1-4a44-a74a-e91c395bd881'
2026-02-10 18:52:23.475 INFO  [ main -> org.tasktide.itemstore.mutex.strategy.ElectionStrategy.waitUntilLeader ]: Recasting ballot:	'84139ab3-ec85-4a3d-8bf5-4114599bb2c2'
2026-02-10 18:52:23.627 INFO  [ main -> org.tasktide.itemstore.mutex.orchestrator.MutexOrchestrator.tryAcquireUntilSuccess ]: Process-935 Completed with counter value:	'0'
2026-02-10 18:52:23.631 INFO  [ main -> org.tasktide.itemstore.mutex.orchestrator.MutexOrchestrator.tryAcquireUntilSuccess ]: Process-935 Loop terminating with done = 'true', and counter = '0'
2026-02-10 18:52:23.634 WARN  [ main -> org.tasktide.itemstore.mutex.strategy.ElectionStrategy.evaluateLeaderTtl ]: Removing below stale leader status:	'true'

'/mnt/c/Users/Brendan Kenna/GitHub/TaskTide/tasktide/itemstore/ItemStore-Mutex/Queue/1770749533418.127-0-1-1_76ffede9-f0b4-4fe9-b0fd-bd77c1fd67c9_0168dfdd-8419-428a-8cf9-7e582c759e45.lock'
2026-02-10 18:52:23.649 INFO  [ main -> org.tasktide.itemstore.mutex.LockActionReleaseApp.main ]: APP-Writing '8' to data file:	'/mnt/c/Users/Brendan Kenna/GitHub/TaskTide/tasktide/itemstore/ItemStore-Mutex/multi-process.txt'
2026-02-10 18:52:23.658 INFO  [ main -> org.tasktide.itemstore.mutex.LockActionReleaseApp.main ]: APP-Record written, releasing lock
2026-02-10 18:52:23.660 INFO  [ main -> org.tasktide.itemstore.mutex.orchestrator.MutexOrchestrator.releaseLock ]: Releasing active lock
2026-02-10 18:52:23.662 INFO  [ main -> org.tasktide.itemstore.mutex.orchestrator.MutexOrchestrator.releaseActiveLock ]: Releasing FileChannel mutex
2026-02-10 18:52:23.666 INFO  [ main -> org.tasktide.itemstore.mutex.strategy.ElectionStrategy.evaluateLeaderTtl ]: Leader passed TTL check-in:	'/mnt/c/Users/Brendan Kenna/GitHub/TaskTide/tasktide/itemstore/ItemStore-Mutex/Queue/1770749535606.127-0-1-1_9c92f581-5b3e-42d3-93ec-ea9d67db501a_808429aa-cbf3-4df4-98f7-9c54014c0466.lock'
2026-02-10 18:52:23.668 INFO  [ main -> org.tasktide.itemstore.mutex.strategy.ElectionStrategy.waitUntilLeader ]: Resetting predecessor:	'10adb96e-4ae0-455c-b13f-f0612a4ebee3'
2026-02-10 18:52:23.668 INFO  [ main -> org.tasktide.itemstore.mutex.strategy.ElectionStrategy.evaluateLeaderTtl ]: Leader passed TTL check-in:	'/mnt/c/Users/Brendan Kenna/GitHub/TaskTide/tasktide/itemstore/ItemStore-Mutex/Queue/1770749535606.127-0-1-1_9c92f581-5b3e-42d3-93ec-ea9d67db501a_808429aa-cbf3-4df4-98f7-9c54014c0466.lock'
2026-02-10 18:52:23.671 INFO  [ main -> org.tasktide.itemstore.mutex.strategy.ElectionStrategy.waitUntilLeader ]: Resetting predecessor:	'50a0f249-d7fc-4005-a1d1-e88ac4cb8031'
2026-02-10 18:52:23.732 INFO  [ main -> org.tasktide.itemstore.mutex.strategy.ElectionStrategy.waitUntilLeader ]: Leadership acquired:	'808429aa-cbf3-4df4-98f7-9c54014c0466'
2026-02-10 18:52:23.734 INFO  [ main -> org.tasktide.itemstore.mutex.strategy.ElectionStrategy.waitUntilLeader ]: Verifying leadership:	'808429aa-cbf3-4df4-98f7-9c54014c0466'
2026-02-10 18:52:23.976 WARN  [ main -> org.tasktide.itemstore.FileUtility.dropFile ]: Warning provided path does not exist, unable to delete:
'/mnt/c/Users/Brendan Kenna/GitHub/TaskTide/tasktide/itemstore/ItemStore-Mutex/Host-Lock/1770749502294.127-0-1-1_76ffede9-f0b4-4fe9-b0fd-bd77c1fd67c9.lock'

2026-02-10 18:52:24.059 INFO  [ main -> org.tasktide.itemstore.mutex.strategy.ElectionStrategy.evaluateLeaderTtl ]: Leader passed TTL check-in:	'/mnt/c/Users/Brendan Kenna/GitHub/TaskTide/tasktide/itemstore/ItemStore-Mutex/Queue/1770749535606.127-0-1-1_9c92f581-5b3e-42d3-93ec-ea9d67db501a_808429aa-cbf3-4df4-98f7-9c54014c0466.lock'
2026-02-10 18:52:24.060 INFO  [ main -> org.tasktide.itemstore.mutex.strategy.ElectionStrategy.evaluateLeaderTtl ]: Leader passed TTL check-in:	'/mnt/c/Users/Brendan Kenna/GitHub/TaskTide/tasktide/itemstore/ItemStore-Mutex/Queue/1770749535606.127-0-1-1_9c92f581-5b3e-42d3-93ec-ea9d67db501a_808429aa-cbf3-4df4-98f7-9c54014c0466.lock'
2026-02-10 18:52:24.060 INFO  [ main -> org.tasktide.itemstore.mutex.strategy.ElectionStrategy.waitUntilLeader ]: Resetting predecessor:	'9d71699a-e581-48d2-8862-f97290590aec'
2026-02-10 18:52:24.061 INFO  [ main -> org.tasktide.itemstore.mutex.strategy.ElectionStrategy.waitUntilLeader ]: Resetting predecessor:	'50a0f249-d7fc-4005-a1d1-e88ac4cb8031'
2026-02-10 18:52:24.108 INFO  [ main -> org.tasktide.itemstore.mutex.strategy.ElectionStrategy.waitUntilLeader ]: Leadership verified:	'808429aa-cbf3-4df4-98f7-9c54014c0466'
2026-02-10 18:52:24.110 DEBUG [ main -> org.tasktide.itemstore.mutex.strategy.ElectionStrategy.apply ]: Active leader with Id:	'808429aa-cbf3-4df4-98f7-9c54014c0466'
2026-02-10 18:52:24.110 INFO  [ main -> org.tasktide.itemstore.mutex.strategy.ElectionStrategy.waitUntilLeader ]: Recasting ballot:	'10adb96e-4ae0-455c-b13f-f0612a4ebee3'
2026-02-10 18:52:24.111 DEBUG [ main -> org.tasktide.itemstore.mutex.strategy.ElectionStrategy.apply ]: State set, writing mutex for:	'808429aa-cbf3-4df4-98f7-9c54014c0466'
2026-02-10 18:52:23.981 WARN  [ main -> org.tasktide.itemstore.FileUtility.dropFile ]: Warning could not delete target file, displaying error:	'/mnt/c/Users/Brendan Kenna/GitHub/TaskTide/tasktide/itemstore/ItemStore-Mutex/Host-Lock/1770749502294.127-0-1-1_76ffede9-f0b4-4fe9-b0fd-bd77c1fd67c9.lock'
java.nio.file.NoSuchFileException: /mnt/c/Users/Brendan Kenna/GitHub/TaskTide/tasktide/itemstore/ItemStore-Mutex/Host-Lock/1770749502294.127-0-1-1_76ffede9-f0b4-4fe9-b0fd-bd77c1fd67c9.lock
	at sun.nio.fs.UnixException.translateToIOException(UnixException.java:92) ~[?:?]
	at sun.nio.fs.UnixException.rethrowAsIOException(UnixException.java:106) ~[?:?]
	at sun.nio.fs.UnixException.rethrowAsIOException(UnixException.java:111) ~[?:?]
	at sun.nio.fs.UnixFileSystemProvider.implDelete(UnixFileSystemProvider.java:248) ~[?:?]
	at sun.nio.fs.AbstractFileSystemProvider.delete(AbstractFileSystemProvider.java:105) ~[?:?]
	at java.nio.file.Files.delete(Files.java:1152) ~[?:?]
	at org.tasktide.itemstore.FileUtility.dropFile(FileUtility.java:132) [main/:?]
	at org.tasktide.itemstore.mutex.strategy.FileChannelStrategy.release(FileChannelStrategy.java:126) [main/:?]
	at org.tasktide.itemstore.mutex.FileChannelMutex.release(FileChannelMutex.java:176) [main/:?]
	at org.tasktide.itemstore.mutex.orchestrator.MutexOrchestrator.releaseActiveLock(MutexOrchestrator.java:290) [main/:?]
	at org.tasktide.itemstore.mutex.orchestrator.MutexOrchestrator.releaseLock(MutexOrchestrator.java:276) [main/:?]
	at org.tasktide.itemstore.mutex.LockActionReleaseApp.main(LockActionReleaseApp.java:109) [test/:?]
2026-02-10 18:52:24.166 INFO  [ main -> org.tasktide.itemstore.mutex.orchestrator.MutexOrchestrator.releaseActiveLock ]: Releasing NFS mutex:
'{
    "Election File": "/mnt/c/Users/Brendan Kenna/GitHub/TaskTide/tasktide/itemstore/ItemStore-Mutex/Queue/1770749533418.127-0-1-1_76ffede9-f0b4-4fe9-b0fd-bd77c1fd67c9_0168dfdd-8419-428a-8cf9-7e582c759e45.lock",
    "End Jitter": "PT0.38S",
    "Host File": "/mnt/c/Users/Brendan Kenna/GitHub/TaskTide/tasktide/itemstore/ItemStore-Mutex/Host-Lock/1770749502294.127-0-1-1_76ffede9-f0b4-4fe9-b0fd-bd77c1fd67c9.lock",
    "Id": "1ff26b6f-07dd-44aa-8f2f-f9adf3b4f0c6",
    "Lock Dir": "/mnt/c/Users/Brendan Kenna/GitHub/TaskTide/tasktide/itemstore/ItemStore-Mutex",
    "Lock File": "/mnt/c/Users/Brendan Kenna/GitHub/TaskTide/tasktide/itemstore/ItemStore-Mutex/lock-file.lock",
    "Mutex State": "LOCKED",
    "Retry Interval": "PT0.135S",
    "Stale File Threshold": "PT10S",
    "Start Jitter": "PT0.167S",
    "Timestamp": 1770749533418
}'
2026-02-10 18:52:24.173 INFO  [ main -> org.tasktide.itemstore.mutex.LockActionReleaseApp.main ]: APP-Lock released, test complete
2026-02-10 18:52:24.173 DEBUG [ main -> org.tasktide.itemstore.mutex.strategy.ElectionStrategy.apply ]: Mutex written for:	'808429aa-cbf3-4df4-98f7-9c54014c0466'
2026-02-10 18:52:24.227 INFO  [ main -> org.tasktide.itemstore.mutex.orchestrator.MutexOrchestrator.performLock ]: NFS Lock acquired for:	'808429aa-cbf3-4df4-98f7-9c54014c0466'
2026-02-10 18:52:24.228 INFO  [ main -> org.tasktide.itemstore.mutex.orchestrator.MutexOrchestrator.performLock ]: Confirming leadership:	'808429aa-cbf3-4df4-98f7-9c54014c0466'
2026-02-10 18:52:24.273 INFO  [ main -> org.tasktide.itemstore.mutex.strategy.ElectionStrategy.evaluateLeaderTtl ]: Leader passed TTL check-in:	'/mnt/c/Users/Brendan Kenna/GitHub/TaskTide/tasktide/itemstore/ItemStore-Mutex/Queue/1770749535606.127-0-1-1_9c92f581-5b3e-42d3-93ec-ea9d67db501a_808429aa-cbf3-4df4-98f7-9c54014c0466.lock'
2026-02-10 18:52:24.276 INFO  [ main -> org.tasktide.itemstore.mutex.strategy.ElectionStrategy.waitUntilLeader ]: Resetting predecessor:	'a32d8a85-bfe8-4e7f-8b1f-7ea29ca727df'
2026-02-10 18:52:24.418 INFO  [ main -> org.tasktide.itemstore.mutex.strategy.ElectionStrategy.evaluateLeaderTtl ]: Leader passed TTL check-in:	'/mnt/c/Users/Brendan Kenna/GitHub/TaskTide/tasktide/itemstore/ItemStore-Mutex/Queue/1770749535606.127-0-1-1_9c92f581-5b3e-42d3-93ec-ea9d67db501a_808429aa-cbf3-4df4-98f7-9c54014c0466.lock'
2026-02-10 18:52:24.419 INFO  [ main -> org.tasktide.itemstore.mutex.strategy.ElectionStrategy.waitUntilLeader ]: Resetting predecessor:	'9d71699a-e581-48d2-8862-f97290590aec'
2026-02-10 18:52:24.434 INFO  [ main -> org.tasktide.itemstore.mutex.strategy.ElectionStrategy.evaluateLeaderTtl ]: Leader passed TTL check-in:	'/mnt/c/Users/Brendan Kenna/GitHub/TaskTide/tasktide/itemstore/ItemStore-Mutex/Queue/1770749535606.127-0-1-1_9c92f581-5b3e-42d3-93ec-ea9d67db501a_808429aa-cbf3-4df4-98f7-9c54014c0466.lock'
2026-02-10 18:52:24.435 INFO  [ main -> org.tasktide.itemstore.mutex.strategy.ElectionStrategy.waitUntilLeader ]: Resetting predecessor:	'50a0f249-d7fc-4005-a1d1-e88ac4cb8031'
2026-02-10 18:52:24.660 INFO  [ main -> org.tasktide.itemstore.mutex.strategy.ElectionStrategy.evaluateLeaderTtl ]: Leader passed TTL check-in:	'/mnt/c/Users/Brendan Kenna/GitHub/TaskTide/tasktide/itemstore/ItemStore-Mutex/Queue/1770749535606.127-0-1-1_9c92f581-5b3e-42d3-93ec-ea9d67db501a_808429aa-cbf3-4df4-98f7-9c54014c0466.lock'
2026-02-10 18:52:24.663 INFO  [ main -> org.tasktide.itemstore.mutex.strategy.ElectionStrategy.waitUntilLeader ]: Resetting predecessor:	'9d71699a-e581-48d2-8862-f97290590aec'
2026-02-10 18:52:24.688 INFO  [ main -> org.tasktide.itemstore.mutex.strategy.ElectionStrategy.evaluateLeaderTtl ]: Leader passed TTL check-in:	'/mnt/c/Users/Brendan Kenna/GitHub/TaskTide/tasktide/itemstore/ItemStore-Mutex/Queue/1770749535606.127-0-1-1_9c92f581-5b3e-42d3-93ec-ea9d67db501a_808429aa-cbf3-4df4-98f7-9c54014c0466.lock'
2026-02-10 18:52:24.688 INFO  [ main -> org.tasktide.itemstore.mutex.strategy.ElectionStrategy.waitUntilLeader ]: Resetting predecessor:	'a32d8a85-bfe8-4e7f-8b1f-7ea29ca727df'
2026-02-10 18:52:24.857 INFO  [ main -> org.tasktide.itemstore.mutex.strategy.ElectionStrategy.evaluateLeaderTtl ]: Leader passed TTL check-in:	'/mnt/c/Users/Brendan Kenna/GitHub/TaskTide/tasktide/itemstore/ItemStore-Mutex/Queue/1770749535606.127-0-1-1_9c92f581-5b3e-42d3-93ec-ea9d67db501a_808429aa-cbf3-4df4-98f7-9c54014c0466.lock'
2026-02-10 18:52:24.859 INFO  [ main -> org.tasktide.itemstore.mutex.strategy.ElectionStrategy.waitUntilLeader ]: Resetting predecessor:	'50a0f249-d7fc-4005-a1d1-e88ac4cb8031'
2026-02-10 18:52:24.892 INFO  [ main -> org.tasktide.itemstore.mutex.strategy.ElectionStrategy.waitUntilLeader ]: Recasting ballot:	'9d71699a-e581-48d2-8862-f97290590aec'
2026-02-10 18:52:25.018 INFO  [ main -> org.tasktide.itemstore.mutex.strategy.ElectionStrategy.evaluateLeaderTtl ]: Leader passed TTL check-in:	'/mnt/c/Users/Brendan Kenna/GitHub/TaskTide/tasktide/itemstore/ItemStore-Mutex/Queue/1770749535606.127-0-1-1_9c92f581-5b3e-42d3-93ec-ea9d67db501a_808429aa-cbf3-4df4-98f7-9c54014c0466.lock'
2026-02-10 18:52:25.019 INFO  [ main -> org.tasktide.itemstore.mutex.strategy.ElectionStrategy.waitUntilLeader ]: Resetting predecessor:	'a32d8a85-bfe8-4e7f-8b1f-7ea29ca727df'
2026-02-10 18:52:25.118 INFO  [ main -> org.tasktide.itemstore.mutex.strategy.ElectionStrategy.evaluateLeaderTtl ]: Leader passed TTL check-in:	'/mnt/c/Users/Brendan Kenna/GitHub/TaskTide/tasktide/itemstore/ItemStore-Mutex/Queue/1770749535606.127-0-1-1_9c92f581-5b3e-42d3-93ec-ea9d67db501a_808429aa-cbf3-4df4-98f7-9c54014c0466.lock'
2026-02-10 18:52:25.121 INFO  [ main -> org.tasktide.itemstore.mutex.strategy.ElectionStrategy.waitUntilLeader ]: Resetting predecessor:	'90946a93-1b57-4c35-958b-5e7ac3394563'
2026-02-10 18:52:25.159 INFO  [ main -> org.tasktide.itemstore.mutex.strategy.ElectionStrategy.waitUntilLeader ]: Recasting ballot:	'f255fe3b-128a-4f3a-b02e-0d9de0ef33d1'
2026-02-10 18:52:25.181 INFO  [ main -> org.tasktide.itemstore.mutex.orchestrator.MutexOrchestrator.confirmLeader ]: Leadership confirmed:	'808429aa-cbf3-4df4-98f7-9c54014c0466'
2026-02-10 18:52:25.184 INFO  [ main -> org.tasktide.itemstore.mutex.orchestrator.MutexOrchestrator.performLock ]: Leadership confirmed:	'808429aa-cbf3-4df4-98f7-9c54014c0466'
2026-02-10 18:52:25.185 INFO  [ main -> org.tasktide.itemstore.mutex.orchestrator.MutexOrchestrator.performLock ]: Waiting for FileChannel lock for:	'808429aa-cbf3-4df4-98f7-9c54014c0466'
2026-02-10 18:52:25.265 INFO  [ main -> org.tasktide.itemstore.mutex.strategy.ElectionStrategy.evaluateLeaderTtl ]: Leader passed TTL check-in:	'/mnt/c/Users/Brendan Kenna/GitHub/TaskTide/tasktide/itemstore/ItemStore-Mutex/Queue/1770749535606.127-0-1-1_9c92f581-5b3e-42d3-93ec-ea9d67db501a_808429aa-cbf3-4df4-98f7-9c54014c0466.lock'
2026-02-10 18:52:25.266 INFO  [ main -> org.tasktide.itemstore.mutex.strategy.ElectionStrategy.waitUntilLeader ]: Resetting predecessor:	'50a0f249-d7fc-4005-a1d1-e88ac4cb8031'
2026-02-10 18:52:25.384 INFO  [ main -> org.tasktide.itemstore.mutex.strategy.ElectionStrategy.evaluateLeaderTtl ]: Leader passed TTL check-in:	'/mnt/c/Users/Brendan Kenna/GitHub/TaskTide/tasktide/itemstore/ItemStore-Mutex/Queue/1770749535606.127-0-1-1_9c92f581-5b3e-42d3-93ec-ea9d67db501a_808429aa-cbf3-4df4-98f7-9c54014c0466.lock'
2026-02-10 18:52:25.384 INFO  [ main -> org.tasktide.itemstore.mutex.strategy.ElectionStrategy.waitUntilLeader ]: Resetting predecessor:	'a32d8a85-bfe8-4e7f-8b1f-7ea29ca727df'
2026-02-10 18:52:25.497 INFO  [ main -> org.tasktide.itemstore.mutex.strategy.ElectionStrategy.evaluateLeaderTtl ]: Leader passed TTL check-in:	'/mnt/c/Users/Brendan Kenna/GitHub/TaskTide/tasktide/itemstore/ItemStore-Mutex/Queue/1770749535606.127-0-1-1_9c92f581-5b3e-42d3-93ec-ea9d67db501a_808429aa-cbf3-4df4-98f7-9c54014c0466.lock'
2026-02-10 18:52:25.498 INFO  [ main -> org.tasktide.itemstore.mutex.strategy.ElectionStrategy.waitUntilLeader ]: Resetting predecessor:	'90946a93-1b57-4c35-958b-5e7ac3394563'
2026-02-10 18:52:25.583 INFO  [ main -> org.tasktide.itemstore.mutex.strategy.ElectionStrategy.waitUntilLeader ]: Recasting ballot:	'f0934e79-0373-490f-9a55-459e76a6ab89'
2026-02-10 18:52:25.589 INFO  [ main -> org.tasktide.itemstore.mutex.strategy.ElectionStrategy.evaluateLeaderTtl ]: Leader passed TTL check-in:	'/mnt/c/Users/Brendan Kenna/GitHub/TaskTide/tasktide/itemstore/ItemStore-Mutex/Queue/1770749535606.127-0-1-1_9c92f581-5b3e-42d3-93ec-ea9d67db501a_808429aa-cbf3-4df4-98f7-9c54014c0466.lock'
2026-02-10 18:52:25.591 INFO  [ main -> org.tasktide.itemstore.mutex.strategy.ElectionStrategy.waitUntilLeader ]: Resetting predecessor:	'50a0f249-d7fc-4005-a1d1-e88ac4cb8031'
2026-02-10 18:52:25.620 INFO  [ main -> org.tasktide.itemstore.mutex.strategy.ElectionStrategy.waitUntilLeader ]: Recasting ballot:	'483588d0-7fe9-4775-bce7-6891cd0f7f9f'
2026-02-10 18:52:25.723 INFO  [ main -> org.tasktide.itemstore.mutex.strategy.ElectionStrategy.evaluateLeaderTtl ]: Leader passed TTL check-in:	'/mnt/c/Users/Brendan Kenna/GitHub/TaskTide/tasktide/itemstore/ItemStore-Mutex/Queue/1770749535606.127-0-1-1_9c92f581-5b3e-42d3-93ec-ea9d67db501a_808429aa-cbf3-4df4-98f7-9c54014c0466.lock'
2026-02-10 18:52:25.724 INFO  [ main -> org.tasktide.itemstore.mutex.strategy.ElectionStrategy.waitUntilLeader ]: Resetting predecessor:	'a32d8a85-bfe8-4e7f-8b1f-7ea29ca727df'
2026-02-10 18:52:25.893 INFO  [ main -> org.tasktide.itemstore.mutex.strategy.ElectionStrategy.evaluateLeaderTtl ]: Leader passed TTL check-in:	'/mnt/c/Users/Brendan Kenna/GitHub/TaskTide/tasktide/itemstore/ItemStore-Mutex/Queue/1770749535606.127-0-1-1_9c92f581-5b3e-42d3-93ec-ea9d67db501a_808429aa-cbf3-4df4-98f7-9c54014c0466.lock'
2026-02-10 18:52:25.895 INFO  [ main -> org.tasktide.itemstore.mutex.strategy.ElectionStrategy.waitUntilLeader ]: Resetting predecessor:	'50a0f249-d7fc-4005-a1d1-e88ac4cb8031'
2026-02-10 18:52:25.943 INFO  [ main -> org.tasktide.itemstore.mutex.strategy.ElectionStrategy.evaluateLeaderTtl ]: Leader passed TTL check-in:	'/mnt/c/Users/Brendan Kenna/GitHub/TaskTide/tasktide/itemstore/ItemStore-Mutex/Queue/1770749535606.127-0-1-1_9c92f581-5b3e-42d3-93ec-ea9d67db501a_808429aa-cbf3-4df4-98f7-9c54014c0466.lock'
2026-02-10 18:52:25.944 INFO  [ main -> org.tasktide.itemstore.mutex.strategy.ElectionStrategy.waitUntilLeader ]: Resetting predecessor:	'90946a93-1b57-4c35-958b-5e7ac3394563'
2026-02-10 18:52:26.105 WARN  [ main -> org.tasktide.itemstore.mutex.strategy.ElectionStrategy.evaluateLeaderTtl ]: Removing below stale leader status:	'true'

'/mnt/c/Users/Brendan Kenna/GitHub/TaskTide/tasktide/itemstore/ItemStore-Mutex/Queue/1770749535606.127-0-1-1_9c92f581-5b3e-42d3-93ec-ea9d67db501a_808429aa-cbf3-4df4-98f7-9c54014c0466.lock'
2026-02-10 18:52:26.192 INFO  [ main -> org.tasktide.itemstore.mutex.strategy.ElectionStrategy.evaluateLeaderTtl ]: Leader passed TTL check-in:	'/mnt/c/Users/Brendan Kenna/GitHub/TaskTide/tasktide/itemstore/ItemStore-Mutex/Queue/1770749537460.127-0-1-1_885cbace-f3be-42b5-bfea-1184f39e9fad_e365aed2-f4ac-44ed-aaa2-25434064d169.lock'
2026-02-10 18:52:26.194 INFO  [ main -> org.tasktide.itemstore.mutex.strategy.ElectionStrategy.waitUntilLeader ]: Resetting predecessor:	'c76957d2-091c-4b63-adc4-f1723b532569'
2026-02-10 18:52:26.236 INFO  [ main -> org.tasktide.itemstore.mutex.strategy.ElectionStrategy.waitUntilLeader ]: Leadership acquired:	'50a0f249-d7fc-4005-a1d1-e88ac4cb8031'
2026-02-10 18:52:26.237 INFO  [ main -> org.tasktide.itemstore.mutex.strategy.ElectionStrategy.waitUntilLeader ]: Verifying leadership:	'50a0f249-d7fc-4005-a1d1-e88ac4cb8031'
2026-02-10 18:52:26.379 INFO  [ main -> org.tasktide.itemstore.mutex.strategy.ElectionStrategy.evaluateLeaderTtl ]: Leader passed TTL check-in:	'/mnt/c/Users/Brendan Kenna/GitHub/TaskTide/tasktide/itemstore/ItemStore-Mutex/Queue/1770749537460.127-0-1-1_885cbace-f3be-42b5-bfea-1184f39e9fad_e365aed2-f4ac-44ed-aaa2-25434064d169.lock'
2026-02-10 18:52:26.380 INFO  [ main -> org.tasktide.itemstore.mutex.strategy.ElectionStrategy.waitUntilLeader ]: Resetting predecessor:	'90946a93-1b57-4c35-958b-5e7ac3394563'
2026-02-10 18:52:26.455 INFO  [ main -> org.tasktide.itemstore.mutex.strategy.ElectionStrategy.evaluateLeaderTtl ]: Leader passed TTL check-in:	'/mnt/c/Users/Brendan Kenna/GitHub/TaskTide/tasktide/itemstore/ItemStore-Mutex/Queue/1770749537460.127-0-1-1_885cbace-f3be-42b5-bfea-1184f39e9fad_e365aed2-f4ac-44ed-aaa2-25434064d169.lock'
2026-02-10 18:52:26.456 INFO  [ main -> org.tasktide.itemstore.mutex.strategy.ElectionStrategy.waitUntilLeader ]: Resetting predecessor:	'a32d8a85-bfe8-4e7f-8b1f-7ea29ca727df'
2026-02-10 18:52:26.463 INFO  [ main -> org.tasktide.itemstore.mutex.strategy.ElectionStrategy.waitUntilLeader ]: Recasting ballot:	'c76957d2-091c-4b63-adc4-f1723b532569'
2026-02-10 18:52:26.497 INFO  [ main -> org.tasktide.itemstore.mutex.strategy.ElectionStrategy.evaluateLeaderTtl ]: Leader passed TTL check-in:	'/mnt/c/Users/Brendan Kenna/GitHub/TaskTide/tasktide/itemstore/ItemStore-Mutex/Queue/1770749537460.127-0-1-1_885cbace-f3be-42b5-bfea-1184f39e9fad_e365aed2-f4ac-44ed-aaa2-25434064d169.lock'
2026-02-10 18:52:26.498 INFO  [ main -> org.tasktide.itemstore.mutex.strategy.ElectionStrategy.waitUntilLeader ]: Resetting predecessor:	'8c35da5e-40ce-4683-adfe-e996f42d46f8'
2026-02-10 18:52:26.570 INFO  [ main -> org.tasktide.itemstore.mutex.orchestrator.MutexOrchestrator.performLock ]: File Channel Lock acquired for:	'808429aa-cbf3-4df4-98f7-9c54014c0466'
2026-02-10 18:52:26.573 INFO  [ main -> org.tasktide.itemstore.mutex.orchestrator.MutexOrchestrator.performLock ]: Lock successful for:	'808429aa-cbf3-4df4-98f7-9c54014c0466'
2026-02-10 18:52:26.575 INFO  [ main -> org.tasktide.itemstore.mutex.orchestrator.MutexOrchestrator.tryAcquireUntilSuccess ]: Process-975 Completed with counter value:	'1'
2026-02-10 18:52:26.577 INFO  [ main -> org.tasktide.itemstore.mutex.orchestrator.MutexOrchestrator.tryAcquireUntilSuccess ]: Process-975 Loop terminating with done = 'true', and counter = '1'
2026-02-10 18:52:26.587 INFO  [ main -> org.tasktide.itemstore.mutex.LockActionReleaseApp.main ]: APP-Writing '9' to data file:	'/mnt/c/Users/Brendan Kenna/GitHub/TaskTide/tasktide/itemstore/ItemStore-Mutex/multi-process.txt'
2026-02-10 18:52:26.594 INFO  [ main -> org.tasktide.itemstore.mutex.LockActionReleaseApp.main ]: APP-Record written, releasing lock
2026-02-10 18:52:26.595 INFO  [ main -> org.tasktide.itemstore.mutex.orchestrator.MutexOrchestrator.releaseLock ]: Releasing active lock
2026-02-10 18:52:26.597 INFO  [ main -> org.tasktide.itemstore.mutex.orchestrator.MutexOrchestrator.releaseActiveLock ]: Releasing FileChannel mutex
2026-02-10 18:52:26.604 INFO  [ main -> org.tasktide.itemstore.mutex.strategy.ElectionStrategy.waitUntilLeader ]: Leadership verified:	'50a0f249-d7fc-4005-a1d1-e88ac4cb8031'
2026-02-10 18:52:26.606 DEBUG [ main -> org.tasktide.itemstore.mutex.strategy.ElectionStrategy.apply ]: Active leader with Id:	'50a0f249-d7fc-4005-a1d1-e88ac4cb8031'
2026-02-10 18:52:26.607 DEBUG [ main -> org.tasktide.itemstore.mutex.strategy.ElectionStrategy.apply ]: State set, writing mutex for:	'50a0f249-d7fc-4005-a1d1-e88ac4cb8031'
2026-02-10 18:52:26.655 DEBUG [ main -> org.tasktide.itemstore.mutex.strategy.ElectionStrategy.apply ]: Mutex written for:	'50a0f249-d7fc-4005-a1d1-e88ac4cb8031'
2026-02-10 18:52:26.712 INFO  [ main -> org.tasktide.itemstore.mutex.orchestrator.MutexOrchestrator.performLock ]: NFS Lock acquired for:	'50a0f249-d7fc-4005-a1d1-e88ac4cb8031'
2026-02-10 18:52:26.713 INFO  [ main -> org.tasktide.itemstore.mutex.orchestrator.MutexOrchestrator.performLock ]: Confirming leadership:	'50a0f249-d7fc-4005-a1d1-e88ac4cb8031'
2026-02-10 18:52:26.807 INFO  [ main -> org.tasktide.itemstore.mutex.strategy.ElectionStrategy.waitUntilLeader ]: Recasting ballot:	'a32d8a85-bfe8-4e7f-8b1f-7ea29ca727df'
2026-02-10 18:52:26.821 INFO  [ main -> org.tasktide.itemstore.mutex.strategy.ElectionStrategy.waitUntilLeader ]: Recasting ballot:	'84139ab3-ec85-4a3d-8bf5-4114599bb2c2'
2026-02-10 18:52:26.829 INFO  [ main -> org.tasktide.itemstore.mutex.strategy.ElectionStrategy.evaluateLeaderTtl ]: Leader passed TTL check-in:	'/mnt/c/Users/Brendan Kenna/GitHub/TaskTide/tasktide/itemstore/ItemStore-Mutex/Queue/1770749537460.127-0-1-1_885cbace-f3be-42b5-bfea-1184f39e9fad_e365aed2-f4ac-44ed-aaa2-25434064d169.lock'
2026-02-10 18:52:26.831 INFO  [ main -> org.tasktide.itemstore.mutex.strategy.ElectionStrategy.waitUntilLeader ]: Resetting predecessor:	'90946a93-1b57-4c35-958b-5e7ac3394563'
2026-02-10 18:52:26.983 WARN  [ main -> org.tasktide.itemstore.FileUtility.dropFile ]: Warning provided path does not exist, unable to delete:
'/mnt/c/Users/Brendan Kenna/GitHub/TaskTide/tasktide/itemstore/ItemStore-Mutex/Host-Lock/1770749535606.127-0-1-1_9c92f581-5b3e-42d3-93ec-ea9d67db501a.lock'

2026-02-10 18:52:26.984 INFO  [ main -> org.tasktide.itemstore.mutex.strategy.ElectionStrategy.evaluateLeaderTtl ]: Leader passed TTL check-in:	'/mnt/c/Users/Brendan Kenna/GitHub/TaskTide/tasktide/itemstore/ItemStore-Mutex/Queue/1770749537460.127-0-1-1_885cbace-f3be-42b5-bfea-1184f39e9fad_e365aed2-f4ac-44ed-aaa2-25434064d169.lock'
2026-02-10 18:52:26.985 INFO  [ main -> org.tasktide.itemstore.mutex.strategy.ElectionStrategy.waitUntilLeader ]: Resetting predecessor:	'8c35da5e-40ce-4683-adfe-e996f42d46f8'
2026-02-10 18:52:26.988 WARN  [ main -> org.tasktide.itemstore.FileUtility.dropFile ]: Warning could not delete target file, displaying error:	'/mnt/c/Users/Brendan Kenna/GitHub/TaskTide/tasktide/itemstore/ItemStore-Mutex/Host-Lock/1770749535606.127-0-1-1_9c92f581-5b3e-42d3-93ec-ea9d67db501a.lock'
java.nio.file.NoSuchFileException: /mnt/c/Users/Brendan Kenna/GitHub/TaskTide/tasktide/itemstore/ItemStore-Mutex/Host-Lock/1770749535606.127-0-1-1_9c92f581-5b3e-42d3-93ec-ea9d67db501a.lock
	at sun.nio.fs.UnixException.translateToIOException(UnixException.java:92) ~[?:?]
	at sun.nio.fs.UnixException.rethrowAsIOException(UnixException.java:106) ~[?:?]
	at sun.nio.fs.UnixException.rethrowAsIOException(UnixException.java:111) ~[?:?]
	at sun.nio.fs.UnixFileSystemProvider.implDelete(UnixFileSystemProvider.java:248) ~[?:?]
	at sun.nio.fs.AbstractFileSystemProvider.delete(AbstractFileSystemProvider.java:105) ~[?:?]
	at java.nio.file.Files.delete(Files.java:1152) ~[?:?]
	at org.tasktide.itemstore.FileUtility.dropFile(FileUtility.java:132) [main/:?]
	at org.tasktide.itemstore.mutex.strategy.FileChannelStrategy.release(FileChannelStrategy.java:126) [main/:?]
	at org.tasktide.itemstore.mutex.FileChannelMutex.release(FileChannelMutex.java:176) [main/:?]
	at org.tasktide.itemstore.mutex.orchestrator.MutexOrchestrator.releaseActiveLock(MutexOrchestrator.java:290) [main/:?]
	at org.tasktide.itemstore.mutex.orchestrator.MutexOrchestrator.releaseLock(MutexOrchestrator.java:276) [main/:?]
	at org.tasktide.itemstore.mutex.LockActionReleaseApp.main(LockActionReleaseApp.java:109) [test/:?]
2026-02-10 18:52:27.050 INFO  [ main -> org.tasktide.itemstore.mutex.orchestrator.MutexOrchestrator.releaseActiveLock ]: Releasing NFS mutex:
'{
    "Election File": "/mnt/c/Users/Brendan Kenna/GitHub/TaskTide/tasktide/itemstore/ItemStore-Mutex/Queue/1770749535606.127-0-1-1_9c92f581-5b3e-42d3-93ec-ea9d67db501a_808429aa-cbf3-4df4-98f7-9c54014c0466.lock",
    "End Jitter": "PT0.481S",
    "Host File": "/mnt/c/Users/Brendan Kenna/GitHub/TaskTide/tasktide/itemstore/ItemStore-Mutex/Host-Lock/1770749535606.127-0-1-1_9c92f581-5b3e-42d3-93ec-ea9d67db501a.lock",
    "Id": "808429aa-cbf3-4df4-98f7-9c54014c0466",
    "Lock Dir": "/mnt/c/Users/Brendan Kenna/GitHub/TaskTide/tasktide/itemstore/ItemStore-Mutex",
    "Lock File": "/mnt/c/Users/Brendan Kenna/GitHub/TaskTide/tasktide/itemstore/ItemStore-Mutex/lock-file.lock",
    "Mutex State": "LOCKED",
    "Retry Interval": "PT0.171S",
    "Stale File Threshold": "PT10S",
    "Start Jitter": "PT0.363S",
    "Timestamp": 1770749535606
}'
2026-02-10 18:52:27.061 INFO  [ main -> org.tasktide.itemstore.mutex.LockActionReleaseApp.main ]: APP-Lock released, test complete
2026-02-10 18:52:27.077 INFO  [ main -> org.tasktide.itemstore.mutex.strategy.ElectionStrategy.evaluateLeaderTtl ]: Leader passed TTL check-in:	'/mnt/c/Users/Brendan Kenna/GitHub/TaskTide/tasktide/itemstore/ItemStore-Mutex/Queue/1770749537460.127-0-1-1_885cbace-f3be-42b5-bfea-1184f39e9fad_e365aed2-f4ac-44ed-aaa2-25434064d169.lock'
2026-02-10 18:52:27.078 INFO  [ main -> org.tasktide.itemstore.mutex.strategy.ElectionStrategy.waitUntilLeader ]: Resetting predecessor:	'489b3173-aefe-4f44-bad3-9ab3f438f9d0'
2026-02-10 18:52:27.109 INFO  [ main -> org.tasktide.itemstore.mutex.strategy.ElectionStrategy.waitUntilLeader ]: Recasting ballot:	'f84a2ff0-75a1-4442-b74e-014d8f3ffed2'
2026-02-10 18:52:27.303 INFO  [ main -> org.tasktide.itemstore.mutex.strategy.ElectionStrategy.evaluateLeaderTtl ]: Leader passed TTL check-in:	'/mnt/c/Users/Brendan Kenna/GitHub/TaskTide/tasktide/itemstore/ItemStore-Mutex/Queue/1770749537460.127-0-1-1_885cbace-f3be-42b5-bfea-1184f39e9fad_e365aed2-f4ac-44ed-aaa2-25434064d169.lock'
2026-02-10 18:52:27.304 INFO  [ main -> org.tasktide.itemstore.mutex.strategy.ElectionStrategy.waitUntilLeader ]: Resetting predecessor:	'90946a93-1b57-4c35-958b-5e7ac3394563'
2026-02-10 18:52:27.362 INFO  [ main -> org.tasktide.itemstore.mutex.strategy.ElectionStrategy.waitUntilLeader ]: Recasting ballot:	'489b3173-aefe-4f44-bad3-9ab3f438f9d0'
2026-02-10 18:52:27.481 INFO  [ main -> org.tasktide.itemstore.mutex.strategy.ElectionStrategy.waitUntilLeader ]: Recasting ballot:	'8c35da5e-40ce-4683-adfe-e996f42d46f8'
2026-02-10 18:52:27.538 INFO  [ main -> org.tasktide.itemstore.mutex.strategy.ElectionStrategy.evaluateLeaderTtl ]: Leader passed TTL check-in:	'/mnt/c/Users/Brendan Kenna/GitHub/TaskTide/tasktide/itemstore/ItemStore-Mutex/Queue/1770749537460.127-0-1-1_885cbace-f3be-42b5-bfea-1184f39e9fad_e365aed2-f4ac-44ed-aaa2-25434064d169.lock'
2026-02-10 18:52:27.540 INFO  [ main -> org.tasktide.itemstore.mutex.strategy.ElectionStrategy.waitUntilLeader ]: Resetting predecessor:	'2b48f459-5f82-40fe-924d-12921c893fe4'
2026-02-10 18:52:27.540 INFO  [ main -> org.tasktide.itemstore.mutex.orchestrator.MutexOrchestrator.confirmLeader ]: Leadership confirmed:	'50a0f249-d7fc-4005-a1d1-e88ac4cb8031'
2026-02-10 18:52:27.542 INFO  [ main -> org.tasktide.itemstore.mutex.orchestrator.MutexOrchestrator.performLock ]: Leadership confirmed:	'50a0f249-d7fc-4005-a1d1-e88ac4cb8031'
2026-02-10 18:52:27.543 INFO  [ main -> org.tasktide.itemstore.mutex.orchestrator.MutexOrchestrator.performLock ]: Waiting for FileChannel lock for:	'50a0f249-d7fc-4005-a1d1-e88ac4cb8031'
2026-02-10 18:52:27.659 INFO  [ main -> org.tasktide.itemstore.mutex.strategy.ElectionStrategy.evaluateLeaderTtl ]: Leader passed TTL check-in:	'/mnt/c/Users/Brendan Kenna/GitHub/TaskTide/tasktide/itemstore/ItemStore-Mutex/Queue/1770749537460.127-0-1-1_885cbace-f3be-42b5-bfea-1184f39e9fad_e365aed2-f4ac-44ed-aaa2-25434064d169.lock'
2026-02-10 18:52:27.661 INFO  [ main -> org.tasktide.itemstore.mutex.strategy.ElectionStrategy.waitUntilLeader ]: Resetting predecessor:	'90946a93-1b57-4c35-958b-5e7ac3394563'
2026-02-10 18:52:27.957 WARN  [ main -> org.tasktide.itemstore.mutex.strategy.ElectionStrategy.evaluateLeaderTtl ]: Removing below stale leader status:	'true'

'/mnt/c/Users/Brendan Kenna/GitHub/TaskTide/tasktide/itemstore/ItemStore-Mutex/Queue/1770749537460.127-0-1-1_885cbace-f3be-42b5-bfea-1184f39e9fad_e365aed2-f4ac-44ed-aaa2-25434064d169.lock'
2026-02-10 18:52:27.957 WARN  [ main -> org.tasktide.itemstore.mutex.strategy.ElectionStrategy.evaluateLeaderTtl ]: Removing below stale leader status:	'true'

'/mnt/c/Users/Brendan Kenna/GitHub/TaskTide/tasktide/itemstore/ItemStore-Mutex/Queue/1770749537460.127-0-1-1_885cbace-f3be-42b5-bfea-1184f39e9fad_e365aed2-f4ac-44ed-aaa2-25434064d169.lock'
2026-02-10 18:52:28.104 INFO  [ main -> org.tasktide.itemstore.mutex.strategy.ElectionStrategy.waitUntilLeader ]: Leadership acquired:	'90946a93-1b57-4c35-958b-5e7ac3394563'
2026-02-10 18:52:28.105 INFO  [ main -> org.tasktide.itemstore.mutex.strategy.ElectionStrategy.waitUntilLeader ]: Verifying leadership:	'90946a93-1b57-4c35-958b-5e7ac3394563'
2026-02-10 18:52:28.336 INFO  [ main -> org.tasktide.itemstore.mutex.strategy.ElectionStrategy.evaluateLeaderTtl ]: Leader passed TTL check-in:	'/mnt/c/Users/Brendan Kenna/GitHub/TaskTide/tasktide/itemstore/ItemStore-Mutex/Queue/1770749538605.127-0-1-1_cd4295af-980c-4561-a4bf-75e37438c4a7_585c72d2-b747-4444-9c4c-b7e15ed6197b.lock'
2026-02-10 18:52:28.338 INFO  [ main -> org.tasktide.itemstore.mutex.strategy.ElectionStrategy.evaluateLeaderTtl ]: Leader passed TTL check-in:	'/mnt/c/Users/Brendan Kenna/GitHub/TaskTide/tasktide/itemstore/ItemStore-Mutex/Queue/1770749538605.127-0-1-1_cd4295af-980c-4561-a4bf-75e37438c4a7_585c72d2-b747-4444-9c4c-b7e15ed6197b.lock'
2026-02-10 18:52:28.338 INFO  [ main -> org.tasktide.itemstore.mutex.strategy.ElectionStrategy.waitUntilLeader ]: Resetting predecessor:	'44233a07-c44c-41ae-8a58-29576b692209'
2026-02-10 18:52:28.340 INFO  [ main -> org.tasktide.itemstore.mutex.strategy.ElectionStrategy.waitUntilLeader ]: Resetting predecessor:	'2b48f459-5f82-40fe-924d-12921c893fe4'
2026-02-10 18:52:28.414 INFO  [ main -> org.tasktide.itemstore.mutex.strategy.ElectionStrategy.evaluateLeaderTtl ]: Leader passed TTL check-in:	'/mnt/c/Users/Brendan Kenna/GitHub/TaskTide/tasktide/itemstore/ItemStore-Mutex/Queue/1770749538605.127-0-1-1_cd4295af-980c-4561-a4bf-75e37438c4a7_585c72d2-b747-4444-9c4c-b7e15ed6197b.lock'
2026-02-10 18:52:28.417 INFO  [ main -> org.tasktide.itemstore.mutex.strategy.ElectionStrategy.waitUntilLeader ]: Resetting predecessor:	'1350274f-e1a2-428b-b992-02c1b32181cf'
2026-02-10 18:52:28.429 INFO  [ main -> org.tasktide.itemstore.mutex.strategy.ElectionStrategy.waitUntilLeader ]: Recasting ballot:	'f255fe3b-128a-4f3a-b02e-0d9de0ef33d1'
2026-02-10 18:52:28.504 INFO  [ main -> org.tasktide.itemstore.mutex.strategy.ElectionStrategy.waitUntilLeader ]: Leadership verified:	'90946a93-1b57-4c35-958b-5e7ac3394563'
2026-02-10 18:52:28.505 DEBUG [ main -> org.tasktide.itemstore.mutex.strategy.ElectionStrategy.apply ]: Active leader with Id:	'90946a93-1b57-4c35-958b-5e7ac3394563'
2026-02-10 18:52:28.506 DEBUG [ main -> org.tasktide.itemstore.mutex.strategy.ElectionStrategy.apply ]: State set, writing mutex for:	'90946a93-1b57-4c35-958b-5e7ac3394563'
2026-02-10 18:52:28.568 INFO  [ main -> org.tasktide.itemstore.mutex.orchestrator.MutexOrchestrator.performLock ]: File Channel Lock acquired for:	'50a0f249-d7fc-4005-a1d1-e88ac4cb8031'
2026-02-10 18:52:28.569 INFO  [ main -> org.tasktide.itemstore.mutex.orchestrator.MutexOrchestrator.performLock ]: Lock successful for:	'50a0f249-d7fc-4005-a1d1-e88ac4cb8031'
2026-02-10 18:52:28.571 DEBUG [ main -> org.tasktide.itemstore.mutex.strategy.ElectionStrategy.apply ]: Mutex written for:	'90946a93-1b57-4c35-958b-5e7ac3394563'
2026-02-10 18:52:28.575 INFO  [ main -> org.tasktide.itemstore.mutex.strategy.ElectionStrategy.waitUntilLeader ]: Recasting ballot:	'31cdf384-541d-4cc9-8496-fce1088b0ae8'
2026-02-10 18:52:28.606 INFO  [ main -> org.tasktide.itemstore.mutex.orchestrator.MutexOrchestrator.performLock ]: NFS Lock acquired for:	'90946a93-1b57-4c35-958b-5e7ac3394563'
2026-02-10 18:52:28.607 INFO  [ main -> org.tasktide.itemstore.mutex.orchestrator.MutexOrchestrator.performLock ]: Confirming leadership:	'90946a93-1b57-4c35-958b-5e7ac3394563'
2026-02-10 18:52:28.781 INFO  [ main -> org.tasktide.itemstore.mutex.strategy.ElectionStrategy.evaluateLeaderTtl ]: Leader passed TTL check-in:	'/mnt/c/Users/Brendan Kenna/GitHub/TaskTide/tasktide/itemstore/ItemStore-Mutex/Queue/1770749538605.127-0-1-1_cd4295af-980c-4561-a4bf-75e37438c4a7_585c72d2-b747-4444-9c4c-b7e15ed6197b.lock'
2026-02-10 18:52:28.782 INFO  [ main -> org.tasktide.itemstore.mutex.strategy.ElectionStrategy.waitUntilLeader ]: Resetting predecessor:	'2b48f459-5f82-40fe-924d-12921c893fe4'
2026-02-10 18:52:28.829 INFO  [ main -> org.tasktide.itemstore.mutex.strategy.ElectionStrategy.evaluateLeaderTtl ]: Leader passed TTL check-in:	'/mnt/c/Users/Brendan Kenna/GitHub/TaskTide/tasktide/itemstore/ItemStore-Mutex/Queue/1770749538605.127-0-1-1_cd4295af-980c-4561-a4bf-75e37438c4a7_585c72d2-b747-4444-9c4c-b7e15ed6197b.lock'
2026-02-10 18:52:28.832 INFO  [ main -> org.tasktide.itemstore.mutex.strategy.ElectionStrategy.waitUntilLeader ]: Resetting predecessor:	'44233a07-c44c-41ae-8a58-29576b692209'
2026-02-10 18:52:28.834 INFO  [ main -> org.tasktide.itemstore.mutex.strategy.ElectionStrategy.evaluateLeaderTtl ]: Leader passed TTL check-in:	'/mnt/c/Users/Brendan Kenna/GitHub/TaskTide/tasktide/itemstore/ItemStore-Mutex/Queue/1770749538605.127-0-1-1_cd4295af-980c-4561-a4bf-75e37438c4a7_585c72d2-b747-4444-9c4c-b7e15ed6197b.lock'
2026-02-10 18:52:28.837 INFO  [ main -> org.tasktide.itemstore.mutex.strategy.ElectionStrategy.waitUntilLeader ]: Resetting predecessor:	'1350274f-e1a2-428b-b992-02c1b32181cf'
2026-02-10 18:52:28.951 INFO  [ main -> org.tasktide.itemstore.mutex.orchestrator.MutexOrchestrator.tryAcquireUntilSuccess ]: Process-1243 Completed with counter value:	'0'
2026-02-10 18:52:28.952 INFO  [ main -> org.tasktide.itemstore.mutex.orchestrator.MutexOrchestrator.tryAcquireUntilSuccess ]: Process-1243 Loop terminating with done = 'true', and counter = '0'
2026-02-10 18:52:28.958 INFO  [ main -> org.tasktide.itemstore.mutex.LockActionReleaseApp.main ]: APP-Writing '10' to data file:	'/mnt/c/Users/Brendan Kenna/GitHub/TaskTide/tasktide/itemstore/ItemStore-Mutex/multi-process.txt'
2026-02-10 18:52:28.964 INFO  [ main -> org.tasktide.itemstore.mutex.LockActionReleaseApp.main ]: APP-Record written, releasing lock
2026-02-10 18:52:28.965 INFO  [ main -> org.tasktide.itemstore.mutex.orchestrator.MutexOrchestrator.releaseLock ]: Releasing active lock
2026-02-10 18:52:28.966 INFO  [ main -> org.tasktide.itemstore.mutex.orchestrator.MutexOrchestrator.releaseActiveLock ]: Releasing FileChannel mutex
2026-02-10 18:52:29.171 WARN  [ main -> org.tasktide.itemstore.mutex.strategy.ElectionStrategy.evaluateLeaderTtl ]: Removing below stale leader status:	'true'

'/mnt/c/Users/Brendan Kenna/GitHub/TaskTide/tasktide/itemstore/ItemStore-Mutex/Queue/1770749538605.127-0-1-1_cd4295af-980c-4561-a4bf-75e37438c4a7_585c72d2-b747-4444-9c4c-b7e15ed6197b.lock'
2026-02-10 18:52:29.298 INFO  [ main -> org.tasktide.itemstore.mutex.strategy.ElectionStrategy.evaluateLeaderTtl ]: Leader passed TTL check-in:	'/mnt/c/Users/Brendan Kenna/GitHub/TaskTide/tasktide/itemstore/ItemStore-Mutex/Queue/1770749540399.127-0-1-1_8e9ee5c3-897c-47eb-9ab1-78c37551e56f_2445c6ea-26de-4bbf-943a-466c4624a0cf.lock'
2026-02-10 18:52:29.299 INFO  [ main -> org.tasktide.itemstore.mutex.strategy.ElectionStrategy.evaluateLeaderTtl ]: Leader passed TTL check-in:	'/mnt/c/Users/Brendan Kenna/GitHub/TaskTide/tasktide/itemstore/ItemStore-Mutex/Queue/1770749540399.127-0-1-1_8e9ee5c3-897c-47eb-9ab1-78c37551e56f_2445c6ea-26de-4bbf-943a-466c4624a0cf.lock'
2026-02-10 18:52:29.300 INFO  [ main -> org.tasktide.itemstore.mutex.strategy.ElectionStrategy.waitUntilLeader ]: Resetting predecessor:	'44233a07-c44c-41ae-8a58-29576b692209'
2026-02-10 18:52:29.301 INFO  [ main -> org.tasktide.itemstore.mutex.strategy.ElectionStrategy.waitUntilLeader ]: Resetting predecessor:	'1350274f-e1a2-428b-b992-02c1b32181cf'
2026-02-10 18:52:29.360 INFO  [ main -> org.tasktide.itemstore.mutex.strategy.ElectionStrategy.evaluateLeaderTtl ]: Leader passed TTL check-in:	'/mnt/c/Users/Brendan Kenna/GitHub/TaskTide/tasktide/itemstore/ItemStore-Mutex/Queue/1770749540399.127-0-1-1_8e9ee5c3-897c-47eb-9ab1-78c37551e56f_2445c6ea-26de-4bbf-943a-466c4624a0cf.lock'
2026-02-10 18:52:29.362 INFO  [ main -> org.tasktide.itemstore.mutex.strategy.ElectionStrategy.waitUntilLeader ]: Resetting predecessor:	'bf4185b2-c54b-4264-98a6-f98c39ffd431'
2026-02-10 18:52:29.365 INFO  [ main -> org.tasktide.itemstore.mutex.orchestrator.MutexOrchestrator.releaseActiveLock ]: Releasing NFS mutex:
'{
    "Election File": "/mnt/c/Users/Brendan Kenna/GitHub/TaskTide/tasktide/itemstore/ItemStore-Mutex/Queue/1770749537460.127-0-1-1_885cbace-f3be-42b5-bfea-1184f39e9fad_e365aed2-f4ac-44ed-aaa2-25434064d169.lock",
    "End Jitter": "PT0.39S",
    "Host File": "/mnt/c/Users/Brendan Kenna/GitHub/TaskTide/tasktide/itemstore/ItemStore-Mutex/Host-Lock/1770749502457.127-0-1-1_885cbace-f3be-42b5-bfea-1184f39e9fad.lock",
    "Id": "50a0f249-d7fc-4005-a1d1-e88ac4cb8031",
    "Lock Dir": "/mnt/c/Users/Brendan Kenna/GitHub/TaskTide/tasktide/itemstore/ItemStore-Mutex",
    "Lock File": "/mnt/c/Users/Brendan Kenna/GitHub/TaskTide/tasktide/itemstore/ItemStore-Mutex/lock-file.lock",
    "Mutex State": "LOCKED",
    "Retry Interval": "PT0.269S",
    "Stale File Threshold": "PT10S",
    "Start Jitter": "PT0.283S",
    "Timestamp": 1770749537460
}'
2026-02-10 18:52:29.377 INFO  [ main -> org.tasktide.itemstore.mutex.LockActionReleaseApp.main ]: APP-Lock released, test complete
2026-02-10 18:52:29.417 DEBUG [ main -> org.tasktide.itemstore.mutex.orchestrator.MutexOrchestrator.cleanUp ]: Cleaning up lock file:	'90946a93-1b57-4c35-958b-5e7ac3394563'
2026-02-10 18:52:29.419 WARN  [ main -> org.tasktide.itemstore.FileUtility.dropFile ]: Warning provided path does not exist, unable to delete:
'/mnt/c/Users/Brendan Kenna/GitHub/TaskTide/tasktide/itemstore/ItemStore-Mutex/lock-file.lock'

2026-02-10 18:52:29.420 WARN  [ main -> org.tasktide.itemstore.FileUtility.dropFile ]: Warning could not delete target file, displaying error:	'/mnt/c/Users/Brendan Kenna/GitHub/TaskTide/tasktide/itemstore/ItemStore-Mutex/lock-file.lock'
java.nio.file.NoSuchFileException: /mnt/c/Users/Brendan Kenna/GitHub/TaskTide/tasktide/itemstore/ItemStore-Mutex/lock-file.lock
	at sun.nio.fs.UnixException.translateToIOException(UnixException.java:92) ~[?:?]
	at sun.nio.fs.UnixException.rethrowAsIOException(UnixException.java:106) ~[?:?]
	at sun.nio.fs.UnixException.rethrowAsIOException(UnixException.java:111) ~[?:?]
	at sun.nio.fs.UnixFileSystemProvider.implDelete(UnixFileSystemProvider.java:248) ~[?:?]
	at sun.nio.fs.AbstractFileSystemProvider.delete(AbstractFileSystemProvider.java:105) ~[?:?]
	at java.nio.file.Files.delete(Files.java:1152) ~[?:?]
	at org.tasktide.itemstore.FileUtility.dropFile(FileUtility.java:132) [main/:?]
	at org.tasktide.itemstore.mutex.orchestrator.MutexOrchestrator.cleanUp(MutexOrchestrator.java:387) [main/:?]
	at org.tasktide.itemstore.mutex.orchestrator.MutexOrchestrator.performLock(MutexOrchestrator.java:219) [main/:?]
	at org.tasktide.itemstore.mutex.orchestrator.MutexOrchestrator.acquireLock(MutexOrchestrator.java:135) [main/:?]
	at org.tasktide.itemstore.mutex.orchestrator.MutexOrchestrator.tryAcquireUntilSuccess(MutexOrchestrator.java:154) [main/:?]
	at org.tasktide.itemstore.mutex.LockActionReleaseApp.main(LockActionReleaseApp.java:95) [test/:?]
2026-02-10 18:52:29.421 DEBUG [ main -> org.tasktide.itemstore.mutex.orchestrator.MutexOrchestrator.cleanUp ]: Cleaning up host file:	'90946a93-1b57-4c35-958b-5e7ac3394563'
2026-02-10 18:52:29.424 WARN  [ main -> org.tasktide.itemstore.FileUtility.dropFile ]: Warning provided path does not exist, unable to delete:
'/mnt/c/Users/Brendan Kenna/GitHub/TaskTide/tasktide/itemstore/ItemStore-Mutex/Host-Lock/1770749526157.127-0-1-1_cd4295af-980c-4561-a4bf-75e37438c4a7.lock'

2026-02-10 18:52:29.426 WARN  [ main -> org.tasktide.itemstore.FileUtility.dropFile ]: Warning could not delete target file, displaying error:	'/mnt/c/Users/Brendan Kenna/GitHub/TaskTide/tasktide/itemstore/ItemStore-Mutex/Host-Lock/1770749526157.127-0-1-1_cd4295af-980c-4561-a4bf-75e37438c4a7.lock'
java.nio.file.NoSuchFileException: /mnt/c/Users/Brendan Kenna/GitHub/TaskTide/tasktide/itemstore/ItemStore-Mutex/Host-Lock/1770749526157.127-0-1-1_cd4295af-980c-4561-a4bf-75e37438c4a7.lock
	at sun.nio.fs.UnixException.translateToIOException(UnixException.java:92) ~[?:?]
	at sun.nio.fs.UnixException.rethrowAsIOException(UnixException.java:106) ~[?:?]
	at sun.nio.fs.UnixException.rethrowAsIOException(UnixException.java:111) ~[?:?]
	at sun.nio.fs.UnixFileSystemProvider.implDelete(UnixFileSystemProvider.java:248) ~[?:?]
	at sun.nio.fs.AbstractFileSystemProvider.delete(AbstractFileSystemProvider.java:105) ~[?:?]
	at java.nio.file.Files.delete(Files.java:1152) ~[?:?]
	at org.tasktide.itemstore.FileUtility.dropFile(FileUtility.java:132) [main/:?]
	at org.tasktide.itemstore.mutex.orchestrator.MutexOrchestrator.cleanUp(MutexOrchestrator.java:392) [main/:?]
	at org.tasktide.itemstore.mutex.orchestrator.MutexOrchestrator.performLock(MutexOrchestrator.java:219) [main/:?]
	at org.tasktide.itemstore.mutex.orchestrator.MutexOrchestrator.acquireLock(MutexOrchestrator.java:135) [main/:?]
	at org.tasktide.itemstore.mutex.orchestrator.MutexOrchestrator.tryAcquireUntilSuccess(MutexOrchestrator.java:154) [main/:?]
	at org.tasktide.itemstore.mutex.LockActionReleaseApp.main(LockActionReleaseApp.java:95) [test/:?]
2026-02-10 18:52:29.427 DEBUG [ main -> org.tasktide.itemstore.mutex.orchestrator.MutexOrchestrator.cleanUp ]: Cleaning up confirm ballot file:	'90946a93-1b57-4c35-958b-5e7ac3394563'
2026-02-10 18:52:29.435 DEBUG [ main -> org.tasktide.itemstore.mutex.orchestrator.MutexOrchestrator.cleanUp ]: Cleaning up election file:	'90946a93-1b57-4c35-958b-5e7ac3394563'
2026-02-10 18:52:29.437 WARN  [ main -> org.tasktide.itemstore.FileUtility.dropFile ]: Warning provided path does not exist, unable to delete:
'/mnt/c/Users/Brendan Kenna/GitHub/TaskTide/tasktide/itemstore/ItemStore-Mutex/Queue/1770749538605.127-0-1-1_cd4295af-980c-4561-a4bf-75e37438c4a7_585c72d2-b747-4444-9c4c-b7e15ed6197b.lock'

2026-02-10 18:52:29.439 WARN  [ main -> org.tasktide.itemstore.FileUtility.dropFile ]: Warning could not delete target file, displaying error:	'/mnt/c/Users/Brendan Kenna/GitHub/TaskTide/tasktide/itemstore/ItemStore-Mutex/Queue/1770749538605.127-0-1-1_cd4295af-980c-4561-a4bf-75e37438c4a7_585c72d2-b747-4444-9c4c-b7e15ed6197b.lock'
java.nio.file.NoSuchFileException: /mnt/c/Users/Brendan Kenna/GitHub/TaskTide/tasktide/itemstore/ItemStore-Mutex/Queue/1770749538605.127-0-1-1_cd4295af-980c-4561-a4bf-75e37438c4a7_585c72d2-b747-4444-9c4c-b7e15ed6197b.lock
	at sun.nio.fs.UnixException.translateToIOException(UnixException.java:92) ~[?:?]
	at sun.nio.fs.UnixException.rethrowAsIOException(UnixException.java:106) ~[?:?]
	at sun.nio.fs.UnixException.rethrowAsIOException(UnixException.java:111) ~[?:?]
	at sun.nio.fs.UnixFileSystemProvider.implDelete(UnixFileSystemProvider.java:248) ~[?:?]
	at sun.nio.fs.AbstractFileSystemProvider.delete(AbstractFileSystemProvider.java:105) ~[?:?]
	at java.nio.file.Files.delete(Files.java:1152) ~[?:?]
	at org.tasktide.itemstore.FileUtility.dropFile(FileUtility.java:132) [main/:?]
	at org.tasktide.itemstore.mutex.orchestrator.MutexOrchestrator.cleanUp(MutexOrchestrator.java:402) [main/:?]
	at org.tasktide.itemstore.mutex.orchestrator.MutexOrchestrator.performLock(MutexOrchestrator.java:219) [main/:?]
	at org.tasktide.itemstore.mutex.orchestrator.MutexOrchestrator.acquireLock(MutexOrchestrator.java:135) [main/:?]
	at org.tasktide.itemstore.mutex.orchestrator.MutexOrchestrator.tryAcquireUntilSuccess(MutexOrchestrator.java:154) [main/:?]
	at org.tasktide.itemstore.mutex.LockActionReleaseApp.main(LockActionReleaseApp.java:95) [test/:?]
2026-02-10 18:52:29.440 WARN  [ main -> org.tasktide.itemstore.mutex.orchestrator.MutexOrchestrator.tryAcquireUntilSuccess ]: Process-949 Attempt 2 failed: LEADERSHIP_CONFIRMATION_FAILED | Exception: Unable to read confirmatory leader:	90946a93-1b57-4c35-958b-5e7ac3394563
2026-02-10 18:52:29.577 INFO  [ main -> org.tasktide.itemstore.mutex.strategy.ElectionStrategy.waitUntilLeader ]: Leadership acquired:	'2b48f459-5f82-40fe-924d-12921c893fe4'
2026-02-10 18:52:29.578 INFO  [ main -> org.tasktide.itemstore.mutex.strategy.ElectionStrategy.waitUntilLeader ]: Verifying leadership:	'2b48f459-5f82-40fe-924d-12921c893fe4'
2026-02-10 18:52:29.756 INFO  [ main -> org.tasktide.itemstore.mutex.strategy.ElectionStrategy.evaluateLeaderTtl ]: Leader passed TTL check-in:	'/mnt/c/Users/Brendan Kenna/GitHub/TaskTide/tasktide/itemstore/ItemStore-Mutex/Queue/1770749540399.127-0-1-1_8e9ee5c3-897c-47eb-9ab1-78c37551e56f_2445c6ea-26de-4bbf-943a-466c4624a0cf.lock'
2026-02-10 18:52:29.757 INFO  [ main -> org.tasktide.itemstore.mutex.strategy.ElectionStrategy.waitUntilLeader ]: Resetting predecessor:	'1350274f-e1a2-428b-b992-02c1b32181cf'
2026-02-10 18:52:29.801 INFO  [ main -> org.tasktide.itemstore.mutex.strategy.ElectionStrategy.evaluateLeaderTtl ]: Leader passed TTL check-in:	'/mnt/c/Users/Brendan Kenna/GitHub/TaskTide/tasktide/itemstore/ItemStore-Mutex/Queue/1770749540399.127-0-1-1_8e9ee5c3-897c-47eb-9ab1-78c37551e56f_2445c6ea-26de-4bbf-943a-466c4624a0cf.lock'
2026-02-10 18:52:29.804 INFO  [ main -> org.tasktide.itemstore.mutex.strategy.ElectionStrategy.waitUntilLeader ]: Resetting predecessor:	'bf4185b2-c54b-4264-98a6-f98c39ffd431'
2026-02-10 18:52:29.831 INFO  [ main -> org.tasktide.itemstore.mutex.strategy.ElectionStrategy.evaluateLeaderTtl ]: Leader passed TTL check-in:	'/mnt/c/Users/Brendan Kenna/GitHub/TaskTide/tasktide/itemstore/ItemStore-Mutex/Queue/1770749540399.127-0-1-1_8e9ee5c3-897c-47eb-9ab1-78c37551e56f_2445c6ea-26de-4bbf-943a-466c4624a0cf.lock'
2026-02-10 18:52:29.832 INFO  [ main -> org.tasktide.itemstore.mutex.strategy.ElectionStrategy.waitUntilLeader ]: Resetting predecessor:	'44233a07-c44c-41ae-8a58-29576b692209'
2026-02-10 18:52:29.979 INFO  [ main -> org.tasktide.itemstore.mutex.strategy.ElectionStrategy.waitUntilLeader ]: Leadership verified:	'2b48f459-5f82-40fe-924d-12921c893fe4'
2026-02-10 18:52:29.980 DEBUG [ main -> org.tasktide.itemstore.mutex.strategy.ElectionStrategy.apply ]: Active leader with Id:	'2b48f459-5f82-40fe-924d-12921c893fe4'
2026-02-10 18:52:29.981 DEBUG [ main -> org.tasktide.itemstore.mutex.strategy.ElectionStrategy.apply ]: State set, writing mutex for:	'2b48f459-5f82-40fe-924d-12921c893fe4'
2026-02-10 18:52:30.043 DEBUG [ main -> org.tasktide.itemstore.mutex.strategy.ElectionStrategy.apply ]: Mutex written for:	'2b48f459-5f82-40fe-924d-12921c893fe4'
2026-02-10 18:52:30.106 INFO  [ main -> org.tasktide.itemstore.mutex.orchestrator.MutexOrchestrator.performLock ]: NFS Lock acquired for:	'2b48f459-5f82-40fe-924d-12921c893fe4'
2026-02-10 18:52:30.107 INFO  [ main -> org.tasktide.itemstore.mutex.orchestrator.MutexOrchestrator.performLock ]: Confirming leadership:	'2b48f459-5f82-40fe-924d-12921c893fe4'
2026-02-10 18:52:30.119 INFO  [ main -> org.tasktide.itemstore.mutex.strategy.ElectionStrategy.waitUntilLeader ]: Recasting ballot:	'84139ab3-ec85-4a3d-8bf5-4114599bb2c2'
2026-02-10 18:52:30.123 INFO  [ main -> org.tasktide.itemstore.mutex.orchestrator.MutexOrchestrator.performLock ]: Waiting for NFS lock for:	'25fd0ed4-87a6-4232-992b-97519891bf8d'
2026-02-10 18:52:30.176 INFO  [ main -> org.tasktide.itemstore.mutex.strategy.ElectionStrategy.evaluateLeaderTtl ]: Leader passed TTL check-in:	'/mnt/c/Users/Brendan Kenna/GitHub/TaskTide/tasktide/itemstore/ItemStore-Mutex/Queue/1770749540399.127-0-1-1_8e9ee5c3-897c-47eb-9ab1-78c37551e56f_2445c6ea-26de-4bbf-943a-466c4624a0cf.lock'
2026-02-10 18:52:30.178 INFO  [ main -> org.tasktide.itemstore.mutex.strategy.ElectionStrategy.waitUntilLeader ]: Resetting predecessor:	'bf4185b2-c54b-4264-98a6-f98c39ffd431'
2026-02-10 18:52:30.252 INFO  [ main -> org.tasktide.itemstore.mutex.strategy.ElectionStrategy.evaluateLeaderTtl ]: Leader passed TTL check-in:	'/mnt/c/Users/Brendan Kenna/GitHub/TaskTide/tasktide/itemstore/ItemStore-Mutex/Queue/1770749540399.127-0-1-1_8e9ee5c3-897c-47eb-9ab1-78c37551e56f_2445c6ea-26de-4bbf-943a-466c4624a0cf.lock'
2026-02-10 18:52:30.253 INFO  [ main -> org.tasktide.itemstore.mutex.strategy.ElectionStrategy.waitUntilLeader ]: Resetting predecessor:	'1350274f-e1a2-428b-b992-02c1b32181cf'
2026-02-10 18:52:30.320 INFO  [ main -> org.tasktide.itemstore.mutex.strategy.ElectionStrategy.evaluateLeaderTtl ]: Leader passed TTL check-in:	'/mnt/c/Users/Brendan Kenna/GitHub/TaskTide/tasktide/itemstore/ItemStore-Mutex/Queue/1770749540399.127-0-1-1_8e9ee5c3-897c-47eb-9ab1-78c37551e56f_2445c6ea-26de-4bbf-943a-466c4624a0cf.lock'
2026-02-10 18:52:30.322 INFO  [ main -> org.tasktide.itemstore.mutex.strategy.ElectionStrategy.waitUntilLeader ]: Resetting predecessor:	'44233a07-c44c-41ae-8a58-29576b692209'
2026-02-10 18:52:30.454 DEBUG [ main -> org.tasktide.itemstore.mutex.strategy.ElectionStrategy.initMutex ]: Initializing mutex:	'25fd0ed4-87a6-4232-992b-97519891bf8d'
2026-02-10 18:52:30.548 DEBUG [ main -> org.tasktide.itemstore.mutex.strategy.ElectionStrategy.initMutex ]: Mutex initialized, inferring queue position
2026-02-10 18:52:30.555 WARN  [ main -> org.tasktide.itemstore.mutex.strategy.ElectionStrategy.initMutex ]: No election files detected
2026-02-10 18:52:30.590 INFO  [ main -> org.tasktide.itemstore.mutex.strategy.ElectionStrategy.evaluateLeaderTtl ]: Leader passed TTL check-in:	'/mnt/c/Users/Brendan Kenna/GitHub/TaskTide/tasktide/itemstore/ItemStore-Mutex/Queue/1770749540399.127-0-1-1_8e9ee5c3-897c-47eb-9ab1-78c37551e56f_2445c6ea-26de-4bbf-943a-466c4624a0cf.lock'
2026-02-10 18:52:30.592 INFO  [ main -> org.tasktide.itemstore.mutex.strategy.ElectionStrategy.waitUntilLeader ]: Resetting predecessor:	'bf4185b2-c54b-4264-98a6-f98c39ffd431'
2026-02-10 18:52:30.768 WARN  [ main -> org.tasktide.itemstore.mutex.strategy.ElectionStrategy.evaluateLeaderTtl ]: Removing below stale leader status:	'true'

'/mnt/c/Users/Brendan Kenna/GitHub/TaskTide/tasktide/itemstore/ItemStore-Mutex/Queue/1770749540399.127-0-1-1_8e9ee5c3-897c-47eb-9ab1-78c37551e56f_2445c6ea-26de-4bbf-943a-466c4624a0cf.lock'
2026-02-10 18:52:30.803 INFO  [ main -> org.tasktide.itemstore.mutex.strategy.ElectionStrategy.evaluateLeaderTtl ]: Leader passed TTL check-in:	'/mnt/c/Users/Brendan Kenna/GitHub/TaskTide/tasktide/itemstore/ItemStore-Mutex/Queue/1770749541529.127-0-1-1_7493e205-2a85-4042-90a6-359128af69fe_1350274f-e1a2-428b-b992-02c1b32181cf.lock'
2026-02-10 18:52:30.804 INFO  [ main -> org.tasktide.itemstore.mutex.strategy.ElectionStrategy.waitUntilLeader ]: Resetting predecessor:	'44233a07-c44c-41ae-8a58-29576b692209'
2026-02-10 18:52:30.945 INFO  [ main -> org.tasktide.itemstore.mutex.strategy.ElectionStrategy.evaluateLeaderTtl ]: Leader passed TTL check-in:	'/mnt/c/Users/Brendan Kenna/GitHub/TaskTide/tasktide/itemstore/ItemStore-Mutex/Queue/1770749541529.127-0-1-1_7493e205-2a85-4042-90a6-359128af69fe_1350274f-e1a2-428b-b992-02c1b32181cf.lock'
2026-02-10 18:52:30.947 INFO  [ main -> org.tasktide.itemstore.mutex.strategy.ElectionStrategy.waitUntilLeader ]: Resetting predecessor:	'f42cea71-10b1-4a44-a74a-e91c395bd881'
2026-02-10 18:52:30.972 INFO  [ main -> org.tasktide.itemstore.mutex.strategy.ElectionStrategy.evaluateLeaderTtl ]: Leader passed TTL check-in:	'/mnt/c/Users/Brendan Kenna/GitHub/TaskTide/tasktide/itemstore/ItemStore-Mutex/Queue/1770749541529.127-0-1-1_7493e205-2a85-4042-90a6-359128af69fe_1350274f-e1a2-428b-b992-02c1b32181cf.lock'
2026-02-10 18:52:30.973 INFO  [ main -> org.tasktide.itemstore.mutex.strategy.ElectionStrategy.waitUntilLeader ]: Resetting predecessor:	'bf4185b2-c54b-4264-98a6-f98c39ffd431'
2026-02-10 18:52:31.066 DEBUG [ main -> org.tasktide.itemstore.mutex.orchestrator.MutexOrchestrator.cleanUp ]: Cleaning up lock file:	'2b48f459-5f82-40fe-924d-12921c893fe4'
2026-02-10 18:52:31.068 WARN  [ main -> org.tasktide.itemstore.FileUtility.dropFile ]: Warning provided path does not exist, unable to delete:
'/mnt/c/Users/Brendan Kenna/GitHub/TaskTide/tasktide/itemstore/ItemStore-Mutex/lock-file.lock'

2026-02-10 18:52:31.131 INFO  [ main -> org.tasktide.itemstore.mutex.strategy.ElectionStrategy.waitUntilLeader ]: Leadership acquired:	'1350274f-e1a2-428b-b992-02c1b32181cf'
2026-02-10 18:52:31.132 INFO  [ main -> org.tasktide.itemstore.mutex.strategy.ElectionStrategy.waitUntilLeader ]: Verifying leadership:	'1350274f-e1a2-428b-b992-02c1b32181cf'
2026-02-10 18:52:31.070 WARN  [ main -> org.tasktide.itemstore.FileUtility.dropFile ]: Warning could not delete target file, displaying error:	'/mnt/c/Users/Brendan Kenna/GitHub/TaskTide/tasktide/itemstore/ItemStore-Mutex/lock-file.lock'
java.nio.file.NoSuchFileException: /mnt/c/Users/Brendan Kenna/GitHub/TaskTide/tasktide/itemstore/ItemStore-Mutex/lock-file.lock
	at sun.nio.fs.UnixException.translateToIOException(UnixException.java:92) ~[?:?]
	at sun.nio.fs.UnixException.rethrowAsIOException(UnixException.java:106) ~[?:?]
	at sun.nio.fs.UnixException.rethrowAsIOException(UnixException.java:111) ~[?:?]
	at sun.nio.fs.UnixFileSystemProvider.implDelete(UnixFileSystemProvider.java:248) ~[?:?]
	at sun.nio.fs.AbstractFileSystemProvider.delete(AbstractFileSystemProvider.java:105) ~[?:?]
	at java.nio.file.Files.delete(Files.java:1152) ~[?:?]
	at org.tasktide.itemstore.FileUtility.dropFile(FileUtility.java:132) [main/:?]
	at org.tasktide.itemstore.mutex.orchestrator.MutexOrchestrator.cleanUp(MutexOrchestrator.java:387) [main/:?]
	at org.tasktide.itemstore.mutex.orchestrator.MutexOrchestrator.performLock(MutexOrchestrator.java:219) [main/:?]
	at org.tasktide.itemstore.mutex.orchestrator.MutexOrchestrator.acquireLock(MutexOrchestrator.java:135) [main/:?]
	at org.tasktide.itemstore.mutex.orchestrator.MutexOrchestrator.tryAcquireUntilSuccess(MutexOrchestrator.java:154) [main/:?]
	at org.tasktide.itemstore.mutex.LockActionReleaseApp.main(LockActionReleaseApp.java:95) [test/:?]
2026-02-10 18:52:31.191 DEBUG [ main -> org.tasktide.itemstore.mutex.orchestrator.MutexOrchestrator.cleanUp ]: Cleaning up host file:	'2b48f459-5f82-40fe-924d-12921c893fe4'
2026-02-10 18:52:31.192 WARN  [ main -> org.tasktide.itemstore.FileUtility.dropFile ]: Warning provided path does not exist, unable to delete:
'/mnt/c/Users/Brendan Kenna/GitHub/TaskTide/tasktide/itemstore/ItemStore-Mutex/Host-Lock/1770749502608.127-0-1-1_8e9ee5c3-897c-47eb-9ab1-78c37551e56f.lock'

2026-02-10 18:52:31.194 WARN  [ main -> org.tasktide.itemstore.FileUtility.dropFile ]: Warning could not delete target file, displaying error:	'/mnt/c/Users/Brendan Kenna/GitHub/TaskTide/tasktide/itemstore/ItemStore-Mutex/Host-Lock/1770749502608.127-0-1-1_8e9ee5c3-897c-47eb-9ab1-78c37551e56f.lock'
java.nio.file.NoSuchFileException: /mnt/c/Users/Brendan Kenna/GitHub/TaskTide/tasktide/itemstore/ItemStore-Mutex/Host-Lock/1770749502608.127-0-1-1_8e9ee5c3-897c-47eb-9ab1-78c37551e56f.lock
	at sun.nio.fs.UnixException.translateToIOException(UnixException.java:92) ~[?:?]
	at sun.nio.fs.UnixException.rethrowAsIOException(UnixException.java:106) ~[?:?]
	at sun.nio.fs.UnixException.rethrowAsIOException(UnixException.java:111) ~[?:?]
	at sun.nio.fs.UnixFileSystemProvider.implDelete(UnixFileSystemProvider.java:248) ~[?:?]
	at sun.nio.fs.AbstractFileSystemProvider.delete(AbstractFileSystemProvider.java:105) ~[?:?]
	at java.nio.file.Files.delete(Files.java:1152) ~[?:?]
	at org.tasktide.itemstore.FileUtility.dropFile(FileUtility.java:132) [main/:?]
	at org.tasktide.itemstore.mutex.orchestrator.MutexOrchestrator.cleanUp(MutexOrchestrator.java:392) [main/:?]
	at org.tasktide.itemstore.mutex.orchestrator.MutexOrchestrator.performLock(MutexOrchestrator.java:219) [main/:?]
	at org.tasktide.itemstore.mutex.orchestrator.MutexOrchestrator.acquireLock(MutexOrchestrator.java:135) [main/:?]
	at org.tasktide.itemstore.mutex.orchestrator.MutexOrchestrator.tryAcquireUntilSuccess(MutexOrchestrator.java:154) [main/:?]
	at org.tasktide.itemstore.mutex.LockActionReleaseApp.main(LockActionReleaseApp.java:95) [test/:?]
2026-02-10 18:52:31.195 DEBUG [ main -> org.tasktide.itemstore.mutex.orchestrator.MutexOrchestrator.cleanUp ]: Cleaning up confirm ballot file:	'2b48f459-5f82-40fe-924d-12921c893fe4'
2026-02-10 18:52:31.199 DEBUG [ main -> org.tasktide.itemstore.mutex.orchestrator.MutexOrchestrator.cleanUp ]: Cleaning up election file:	'2b48f459-5f82-40fe-924d-12921c893fe4'
2026-02-10 18:52:31.200 WARN  [ main -> org.tasktide.itemstore.FileUtility.dropFile ]: Warning provided path does not exist, unable to delete:
'/mnt/c/Users/Brendan Kenna/GitHub/TaskTide/tasktide/itemstore/ItemStore-Mutex/Queue/1770749540399.127-0-1-1_8e9ee5c3-897c-47eb-9ab1-78c37551e56f_2445c6ea-26de-4bbf-943a-466c4624a0cf.lock'

2026-02-10 18:52:31.201 WARN  [ main -> org.tasktide.itemstore.FileUtility.dropFile ]: Warning could not delete target file, displaying error:	'/mnt/c/Users/Brendan Kenna/GitHub/TaskTide/tasktide/itemstore/ItemStore-Mutex/Queue/1770749540399.127-0-1-1_8e9ee5c3-897c-47eb-9ab1-78c37551e56f_2445c6ea-26de-4bbf-943a-466c4624a0cf.lock'
java.nio.file.NoSuchFileException: /mnt/c/Users/Brendan Kenna/GitHub/TaskTide/tasktide/itemstore/ItemStore-Mutex/Queue/1770749540399.127-0-1-1_8e9ee5c3-897c-47eb-9ab1-78c37551e56f_2445c6ea-26de-4bbf-943a-466c4624a0cf.lock
	at sun.nio.fs.UnixException.translateToIOException(UnixException.java:92) ~[?:?]
	at sun.nio.fs.UnixException.rethrowAsIOException(UnixException.java:106) ~[?:?]
	at sun.nio.fs.UnixException.rethrowAsIOException(UnixException.java:111) ~[?:?]
	at sun.nio.fs.UnixFileSystemProvider.implDelete(UnixFileSystemProvider.java:248) ~[?:?]
	at sun.nio.fs.AbstractFileSystemProvider.delete(AbstractFileSystemProvider.java:105) ~[?:?]
	at java.nio.file.Files.delete(Files.java:1152) ~[?:?]
	at org.tasktide.itemstore.FileUtility.dropFile(FileUtility.java:132) [main/:?]
	at org.tasktide.itemstore.mutex.orchestrator.MutexOrchestrator.cleanUp(MutexOrchestrator.java:402) [main/:?]
	at org.tasktide.itemstore.mutex.orchestrator.MutexOrchestrator.performLock(MutexOrchestrator.java:219) [main/:?]
	at org.tasktide.itemstore.mutex.orchestrator.MutexOrchestrator.acquireLock(MutexOrchestrator.java:135) [main/:?]
	at org.tasktide.itemstore.mutex.orchestrator.MutexOrchestrator.tryAcquireUntilSuccess(MutexOrchestrator.java:154) [main/:?]
	at org.tasktide.itemstore.mutex.LockActionReleaseApp.main(LockActionReleaseApp.java:95) [test/:?]
2026-02-10 18:52:31.244 INFO  [ main -> org.tasktide.itemstore.mutex.strategy.ElectionStrategy.waitUntilLeader ]: Recasting ballot:	'f84a2ff0-75a1-4442-b74e-014d8f3ffed2'
2026-02-10 18:52:31.244 INFO  [ main -> org.tasktide.itemstore.mutex.strategy.ElectionStrategy.waitUntilLeader ]: Recasting ballot:	'f255fe3b-128a-4f3a-b02e-0d9de0ef33d1'
2026-02-10 18:52:31.255 INFO  [ main -> org.tasktide.itemstore.mutex.strategy.ElectionStrategy.evaluateLeaderTtl ]: Leader passed TTL check-in:	'/mnt/c/Users/Brendan Kenna/GitHub/TaskTide/tasktide/itemstore/ItemStore-Mutex/Queue/1770749541529.127-0-1-1_7493e205-2a85-4042-90a6-359128af69fe_1350274f-e1a2-428b-b992-02c1b32181cf.lock'
2026-02-10 18:52:31.256 INFO  [ main -> org.tasktide.itemstore.mutex.strategy.ElectionStrategy.waitUntilLeader ]: Resetting predecessor:	'44233a07-c44c-41ae-8a58-29576b692209'
2026-02-10 18:52:31.341 INFO  [ main -> org.tasktide.itemstore.mutex.strategy.ElectionStrategy.evaluateLeaderTtl ]: Leader passed TTL check-in:	'/mnt/c/Users/Brendan Kenna/GitHub/TaskTide/tasktide/itemstore/ItemStore-Mutex/Queue/1770749541529.127-0-1-1_7493e205-2a85-4042-90a6-359128af69fe_1350274f-e1a2-428b-b992-02c1b32181cf.lock'
2026-02-10 18:52:31.343 INFO  [ main -> org.tasktide.itemstore.mutex.strategy.ElectionStrategy.waitUntilLeader ]: Resetting predecessor:	'bf4185b2-c54b-4264-98a6-f98c39ffd431'
2026-02-10 18:52:31.359 INFO  [ main -> org.tasktide.itemstore.mutex.strategy.ElectionStrategy.evaluateLeaderTtl ]: Leader passed TTL check-in:	'/mnt/c/Users/Brendan Kenna/GitHub/TaskTide/tasktide/itemstore/ItemStore-Mutex/Queue/1770749541529.127-0-1-1_7493e205-2a85-4042-90a6-359128af69fe_1350274f-e1a2-428b-b992-02c1b32181cf.lock'
2026-02-10 18:52:31.360 INFO  [ main -> org.tasktide.itemstore.mutex.strategy.ElectionStrategy.waitUntilLeader ]: Resetting predecessor:	'f42cea71-10b1-4a44-a74a-e91c395bd881'
2026-02-10 18:52:31.384 INFO  [ main -> org.tasktide.itemstore.mutex.strategy.ElectionStrategy.waitUntilLeader ]: Recasting ballot:	'483588d0-7fe9-4775-bce7-6891cd0f7f9f'
2026-02-10 18:52:31.584 INFO  [ main -> org.tasktide.itemstore.mutex.strategy.ElectionStrategy.waitUntilLeader ]: Leadership verified:	'1350274f-e1a2-428b-b992-02c1b32181cf'
2026-02-10 18:52:31.587 DEBUG [ main -> org.tasktide.itemstore.mutex.strategy.ElectionStrategy.apply ]: Active leader with Id:	'1350274f-e1a2-428b-b992-02c1b32181cf'
2026-02-10 18:52:31.590 DEBUG [ main -> org.tasktide.itemstore.mutex.strategy.ElectionStrategy.apply ]: State set, writing mutex for:	'1350274f-e1a2-428b-b992-02c1b32181cf'
2026-02-10 18:52:31.637 WARN  [ main -> org.tasktide.itemstore.mutex.orchestrator.MutexOrchestrator.tryAcquireUntilSuccess ]: Process-959 Attempt 0 failed: LEADERSHIP_CONFIRMATION_FAILED | Exception: Unable to read confirmatory leader:	2b48f459-5f82-40fe-924d-12921c893fe4
2026-02-10 18:52:31.639 DEBUG [ main -> org.tasktide.itemstore.mutex.strategy.ElectionStrategy.apply ]: Mutex written for:	'1350274f-e1a2-428b-b992-02c1b32181cf'
2026-02-10 18:52:31.684 INFO  [ main -> org.tasktide.itemstore.mutex.strategy.ElectionStrategy.evaluateLeaderTtl ]: Leader passed TTL check-in:	'/mnt/c/Users/Brendan Kenna/GitHub/TaskTide/tasktide/itemstore/ItemStore-Mutex/Queue/1770749541529.127-0-1-1_7493e205-2a85-4042-90a6-359128af69fe_1350274f-e1a2-428b-b992-02c1b32181cf.lock'
2026-02-10 18:52:31.686 INFO  [ main -> org.tasktide.itemstore.mutex.strategy.ElectionStrategy.waitUntilLeader ]: Resetting predecessor:	'f42cea71-10b1-4a44-a74a-e91c395bd881'
2026-02-10 18:52:31.707 INFO  [ main -> org.tasktide.itemstore.mutex.orchestrator.MutexOrchestrator.performLock ]: NFS Lock acquired for:	'1350274f-e1a2-428b-b992-02c1b32181cf'
2026-02-10 18:52:31.708 INFO  [ main -> org.tasktide.itemstore.mutex.orchestrator.MutexOrchestrator.performLock ]: Confirming leadership:	'1350274f-e1a2-428b-b992-02c1b32181cf'
2026-02-10 18:52:31.726 INFO  [ main -> org.tasktide.itemstore.mutex.strategy.ElectionStrategy.evaluateLeaderTtl ]: Leader passed TTL check-in:	'/mnt/c/Users/Brendan Kenna/GitHub/TaskTide/tasktide/itemstore/ItemStore-Mutex/Queue/1770749541529.127-0-1-1_7493e205-2a85-4042-90a6-359128af69fe_1350274f-e1a2-428b-b992-02c1b32181cf.lock'
2026-02-10 18:52:31.728 INFO  [ main -> org.tasktide.itemstore.mutex.strategy.ElectionStrategy.waitUntilLeader ]: Resetting predecessor:	'44233a07-c44c-41ae-8a58-29576b692209'
2026-02-10 18:52:31.766 INFO  [ main -> org.tasktide.itemstore.mutex.strategy.ElectionStrategy.evaluateLeaderTtl ]: Leader passed TTL check-in:	'/mnt/c/Users/Brendan Kenna/GitHub/TaskTide/tasktide/itemstore/ItemStore-Mutex/Queue/1770749541529.127-0-1-1_7493e205-2a85-4042-90a6-359128af69fe_1350274f-e1a2-428b-b992-02c1b32181cf.lock'
2026-02-10 18:52:31.768 INFO  [ main -> org.tasktide.itemstore.mutex.strategy.ElectionStrategy.waitUntilLeader ]: Resetting predecessor:	'bf4185b2-c54b-4264-98a6-f98c39ffd431'
2026-02-10 18:52:32.061 WARN  [ main -> org.tasktide.itemstore.mutex.strategy.ElectionStrategy.evaluateLeaderTtl ]: Removing below stale leader status:	'true'

'/mnt/c/Users/Brendan Kenna/GitHub/TaskTide/tasktide/itemstore/ItemStore-Mutex/Queue/1770749541529.127-0-1-1_7493e205-2a85-4042-90a6-359128af69fe_1350274f-e1a2-428b-b992-02c1b32181cf.lock'
2026-02-10 18:52:32.112 DEBUG [ main -> org.tasktide.itemstore.mutex.orchestrator.MutexOrchestrator.cleanUp ]: Cleaning up lock file:	'1350274f-e1a2-428b-b992-02c1b32181cf'
2026-02-10 18:52:32.114 WARN  [ main -> org.tasktide.itemstore.FileUtility.dropFile ]: Warning provided path does not exist, unable to delete:
'/mnt/c/Users/Brendan Kenna/GitHub/TaskTide/tasktide/itemstore/ItemStore-Mutex/lock-file.lock'

2026-02-10 18:52:32.117 WARN  [ main -> org.tasktide.itemstore.FileUtility.dropFile ]: Warning could not delete target file, displaying error:	'/mnt/c/Users/Brendan Kenna/GitHub/TaskTide/tasktide/itemstore/ItemStore-Mutex/lock-file.lock'
java.nio.file.NoSuchFileException: /mnt/c/Users/Brendan Kenna/GitHub/TaskTide/tasktide/itemstore/ItemStore-Mutex/lock-file.lock
	at sun.nio.fs.UnixException.translateToIOException(UnixException.java:92) ~[?:?]
	at sun.nio.fs.UnixException.rethrowAsIOException(UnixException.java:106) ~[?:?]
	at sun.nio.fs.UnixException.rethrowAsIOException(UnixException.java:111) ~[?:?]
	at sun.nio.fs.UnixFileSystemProvider.implDelete(UnixFileSystemProvider.java:248) ~[?:?]
	at sun.nio.fs.AbstractFileSystemProvider.delete(AbstractFileSystemProvider.java:105) ~[?:?]
	at java.nio.file.Files.delete(Files.java:1152) ~[?:?]
	at org.tasktide.itemstore.FileUtility.dropFile(FileUtility.java:132) [main/:?]
	at org.tasktide.itemstore.mutex.orchestrator.MutexOrchestrator.cleanUp(MutexOrchestrator.java:387) [main/:?]
	at org.tasktide.itemstore.mutex.orchestrator.MutexOrchestrator.performLock(MutexOrchestrator.java:219) [main/:?]
	at org.tasktide.itemstore.mutex.orchestrator.MutexOrchestrator.acquireLock(MutexOrchestrator.java:135) [main/:?]
	at org.tasktide.itemstore.mutex.orchestrator.MutexOrchestrator.tryAcquireUntilSuccess(MutexOrchestrator.java:154) [main/:?]
	at org.tasktide.itemstore.mutex.LockActionReleaseApp.main(LockActionReleaseApp.java:95) [test/:?]
2026-02-10 18:52:32.119 DEBUG [ main -> org.tasktide.itemstore.mutex.orchestrator.MutexOrchestrator.cleanUp ]: Cleaning up host file:	'1350274f-e1a2-428b-b992-02c1b32181cf'
2026-02-10 18:52:32.121 WARN  [ main -> org.tasktide.itemstore.FileUtility.dropFile ]: Warning provided path does not exist, unable to delete:
'/mnt/c/Users/Brendan Kenna/GitHub/TaskTide/tasktide/itemstore/ItemStore-Mutex/Host-Lock/1770749541529.127-0-1-1_7493e205-2a85-4042-90a6-359128af69fe.lock'

2026-02-10 18:52:32.123 WARN  [ main -> org.tasktide.itemstore.FileUtility.dropFile ]: Warning could not delete target file, displaying error:	'/mnt/c/Users/Brendan Kenna/GitHub/TaskTide/tasktide/itemstore/ItemStore-Mutex/Host-Lock/1770749541529.127-0-1-1_7493e205-2a85-4042-90a6-359128af69fe.lock'
java.nio.file.NoSuchFileException: /mnt/c/Users/Brendan Kenna/GitHub/TaskTide/tasktide/itemstore/ItemStore-Mutex/Host-Lock/1770749541529.127-0-1-1_7493e205-2a85-4042-90a6-359128af69fe.lock
	at sun.nio.fs.UnixException.translateToIOException(UnixException.java:92) ~[?:?]
	at sun.nio.fs.UnixException.rethrowAsIOException(UnixException.java:106) ~[?:?]
	at sun.nio.fs.UnixException.rethrowAsIOException(UnixException.java:111) ~[?:?]
	at sun.nio.fs.UnixFileSystemProvider.implDelete(UnixFileSystemProvider.java:248) ~[?:?]
	at sun.nio.fs.AbstractFileSystemProvider.delete(AbstractFileSystemProvider.java:105) ~[?:?]
	at java.nio.file.Files.delete(Files.java:1152) ~[?:?]
	at org.tasktide.itemstore.FileUtility.dropFile(FileUtility.java:132) [main/:?]
	at org.tasktide.itemstore.mutex.orchestrator.MutexOrchestrator.cleanUp(MutexOrchestrator.java:392) [main/:?]
	at org.tasktide.itemstore.mutex.orchestrator.MutexOrchestrator.performLock(MutexOrchestrator.java:219) [main/:?]
	at org.tasktide.itemstore.mutex.orchestrator.MutexOrchestrator.acquireLock(MutexOrchestrator.java:135) [main/:?]
	at org.tasktide.itemstore.mutex.orchestrator.MutexOrchestrator.tryAcquireUntilSuccess(MutexOrchestrator.java:154) [main/:?]
	at org.tasktide.itemstore.mutex.LockActionReleaseApp.main(LockActionReleaseApp.java:95) [test/:?]
2026-02-10 18:52:32.124 DEBUG [ main -> org.tasktide.itemstore.mutex.orchestrator.MutexOrchestrator.cleanUp ]: Cleaning up confirm ballot file:	'1350274f-e1a2-428b-b992-02c1b32181cf'
2026-02-10 18:52:32.125 WARN  [ main -> org.tasktide.itemstore.FileUtility.dropFile ]: Warning provided paths is null, unable to delete:
'null'

2026-02-10 18:52:32.126 DEBUG [ main -> org.tasktide.itemstore.mutex.orchestrator.MutexOrchestrator.cleanUp ]: Cleaning up election file:	'1350274f-e1a2-428b-b992-02c1b32181cf'
2026-02-10 18:52:32.127 WARN  [ main -> org.tasktide.itemstore.FileUtility.dropFile ]: Warning provided path does not exist, unable to delete:
'/mnt/c/Users/Brendan Kenna/GitHub/TaskTide/tasktide/itemstore/ItemStore-Mutex/Queue/1770749541529.127-0-1-1_7493e205-2a85-4042-90a6-359128af69fe_1350274f-e1a2-428b-b992-02c1b32181cf.lock'

2026-02-10 18:52:32.128 WARN  [ main -> org.tasktide.itemstore.FileUtility.dropFile ]: Warning could not delete target file, displaying error:	'/mnt/c/Users/Brendan Kenna/GitHub/TaskTide/tasktide/itemstore/ItemStore-Mutex/Queue/1770749541529.127-0-1-1_7493e205-2a85-4042-90a6-359128af69fe_1350274f-e1a2-428b-b992-02c1b32181cf.lock'
java.nio.file.NoSuchFileException: /mnt/c/Users/Brendan Kenna/GitHub/TaskTide/tasktide/itemstore/ItemStore-Mutex/Queue/1770749541529.127-0-1-1_7493e205-2a85-4042-90a6-359128af69fe_1350274f-e1a2-428b-b992-02c1b32181cf.lock
	at sun.nio.fs.UnixException.translateToIOException(UnixException.java:92) ~[?:?]
	at sun.nio.fs.UnixException.rethrowAsIOException(UnixException.java:106) ~[?:?]
	at sun.nio.fs.UnixException.rethrowAsIOException(UnixException.java:111) ~[?:?]
	at sun.nio.fs.UnixFileSystemProvider.implDelete(UnixFileSystemProvider.java:248) ~[?:?]
	at sun.nio.fs.AbstractFileSystemProvider.delete(AbstractFileSystemProvider.java:105) ~[?:?]
	at java.nio.file.Files.delete(Files.java:1152) ~[?:?]
	at org.tasktide.itemstore.FileUtility.dropFile(FileUtility.java:132) [main/:?]
	at org.tasktide.itemstore.mutex.orchestrator.MutexOrchestrator.cleanUp(MutexOrchestrator.java:402) [main/:?]
	at org.tasktide.itemstore.mutex.orchestrator.MutexOrchestrator.performLock(MutexOrchestrator.java:219) [main/:?]
	at org.tasktide.itemstore.mutex.orchestrator.MutexOrchestrator.acquireLock(MutexOrchestrator.java:135) [main/:?]
	at org.tasktide.itemstore.mutex.orchestrator.MutexOrchestrator.tryAcquireUntilSuccess(MutexOrchestrator.java:154) [main/:?]
	at org.tasktide.itemstore.mutex.LockActionReleaseApp.main(LockActionReleaseApp.java:95) [test/:?]
2026-02-10 18:52:32.129 WARN  [ main -> org.tasktide.itemstore.mutex.orchestrator.MutexOrchestrator.tryAcquireUntilSuccess ]: Process-1036 Attempt 2 failed: LEADERSHIP_CONFIRMATION_FAILED | Exception: Unable to read elected leader:	1350274f-e1a2-428b-b992-02c1b32181cf
2026-02-10 18:52:32.152 INFO  [ main -> org.tasktide.itemstore.mutex.strategy.ElectionStrategy.evaluateLeaderTtl ]: Leader passed TTL check-in:	'/mnt/c/Users/Brendan Kenna/GitHub/TaskTide/tasktide/itemstore/ItemStore-Mutex/Queue/1770749542214.127-0-1-1_17c7873b-ab53-4f37-877b-eda907c02f1f_4bef72c9-798d-440b-9cba-9d4239336a03.lock'
2026-02-10 18:52:32.155 INFO  [ main -> org.tasktide.itemstore.mutex.strategy.ElectionStrategy.waitUntilLeader ]: Resetting predecessor:	'bf4185b2-c54b-4264-98a6-f98c39ffd431'
2026-02-10 18:52:32.160 INFO  [ main -> org.tasktide.itemstore.mutex.strategy.ElectionStrategy.waitUntilLeader ]: Leadership acquired:	'44233a07-c44c-41ae-8a58-29576b692209'
2026-02-10 18:52:32.163 INFO  [ main -> org.tasktide.itemstore.mutex.strategy.ElectionStrategy.waitUntilLeader ]: Verifying leadership:	'44233a07-c44c-41ae-8a58-29576b692209'
2026-02-10 18:52:32.261 INFO  [ main -> org.tasktide.itemstore.mutex.strategy.ElectionStrategy.evaluateLeaderTtl ]: Leader passed TTL check-in:	'/mnt/c/Users/Brendan Kenna/GitHub/TaskTide/tasktide/itemstore/ItemStore-Mutex/Queue/1770749542214.127-0-1-1_17c7873b-ab53-4f37-877b-eda907c02f1f_4bef72c9-798d-440b-9cba-9d4239336a03.lock'
2026-02-10 18:52:32.262 INFO  [ main -> org.tasktide.itemstore.mutex.strategy.ElectionStrategy.waitUntilLeader ]: Resetting predecessor:	'f42cea71-10b1-4a44-a74a-e91c395bd881'
2026-02-10 18:52:32.408 INFO  [ main -> org.tasktide.itemstore.mutex.orchestrator.MutexOrchestrator.performLock ]: Waiting for NFS lock for:	'b87bc42a-03f8-44b5-bf36-4df07028a46c'
2026-02-10 18:52:32.498 INFO  [ main -> org.tasktide.itemstore.mutex.strategy.ElectionStrategy.evaluateLeaderTtl ]: Leader passed TTL check-in:	'/mnt/c/Users/Brendan Kenna/GitHub/TaskTide/tasktide/itemstore/ItemStore-Mutex/Queue/1770749542214.127-0-1-1_17c7873b-ab53-4f37-877b-eda907c02f1f_4bef72c9-798d-440b-9cba-9d4239336a03.lock'
2026-02-10 18:52:32.500 INFO  [ main -> org.tasktide.itemstore.mutex.strategy.ElectionStrategy.waitUntilLeader ]: Resetting predecessor:	'10adb96e-4ae0-455c-b13f-f0612a4ebee3'
2026-02-10 18:52:32.589 INFO  [ main -> org.tasktide.itemstore.mutex.strategy.ElectionStrategy.evaluateLeaderTtl ]: Leader passed TTL check-in:	'/mnt/c/Users/Brendan Kenna/GitHub/TaskTide/tasktide/itemstore/ItemStore-Mutex/Queue/1770749542214.127-0-1-1_17c7873b-ab53-4f37-877b-eda907c02f1f_4bef72c9-798d-440b-9cba-9d4239336a03.lock'
2026-02-10 18:52:32.591 INFO  [ main -> org.tasktide.itemstore.mutex.strategy.ElectionStrategy.waitUntilLeader ]: Resetting predecessor:	'bf4185b2-c54b-4264-98a6-f98c39ffd431'
2026-02-10 18:52:32.608 INFO  [ main -> org.tasktide.itemstore.mutex.strategy.ElectionStrategy.waitUntilLeader ]: Leadership verified:	'44233a07-c44c-41ae-8a58-29576b692209'
2026-02-10 18:52:32.610 DEBUG [ main -> org.tasktide.itemstore.mutex.strategy.ElectionStrategy.apply ]: Active leader with Id:	'44233a07-c44c-41ae-8a58-29576b692209'
2026-02-10 18:52:32.613 DEBUG [ main -> org.tasktide.itemstore.mutex.strategy.ElectionStrategy.apply ]: State set, writing mutex for:	'44233a07-c44c-41ae-8a58-29576b692209'
2026-02-10 18:52:32.701 INFO  [ main -> org.tasktide.itemstore.mutex.strategy.ElectionStrategy.evaluateLeaderTtl ]: Leader passed TTL check-in:	'/mnt/c/Users/Brendan Kenna/GitHub/TaskTide/tasktide/itemstore/ItemStore-Mutex/Queue/1770749543231.127-0-1-1_c3c67d8b-9c76-45f3-ba75-d4d621129dd2_64b3a4f3-53e9-4b03-a246-eb5ce4852034.lock'
2026-02-10 18:52:32.702 INFO  [ main -> org.tasktide.itemstore.mutex.strategy.ElectionStrategy.waitUntilLeader ]: Resetting predecessor:	'f42cea71-10b1-4a44-a74a-e91c395bd881'
2026-02-10 18:52:32.723 DEBUG [ main -> org.tasktide.itemstore.mutex.strategy.ElectionStrategy.apply ]: Mutex written for:	'44233a07-c44c-41ae-8a58-29576b692209'
2026-02-10 18:52:32.753 DEBUG [ main -> org.tasktide.itemstore.mutex.strategy.ElectionStrategy.initMutex ]: Initializing mutex:	'b87bc42a-03f8-44b5-bf36-4df07028a46c'
2026-02-10 18:52:32.775 INFO  [ main -> org.tasktide.itemstore.mutex.orchestrator.MutexOrchestrator.performLock ]: NFS Lock acquired for:	'44233a07-c44c-41ae-8a58-29576b692209'
2026-02-10 18:52:32.777 INFO  [ main -> org.tasktide.itemstore.mutex.orchestrator.MutexOrchestrator.performLock ]: Confirming leadership:	'44233a07-c44c-41ae-8a58-29576b692209'
2026-02-10 18:52:32.807 DEBUG [ main -> org.tasktide.itemstore.mutex.strategy.ElectionStrategy.initMutex ]: Mutex initialized, inferring queue position
2026-02-10 18:52:32.810 WARN  [ main -> org.tasktide.itemstore.mutex.strategy.ElectionStrategy.initMutex ]: No election files detected
2026-02-10 18:52:32.942 INFO  [ main -> org.tasktide.itemstore.mutex.strategy.ElectionStrategy.waitUntilLeader ]: Recasting ballot:	'bf4185b2-c54b-4264-98a6-f98c39ffd431'
2026-02-10 18:52:32.976 INFO  [ main -> org.tasktide.itemstore.mutex.orchestrator.MutexOrchestrator.performLock ]: Waiting for NFS lock for:	'b3eedbe4-228c-4cd7-933a-0f5d9e734380'
2026-02-10 18:52:32.980 WARN  [ main -> org.tasktide.itemstore.mutex.strategy.ElectionStrategy.evaluateLeaderTtl ]: Removing below stale leader status:	'true'

'/mnt/c/Users/Brendan Kenna/GitHub/TaskTide/tasktide/itemstore/ItemStore-Mutex/Queue/1770749542214.127-0-1-1_17c7873b-ab53-4f37-877b-eda907c02f1f_4bef72c9-798d-440b-9cba-9d4239336a03.lock'
2026-02-10 18:52:32.982 WARN  [ main -> org.tasktide.itemstore.mutex.strategy.ElectionStrategy.evaluateLeaderTtl ]: Removing below stale leader status:	'true'

'/mnt/c/Users/Brendan Kenna/GitHub/TaskTide/tasktide/itemstore/ItemStore-Mutex/Queue/1770749542214.127-0-1-1_17c7873b-ab53-4f37-877b-eda907c02f1f_4bef72c9-798d-440b-9cba-9d4239336a03.lock'
2026-02-10 18:52:33.132 INFO  [ main -> org.tasktide.itemstore.mutex.strategy.ElectionStrategy.evaluateLeaderTtl ]: Leader passed TTL check-in:	'/mnt/c/Users/Brendan Kenna/GitHub/TaskTide/tasktide/itemstore/ItemStore-Mutex/Queue/1770749543380.127-0-1-1_319bdbaa-3b5c-4de3-ad5c-13faaa950bcc_fa6acd97-17bf-4bf7-951a-1c1db9bc8c86.lock'
2026-02-10 18:52:33.133 INFO  [ main -> org.tasktide.itemstore.mutex.strategy.ElectionStrategy.waitUntilLeader ]: Resetting predecessor:	'f0934e79-0373-490f-9a55-459e76a6ab89'
2026-02-10 18:52:35.399 DEBUG [ main -> org.tasktide.itemstore.mutex.orchestrator.MutexOrchestrator.cleanUp ]: Cleaning up lock file:	'44233a07-c44c-41ae-8a58-29576b692209'
2026-02-10 18:52:35.401 WARN  [ main -> org.tasktide.itemstore.FileUtility.dropFile ]: Warning provided path does not exist, unable to delete:
'/mnt/c/Users/Brendan Kenna/GitHub/TaskTide/tasktide/itemstore/ItemStore-Mutex/lock-file.lock'

2026-02-10 18:52:35.483 WARN  [ main -> org.tasktide.itemstore.mutex.strategy.ElectionStrategy.evaluateLeaderTtl ]: Removing below stale leader status:	'true'

'/mnt/c/Users/Brendan Kenna/GitHub/TaskTide/tasktide/itemstore/ItemStore-Mutex/Queue/1770749543380.127-0-1-1_319bdbaa-3b5c-4de3-ad5c-13faaa950bcc_fa6acd97-17bf-4bf7-951a-1c1db9bc8c86.lock'
2026-02-10 18:52:35.402 WARN  [ main -> org.tasktide.itemstore.FileUtility.dropFile ]: Warning could not delete target file, displaying error:	'/mnt/c/Users/Brendan Kenna/GitHub/TaskTide/tasktide/itemstore/ItemStore-Mutex/lock-file.lock'
java.nio.file.NoSuchFileException: /mnt/c/Users/Brendan Kenna/GitHub/TaskTide/tasktide/itemstore/ItemStore-Mutex/lock-file.lock
	at sun.nio.fs.UnixException.translateToIOException(UnixException.java:92) ~[?:?]
	at sun.nio.fs.UnixException.rethrowAsIOException(UnixException.java:106) ~[?:?]
	at sun.nio.fs.UnixException.rethrowAsIOException(UnixException.java:111) ~[?:?]
	at sun.nio.fs.UnixFileSystemProvider.implDelete(UnixFileSystemProvider.java:248) ~[?:?]
	at sun.nio.fs.AbstractFileSystemProvider.delete(AbstractFileSystemProvider.java:105) ~[?:?]
	at java.nio.file.Files.delete(Files.java:1152) ~[?:?]
	at org.tasktide.itemstore.FileUtility.dropFile(FileUtility.java:132) [main/:?]
	at org.tasktide.itemstore.mutex.orchestrator.MutexOrchestrator.cleanUp(MutexOrchestrator.java:387) [main/:?]
	at org.tasktide.itemstore.mutex.orchestrator.MutexOrchestrator.performLock(MutexOrchestrator.java:219) [main/:?]
	at org.tasktide.itemstore.mutex.orchestrator.MutexOrchestrator.acquireLock(MutexOrchestrator.java:135) [main/:?]
	at org.tasktide.itemstore.mutex.orchestrator.MutexOrchestrator.tryAcquireUntilSuccess(MutexOrchestrator.java:154) [main/:?]
	at org.tasktide.itemstore.mutex.LockActionReleaseApp.main(LockActionReleaseApp.java:95) [test/:?]
2026-02-10 18:52:35.546 DEBUG [ main -> org.tasktide.itemstore.mutex.orchestrator.MutexOrchestrator.cleanUp ]: Cleaning up host file:	'44233a07-c44c-41ae-8a58-29576b692209'
2026-02-10 18:52:35.552 WARN  [ main -> org.tasktide.itemstore.FileUtility.dropFile ]: Warning provided path does not exist, unable to delete:
'/mnt/c/Users/Brendan Kenna/GitHub/TaskTide/tasktide/itemstore/ItemStore-Mutex/Host-Lock/1770749502646.127-0-1-1_17c7873b-ab53-4f37-877b-eda907c02f1f.lock'

2026-02-10 18:52:35.557 WARN  [ main -> org.tasktide.itemstore.FileUtility.dropFile ]: Warning could not delete target file, displaying error:	'/mnt/c/Users/Brendan Kenna/GitHub/TaskTide/tasktide/itemstore/ItemStore-Mutex/Host-Lock/1770749502646.127-0-1-1_17c7873b-ab53-4f37-877b-eda907c02f1f.lock'
java.nio.file.NoSuchFileException: /mnt/c/Users/Brendan Kenna/GitHub/TaskTide/tasktide/itemstore/ItemStore-Mutex/Host-Lock/1770749502646.127-0-1-1_17c7873b-ab53-4f37-877b-eda907c02f1f.lock
	at sun.nio.fs.UnixException.translateToIOException(UnixException.java:92) ~[?:?]
	at sun.nio.fs.UnixException.rethrowAsIOException(UnixException.java:106) ~[?:?]
	at sun.nio.fs.UnixException.rethrowAsIOException(UnixException.java:111) ~[?:?]
	at sun.nio.fs.UnixFileSystemProvider.implDelete(UnixFileSystemProvider.java:248) ~[?:?]
	at sun.nio.fs.AbstractFileSystemProvider.delete(AbstractFileSystemProvider.java:105) ~[?:?]
	at java.nio.file.Files.delete(Files.java:1152) ~[?:?]
	at org.tasktide.itemstore.FileUtility.dropFile(FileUtility.java:132) [main/:?]
	at org.tasktide.itemstore.mutex.orchestrator.MutexOrchestrator.cleanUp(MutexOrchestrator.java:392) [main/:?]
	at org.tasktide.itemstore.mutex.orchestrator.MutexOrchestrator.performLock(MutexOrchestrator.java:219) [main/:?]
	at org.tasktide.itemstore.mutex.orchestrator.MutexOrchestrator.acquireLock(MutexOrchestrator.java:135) [main/:?]
	at org.tasktide.itemstore.mutex.orchestrator.MutexOrchestrator.tryAcquireUntilSuccess(MutexOrchestrator.java:154) [main/:?]
	at org.tasktide.itemstore.mutex.LockActionReleaseApp.main(LockActionReleaseApp.java:95) [test/:?]
2026-02-10 18:52:35.559 DEBUG [ main -> org.tasktide.itemstore.mutex.orchestrator.MutexOrchestrator.cleanUp ]: Cleaning up confirm ballot file:	'44233a07-c44c-41ae-8a58-29576b692209'
2026-02-10 18:52:35.560 WARN  [ main -> org.tasktide.itemstore.FileUtility.dropFile ]: Warning provided paths is null, unable to delete:
'null'

2026-02-10 18:52:35.561 DEBUG [ main -> org.tasktide.itemstore.mutex.orchestrator.MutexOrchestrator.cleanUp ]: Cleaning up election file:	'44233a07-c44c-41ae-8a58-29576b692209'
2026-02-10 18:52:35.563 WARN  [ main -> org.tasktide.itemstore.FileUtility.dropFile ]: Warning provided path does not exist, unable to delete:
'/mnt/c/Users/Brendan Kenna/GitHub/TaskTide/tasktide/itemstore/ItemStore-Mutex/Queue/1770749542214.127-0-1-1_17c7873b-ab53-4f37-877b-eda907c02f1f_4bef72c9-798d-440b-9cba-9d4239336a03.lock'

2026-02-10 18:52:35.565 WARN  [ main -> org.tasktide.itemstore.FileUtility.dropFile ]: Warning could not delete target file, displaying error:	'/mnt/c/Users/Brendan Kenna/GitHub/TaskTide/tasktide/itemstore/ItemStore-Mutex/Queue/1770749542214.127-0-1-1_17c7873b-ab53-4f37-877b-eda907c02f1f_4bef72c9-798d-440b-9cba-9d4239336a03.lock'
java.nio.file.NoSuchFileException: /mnt/c/Users/Brendan Kenna/GitHub/TaskTide/tasktide/itemstore/ItemStore-Mutex/Queue/1770749542214.127-0-1-1_17c7873b-ab53-4f37-877b-eda907c02f1f_4bef72c9-798d-440b-9cba-9d4239336a03.lock
	at sun.nio.fs.UnixException.translateToIOException(UnixException.java:92) ~[?:?]
	at sun.nio.fs.UnixException.rethrowAsIOException(UnixException.java:106) ~[?:?]
	at sun.nio.fs.UnixException.rethrowAsIOException(UnixException.java:111) ~[?:?]
	at sun.nio.fs.UnixFileSystemProvider.implDelete(UnixFileSystemProvider.java:248) ~[?:?]
	at sun.nio.fs.AbstractFileSystemProvider.delete(AbstractFileSystemProvider.java:105) ~[?:?]
	at java.nio.file.Files.delete(Files.java:1152) ~[?:?]
	at org.tasktide.itemstore.FileUtility.dropFile(FileUtility.java:132) [main/:?]
	at org.tasktide.itemstore.mutex.orchestrator.MutexOrchestrator.cleanUp(MutexOrchestrator.java:402) [main/:?]
	at org.tasktide.itemstore.mutex.orchestrator.MutexOrchestrator.performLock(MutexOrchestrator.java:219) [main/:?]
	at org.tasktide.itemstore.mutex.orchestrator.MutexOrchestrator.acquireLock(MutexOrchestrator.java:135) [main/:?]
	at org.tasktide.itemstore.mutex.orchestrator.MutexOrchestrator.tryAcquireUntilSuccess(MutexOrchestrator.java:154) [main/:?]
	at org.tasktide.itemstore.mutex.LockActionReleaseApp.main(LockActionReleaseApp.java:95) [test/:?]
2026-02-10 18:52:35.607 INFO  [ main -> org.tasktide.itemstore.mutex.strategy.ElectionStrategy.waitUntilLeader ]: Leadership acquired:	'10adb96e-4ae0-455c-b13f-f0612a4ebee3'
2026-02-10 18:52:35.609 INFO  [ main -> org.tasktide.itemstore.mutex.strategy.ElectionStrategy.waitUntilLeader ]: Verifying leadership:	'10adb96e-4ae0-455c-b13f-f0612a4ebee3'
2026-02-10 18:52:35.622 DEBUG [ main -> org.tasktide.itemstore.mutex.strategy.ElectionStrategy.initMutex ]: Initializing mutex:	'b3eedbe4-228c-4cd7-933a-0f5d9e734380'
2026-02-10 18:52:35.651 WARN  [ main -> org.tasktide.itemstore.mutex.strategy.ElectionStrategy.evaluateLeaderTtl ]: Removing below stale leader status:	'true'

'/mnt/c/Users/Brendan Kenna/GitHub/TaskTide/tasktide/itemstore/ItemStore-Mutex/Queue/1770749544121.127-0-1-1_f62617b9-1f9f-4aa1-b9af-dc6687dc2119_e451286b-fb10-434f-8d4f-62be90b1bc9f.lock'
2026-02-10 18:52:35.655 WARN  [ main -> org.tasktide.itemstore.mutex.strategy.ElectionStrategy.evaluateLeaderTtl ]: Removing below stale leader status:	'true'

'/mnt/c/Users/Brendan Kenna/GitHub/TaskTide/tasktide/itemstore/ItemStore-Mutex/Queue/1770749544121.127-0-1-1_f62617b9-1f9f-4aa1-b9af-dc6687dc2119_e451286b-fb10-434f-8d4f-62be90b1bc9f.lock'
2026-02-10 18:52:35.701 DEBUG [ main -> org.tasktide.itemstore.mutex.strategy.ElectionStrategy.initMutex ]: Mutex initialized, inferring queue position
2026-02-10 18:52:35.707 WARN  [ main -> org.tasktide.itemstore.mutex.strategy.ElectionStrategy.initMutex ]: No election files detected
2026-02-10 18:52:35.709 INFO  [ main -> org.tasktide.itemstore.mutex.strategy.ElectionStrategy.waitUntilLeader ]: Leadership acquired:	'9d71699a-e581-48d2-8862-f97290590aec'
2026-02-10 18:52:35.711 INFO  [ main -> org.tasktide.itemstore.mutex.strategy.ElectionStrategy.waitUntilLeader ]: Verifying leadership:	'9d71699a-e581-48d2-8862-f97290590aec'
2026-02-10 18:52:35.716 WARN  [ main -> org.tasktide.itemstore.mutex.strategy.ElectionStrategy.evaluateLeaderTtl ]: Removing below stale leader status:	'true'

'/mnt/c/Users/Brendan Kenna/GitHub/TaskTide/tasktide/itemstore/ItemStore-Mutex/Queue/1770749544903.127-0-1-1_3644e965-1ac4-4347-b334-a862f24f6b35_f13793a5-66c4-4d1b-8709-6b9d6f798de3.lock'
2026-02-10 18:52:35.921 WARN  [ main -> org.tasktide.itemstore.mutex.strategy.ElectionStrategy.evaluateLeaderTtl ]: Removing below stale leader status:	'true'

'/mnt/c/Users/Brendan Kenna/GitHub/TaskTide/tasktide/itemstore/ItemStore-Mutex/Queue/1770749545592.127-0-1-1_aaaf40e3-aa56-410a-a296-58253a3cf0cb_28c872b5-7402-4348-be36-66ab5cf43765.lock'
2026-02-10 18:52:35.960 INFO  [ main -> org.tasktide.itemstore.mutex.strategy.ElectionStrategy.evaluateLeaderTtl ]: Leader passed TTL check-in:	'/mnt/c/Users/Brendan Kenna/GitHub/TaskTide/tasktide/itemstore/ItemStore-Mutex/Queue/1770749546469.127-0-1-1_800436b2-b1ca-41cb-a393-6e5efddab540_742c49c6-a761-4070-8cbf-9abf62e4d032.lock'
2026-02-10 18:52:35.962 INFO  [ main -> org.tasktide.itemstore.mutex.strategy.ElectionStrategy.waitUntilLeader ]: Resetting predecessor:	'489b3173-aefe-4f44-bad3-9ab3f438f9d0'
2026-02-10 18:52:36.045 WARN  [ main -> org.tasktide.itemstore.mutex.orchestrator.MutexOrchestrator.tryAcquireUntilSuccess ]: Process-921 Attempt 0 failed: LEADERSHIP_CONFIRMATION_FAILED | Exception: Unable to read elected leader:	44233a07-c44c-41ae-8a58-29576b692209
2026-02-10 18:52:36.061 WARN  [ main -> org.tasktide.itemstore.mutex.strategy.ElectionStrategy.waitUntilLeader ]: Unable to verifiy leadership:	'10adb96e-4ae0-455c-b13f-f0612a4ebee3'
2026-02-10 18:52:36.082 INFO  [ main -> org.tasktide.itemstore.mutex.strategy.ElectionStrategy.evaluateLeaderTtl ]: Leader passed TTL check-in:	'/mnt/c/Users/Brendan Kenna/GitHub/TaskTide/tasktide/itemstore/ItemStore-Mutex/Queue/1770749546469.127-0-1-1_800436b2-b1ca-41cb-a393-6e5efddab540_742c49c6-a761-4070-8cbf-9abf62e4d032.lock'
2026-02-10 18:52:36.083 INFO  [ main -> org.tasktide.itemstore.mutex.strategy.ElectionStrategy.waitUntilLeader ]: Resetting predecessor:	'a32d8a85-bfe8-4e7f-8b1f-7ea29ca727df'
2026-02-10 18:52:36.141 WARN  [ main -> org.tasktide.itemstore.mutex.strategy.ElectionStrategy.waitUntilLeader ]: Unable to verifiy leadership:	'9d71699a-e581-48d2-8862-f97290590aec'
2026-02-10 18:52:36.156 INFO  [ main -> org.tasktide.itemstore.mutex.strategy.ElectionStrategy.waitUntilLeader ]: Leadership acquired:	'c76957d2-091c-4b63-adc4-f1723b532569'
2026-02-10 18:52:36.158 INFO  [ main -> org.tasktide.itemstore.mutex.strategy.ElectionStrategy.waitUntilLeader ]: Verifying leadership:	'c76957d2-091c-4b63-adc4-f1723b532569'
2026-02-10 18:52:36.233 INFO  [ main -> org.tasktide.itemstore.mutex.strategy.ElectionStrategy.waitUntilLeader ]: Recasting ballot:	'489b3173-aefe-4f44-bad3-9ab3f438f9d0'
2026-02-10 18:52:36.323 INFO  [ main -> org.tasktide.itemstore.mutex.strategy.ElectionStrategy.evaluateLeaderTtl ]: Leader passed TTL check-in:	'/mnt/c/Users/Brendan Kenna/GitHub/TaskTide/tasktide/itemstore/ItemStore-Mutex/Queue/1770749546469.127-0-1-1_800436b2-b1ca-41cb-a393-6e5efddab540_742c49c6-a761-4070-8cbf-9abf62e4d032.lock'
2026-02-10 18:52:36.324 INFO  [ main -> org.tasktide.itemstore.mutex.strategy.ElectionStrategy.waitUntilLeader ]: Resetting predecessor:	'8c35da5e-40ce-4683-adfe-e996f42d46f8'
2026-02-10 18:52:36.370 INFO  [ main -> org.tasktide.itemstore.mutex.strategy.ElectionStrategy.evaluateLeaderTtl ]: Leader passed TTL check-in:	'/mnt/c/Users/Brendan Kenna/GitHub/TaskTide/tasktide/itemstore/ItemStore-Mutex/Queue/1770749546469.127-0-1-1_800436b2-b1ca-41cb-a393-6e5efddab540_742c49c6-a761-4070-8cbf-9abf62e4d032.lock'
2026-02-10 18:52:36.372 INFO  [ main -> org.tasktide.itemstore.mutex.strategy.ElectionStrategy.waitUntilLeader ]: Resetting predecessor:	'31cdf384-541d-4cc9-8496-fce1088b0ae8'
2026-02-10 18:52:36.447 INFO  [ main -> org.tasktide.itemstore.mutex.strategy.ElectionStrategy.evaluateLeaderTtl ]: Leader passed TTL check-in:	'/mnt/c/Users/Brendan Kenna/GitHub/TaskTide/tasktide/itemstore/ItemStore-Mutex/Queue/1770749546469.127-0-1-1_800436b2-b1ca-41cb-a393-6e5efddab540_742c49c6-a761-4070-8cbf-9abf62e4d032.lock'
2026-02-10 18:52:36.449 INFO  [ main -> org.tasktide.itemstore.mutex.strategy.ElectionStrategy.waitUntilLeader ]: Resetting predecessor:	'a32d8a85-bfe8-4e7f-8b1f-7ea29ca727df'
2026-02-10 18:52:36.485 INFO  [ main -> org.tasktide.itemstore.mutex.strategy.ElectionStrategy.waitUntilLeader ]: Leadership verified:	'c76957d2-091c-4b63-adc4-f1723b532569'
2026-02-10 18:52:36.492 DEBUG [ main -> org.tasktide.itemstore.mutex.strategy.ElectionStrategy.apply ]: Active leader with Id:	'c76957d2-091c-4b63-adc4-f1723b532569'
2026-02-10 18:52:36.496 DEBUG [ main -> org.tasktide.itemstore.mutex.strategy.ElectionStrategy.apply ]: State set, writing mutex for:	'c76957d2-091c-4b63-adc4-f1723b532569'
2026-02-10 18:52:36.589 DEBUG [ main -> org.tasktide.itemstore.mutex.strategy.ElectionStrategy.apply ]: Mutex written for:	'c76957d2-091c-4b63-adc4-f1723b532569'
2026-02-10 18:52:36.647 INFO  [ main -> org.tasktide.itemstore.mutex.strategy.ElectionStrategy.evaluateLeaderTtl ]: Leader passed TTL check-in:	'/mnt/c/Users/Brendan Kenna/GitHub/TaskTide/tasktide/itemstore/ItemStore-Mutex/Queue/1770749546469.127-0-1-1_800436b2-b1ca-41cb-a393-6e5efddab540_742c49c6-a761-4070-8cbf-9abf62e4d032.lock'
2026-02-10 18:52:36.649 INFO  [ main -> org.tasktide.itemstore.mutex.strategy.ElectionStrategy.waitUntilLeader ]: Resetting predecessor:	'31cdf384-541d-4cc9-8496-fce1088b0ae8'
2026-02-10 18:52:36.686 INFO  [ main -> org.tasktide.itemstore.mutex.orchestrator.MutexOrchestrator.performLock ]: NFS Lock acquired for:	'c76957d2-091c-4b63-adc4-f1723b532569'
2026-02-10 18:52:36.687 INFO  [ main -> org.tasktide.itemstore.mutex.orchestrator.MutexOrchestrator.performLock ]: Confirming leadership:	'c76957d2-091c-4b63-adc4-f1723b532569'
2026-02-10 18:52:36.761 WARN  [ main -> org.tasktide.itemstore.mutex.strategy.ElectionStrategy.evaluateLeaderTtl ]: Removing below stale leader status:	'true'

'/mnt/c/Users/Brendan Kenna/GitHub/TaskTide/tasktide/itemstore/ItemStore-Mutex/Queue/1770749546469.127-0-1-1_800436b2-b1ca-41cb-a393-6e5efddab540_742c49c6-a761-4070-8cbf-9abf62e4d032.lock'
2026-02-10 18:52:36.822 INFO  [ main -> org.tasktide.itemstore.mutex.strategy.ElectionStrategy.waitUntilLeader ]: Leadership acquired:	'a32d8a85-bfe8-4e7f-8b1f-7ea29ca727df'
2026-02-10 18:52:36.823 INFO  [ main -> org.tasktide.itemstore.mutex.strategy.ElectionStrategy.waitUntilLeader ]: Verifying leadership:	'a32d8a85-bfe8-4e7f-8b1f-7ea29ca727df'
2026-02-10 18:52:36.912 INFO  [ main -> org.tasktide.itemstore.mutex.orchestrator.MutexOrchestrator.performLock ]: Waiting for NFS lock for:	'2a527aef-8711-4e83-9ee5-0eb318d8f20d'
2026-02-10 18:52:36.937 INFO  [ main -> org.tasktide.itemstore.mutex.strategy.ElectionStrategy.evaluateLeaderTtl ]: Leader passed TTL check-in:	'/mnt/c/Users/Brendan Kenna/GitHub/TaskTide/tasktide/itemstore/ItemStore-Mutex/Queue/1770749546818.127-0-1-1_b1a3948d-cbf3-4ece-bbc5-c227209297a3_38a6373c-ee68-4782-a388-7bf118384dfc.lock'
2026-02-10 18:52:36.940 INFO  [ main -> org.tasktide.itemstore.mutex.strategy.ElectionStrategy.waitUntilLeader ]: Resetting predecessor:	'31cdf384-541d-4cc9-8496-fce1088b0ae8'
2026-02-10 18:52:36.948 DEBUG [ main -> org.tasktide.itemstore.mutex.orchestrator.MutexOrchestrator.cleanUp ]: Cleaning up lock file:	'c76957d2-091c-4b63-adc4-f1723b532569'
2026-02-10 18:52:36.951 WARN  [ main -> org.tasktide.itemstore.FileUtility.dropFile ]: Warning provided path does not exist, unable to delete:
'/mnt/c/Users/Brendan Kenna/GitHub/TaskTide/tasktide/itemstore/ItemStore-Mutex/lock-file.lock'

2026-02-10 18:52:36.953 WARN  [ main -> org.tasktide.itemstore.FileUtility.dropFile ]: Warning could not delete target file, displaying error:	'/mnt/c/Users/Brendan Kenna/GitHub/TaskTide/tasktide/itemstore/ItemStore-Mutex/lock-file.lock'
java.nio.file.NoSuchFileException: /mnt/c/Users/Brendan Kenna/GitHub/TaskTide/tasktide/itemstore/ItemStore-Mutex/lock-file.lock
	at sun.nio.fs.UnixException.translateToIOException(UnixException.java:92) ~[?:?]
	at sun.nio.fs.UnixException.rethrowAsIOException(UnixException.java:106) ~[?:?]
	at sun.nio.fs.UnixException.rethrowAsIOException(UnixException.java:111) ~[?:?]
	at sun.nio.fs.UnixFileSystemProvider.implDelete(UnixFileSystemProvider.java:248) ~[?:?]
	at sun.nio.fs.AbstractFileSystemProvider.delete(AbstractFileSystemProvider.java:105) ~[?:?]
	at java.nio.file.Files.delete(Files.java:1152) ~[?:?]
	at org.tasktide.itemstore.FileUtility.dropFile(FileUtility.java:132) [main/:?]
	at org.tasktide.itemstore.mutex.orchestrator.MutexOrchestrator.cleanUp(MutexOrchestrator.java:387) [main/:?]
	at org.tasktide.itemstore.mutex.orchestrator.MutexOrchestrator.performLock(MutexOrchestrator.java:219) [main/:?]
	at org.tasktide.itemstore.mutex.orchestrator.MutexOrchestrator.acquireLock(MutexOrchestrator.java:135) [main/:?]
	at org.tasktide.itemstore.mutex.orchestrator.MutexOrchestrator.tryAcquireUntilSuccess(MutexOrchestrator.java:154) [main/:?]
	at org.tasktide.itemstore.mutex.LockActionReleaseApp.main(LockActionReleaseApp.java:95) [test/:?]
2026-02-10 18:52:37.173 DEBUG [ main -> org.tasktide.itemstore.mutex.orchestrator.MutexOrchestrator.cleanUp ]: Cleaning up host file:	'c76957d2-091c-4b63-adc4-f1723b532569'
2026-02-10 18:52:37.173 WARN  [ main -> org.tasktide.itemstore.mutex.strategy.ElectionStrategy.evaluateLeaderTtl ]: Removing below stale leader status:	'true'

'/mnt/c/Users/Brendan Kenna/GitHub/TaskTide/tasktide/itemstore/ItemStore-Mutex/Queue/1770749546818.127-0-1-1_b1a3948d-cbf3-4ece-bbc5-c227209297a3_38a6373c-ee68-4782-a388-7bf118384dfc.lock'
2026-02-10 18:52:37.174 WARN  [ main -> org.tasktide.itemstore.mutex.strategy.ElectionStrategy.evaluateLeaderTtl ]: Removing below stale leader status:	'true'

'/mnt/c/Users/Brendan Kenna/GitHub/TaskTide/tasktide/itemstore/ItemStore-Mutex/Queue/1770749546818.127-0-1-1_b1a3948d-cbf3-4ece-bbc5-c227209297a3_38a6373c-ee68-4782-a388-7bf118384dfc.lock'
2026-02-10 18:52:37.176 WARN  [ main -> org.tasktide.itemstore.FileUtility.dropFile ]: Warning provided path does not exist, unable to delete:
'/mnt/c/Users/Brendan Kenna/GitHub/TaskTide/tasktide/itemstore/ItemStore-Mutex/Host-Lock/1770749502345.127-0-1-1_800436b2-b1ca-41cb-a393-6e5efddab540.lock'

2026-02-10 18:52:37.180 WARN  [ main -> org.tasktide.itemstore.FileUtility.dropFile ]: Warning could not delete target file, displaying error:	'/mnt/c/Users/Brendan Kenna/GitHub/TaskTide/tasktide/itemstore/ItemStore-Mutex/Host-Lock/1770749502345.127-0-1-1_800436b2-b1ca-41cb-a393-6e5efddab540.lock'
java.nio.file.NoSuchFileException: /mnt/c/Users/Brendan Kenna/GitHub/TaskTide/tasktide/itemstore/ItemStore-Mutex/Host-Lock/1770749502345.127-0-1-1_800436b2-b1ca-41cb-a393-6e5efddab540.lock
	at sun.nio.fs.UnixException.translateToIOException(UnixException.java:92) ~[?:?]
	at sun.nio.fs.UnixException.rethrowAsIOException(UnixException.java:106) ~[?:?]
	at sun.nio.fs.UnixException.rethrowAsIOException(UnixException.java:111) ~[?:?]
	at sun.nio.fs.UnixFileSystemProvider.implDelete(UnixFileSystemProvider.java:248) ~[?:?]
	at sun.nio.fs.AbstractFileSystemProvider.delete(AbstractFileSystemProvider.java:105) ~[?:?]
	at java.nio.file.Files.delete(Files.java:1152) ~[?:?]
	at org.tasktide.itemstore.FileUtility.dropFile(FileUtility.java:132) [main/:?]
	at org.tasktide.itemstore.mutex.orchestrator.MutexOrchestrator.cleanUp(MutexOrchestrator.java:392) [main/:?]
	at org.tasktide.itemstore.mutex.orchestrator.MutexOrchestrator.performLock(MutexOrchestrator.java:219) [main/:?]
	at org.tasktide.itemstore.mutex.orchestrator.MutexOrchestrator.acquireLock(MutexOrchestrator.java:135) [main/:?]
	at org.tasktide.itemstore.mutex.orchestrator.MutexOrchestrator.tryAcquireUntilSuccess(MutexOrchestrator.java:154) [main/:?]
	at org.tasktide.itemstore.mutex.LockActionReleaseApp.main(LockActionReleaseApp.java:95) [test/:?]
2026-02-10 18:52:37.181 DEBUG [ main -> org.tasktide.itemstore.mutex.orchestrator.MutexOrchestrator.cleanUp ]: Cleaning up confirm ballot file:	'c76957d2-091c-4b63-adc4-f1723b532569'
2026-02-10 18:52:37.183 WARN  [ main -> org.tasktide.itemstore.FileUtility.dropFile ]: Warning provided paths is null, unable to delete:
'null'

2026-02-10 18:52:37.184 DEBUG [ main -> org.tasktide.itemstore.mutex.orchestrator.MutexOrchestrator.cleanUp ]: Cleaning up election file:	'c76957d2-091c-4b63-adc4-f1723b532569'
2026-02-10 18:52:37.185 WARN  [ main -> org.tasktide.itemstore.FileUtility.dropFile ]: Warning provided path does not exist, unable to delete:
'/mnt/c/Users/Brendan Kenna/GitHub/TaskTide/tasktide/itemstore/ItemStore-Mutex/Queue/1770749546469.127-0-1-1_800436b2-b1ca-41cb-a393-6e5efddab540_742c49c6-a761-4070-8cbf-9abf62e4d032.lock'

2026-02-10 18:52:37.187 WARN  [ main -> org.tasktide.itemstore.FileUtility.dropFile ]: Warning could not delete target file, displaying error:	'/mnt/c/Users/Brendan Kenna/GitHub/TaskTide/tasktide/itemstore/ItemStore-Mutex/Queue/1770749546469.127-0-1-1_800436b2-b1ca-41cb-a393-6e5efddab540_742c49c6-a761-4070-8cbf-9abf62e4d032.lock'
java.nio.file.NoSuchFileException: /mnt/c/Users/Brendan Kenna/GitHub/TaskTide/tasktide/itemstore/ItemStore-Mutex/Queue/1770749546469.127-0-1-1_800436b2-b1ca-41cb-a393-6e5efddab540_742c49c6-a761-4070-8cbf-9abf62e4d032.lock
	at sun.nio.fs.UnixException.translateToIOException(UnixException.java:92) ~[?:?]
	at sun.nio.fs.UnixException.rethrowAsIOException(UnixException.java:106) ~[?:?]
	at sun.nio.fs.UnixException.rethrowAsIOException(UnixException.java:111) ~[?:?]
	at sun.nio.fs.UnixFileSystemProvider.implDelete(UnixFileSystemProvider.java:248) ~[?:?]
	at sun.nio.fs.AbstractFileSystemProvider.delete(AbstractFileSystemProvider.java:105) ~[?:?]
	at java.nio.file.Files.delete(Files.java:1152) ~[?:?]
	at org.tasktide.itemstore.FileUtility.dropFile(FileUtility.java:132) [main/:?]
	at org.tasktide.itemstore.mutex.orchestrator.MutexOrchestrator.cleanUp(MutexOrchestrator.java:402) [main/:?]
	at org.tasktide.itemstore.mutex.orchestrator.MutexOrchestrator.performLock(MutexOrchestrator.java:219) [main/:?]
	at org.tasktide.itemstore.mutex.orchestrator.MutexOrchestrator.acquireLock(MutexOrchestrator.java:135) [main/:?]
	at org.tasktide.itemstore.mutex.orchestrator.MutexOrchestrator.tryAcquireUntilSuccess(MutexOrchestrator.java:154) [main/:?]
	at org.tasktide.itemstore.mutex.LockActionReleaseApp.main(LockActionReleaseApp.java:95) [test/:?]
2026-02-10 18:52:37.211 INFO  [ main -> org.tasktide.itemstore.mutex.strategy.ElectionStrategy.evaluateLeaderTtl ]: Leader passed TTL check-in:	'/mnt/c/Users/Brendan Kenna/GitHub/TaskTide/tasktide/itemstore/ItemStore-Mutex/Queue/1770749547493.127-0-1-1_40954ea3-608b-4aec-90b6-ef51319402b4_b0ac8184-ea3f-47a8-909a-9379f53bfdae.lock'
2026-02-10 18:52:37.213 INFO  [ main -> org.tasktide.itemstore.mutex.strategy.ElectionStrategy.waitUntilLeader ]: Resetting predecessor:	'25fd0ed4-87a6-4232-992b-97519891bf8d'
2026-02-10 18:52:37.251 INFO  [ main -> org.tasktide.itemstore.mutex.strategy.ElectionStrategy.evaluateLeaderTtl ]: Leader passed TTL check-in:	'/mnt/c/Users/Brendan Kenna/GitHub/TaskTide/tasktide/itemstore/ItemStore-Mutex/Queue/1770749547493.127-0-1-1_40954ea3-608b-4aec-90b6-ef51319402b4_b0ac8184-ea3f-47a8-909a-9379f53bfdae.lock'
2026-02-10 18:52:37.254 INFO  [ main -> org.tasktide.itemstore.mutex.strategy.ElectionStrategy.waitUntilLeader ]: Resetting predecessor:	'84139ab3-ec85-4a3d-8bf5-4114599bb2c2'
2026-02-10 18:52:37.263 WARN  [ main -> org.tasktide.itemstore.mutex.strategy.ElectionStrategy.waitUntilLeader ]: Unable to verifiy leadership:	'a32d8a85-bfe8-4e7f-8b1f-7ea29ca727df'
2026-02-10 18:52:37.353 DEBUG [ main -> org.tasktide.itemstore.mutex.strategy.ElectionStrategy.initMutex ]: Initializing mutex:	'2a527aef-8711-4e83-9ee5-0eb318d8f20d'
2026-02-10 18:52:37.397 DEBUG [ main -> org.tasktide.itemstore.mutex.strategy.ElectionStrategy.initMutex ]: Mutex initialized, inferring queue position
2026-02-10 18:52:37.402 WARN  [ main -> org.tasktide.itemstore.mutex.strategy.ElectionStrategy.initMutex ]: No election files detected
2026-02-10 18:52:37.433 INFO  [ main -> org.tasktide.itemstore.mutex.strategy.ElectionStrategy.evaluateLeaderTtl ]: Leader passed TTL check-in:	'/mnt/c/Users/Brendan Kenna/GitHub/TaskTide/tasktide/itemstore/ItemStore-Mutex/Queue/1770749547493.127-0-1-1_40954ea3-608b-4aec-90b6-ef51319402b4_b0ac8184-ea3f-47a8-909a-9379f53bfdae.lock'
2026-02-10 18:52:37.434 INFO  [ main -> org.tasktide.itemstore.mutex.strategy.ElectionStrategy.waitUntilLeader ]: Resetting predecessor:	'84139ab3-ec85-4a3d-8bf5-4114599bb2c2'
2026-02-10 18:52:37.437 INFO  [ main -> org.tasktide.itemstore.mutex.strategy.ElectionStrategy.evaluateLeaderTtl ]: Leader passed TTL check-in:	'/mnt/c/Users/Brendan Kenna/GitHub/TaskTide/tasktide/itemstore/ItemStore-Mutex/Queue/1770749547493.127-0-1-1_40954ea3-608b-4aec-90b6-ef51319402b4_b0ac8184-ea3f-47a8-909a-9379f53bfdae.lock'
2026-02-10 18:52:37.439 INFO  [ main -> org.tasktide.itemstore.mutex.strategy.ElectionStrategy.waitUntilLeader ]: Resetting predecessor:	'31cdf384-541d-4cc9-8496-fce1088b0ae8'
2026-02-10 18:52:37.532 INFO  [ main -> org.tasktide.itemstore.mutex.strategy.ElectionStrategy.waitUntilLeader ]: Leadership acquired:	'8c35da5e-40ce-4683-adfe-e996f42d46f8'
2026-02-10 18:52:37.534 INFO  [ main -> org.tasktide.itemstore.mutex.strategy.ElectionStrategy.waitUntilLeader ]: Verifying leadership:	'8c35da5e-40ce-4683-adfe-e996f42d46f8'
2026-02-10 18:52:37.576 INFO  [ main -> org.tasktide.itemstore.mutex.strategy.ElectionStrategy.evaluateLeaderTtl ]: Leader passed TTL check-in:	'/mnt/c/Users/Brendan Kenna/GitHub/TaskTide/tasktide/itemstore/ItemStore-Mutex/Queue/1770749547493.127-0-1-1_40954ea3-608b-4aec-90b6-ef51319402b4_b0ac8184-ea3f-47a8-909a-9379f53bfdae.lock'
2026-02-10 18:52:37.578 INFO  [ main -> org.tasktide.itemstore.mutex.strategy.ElectionStrategy.waitUntilLeader ]: Resetting predecessor:	'25fd0ed4-87a6-4232-992b-97519891bf8d'
2026-02-10 18:52:37.605 INFO  [ main -> org.tasktide.itemstore.mutex.strategy.ElectionStrategy.evaluateLeaderTtl ]: Leader passed TTL check-in:	'/mnt/c/Users/Brendan Kenna/GitHub/TaskTide/tasktide/itemstore/ItemStore-Mutex/Queue/1770749547493.127-0-1-1_40954ea3-608b-4aec-90b6-ef51319402b4_b0ac8184-ea3f-47a8-909a-9379f53bfdae.lock'
2026-02-10 18:52:37.606 INFO  [ main -> org.tasktide.itemstore.mutex.strategy.ElectionStrategy.waitUntilLeader ]: Resetting predecessor:	'84139ab3-ec85-4a3d-8bf5-4114599bb2c2'
2026-02-10 18:52:37.655 INFO  [ main -> org.tasktide.itemstore.mutex.strategy.ElectionStrategy.waitUntilLeader ]: Recasting ballot:	'31cdf384-541d-4cc9-8496-fce1088b0ae8'
2026-02-10 18:52:37.701 INFO  [ main -> org.tasktide.itemstore.mutex.strategy.ElectionStrategy.evaluateLeaderTtl ]: Leader passed TTL check-in:	'/mnt/c/Users/Brendan Kenna/GitHub/TaskTide/tasktide/itemstore/ItemStore-Mutex/Queue/1770749547493.127-0-1-1_40954ea3-608b-4aec-90b6-ef51319402b4_b0ac8184-ea3f-47a8-909a-9379f53bfdae.lock'
2026-02-10 18:52:37.702 INFO  [ main -> org.tasktide.itemstore.mutex.strategy.ElectionStrategy.waitUntilLeader ]: Resetting predecessor:	'f84a2ff0-75a1-4442-b74e-014d8f3ffed2'
2026-02-10 18:52:37.730 WARN  [ main -> org.tasktide.itemstore.mutex.orchestrator.MutexOrchestrator.tryAcquireUntilSuccess ]: Process-1092 Attempt 0 failed: LEADERSHIP_CONFIRMATION_FAILED | Exception: Unable to read elected leader:	c76957d2-091c-4b63-adc4-f1723b532569
2026-02-10 18:52:37.773 INFO  [ main -> org.tasktide.itemstore.mutex.strategy.ElectionStrategy.evaluateLeaderTtl ]: Leader passed TTL check-in:	'/mnt/c/Users/Brendan Kenna/GitHub/TaskTide/tasktide/itemstore/ItemStore-Mutex/Queue/1770749547493.127-0-1-1_40954ea3-608b-4aec-90b6-ef51319402b4_b0ac8184-ea3f-47a8-909a-9379f53bfdae.lock'
2026-02-10 18:52:37.774 INFO  [ main -> org.tasktide.itemstore.mutex.strategy.ElectionStrategy.waitUntilLeader ]: Resetting predecessor:	'84139ab3-ec85-4a3d-8bf5-4114599bb2c2'
2026-02-10 18:52:37.948 WARN  [ main -> org.tasktide.itemstore.mutex.strategy.ElectionStrategy.evaluateLeaderTtl ]: Removing below stale leader status:	'true'

'/mnt/c/Users/Brendan Kenna/GitHub/TaskTide/tasktide/itemstore/ItemStore-Mutex/Queue/1770749547493.127-0-1-1_40954ea3-608b-4aec-90b6-ef51319402b4_b0ac8184-ea3f-47a8-909a-9379f53bfdae.lock'
2026-02-10 18:52:37.948 WARN  [ main -> org.tasktide.itemstore.mutex.strategy.ElectionStrategy.evaluateLeaderTtl ]: Error verifiying leader TTL:	'/mnt/c/Users/Brendan Kenna/GitHub/TaskTide/tasktide/itemstore/ItemStore-Mutex/Queue/1770749547493.127-0-1-1_40954ea3-608b-4aec-90b6-ef51319402b4_b0ac8184-ea3f-47a8-909a-9379f53bfdae.lock'
'java.util.NoSuchElementException: No value present'
2026-02-10 18:52:37.994 INFO  [ main -> org.tasktide.itemstore.mutex.strategy.ElectionStrategy.waitUntilLeader ]: Leadership acquired:	'25fd0ed4-87a6-4232-992b-97519891bf8d'
2026-02-10 18:52:37.996 INFO  [ main -> org.tasktide.itemstore.mutex.strategy.ElectionStrategy.waitUntilLeader ]: Verifying leadership:	'25fd0ed4-87a6-4232-992b-97519891bf8d'
2026-02-10 18:52:38.038 WARN  [ main -> org.tasktide.itemstore.mutex.strategy.ElectionStrategy.waitUntilLeader ]: Unable to verifiy leadership:	'8c35da5e-40ce-4683-adfe-e996f42d46f8'
2026-02-10 18:52:38.039 INFO  [ main -> org.tasktide.itemstore.mutex.strategy.ElectionStrategy.evaluateLeaderTtl ]: Leader passed TTL check-in:	'/mnt/c/Users/Brendan Kenna/GitHub/TaskTide/tasktide/itemstore/ItemStore-Mutex/Queue/1770749550123.127-0-1-1_cd4295af-980c-4561-a4bf-75e37438c4a7_25fd0ed4-87a6-4232-992b-97519891bf8d.lock'
2026-02-10 18:52:38.041 INFO  [ main -> org.tasktide.itemstore.mutex.strategy.ElectionStrategy.waitUntilLeader ]: Resetting predecessor:	'f255fe3b-128a-4f3a-b02e-0d9de0ef33d1'
2026-02-10 18:52:38.130 INFO  [ main -> org.tasktide.itemstore.mutex.strategy.ElectionStrategy.evaluateLeaderTtl ]: Leader passed TTL check-in:	'/mnt/c/Users/Brendan Kenna/GitHub/TaskTide/tasktide/itemstore/ItemStore-Mutex/Queue/1770749550123.127-0-1-1_cd4295af-980c-4561-a4bf-75e37438c4a7_25fd0ed4-87a6-4232-992b-97519891bf8d.lock'
2026-02-10 18:52:38.132 INFO  [ main -> org.tasktide.itemstore.mutex.strategy.ElectionStrategy.waitUntilLeader ]: Resetting predecessor:	'84139ab3-ec85-4a3d-8bf5-4114599bb2c2'
2026-02-10 18:52:38.163 INFO  [ main -> org.tasktide.itemstore.mutex.strategy.ElectionStrategy.waitUntilLeader ]: Recasting ballot:	'f255fe3b-128a-4f3a-b02e-0d9de0ef33d1'
2026-02-10 18:52:38.200 INFO  [ main -> org.tasktide.itemstore.mutex.strategy.ElectionStrategy.evaluateLeaderTtl ]: Leader passed TTL check-in:	'/mnt/c/Users/Brendan Kenna/GitHub/TaskTide/tasktide/itemstore/ItemStore-Mutex/Queue/1770749550123.127-0-1-1_cd4295af-980c-4561-a4bf-75e37438c4a7_25fd0ed4-87a6-4232-992b-97519891bf8d.lock'
2026-02-10 18:52:38.202 INFO  [ main -> org.tasktide.itemstore.mutex.strategy.ElectionStrategy.waitUntilLeader ]: Resetting predecessor:	'f84a2ff0-75a1-4442-b74e-014d8f3ffed2'
2026-02-10 18:52:38.256 INFO  [ main -> org.tasktide.itemstore.mutex.orchestrator.MutexOrchestrator.performLock ]: Waiting for NFS lock for:	'170d974b-cb45-42b1-a7ec-de6ca0e1c23a'
2026-02-10 18:52:38.285 INFO  [ main -> org.tasktide.itemstore.mutex.strategy.ElectionStrategy.waitUntilLeader ]: Recasting ballot:	'84139ab3-ec85-4a3d-8bf5-4114599bb2c2'
2026-02-10 18:52:38.361 INFO  [ main -> org.tasktide.itemstore.mutex.strategy.ElectionStrategy.evaluateLeaderTtl ]: Leader passed TTL check-in:	'/mnt/c/Users/Brendan Kenna/GitHub/TaskTide/tasktide/itemstore/ItemStore-Mutex/Queue/1770749550123.127-0-1-1_cd4295af-980c-4561-a4bf-75e37438c4a7_25fd0ed4-87a6-4232-992b-97519891bf8d.lock'
2026-02-10 18:52:38.363 INFO  [ main -> org.tasktide.itemstore.mutex.strategy.ElectionStrategy.waitUntilLeader ]: Resetting predecessor:	'f84a2ff0-75a1-4442-b74e-014d8f3ffed2'
2026-02-10 18:52:38.386 INFO  [ main -> org.tasktide.itemstore.mutex.strategy.ElectionStrategy.waitUntilLeader ]: Leadership verified:	'25fd0ed4-87a6-4232-992b-97519891bf8d'
2026-02-10 18:52:38.387 INFO  [ main -> org.tasktide.itemstore.mutex.strategy.ElectionStrategy.evaluateLeaderTtl ]: Leader passed TTL check-in:	'/mnt/c/Users/Brendan Kenna/GitHub/TaskTide/tasktide/itemstore/ItemStore-Mutex/Queue/1770749550123.127-0-1-1_cd4295af-980c-4561-a4bf-75e37438c4a7_25fd0ed4-87a6-4232-992b-97519891bf8d.lock'
2026-02-10 18:52:38.388 DEBUG [ main -> org.tasktide.itemstore.mutex.strategy.ElectionStrategy.apply ]: Active leader with Id:	'25fd0ed4-87a6-4232-992b-97519891bf8d'
2026-02-10 18:52:38.388 INFO  [ main -> org.tasktide.itemstore.mutex.strategy.ElectionStrategy.waitUntilLeader ]: Resetting predecessor:	'483588d0-7fe9-4775-bce7-6891cd0f7f9f'
2026-02-10 18:52:38.389 DEBUG [ main -> org.tasktide.itemstore.mutex.strategy.ElectionStrategy.apply ]: State set, writing mutex for:	'25fd0ed4-87a6-4232-992b-97519891bf8d'
2026-02-10 18:52:38.417 INFO  [ main -> org.tasktide.itemstore.mutex.strategy.ElectionStrategy.evaluateLeaderTtl ]: Leader passed TTL check-in:	'/mnt/c/Users/Brendan Kenna/GitHub/TaskTide/tasktide/itemstore/ItemStore-Mutex/Queue/1770749551254.127-0-1-1_a01a59fe-62f8-445e-ae31-76f4c296d4ed_8c295121-5e32-4ff5-aa41-e6b850a5af70.lock'
2026-02-10 18:52:38.418 INFO  [ main -> org.tasktide.itemstore.mutex.strategy.ElectionStrategy.waitUntilLeader ]: Resetting predecessor:	'b87bc42a-03f8-44b5-bf36-4df07028a46c'
2026-02-10 18:52:38.462 DEBUG [ main -> org.tasktide.itemstore.mutex.strategy.ElectionStrategy.apply ]: Mutex written for:	'25fd0ed4-87a6-4232-992b-97519891bf8d'
2026-02-10 18:52:38.521 DEBUG [ main -> org.tasktide.itemstore.mutex.strategy.ElectionStrategy.initMutex ]: Initializing mutex:	'170d974b-cb45-42b1-a7ec-de6ca0e1c23a'
2026-02-10 18:52:38.558 INFO  [ main -> org.tasktide.itemstore.mutex.orchestrator.MutexOrchestrator.performLock ]: NFS Lock acquired for:	'25fd0ed4-87a6-4232-992b-97519891bf8d'
2026-02-10 18:52:38.560 INFO  [ main -> org.tasktide.itemstore.mutex.orchestrator.MutexOrchestrator.performLock ]: Confirming leadership:	'25fd0ed4-87a6-4232-992b-97519891bf8d'
2026-02-10 18:52:38.616 INFO  [ main -> org.tasktide.itemstore.mutex.strategy.ElectionStrategy.evaluateLeaderTtl ]: Leader passed TTL check-in:	'/mnt/c/Users/Brendan Kenna/GitHub/TaskTide/tasktide/itemstore/ItemStore-Mutex/Queue/1770749550123.127-0-1-1_cd4295af-980c-4561-a4bf-75e37438c4a7_25fd0ed4-87a6-4232-992b-97519891bf8d.lock'
2026-02-10 18:52:38.618 INFO  [ main -> org.tasktide.itemstore.mutex.strategy.ElectionStrategy.waitUntilLeader ]: Resetting predecessor:	'f84a2ff0-75a1-4442-b74e-014d8f3ffed2'
2026-02-10 18:52:38.627 INFO  [ main -> org.tasktide.itemstore.mutex.strategy.ElectionStrategy.evaluateLeaderTtl ]: Leader passed TTL check-in:	'/mnt/c/Users/Brendan Kenna/GitHub/TaskTide/tasktide/itemstore/ItemStore-Mutex/Queue/1770749550123.127-0-1-1_cd4295af-980c-4561-a4bf-75e37438c4a7_25fd0ed4-87a6-4232-992b-97519891bf8d.lock'
2026-02-10 18:52:38.628 INFO  [ main -> org.tasktide.itemstore.mutex.strategy.ElectionStrategy.waitUntilLeader ]: Resetting predecessor:	'483588d0-7fe9-4775-bce7-6891cd0f7f9f'
2026-02-10 18:52:38.632 DEBUG [ main -> org.tasktide.itemstore.mutex.strategy.ElectionStrategy.initMutex ]: Mutex initialized, inferring queue position
2026-02-10 18:52:38.638 WARN  [ main -> org.tasktide.itemstore.mutex.strategy.ElectionStrategy.initMutex ]: No election files detected
2026-02-10 18:52:38.774 INFO  [ main -> org.tasktide.itemstore.mutex.strategy.ElectionStrategy.waitUntilLeader ]: Recasting ballot:	'f0934e79-0373-490f-9a55-459e76a6ab89'
2026-02-10 18:52:38.842 INFO  [ main -> org.tasktide.itemstore.mutex.strategy.ElectionStrategy.evaluateLeaderTtl ]: Leader passed TTL check-in:	'/mnt/c/Users/Brendan Kenna/GitHub/TaskTide/tasktide/itemstore/ItemStore-Mutex/Queue/1770749550123.127-0-1-1_cd4295af-980c-4561-a4bf-75e37438c4a7_25fd0ed4-87a6-4232-992b-97519891bf8d.lock'
2026-02-10 18:52:38.842 INFO  [ main -> org.tasktide.itemstore.mutex.strategy.ElectionStrategy.waitUntilLeader ]: Resetting predecessor:	'483588d0-7fe9-4775-bce7-6891cd0f7f9f'
2026-02-10 18:52:38.864 INFO  [ main -> org.tasktide.itemstore.mutex.strategy.ElectionStrategy.evaluateLeaderTtl ]: Leader passed TTL check-in:	'/mnt/c/Users/Brendan Kenna/GitHub/TaskTide/tasktide/itemstore/ItemStore-Mutex/Queue/1770749550123.127-0-1-1_cd4295af-980c-4561-a4bf-75e37438c4a7_25fd0ed4-87a6-4232-992b-97519891bf8d.lock'
2026-02-10 18:52:38.866 INFO  [ main -> org.tasktide.itemstore.mutex.strategy.ElectionStrategy.waitUntilLeader ]: Resetting predecessor:	'f84a2ff0-75a1-4442-b74e-014d8f3ffed2'
2026-02-10 18:52:38.873 INFO  [ main -> org.tasktide.itemstore.mutex.strategy.ElectionStrategy.evaluateLeaderTtl ]: Leader passed TTL check-in:	'/mnt/c/Users/Brendan Kenna/GitHub/TaskTide/tasktide/itemstore/ItemStore-Mutex/Queue/1770749550123.127-0-1-1_cd4295af-980c-4561-a4bf-75e37438c4a7_25fd0ed4-87a6-4232-992b-97519891bf8d.lock'
2026-02-10 18:52:38.876 INFO  [ main -> org.tasktide.itemstore.mutex.strategy.ElectionStrategy.waitUntilLeader ]: Resetting predecessor:	'b87bc42a-03f8-44b5-bf36-4df07028a46c'
2026-02-10 18:52:38.957 INFO  [ main -> org.tasktide.itemstore.mutex.strategy.ElectionStrategy.waitUntilLeader ]: Recasting ballot:	'f42cea71-10b1-4a44-a74a-e91c395bd881'
2026-02-10 18:52:39.075 INFO  [ main -> org.tasktide.itemstore.mutex.strategy.ElectionStrategy.evaluateLeaderTtl ]: Leader passed TTL check-in:	'/mnt/c/Users/Brendan Kenna/GitHub/TaskTide/tasktide/itemstore/ItemStore-Mutex/Queue/1770749550123.127-0-1-1_cd4295af-980c-4561-a4bf-75e37438c4a7_25fd0ed4-87a6-4232-992b-97519891bf8d.lock'
2026-02-10 18:52:39.076 INFO  [ main -> org.tasktide.itemstore.mutex.strategy.ElectionStrategy.waitUntilLeader ]: Resetting predecessor:	'483588d0-7fe9-4775-bce7-6891cd0f7f9f'
2026-02-10 18:52:39.211 INFO  [ main -> org.tasktide.itemstore.mutex.strategy.ElectionStrategy.evaluateLeaderTtl ]: Leader passed TTL check-in:	'/mnt/c/Users/Brendan Kenna/GitHub/TaskTide/tasktide/itemstore/ItemStore-Mutex/Queue/1770749550123.127-0-1-1_cd4295af-980c-4561-a4bf-75e37438c4a7_25fd0ed4-87a6-4232-992b-97519891bf8d.lock'
2026-02-10 18:52:39.213 INFO  [ main -> org.tasktide.itemstore.mutex.strategy.ElectionStrategy.waitUntilLeader ]: Resetting predecessor:	'f84a2ff0-75a1-4442-b74e-014d8f3ffed2'
2026-02-10 18:52:39.331 INFO  [ main -> org.tasktide.itemstore.mutex.orchestrator.MutexOrchestrator.confirmLeader ]: Leadership confirmed:	'25fd0ed4-87a6-4232-992b-97519891bf8d'
2026-02-10 18:52:39.332 INFO  [ main -> org.tasktide.itemstore.mutex.orchestrator.MutexOrchestrator.performLock ]: Leadership confirmed:	'25fd0ed4-87a6-4232-992b-97519891bf8d'
2026-02-10 18:52:39.334 INFO  [ main -> org.tasktide.itemstore.mutex.orchestrator.MutexOrchestrator.performLock ]: Waiting for FileChannel lock for:	'25fd0ed4-87a6-4232-992b-97519891bf8d'
2026-02-10 18:52:39.342 INFO  [ main -> org.tasktide.itemstore.mutex.strategy.ElectionStrategy.evaluateLeaderTtl ]: Leader passed TTL check-in:	'/mnt/c/Users/Brendan Kenna/GitHub/TaskTide/tasktide/itemstore/ItemStore-Mutex/Queue/1770749550123.127-0-1-1_cd4295af-980c-4561-a4bf-75e37438c4a7_25fd0ed4-87a6-4232-992b-97519891bf8d.lock'
2026-02-10 18:52:39.343 INFO  [ main -> org.tasktide.itemstore.mutex.strategy.ElectionStrategy.waitUntilLeader ]: Resetting predecessor:	'b87bc42a-03f8-44b5-bf36-4df07028a46c'
2026-02-10 18:52:39.364 INFO  [ main -> org.tasktide.itemstore.mutex.strategy.ElectionStrategy.evaluateLeaderTtl ]: Leader passed TTL check-in:	'/mnt/c/Users/Brendan Kenna/GitHub/TaskTide/tasktide/itemstore/ItemStore-Mutex/Queue/1770749550123.127-0-1-1_cd4295af-980c-4561-a4bf-75e37438c4a7_25fd0ed4-87a6-4232-992b-97519891bf8d.lock'
2026-02-10 18:52:39.365 INFO  [ main -> org.tasktide.itemstore.mutex.strategy.ElectionStrategy.waitUntilLeader ]: Resetting predecessor:	'483588d0-7fe9-4775-bce7-6891cd0f7f9f'
2026-02-10 18:52:39.421 INFO  [ main -> org.tasktide.itemstore.mutex.strategy.ElectionStrategy.waitUntilLeader ]: Recasting ballot:	'9d71699a-e581-48d2-8862-f97290590aec'
2026-02-10 18:52:39.511 INFO  [ main -> org.tasktide.itemstore.mutex.strategy.ElectionStrategy.evaluateLeaderTtl ]: Leader passed TTL check-in:	'/mnt/c/Users/Brendan Kenna/GitHub/TaskTide/tasktide/itemstore/ItemStore-Mutex/Queue/1770749550123.127-0-1-1_cd4295af-980c-4561-a4bf-75e37438c4a7_25fd0ed4-87a6-4232-992b-97519891bf8d.lock'
2026-02-10 18:52:39.513 INFO  [ main -> org.tasktide.itemstore.mutex.strategy.ElectionStrategy.waitUntilLeader ]: Resetting predecessor:	'f84a2ff0-75a1-4442-b74e-014d8f3ffed2'
2026-02-10 18:52:39.592 INFO  [ main -> org.tasktide.itemstore.mutex.strategy.ElectionStrategy.evaluateLeaderTtl ]: Leader passed TTL check-in:	'/mnt/c/Users/Brendan Kenna/GitHub/TaskTide/tasktide/itemstore/ItemStore-Mutex/Queue/1770749550123.127-0-1-1_cd4295af-980c-4561-a4bf-75e37438c4a7_25fd0ed4-87a6-4232-992b-97519891bf8d.lock'
2026-02-10 18:52:39.594 INFO  [ main -> org.tasktide.itemstore.mutex.strategy.ElectionStrategy.waitUntilLeader ]: Resetting predecessor:	'483588d0-7fe9-4775-bce7-6891cd0f7f9f'
2026-02-10 18:52:39.742 INFO  [ main -> org.tasktide.itemstore.mutex.strategy.ElectionStrategy.evaluateLeaderTtl ]: Leader passed TTL check-in:	'/mnt/c/Users/Brendan Kenna/GitHub/TaskTide/tasktide/itemstore/ItemStore-Mutex/Queue/1770749550123.127-0-1-1_cd4295af-980c-4561-a4bf-75e37438c4a7_25fd0ed4-87a6-4232-992b-97519891bf8d.lock'
2026-02-10 18:52:39.743 INFO  [ main -> org.tasktide.itemstore.mutex.strategy.ElectionStrategy.waitUntilLeader ]: Resetting predecessor:	'b87bc42a-03f8-44b5-bf36-4df07028a46c'
2026-02-10 18:52:39.783 INFO  [ main -> org.tasktide.itemstore.mutex.strategy.ElectionStrategy.evaluateLeaderTtl ]: Leader passed TTL check-in:	'/mnt/c/Users/Brendan Kenna/GitHub/TaskTide/tasktide/itemstore/ItemStore-Mutex/Queue/1770749550123.127-0-1-1_cd4295af-980c-4561-a4bf-75e37438c4a7_25fd0ed4-87a6-4232-992b-97519891bf8d.lock'
2026-02-10 18:52:39.784 INFO  [ main -> org.tasktide.itemstore.mutex.strategy.ElectionStrategy.waitUntilLeader ]: Resetting predecessor:	'f84a2ff0-75a1-4442-b74e-014d8f3ffed2'
2026-02-10 18:52:39.892 INFO  [ main -> org.tasktide.itemstore.mutex.strategy.ElectionStrategy.evaluateLeaderTtl ]: Leader passed TTL check-in:	'/mnt/c/Users/Brendan Kenna/GitHub/TaskTide/tasktide/itemstore/ItemStore-Mutex/Queue/1770749550123.127-0-1-1_cd4295af-980c-4561-a4bf-75e37438c4a7_25fd0ed4-87a6-4232-992b-97519891bf8d.lock'
2026-02-10 18:52:39.893 INFO  [ main -> org.tasktide.itemstore.mutex.strategy.ElectionStrategy.waitUntilLeader ]: Resetting predecessor:	'483588d0-7fe9-4775-bce7-6891cd0f7f9f'
2026-02-10 18:52:40.087 INFO  [ main -> org.tasktide.itemstore.mutex.strategy.ElectionStrategy.waitUntilLeader ]: Recasting ballot:	'a32d8a85-bfe8-4e7f-8b1f-7ea29ca727df'
2026-02-10 18:52:40.088 INFO  [ main -> org.tasktide.itemstore.mutex.strategy.ElectionStrategy.waitUntilLeader ]: Recasting ballot:	'f84a2ff0-75a1-4442-b74e-014d8f3ffed2'
2026-02-10 18:52:40.122 INFO  [ main -> org.tasktide.itemstore.mutex.strategy.ElectionStrategy.evaluateLeaderTtl ]: Leader passed TTL check-in:	'/mnt/c/Users/Brendan Kenna/GitHub/TaskTide/tasktide/itemstore/ItemStore-Mutex/Queue/1770749550123.127-0-1-1_cd4295af-980c-4561-a4bf-75e37438c4a7_25fd0ed4-87a6-4232-992b-97519891bf8d.lock'
2026-02-10 18:52:40.123 INFO  [ main -> org.tasktide.itemstore.mutex.strategy.ElectionStrategy.waitUntilLeader ]: Resetting predecessor:	'483588d0-7fe9-4775-bce7-6891cd0f7f9f'
2026-02-10 18:52:40.171 INFO  [ main -> org.tasktide.itemstore.mutex.strategy.ElectionStrategy.evaluateLeaderTtl ]: Leader passed TTL check-in:	'/mnt/c/Users/Brendan Kenna/GitHub/TaskTide/tasktide/itemstore/ItemStore-Mutex/Queue/1770749550123.127-0-1-1_cd4295af-980c-4561-a4bf-75e37438c4a7_25fd0ed4-87a6-4232-992b-97519891bf8d.lock'
2026-02-10 18:52:40.173 INFO  [ main -> org.tasktide.itemstore.mutex.strategy.ElectionStrategy.waitUntilLeader ]: Resetting predecessor:	'bf4185b2-c54b-4264-98a6-f98c39ffd431'
2026-02-10 18:52:40.206 INFO  [ main -> org.tasktide.itemstore.mutex.strategy.ElectionStrategy.evaluateLeaderTtl ]: Leader passed TTL check-in:	'/mnt/c/Users/Brendan Kenna/GitHub/TaskTide/tasktide/itemstore/ItemStore-Mutex/Queue/1770749550123.127-0-1-1_cd4295af-980c-4561-a4bf-75e37438c4a7_25fd0ed4-87a6-4232-992b-97519891bf8d.lock'
2026-02-10 18:52:40.207 INFO  [ main -> org.tasktide.itemstore.mutex.strategy.ElectionStrategy.waitUntilLeader ]: Resetting predecessor:	'b87bc42a-03f8-44b5-bf36-4df07028a46c'
2026-02-10 18:52:40.440 INFO  [ main -> org.tasktide.itemstore.mutex.strategy.ElectionStrategy.waitUntilLeader ]: Recasting ballot:	'483588d0-7fe9-4775-bce7-6891cd0f7f9f'
2026-02-10 18:52:40.543 INFO  [ main -> org.tasktide.itemstore.mutex.orchestrator.MutexOrchestrator.performLock ]: File Channel Lock acquired for:	'25fd0ed4-87a6-4232-992b-97519891bf8d'
2026-02-10 18:52:40.545 INFO  [ main -> org.tasktide.itemstore.mutex.orchestrator.MutexOrchestrator.performLock ]: Lock successful for:	'25fd0ed4-87a6-4232-992b-97519891bf8d'
2026-02-10 18:52:40.549 INFO  [ main -> org.tasktide.itemstore.mutex.orchestrator.MutexOrchestrator.tryAcquireUntilSuccess ]: Process-949 Completed with counter value:	'3'
2026-02-10 18:52:40.551 INFO  [ main -> org.tasktide.itemstore.mutex.orchestrator.MutexOrchestrator.tryAcquireUntilSuccess ]: Process-949 Loop terminating with done = 'true', and counter = '3'
2026-02-10 18:52:40.574 INFO  [ main -> org.tasktide.itemstore.mutex.LockActionReleaseApp.main ]: APP-Writing '11' to data file:	'/mnt/c/Users/Brendan Kenna/GitHub/TaskTide/tasktide/itemstore/ItemStore-Mutex/multi-process.txt'
2026-02-10 18:52:40.590 INFO  [ main -> org.tasktide.itemstore.mutex.LockActionReleaseApp.main ]: APP-Record written, releasing lock
2026-02-10 18:52:40.595 INFO  [ main -> org.tasktide.itemstore.mutex.orchestrator.MutexOrchestrator.releaseLock ]: Releasing active lock
2026-02-10 18:52:40.600 INFO  [ main -> org.tasktide.itemstore.mutex.orchestrator.MutexOrchestrator.releaseActiveLock ]: Releasing FileChannel mutex
2026-02-10 18:52:40.660 WARN  [ main -> org.tasktide.itemstore.mutex.strategy.ElectionStrategy.evaluateLeaderTtl ]: Removing below stale leader status:	'true'

'/mnt/c/Users/Brendan Kenna/GitHub/TaskTide/tasktide/itemstore/ItemStore-Mutex/Queue/1770749550123.127-0-1-1_cd4295af-980c-4561-a4bf-75e37438c4a7_25fd0ed4-87a6-4232-992b-97519891bf8d.lock'
2026-02-10 18:52:40.701 INFO  [ main -> org.tasktide.itemstore.mutex.strategy.ElectionStrategy.evaluateLeaderTtl ]: Leader passed TTL check-in:	'/mnt/c/Users/Brendan Kenna/GitHub/TaskTide/tasktide/itemstore/ItemStore-Mutex/Queue/1770749552408.127-0-1-1_8e9ee5c3-897c-47eb-9ab1-78c37551e56f_b87bc42a-03f8-44b5-bf36-4df07028a46c.lock'
2026-02-10 18:52:40.703 INFO  [ main -> org.tasktide.itemstore.mutex.strategy.ElectionStrategy.waitUntilLeader ]: Resetting predecessor:	'b87bc42a-03f8-44b5-bf36-4df07028a46c'
2026-02-10 18:52:40.723 INFO  [ main -> org.tasktide.itemstore.mutex.strategy.ElectionStrategy.evaluateLeaderTtl ]: Leader passed TTL check-in:	'/mnt/c/Users/Brendan Kenna/GitHub/TaskTide/tasktide/itemstore/ItemStore-Mutex/Queue/1770749552408.127-0-1-1_8e9ee5c3-897c-47eb-9ab1-78c37551e56f_b87bc42a-03f8-44b5-bf36-4df07028a46c.lock'
2026-02-10 18:52:40.725 INFO  [ main -> org.tasktide.itemstore.mutex.strategy.ElectionStrategy.waitUntilLeader ]: Resetting predecessor:	'b3eedbe4-228c-4cd7-933a-0f5d9e734380'
2026-02-10 18:52:40.791 INFO  [ main -> org.tasktide.itemstore.mutex.strategy.ElectionStrategy.evaluateLeaderTtl ]: Leader passed TTL check-in:	'/mnt/c/Users/Brendan Kenna/GitHub/TaskTide/tasktide/itemstore/ItemStore-Mutex/Queue/1770749552408.127-0-1-1_8e9ee5c3-897c-47eb-9ab1-78c37551e56f_b87bc42a-03f8-44b5-bf36-4df07028a46c.lock'
2026-02-10 18:52:40.792 INFO  [ main -> org.tasktide.itemstore.mutex.strategy.ElectionStrategy.waitUntilLeader ]: Resetting predecessor:	'10adb96e-4ae0-455c-b13f-f0612a4ebee3'
2026-02-10 18:52:40.944 WARN  [ main -> org.tasktide.itemstore.FileUtility.dropFile ]: Warning provided path does not exist, unable to delete:
'/mnt/c/Users/Brendan Kenna/GitHub/TaskTide/tasktide/itemstore/ItemStore-Mutex/Host-Lock/1770749550123.127-0-1-1_cd4295af-980c-4561-a4bf-75e37438c4a7.lock'

2026-02-10 18:52:40.949 WARN  [ main -> org.tasktide.itemstore.FileUtility.dropFile ]: Warning could not delete target file, displaying error:	'/mnt/c/Users/Brendan Kenna/GitHub/TaskTide/tasktide/itemstore/ItemStore-Mutex/Host-Lock/1770749550123.127-0-1-1_cd4295af-980c-4561-a4bf-75e37438c4a7.lock'
java.nio.file.NoSuchFileException: /mnt/c/Users/Brendan Kenna/GitHub/TaskTide/tasktide/itemstore/ItemStore-Mutex/Host-Lock/1770749550123.127-0-1-1_cd4295af-980c-4561-a4bf-75e37438c4a7.lock
	at sun.nio.fs.UnixException.translateToIOException(UnixException.java:92) ~[?:?]
	at sun.nio.fs.UnixException.rethrowAsIOException(UnixException.java:106) ~[?:?]
	at sun.nio.fs.UnixException.rethrowAsIOException(UnixException.java:111) ~[?:?]
	at sun.nio.fs.UnixFileSystemProvider.implDelete(UnixFileSystemProvider.java:248) ~[?:?]
	at sun.nio.fs.AbstractFileSystemProvider.delete(AbstractFileSystemProvider.java:105) ~[?:?]
	at java.nio.file.Files.delete(Files.java:1152) ~[?:?]
	at org.tasktide.itemstore.FileUtility.dropFile(FileUtility.java:132) [main/:?]
	at org.tasktide.itemstore.mutex.strategy.FileChannelStrategy.release(FileChannelStrategy.java:126) [main/:?]
	at org.tasktide.itemstore.mutex.FileChannelMutex.release(FileChannelMutex.java:176) [main/:?]
	at org.tasktide.itemstore.mutex.orchestrator.MutexOrchestrator.releaseActiveLock(MutexOrchestrator.java:290) [main/:?]
	at org.tasktide.itemstore.mutex.orchestrator.MutexOrchestrator.releaseLock(MutexOrchestrator.java:276) [main/:?]
	at org.tasktide.itemstore.mutex.LockActionReleaseApp.main(LockActionReleaseApp.java:109) [test/:?]
2026-02-10 18:52:41.015 INFO  [ main -> org.tasktide.itemstore.mutex.orchestrator.MutexOrchestrator.releaseActiveLock ]: Releasing NFS mutex:
'{
    "Election File": "/mnt/c/Users/Brendan Kenna/GitHub/TaskTide/tasktide/itemstore/ItemStore-Mutex/Queue/1770749550123.127-0-1-1_cd4295af-980c-4561-a4bf-75e37438c4a7_25fd0ed4-87a6-4232-992b-97519891bf8d.lock",
    "End Jitter": "PT0.434S",
    "Host File": "/mnt/c/Users/Brendan Kenna/GitHub/TaskTide/tasktide/itemstore/ItemStore-Mutex/Host-Lock/1770749550123.127-0-1-1_cd4295af-980c-4561-a4bf-75e37438c4a7.lock",
    "Id": "25fd0ed4-87a6-4232-992b-97519891bf8d",
    "Lock Dir": "/mnt/c/Users/Brendan Kenna/GitHub/TaskTide/tasktide/itemstore/ItemStore-Mutex",
    "Lock File": "/mnt/c/Users/Brendan Kenna/GitHub/TaskTide/tasktide/itemstore/ItemStore-Mutex/lock-file.lock",
    "Mutex State": "LOCKED",
    "Retry Interval": "PT0.051S",
    "Stale File Threshold": "PT10S",
    "Start Jitter": "PT0.313S",
    "Timestamp": 1770749550123
}'
2026-02-10 18:52:41.028 INFO  [ main -> org.tasktide.itemstore.mutex.LockActionReleaseApp.main ]: APP-Lock released, test complete
2026-02-10 18:52:41.138 INFO  [ main -> org.tasktide.itemstore.mutex.strategy.ElectionStrategy.evaluateLeaderTtl ]: Leader passed TTL check-in:	'/mnt/c/Users/Brendan Kenna/GitHub/TaskTide/tasktide/itemstore/ItemStore-Mutex/Queue/1770749552408.127-0-1-1_8e9ee5c3-897c-47eb-9ab1-78c37551e56f_b87bc42a-03f8-44b5-bf36-4df07028a46c.lock'
2026-02-10 18:52:41.139 INFO  [ main -> org.tasktide.itemstore.mutex.strategy.ElectionStrategy.waitUntilLeader ]: Leadership acquired:	'b87bc42a-03f8-44b5-bf36-4df07028a46c'
2026-02-10 18:52:41.142 INFO  [ main -> org.tasktide.itemstore.mutex.strategy.ElectionStrategy.waitUntilLeader ]: Resetting predecessor:	'bf4185b2-c54b-4264-98a6-f98c39ffd431'
2026-02-10 18:52:41.142 INFO  [ main -> org.tasktide.itemstore.mutex.strategy.ElectionStrategy.waitUntilLeader ]: Verifying leadership:	'b87bc42a-03f8-44b5-bf36-4df07028a46c'
2026-02-10 18:52:41.210 INFO  [ main -> org.tasktide.itemstore.mutex.strategy.ElectionStrategy.evaluateLeaderTtl ]: Leader passed TTL check-in:	'/mnt/c/Users/Brendan Kenna/GitHub/TaskTide/tasktide/itemstore/ItemStore-Mutex/Queue/1770749552408.127-0-1-1_8e9ee5c3-897c-47eb-9ab1-78c37551e56f_b87bc42a-03f8-44b5-bf36-4df07028a46c.lock'
2026-02-10 18:52:41.213 INFO  [ main -> org.tasktide.itemstore.mutex.strategy.ElectionStrategy.waitUntilLeader ]: Resetting predecessor:	'b3eedbe4-228c-4cd7-933a-0f5d9e734380'
2026-02-10 18:52:41.278 INFO  [ main -> org.tasktide.itemstore.mutex.strategy.ElectionStrategy.evaluateLeaderTtl ]: Leader passed TTL check-in:	'/mnt/c/Users/Brendan Kenna/GitHub/TaskTide/tasktide/itemstore/ItemStore-Mutex/Queue/1770749552408.127-0-1-1_8e9ee5c3-897c-47eb-9ab1-78c37551e56f_b87bc42a-03f8-44b5-bf36-4df07028a46c.lock'
2026-02-10 18:52:41.282 INFO  [ main -> org.tasktide.itemstore.mutex.strategy.ElectionStrategy.waitUntilLeader ]: Resetting predecessor:	'10adb96e-4ae0-455c-b13f-f0612a4ebee3'
2026-02-10 18:52:41.526 INFO  [ main -> org.tasktide.itemstore.mutex.strategy.ElectionStrategy.evaluateLeaderTtl ]: Leader passed TTL check-in:	'/mnt/c/Users/Brendan Kenna/GitHub/TaskTide/tasktide/itemstore/ItemStore-Mutex/Queue/1770749552408.127-0-1-1_8e9ee5c3-897c-47eb-9ab1-78c37551e56f_b87bc42a-03f8-44b5-bf36-4df07028a46c.lock'
2026-02-10 18:52:41.530 INFO  [ main -> org.tasktide.itemstore.mutex.strategy.ElectionStrategy.waitUntilLeader ]: Resetting predecessor:	'bf4185b2-c54b-4264-98a6-f98c39ffd431'
2026-02-10 18:52:41.587 INFO  [ main -> org.tasktide.itemstore.mutex.strategy.ElectionStrategy.waitUntilLeader ]: Leadership verified:	'b87bc42a-03f8-44b5-bf36-4df07028a46c'
2026-02-10 18:52:41.590 DEBUG [ main -> org.tasktide.itemstore.mutex.strategy.ElectionStrategy.apply ]: Active leader with Id:	'b87bc42a-03f8-44b5-bf36-4df07028a46c'
2026-02-10 18:52:41.592 DEBUG [ main -> org.tasktide.itemstore.mutex.strategy.ElectionStrategy.apply ]: State set, writing mutex for:	'b87bc42a-03f8-44b5-bf36-4df07028a46c'
2026-02-10 18:52:41.603 INFO  [ main -> org.tasktide.itemstore.mutex.strategy.ElectionStrategy.waitUntilLeader ]: Recasting ballot:	'f255fe3b-128a-4f3a-b02e-0d9de0ef33d1'
2026-02-10 18:52:41.676 DEBUG [ main -> org.tasktide.itemstore.mutex.strategy.ElectionStrategy.apply ]: Mutex written for:	'b87bc42a-03f8-44b5-bf36-4df07028a46c'
2026-02-10 18:52:41.739 INFO  [ main -> org.tasktide.itemstore.mutex.strategy.ElectionStrategy.evaluateLeaderTtl ]: Leader passed TTL check-in:	'/mnt/c/Users/Brendan Kenna/GitHub/TaskTide/tasktide/itemstore/ItemStore-Mutex/Queue/1770749552408.127-0-1-1_8e9ee5c3-897c-47eb-9ab1-78c37551e56f_b87bc42a-03f8-44b5-bf36-4df07028a46c.lock'
2026-02-10 18:52:41.740 INFO  [ main -> org.tasktide.itemstore.mutex.strategy.ElectionStrategy.waitUntilLeader ]: Resetting predecessor:	'b3eedbe4-228c-4cd7-933a-0f5d9e734380'
2026-02-10 18:52:41.765 INFO  [ main -> org.tasktide.itemstore.mutex.strategy.ElectionStrategy.evaluateLeaderTtl ]: Leader passed TTL check-in:	'/mnt/c/Users/Brendan Kenna/GitHub/TaskTide/tasktide/itemstore/ItemStore-Mutex/Queue/1770749552408.127-0-1-1_8e9ee5c3-897c-47eb-9ab1-78c37551e56f_b87bc42a-03f8-44b5-bf36-4df07028a46c.lock'
2026-02-10 18:52:41.767 INFO  [ main -> org.tasktide.itemstore.mutex.strategy.ElectionStrategy.waitUntilLeader ]: Resetting predecessor:	'10adb96e-4ae0-455c-b13f-f0612a4ebee3'
2026-02-10 18:52:41.771 INFO  [ main -> org.tasktide.itemstore.mutex.orchestrator.MutexOrchestrator.performLock ]: NFS Lock acquired for:	'b87bc42a-03f8-44b5-bf36-4df07028a46c'
2026-02-10 18:52:41.772 INFO  [ main -> org.tasktide.itemstore.mutex.orchestrator.MutexOrchestrator.performLock ]: Confirming leadership:	'b87bc42a-03f8-44b5-bf36-4df07028a46c'
2026-02-10 18:52:41.936 INFO  [ main -> org.tasktide.itemstore.mutex.strategy.ElectionStrategy.evaluateLeaderTtl ]: Leader passed TTL check-in:	'/mnt/c/Users/Brendan Kenna/GitHub/TaskTide/tasktide/itemstore/ItemStore-Mutex/Queue/1770749552408.127-0-1-1_8e9ee5c3-897c-47eb-9ab1-78c37551e56f_b87bc42a-03f8-44b5-bf36-4df07028a46c.lock'
2026-02-10 18:52:41.938 INFO  [ main -> org.tasktide.itemstore.mutex.strategy.ElectionStrategy.waitUntilLeader ]: Resetting predecessor:	'bf4185b2-c54b-4264-98a6-f98c39ffd431'
2026-02-10 18:52:42.005 INFO  [ main -> org.tasktide.itemstore.mutex.strategy.ElectionStrategy.waitUntilLeader ]: Recasting ballot:	'84139ab3-ec85-4a3d-8bf5-4114599bb2c2'
2026-02-10 18:52:42.168 INFO  [ main -> org.tasktide.itemstore.mutex.strategy.ElectionStrategy.evaluateLeaderTtl ]: Leader passed TTL check-in:	'/mnt/c/Users/Brendan Kenna/GitHub/TaskTide/tasktide/itemstore/ItemStore-Mutex/Queue/1770749552408.127-0-1-1_8e9ee5c3-897c-47eb-9ab1-78c37551e56f_b87bc42a-03f8-44b5-bf36-4df07028a46c.lock'
2026-02-10 18:52:42.169 INFO  [ main -> org.tasktide.itemstore.mutex.strategy.ElectionStrategy.waitUntilLeader ]: Resetting predecessor:	'b3eedbe4-228c-4cd7-933a-0f5d9e734380'
2026-02-10 18:52:42.189 INFO  [ main -> org.tasktide.itemstore.mutex.strategy.ElectionStrategy.waitUntilLeader ]: Recasting ballot:	'10adb96e-4ae0-455c-b13f-f0612a4ebee3'
2026-02-10 18:52:42.301 INFO  [ main -> org.tasktide.itemstore.mutex.strategy.ElectionStrategy.evaluateLeaderTtl ]: Leader passed TTL check-in:	'/mnt/c/Users/Brendan Kenna/GitHub/TaskTide/tasktide/itemstore/ItemStore-Mutex/Queue/1770749552408.127-0-1-1_8e9ee5c3-897c-47eb-9ab1-78c37551e56f_b87bc42a-03f8-44b5-bf36-4df07028a46c.lock'
2026-02-10 18:52:42.303 INFO  [ main -> org.tasktide.itemstore.mutex.strategy.ElectionStrategy.waitUntilLeader ]: Resetting predecessor:	'bf4185b2-c54b-4264-98a6-f98c39ffd431'
2026-02-10 18:52:42.430 INFO  [ main -> org.tasktide.itemstore.mutex.strategy.ElectionStrategy.evaluateLeaderTtl ]: Leader passed TTL check-in:	'/mnt/c/Users/Brendan Kenna/GitHub/TaskTide/tasktide/itemstore/ItemStore-Mutex/Queue/1770749552408.127-0-1-1_8e9ee5c3-897c-47eb-9ab1-78c37551e56f_b87bc42a-03f8-44b5-bf36-4df07028a46c.lock'
2026-02-10 18:52:42.432 INFO  [ main -> org.tasktide.itemstore.mutex.strategy.ElectionStrategy.waitUntilLeader ]: Resetting predecessor:	'489b3173-aefe-4f44-bad3-9ab3f438f9d0'
2026-02-10 18:52:42.624 INFO  [ main -> org.tasktide.itemstore.mutex.orchestrator.MutexOrchestrator.confirmLeader ]: Leadership confirmed:	'b87bc42a-03f8-44b5-bf36-4df07028a46c'
2026-02-10 18:52:42.625 INFO  [ main -> org.tasktide.itemstore.mutex.orchestrator.MutexOrchestrator.performLock ]: Leadership confirmed:	'b87bc42a-03f8-44b5-bf36-4df07028a46c'
2026-02-10 18:52:42.626 INFO  [ main -> org.tasktide.itemstore.mutex.orchestrator.MutexOrchestrator.performLock ]: Waiting for FileChannel lock for:	'b87bc42a-03f8-44b5-bf36-4df07028a46c'
2026-02-10 18:52:42.639 INFO  [ main -> org.tasktide.itemstore.mutex.strategy.ElectionStrategy.evaluateLeaderTtl ]: Leader passed TTL check-in:	'/mnt/c/Users/Brendan Kenna/GitHub/TaskTide/tasktide/itemstore/ItemStore-Mutex/Queue/1770749552408.127-0-1-1_8e9ee5c3-897c-47eb-9ab1-78c37551e56f_b87bc42a-03f8-44b5-bf36-4df07028a46c.lock'
2026-02-10 18:52:42.640 INFO  [ main -> org.tasktide.itemstore.mutex.strategy.ElectionStrategy.waitUntilLeader ]: Resetting predecessor:	'b3eedbe4-228c-4cd7-933a-0f5d9e734380'
2026-02-10 18:52:42.732 INFO  [ main -> org.tasktide.itemstore.mutex.strategy.ElectionStrategy.evaluateLeaderTtl ]: Leader passed TTL check-in:	'/mnt/c/Users/Brendan Kenna/GitHub/TaskTide/tasktide/itemstore/ItemStore-Mutex/Queue/1770749552408.127-0-1-1_8e9ee5c3-897c-47eb-9ab1-78c37551e56f_b87bc42a-03f8-44b5-bf36-4df07028a46c.lock'
2026-02-10 18:52:42.734 INFO  [ main -> org.tasktide.itemstore.mutex.strategy.ElectionStrategy.waitUntilLeader ]: Resetting predecessor:	'bf4185b2-c54b-4264-98a6-f98c39ffd431'
2026-02-10 18:52:42.784 WARN  [ main -> org.tasktide.itemstore.mutex.strategy.ElectionStrategy.evaluateLeaderTtl ]: Removing below stale leader status:	'true'

'/mnt/c/Users/Brendan Kenna/GitHub/TaskTide/tasktide/itemstore/ItemStore-Mutex/Queue/1770749552408.127-0-1-1_8e9ee5c3-897c-47eb-9ab1-78c37551e56f_b87bc42a-03f8-44b5-bf36-4df07028a46c.lock'
2026-02-10 18:52:43.071 INFO  [ main -> org.tasktide.itemstore.mutex.strategy.ElectionStrategy.evaluateLeaderTtl ]: Leader passed TTL check-in:	'/mnt/c/Users/Brendan Kenna/GitHub/TaskTide/tasktide/itemstore/ItemStore-Mutex/Queue/1770749552956.127-0-1-1_c3c67d8b-9c76-45f3-ba75-d4d621129dd2_2f85ac62-fbb1-477f-baca-be309d45a53a.lock'
2026-02-10 18:52:43.072 INFO  [ main -> org.tasktide.itemstore.mutex.strategy.ElectionStrategy.waitUntilLeader ]: Resetting predecessor:	'489b3173-aefe-4f44-bad3-9ab3f438f9d0'
2026-02-10 18:52:43.080 INFO  [ main -> org.tasktide.itemstore.mutex.strategy.ElectionStrategy.evaluateLeaderTtl ]: Leader passed TTL check-in:	'/mnt/c/Users/Brendan Kenna/GitHub/TaskTide/tasktide/itemstore/ItemStore-Mutex/Queue/1770749552956.127-0-1-1_c3c67d8b-9c76-45f3-ba75-d4d621129dd2_2f85ac62-fbb1-477f-baca-be309d45a53a.lock'
2026-02-10 18:52:43.082 INFO  [ main -> org.tasktide.itemstore.mutex.strategy.ElectionStrategy.waitUntilLeader ]: Resetting predecessor:	'b3eedbe4-228c-4cd7-933a-0f5d9e734380'
2026-02-10 18:52:43.128 INFO  [ main -> org.tasktide.itemstore.mutex.strategy.ElectionStrategy.waitUntilLeader ]: Leadership acquired:	'bf4185b2-c54b-4264-98a6-f98c39ffd431'
2026-02-10 18:52:43.128 INFO  [ main -> org.tasktide.itemstore.mutex.strategy.ElectionStrategy.waitUntilLeader ]: Verifying leadership:	'bf4185b2-c54b-4264-98a6-f98c39ffd431'
2026-02-10 18:52:43.172 INFO  [ main -> org.tasktide.itemstore.mutex.strategy.ElectionStrategy.evaluateLeaderTtl ]: Leader passed TTL check-in:	'/mnt/c/Users/Brendan Kenna/GitHub/TaskTide/tasktide/itemstore/ItemStore-Mutex/Queue/1770749552956.127-0-1-1_c3c67d8b-9c76-45f3-ba75-d4d621129dd2_2f85ac62-fbb1-477f-baca-be309d45a53a.lock'
2026-02-10 18:52:43.173 INFO  [ main -> org.tasktide.itemstore.mutex.strategy.ElectionStrategy.waitUntilLeader ]: Resetting predecessor:	'2a527aef-8711-4e83-9ee5-0eb318d8f20d'
2026-02-10 18:52:43.282 INFO  [ main -> org.tasktide.itemstore.mutex.strategy.ElectionStrategy.waitUntilLeader ]: Recasting ballot:	'31cdf384-541d-4cc9-8496-fce1088b0ae8'
2026-02-10 18:52:43.361 WARN  [ main -> org.tasktide.itemstore.mutex.strategy.ElectionStrategy.evaluateLeaderTtl ]: Removing below stale leader status:	'true'

'/mnt/c/Users/Brendan Kenna/GitHub/TaskTide/tasktide/itemstore/ItemStore-Mutex/Queue/1770749552956.127-0-1-1_c3c67d8b-9c76-45f3-ba75-d4d621129dd2_2f85ac62-fbb1-477f-baca-be309d45a53a.lock'
2026-02-10 18:52:43.468 INFO  [ main -> org.tasktide.itemstore.mutex.strategy.ElectionStrategy.waitUntilLeader ]: Leadership acquired:	'b3eedbe4-228c-4cd7-933a-0f5d9e734380'
2026-02-10 18:52:43.471 INFO  [ main -> org.tasktide.itemstore.mutex.strategy.ElectionStrategy.waitUntilLeader ]: Verifying leadership:	'b3eedbe4-228c-4cd7-933a-0f5d9e734380'
2026-02-10 18:52:43.582 WARN  [ main -> org.tasktide.itemstore.mutex.strategy.ElectionStrategy.waitUntilLeader ]: Unable to verifiy leadership:	'bf4185b2-c54b-4264-98a6-f98c39ffd431'
2026-02-10 18:52:43.621 WARN  [ main -> org.tasktide.itemstore.mutex.strategy.ElectionStrategy.evaluateLeaderTtl ]: Removing below stale leader status:	'true'

'/mnt/c/Users/Brendan Kenna/GitHub/TaskTide/tasktide/itemstore/ItemStore-Mutex/Queue/1770749552975.127-0-1-1_7493e205-2a85-4042-90a6-359128af69fe_b3eedbe4-228c-4cd7-933a-0f5d9e734380.lock'
2026-02-10 18:52:43.627 INFO  [ main -> org.tasktide.itemstore.mutex.strategy.ElectionStrategy.waitUntilLeader ]: Leadership acquired:	'489b3173-aefe-4f44-bad3-9ab3f438f9d0'
2026-02-10 18:52:43.628 INFO  [ main -> org.tasktide.itemstore.mutex.strategy.ElectionStrategy.waitUntilLeader ]: Verifying leadership:	'489b3173-aefe-4f44-bad3-9ab3f438f9d0'
2026-02-10 18:52:43.708 INFO  [ main -> org.tasktide.itemstore.mutex.strategy.ElectionStrategy.evaluateLeaderTtl ]: Leader passed TTL check-in:	'/mnt/c/Users/Brendan Kenna/GitHub/TaskTide/tasktide/itemstore/ItemStore-Mutex/Queue/1770749556250.127-0-1-1_4fd42e83-31a4-47eb-b1cf-bf54f64baa81_e44203a1-92d3-4cad-9ac9-aff6a375847a.lock'
2026-02-10 18:52:43.710 INFO  [ main -> org.tasktide.itemstore.mutex.strategy.ElectionStrategy.waitUntilLeader ]: Resetting predecessor:	'8c35da5e-40ce-4683-adfe-e996f42d46f8'
2026-02-10 18:52:43.803 INFO  [ main -> org.tasktide.itemstore.mutex.orchestrator.MutexOrchestrator.performLock ]: File Channel Lock acquired for:	'b87bc42a-03f8-44b5-bf36-4df07028a46c'
2026-02-10 18:52:43.805 INFO  [ main -> org.tasktide.itemstore.mutex.orchestrator.MutexOrchestrator.performLock ]: Lock successful for:	'b87bc42a-03f8-44b5-bf36-4df07028a46c'
2026-02-10 18:52:43.807 INFO  [ main -> org.tasktide.itemstore.mutex.orchestrator.MutexOrchestrator.tryAcquireUntilSuccess ]: Process-959 Completed with counter value:	'1'
2026-02-10 18:52:43.809 INFO  [ main -> org.tasktide.itemstore.mutex.orchestrator.MutexOrchestrator.tryAcquireUntilSuccess ]: Process-959 Loop terminating with done = 'true', and counter = '1'
2026-02-10 18:52:43.820 INFO  [ main -> org.tasktide.itemstore.mutex.LockActionReleaseApp.main ]: APP-Writing '12' to data file:	'/mnt/c/Users/Brendan Kenna/GitHub/TaskTide/tasktide/itemstore/ItemStore-Mutex/multi-process.txt'
2026-02-10 18:52:43.830 INFO  [ main -> org.tasktide.itemstore.mutex.LockActionReleaseApp.main ]: APP-Record written, releasing lock
2026-02-10 18:52:43.833 INFO  [ main -> org.tasktide.itemstore.mutex.orchestrator.MutexOrchestrator.releaseLock ]: Releasing active lock
2026-02-10 18:52:43.836 INFO  [ main -> org.tasktide.itemstore.mutex.orchestrator.MutexOrchestrator.releaseActiveLock ]: Releasing FileChannel mutex
2026-02-10 18:52:43.868 INFO  [ main -> org.tasktide.itemstore.mutex.strategy.ElectionStrategy.evaluateLeaderTtl ]: Leader passed TTL check-in:	'/mnt/c/Users/Brendan Kenna/GitHub/TaskTide/tasktide/itemstore/ItemStore-Mutex/Queue/1770749556250.127-0-1-1_4fd42e83-31a4-47eb-b1cf-bf54f64baa81_e44203a1-92d3-4cad-9ac9-aff6a375847a.lock'
2026-02-10 18:52:43.869 INFO  [ main -> org.tasktide.itemstore.mutex.strategy.ElectionStrategy.waitUntilLeader ]: Resetting predecessor:	'170d974b-cb45-42b1-a7ec-de6ca0e1c23a'
2026-02-10 18:52:43.897 INFO  [ main -> org.tasktide.itemstore.mutex.strategy.ElectionStrategy.waitUntilLeader ]: Leadership verified:	'489b3173-aefe-4f44-bad3-9ab3f438f9d0'
2026-02-10 18:52:43.899 DEBUG [ main -> org.tasktide.itemstore.mutex.strategy.ElectionStrategy.apply ]: Active leader with Id:	'489b3173-aefe-4f44-bad3-9ab3f438f9d0'
2026-02-10 18:52:43.900 DEBUG [ main -> org.tasktide.itemstore.mutex.strategy.ElectionStrategy.apply ]: State set, writing mutex for:	'489b3173-aefe-4f44-bad3-9ab3f438f9d0'
2026-02-10 18:52:43.953 WARN  [ main -> org.tasktide.itemstore.mutex.strategy.ElectionStrategy.waitUntilLeader ]: Unable to verifiy leadership:	'b3eedbe4-228c-4cd7-933a-0f5d9e734380'
2026-02-10 18:52:43.971 DEBUG [ main -> org.tasktide.itemstore.mutex.strategy.ElectionStrategy.apply ]: Mutex written for:	'489b3173-aefe-4f44-bad3-9ab3f438f9d0'
2026-02-10 18:52:44.033 INFO  [ main -> org.tasktide.itemstore.mutex.orchestrator.MutexOrchestrator.performLock ]: NFS Lock acquired for:	'489b3173-aefe-4f44-bad3-9ab3f438f9d0'
2026-02-10 18:52:44.035 INFO  [ main -> org.tasktide.itemstore.mutex.orchestrator.MutexOrchestrator.performLock ]: Confirming leadership:	'489b3173-aefe-4f44-bad3-9ab3f438f9d0'
2026-02-10 18:52:44.085 INFO  [ main -> org.tasktide.itemstore.mutex.strategy.ElectionStrategy.evaluateLeaderTtl ]: Leader passed TTL check-in:	'/mnt/c/Users/Brendan Kenna/GitHub/TaskTide/tasktide/itemstore/ItemStore-Mutex/Queue/1770749556250.127-0-1-1_4fd42e83-31a4-47eb-b1cf-bf54f64baa81_e44203a1-92d3-4cad-9ac9-aff6a375847a.lock'
2026-02-10 18:52:44.085 INFO  [ main -> org.tasktide.itemstore.mutex.strategy.ElectionStrategy.evaluateLeaderTtl ]: Leader passed TTL check-in:	'/mnt/c/Users/Brendan Kenna/GitHub/TaskTide/tasktide/itemstore/ItemStore-Mutex/Queue/1770749556250.127-0-1-1_4fd42e83-31a4-47eb-b1cf-bf54f64baa81_e44203a1-92d3-4cad-9ac9-aff6a375847a.lock'
2026-02-10 18:52:44.086 INFO  [ main -> org.tasktide.itemstore.mutex.strategy.ElectionStrategy.waitUntilLeader ]: Resetting predecessor:	'8c35da5e-40ce-4683-adfe-e996f42d46f8'
2026-02-10 18:52:44.086 INFO  [ main -> org.tasktide.itemstore.mutex.strategy.ElectionStrategy.waitUntilLeader ]: Resetting predecessor:	'2a527aef-8711-4e83-9ee5-0eb318d8f20d'
2026-02-10 18:52:44.184 INFO  [ main -> org.tasktide.itemstore.mutex.strategy.ElectionStrategy.evaluateLeaderTtl ]: Leader passed TTL check-in:	'/mnt/c/Users/Brendan Kenna/GitHub/TaskTide/tasktide/itemstore/ItemStore-Mutex/Queue/1770749556250.127-0-1-1_4fd42e83-31a4-47eb-b1cf-bf54f64baa81_e44203a1-92d3-4cad-9ac9-aff6a375847a.lock'
2026-02-10 18:52:44.185 INFO  [ main -> org.tasktide.itemstore.mutex.strategy.ElectionStrategy.waitUntilLeader ]: Resetting predecessor:	'170d974b-cb45-42b1-a7ec-de6ca0e1c23a'
2026-02-10 18:52:44.309 INFO  [ main -> org.tasktide.itemstore.mutex.orchestrator.MutexOrchestrator.releaseActiveLock ]: Releasing NFS mutex:
'{
    "Election File": "/mnt/c/Users/Brendan Kenna/GitHub/TaskTide/tasktide/itemstore/ItemStore-Mutex/Queue/1770749552408.127-0-1-1_8e9ee5c3-897c-47eb-9ab1-78c37551e56f_b87bc42a-03f8-44b5-bf36-4df07028a46c.lock",
    "End Jitter": "PT0.445S",
    "Host File": "/mnt/c/Users/Brendan Kenna/GitHub/TaskTide/tasktide/itemstore/ItemStore-Mutex/Host-Lock/1770749552408.127-0-1-1_8e9ee5c3-897c-47eb-9ab1-78c37551e56f.lock",
    "Id": "b87bc42a-03f8-44b5-bf36-4df07028a46c",
    "Lock Dir": "/mnt/c/Users/Brendan Kenna/GitHub/TaskTide/tasktide/itemstore/ItemStore-Mutex",
    "Lock File": "/mnt/c/Users/Brendan Kenna/GitHub/TaskTide/tasktide/itemstore/ItemStore-Mutex/lock-file.lock",
    "Mutex State": "LOCKED",
    "Retry Interval": "PT0.099S",
    "Stale File Threshold": "PT10S",
    "Start Jitter": "PT0.34S",
    "Timestamp": 1770749552408
}'
2026-02-10 18:52:44.321 INFO  [ main -> org.tasktide.itemstore.mutex.LockActionReleaseApp.main ]: APP-Lock released, test complete
2026-02-10 18:52:44.472 INFO  [ main -> org.tasktide.itemstore.mutex.strategy.ElectionStrategy.evaluateLeaderTtl ]: Leader passed TTL check-in:	'/mnt/c/Users/Brendan Kenna/GitHub/TaskTide/tasktide/itemstore/ItemStore-Mutex/Queue/1770749556250.127-0-1-1_4fd42e83-31a4-47eb-b1cf-bf54f64baa81_e44203a1-92d3-4cad-9ac9-aff6a375847a.lock'
2026-02-10 18:52:44.473 INFO  [ main -> org.tasktide.itemstore.mutex.strategy.ElectionStrategy.waitUntilLeader ]: Resetting predecessor:	'8c35da5e-40ce-4683-adfe-e996f42d46f8'
2026-02-10 18:52:44.559 INFO  [ main -> org.tasktide.itemstore.mutex.strategy.ElectionStrategy.evaluateLeaderTtl ]: Leader passed TTL check-in:	'/mnt/c/Users/Brendan Kenna/GitHub/TaskTide/tasktide/itemstore/ItemStore-Mutex/Queue/1770749556250.127-0-1-1_4fd42e83-31a4-47eb-b1cf-bf54f64baa81_e44203a1-92d3-4cad-9ac9-aff6a375847a.lock'
2026-02-10 18:52:44.560 INFO  [ main -> org.tasktide.itemstore.mutex.strategy.ElectionStrategy.evaluateLeaderTtl ]: Leader passed TTL check-in:	'/mnt/c/Users/Brendan Kenna/GitHub/TaskTide/tasktide/itemstore/ItemStore-Mutex/Queue/1770749556250.127-0-1-1_4fd42e83-31a4-47eb-b1cf-bf54f64baa81_e44203a1-92d3-4cad-9ac9-aff6a375847a.lock'
2026-02-10 18:52:44.560 INFO  [ main -> org.tasktide.itemstore.mutex.strategy.ElectionStrategy.waitUntilLeader ]: Resetting predecessor:	'170d974b-cb45-42b1-a7ec-de6ca0e1c23a'
2026-02-10 18:52:44.561 INFO  [ main -> org.tasktide.itemstore.mutex.strategy.ElectionStrategy.waitUntilLeader ]: Resetting predecessor:	'2a527aef-8711-4e83-9ee5-0eb318d8f20d'
2026-02-10 18:52:44.691 INFO  [ main -> org.tasktide.itemstore.mutex.orchestrator.MutexOrchestrator.confirmLeader ]: Leadership confirmed:	'489b3173-aefe-4f44-bad3-9ab3f438f9d0'
2026-02-10 18:52:44.692 INFO  [ main -> org.tasktide.itemstore.mutex.orchestrator.MutexOrchestrator.performLock ]: Leadership confirmed:	'489b3173-aefe-4f44-bad3-9ab3f438f9d0'
2026-02-10 18:52:44.694 INFO  [ main -> org.tasktide.itemstore.mutex.orchestrator.MutexOrchestrator.performLock ]: Waiting for FileChannel lock for:	'489b3173-aefe-4f44-bad3-9ab3f438f9d0'
2026-02-10 18:52:44.699 INFO  [ main -> org.tasktide.itemstore.mutex.strategy.ElectionStrategy.waitUntilLeader ]: Recasting ballot:	'f255fe3b-128a-4f3a-b02e-0d9de0ef33d1'
2026-02-10 18:52:44.853 INFO  [ main -> org.tasktide.itemstore.mutex.strategy.ElectionStrategy.evaluateLeaderTtl ]: Leader passed TTL check-in:	'/mnt/c/Users/Brendan Kenna/GitHub/TaskTide/tasktide/itemstore/ItemStore-Mutex/Queue/1770749556250.127-0-1-1_4fd42e83-31a4-47eb-b1cf-bf54f64baa81_e44203a1-92d3-4cad-9ac9-aff6a375847a.lock'
2026-02-10 18:52:44.854 INFO  [ main -> org.tasktide.itemstore.mutex.strategy.ElectionStrategy.waitUntilLeader ]: Resetting predecessor:	'170d974b-cb45-42b1-a7ec-de6ca0e1c23a'
2026-02-10 18:52:44.863 INFO  [ main -> org.tasktide.itemstore.mutex.strategy.ElectionStrategy.waitUntilLeader ]: Recasting ballot:	'8c35da5e-40ce-4683-adfe-e996f42d46f8'
2026-02-10 18:52:45.003 INFO  [ main -> org.tasktide.itemstore.mutex.strategy.ElectionStrategy.evaluateLeaderTtl ]: Leader passed TTL check-in:	'/mnt/c/Users/Brendan Kenna/GitHub/TaskTide/tasktide/itemstore/ItemStore-Mutex/Queue/1770749556250.127-0-1-1_4fd42e83-31a4-47eb-b1cf-bf54f64baa81_e44203a1-92d3-4cad-9ac9-aff6a375847a.lock'
2026-02-10 18:52:45.005 INFO  [ main -> org.tasktide.itemstore.mutex.strategy.ElectionStrategy.waitUntilLeader ]: Resetting predecessor:	'f0934e79-0373-490f-9a55-459e76a6ab89'
2026-02-10 18:52:45.079 INFO  [ main -> org.tasktide.itemstore.mutex.strategy.ElectionStrategy.evaluateLeaderTtl ]: Leader passed TTL check-in:	'/mnt/c/Users/Brendan Kenna/GitHub/TaskTide/tasktide/itemstore/ItemStore-Mutex/Queue/1770749556250.127-0-1-1_4fd42e83-31a4-47eb-b1cf-bf54f64baa81_e44203a1-92d3-4cad-9ac9-aff6a375847a.lock'
2026-02-10 18:52:45.081 INFO  [ main -> org.tasktide.itemstore.mutex.strategy.ElectionStrategy.waitUntilLeader ]: Resetting predecessor:	'2a527aef-8711-4e83-9ee5-0eb318d8f20d'
2026-02-10 18:52:45.152 INFO  [ main -> org.tasktide.itemstore.mutex.strategy.ElectionStrategy.evaluateLeaderTtl ]: Leader passed TTL check-in:	'/mnt/c/Users/Brendan Kenna/GitHub/TaskTide/tasktide/itemstore/ItemStore-Mutex/Queue/1770749556250.127-0-1-1_4fd42e83-31a4-47eb-b1cf-bf54f64baa81_e44203a1-92d3-4cad-9ac9-aff6a375847a.lock'
2026-02-10 18:52:45.154 INFO  [ main -> org.tasktide.itemstore.mutex.strategy.ElectionStrategy.waitUntilLeader ]: Resetting predecessor:	'170d974b-cb45-42b1-a7ec-de6ca0e1c23a'
2026-02-10 18:52:45.375 INFO  [ main -> org.tasktide.itemstore.mutex.strategy.ElectionStrategy.evaluateLeaderTtl ]: Leader passed TTL check-in:	'/mnt/c/Users/Brendan Kenna/GitHub/TaskTide/tasktide/itemstore/ItemStore-Mutex/Queue/1770749556250.127-0-1-1_4fd42e83-31a4-47eb-b1cf-bf54f64baa81_e44203a1-92d3-4cad-9ac9-aff6a375847a.lock'
2026-02-10 18:52:45.376 INFO  [ main -> org.tasktide.itemstore.mutex.strategy.ElectionStrategy.waitUntilLeader ]: Resetting predecessor:	'f0934e79-0373-490f-9a55-459e76a6ab89'
2026-02-10 18:52:45.389 INFO  [ main -> org.tasktide.itemstore.mutex.strategy.ElectionStrategy.waitUntilLeader ]: Recasting ballot:	'f84a2ff0-75a1-4442-b74e-014d8f3ffed2'
2026-02-10 18:52:45.444 INFO  [ main -> org.tasktide.itemstore.mutex.strategy.ElectionStrategy.evaluateLeaderTtl ]: Leader passed TTL check-in:	'/mnt/c/Users/Brendan Kenna/GitHub/TaskTide/tasktide/itemstore/ItemStore-Mutex/Queue/1770749556250.127-0-1-1_4fd42e83-31a4-47eb-b1cf-bf54f64baa81_e44203a1-92d3-4cad-9ac9-aff6a375847a.lock'
2026-02-10 18:52:45.445 INFO  [ main -> org.tasktide.itemstore.mutex.strategy.ElectionStrategy.waitUntilLeader ]: Resetting predecessor:	'170d974b-cb45-42b1-a7ec-de6ca0e1c23a'
2026-02-10 18:52:45.492 INFO  [ main -> org.tasktide.itemstore.mutex.strategy.ElectionStrategy.evaluateLeaderTtl ]: Leader passed TTL check-in:	'/mnt/c/Users/Brendan Kenna/GitHub/TaskTide/tasktide/itemstore/ItemStore-Mutex/Queue/1770749556250.127-0-1-1_4fd42e83-31a4-47eb-b1cf-bf54f64baa81_e44203a1-92d3-4cad-9ac9-aff6a375847a.lock'
2026-02-10 18:52:45.493 INFO  [ main -> org.tasktide.itemstore.mutex.strategy.ElectionStrategy.waitUntilLeader ]: Resetting predecessor:	'2a527aef-8711-4e83-9ee5-0eb318d8f20d'
2026-02-10 18:52:45.568 INFO  [ main -> org.tasktide.itemstore.mutex.orchestrator.MutexOrchestrator.performLock ]: File Channel Lock acquired for:	'489b3173-aefe-4f44-bad3-9ab3f438f9d0'
2026-02-10 18:52:45.570 INFO  [ main -> org.tasktide.itemstore.mutex.orchestrator.MutexOrchestrator.performLock ]: Lock successful for:	'489b3173-aefe-4f44-bad3-9ab3f438f9d0'
2026-02-10 18:52:45.691 INFO  [ main -> org.tasktide.itemstore.mutex.strategy.ElectionStrategy.evaluateLeaderTtl ]: Leader passed TTL check-in:	'/mnt/c/Users/Brendan Kenna/GitHub/TaskTide/tasktide/itemstore/ItemStore-Mutex/Queue/1770749556250.127-0-1-1_4fd42e83-31a4-47eb-b1cf-bf54f64baa81_e44203a1-92d3-4cad-9ac9-aff6a375847a.lock'
2026-02-10 18:52:45.693 INFO  [ main -> org.tasktide.itemstore.mutex.strategy.ElectionStrategy.waitUntilLeader ]: Resetting predecessor:	'f0934e79-0373-490f-9a55-459e76a6ab89'
2026-02-10 18:52:45.738 INFO  [ main -> org.tasktide.itemstore.mutex.strategy.ElectionStrategy.waitUntilLeader ]: Recasting ballot:	'84139ab3-ec85-4a3d-8bf5-4114599bb2c2'
2026-02-10 18:52:45.765 INFO  [ main -> org.tasktide.itemstore.mutex.strategy.ElectionStrategy.waitUntilLeader ]: Recasting ballot:	'170d974b-cb45-42b1-a7ec-de6ca0e1c23a'
2026-02-10 18:52:45.956 INFO  [ main -> org.tasktide.itemstore.mutex.strategy.ElectionStrategy.evaluateLeaderTtl ]: Leader passed TTL check-in:	'/mnt/c/Users/Brendan Kenna/GitHub/TaskTide/tasktide/itemstore/ItemStore-Mutex/Queue/1770749556250.127-0-1-1_4fd42e83-31a4-47eb-b1cf-bf54f64baa81_e44203a1-92d3-4cad-9ac9-aff6a375847a.lock'
2026-02-10 18:52:45.959 INFO  [ main -> org.tasktide.itemstore.mutex.strategy.ElectionStrategy.waitUntilLeader ]: Resetting predecessor:	'f42cea71-10b1-4a44-a74a-e91c395bd881'
2026-02-10 18:52:45.963 INFO  [ main -> org.tasktide.itemstore.mutex.strategy.ElectionStrategy.evaluateLeaderTtl ]: Leader passed TTL check-in:	'/mnt/c/Users/Brendan Kenna/GitHub/TaskTide/tasktide/itemstore/ItemStore-Mutex/Queue/1770749556250.127-0-1-1_4fd42e83-31a4-47eb-b1cf-bf54f64baa81_e44203a1-92d3-4cad-9ac9-aff6a375847a.lock'
2026-02-10 18:52:45.965 INFO  [ main -> org.tasktide.itemstore.mutex.strategy.ElectionStrategy.waitUntilLeader ]: Resetting predecessor:	'2a527aef-8711-4e83-9ee5-0eb318d8f20d'
2026-02-10 18:52:46.024 INFO  [ main -> org.tasktide.itemstore.mutex.strategy.ElectionStrategy.evaluateLeaderTtl ]: Leader passed TTL check-in:	'/mnt/c/Users/Brendan Kenna/GitHub/TaskTide/tasktide/itemstore/ItemStore-Mutex/Queue/1770749556250.127-0-1-1_4fd42e83-31a4-47eb-b1cf-bf54f64baa81_e44203a1-92d3-4cad-9ac9-aff6a375847a.lock'
2026-02-10 18:52:46.025 INFO  [ main -> org.tasktide.itemstore.mutex.strategy.ElectionStrategy.waitUntilLeader ]: Resetting predecessor:	'f0934e79-0373-490f-9a55-459e76a6ab89'
2026-02-10 18:52:46.029 INFO  [ main -> org.tasktide.itemstore.mutex.orchestrator.MutexOrchestrator.tryAcquireUntilSuccess ]: Process-1269 Completed with counter value:	'0'
2026-02-10 18:52:46.031 INFO  [ main -> org.tasktide.itemstore.mutex.orchestrator.MutexOrchestrator.tryAcquireUntilSuccess ]: Process-1269 Loop terminating with done = 'true', and counter = '0'
2026-02-10 18:52:46.041 INFO  [ main -> org.tasktide.itemstore.mutex.LockActionReleaseApp.main ]: APP-Writing '13' to data file:	'/mnt/c/Users/Brendan Kenna/GitHub/TaskTide/tasktide/itemstore/ItemStore-Mutex/multi-process.txt'
2026-02-10 18:52:46.048 INFO  [ main -> org.tasktide.itemstore.mutex.LockActionReleaseApp.main ]: APP-Record written, releasing lock
2026-02-10 18:52:46.049 INFO  [ main -> org.tasktide.itemstore.mutex.orchestrator.MutexOrchestrator.releaseLock ]: Releasing active lock
2026-02-10 18:52:46.050 INFO  [ main -> org.tasktide.itemstore.mutex.orchestrator.MutexOrchestrator.releaseActiveLock ]: Releasing FileChannel mutex
2026-02-10 18:52:46.223 INFO  [ main -> org.tasktide.itemstore.mutex.strategy.ElectionStrategy.waitUntilLeader ]: Recasting ballot:	'483588d0-7fe9-4775-bce7-6891cd0f7f9f'
2026-02-10 18:52:46.259 INFO  [ main -> org.tasktide.itemstore.mutex.strategy.ElectionStrategy.evaluateLeaderTtl ]: Leader passed TTL check-in:	'/mnt/c/Users/Brendan Kenna/GitHub/TaskTide/tasktide/itemstore/ItemStore-Mutex/Queue/1770749556250.127-0-1-1_4fd42e83-31a4-47eb-b1cf-bf54f64baa81_e44203a1-92d3-4cad-9ac9-aff6a375847a.lock'
2026-02-10 18:52:46.261 INFO  [ main -> org.tasktide.itemstore.mutex.strategy.ElectionStrategy.waitUntilLeader ]: Resetting predecessor:	'f42cea71-10b1-4a44-a74a-e91c395bd881'
2026-02-10 18:52:46.386 INFO  [ main -> org.tasktide.itemstore.mutex.strategy.ElectionStrategy.evaluateLeaderTtl ]: Leader passed TTL check-in:	'/mnt/c/Users/Brendan Kenna/GitHub/TaskTide/tasktide/itemstore/ItemStore-Mutex/Queue/1770749556250.127-0-1-1_4fd42e83-31a4-47eb-b1cf-bf54f64baa81_e44203a1-92d3-4cad-9ac9-aff6a375847a.lock'
2026-02-10 18:52:46.388 INFO  [ main -> org.tasktide.itemstore.mutex.strategy.ElectionStrategy.waitUntilLeader ]: Resetting predecessor:	'2a527aef-8711-4e83-9ee5-0eb318d8f20d'
2026-02-10 18:52:46.395 INFO  [ main -> org.tasktide.itemstore.mutex.orchestrator.MutexOrchestrator.releaseActiveLock ]: Releasing NFS mutex:
'{
    "Election File": "/mnt/c/Users/Brendan Kenna/GitHub/TaskTide/tasktide/itemstore/ItemStore-Mutex/Queue/1770749556250.127-0-1-1_4fd42e83-31a4-47eb-b1cf-bf54f64baa81_e44203a1-92d3-4cad-9ac9-aff6a375847a.lock",
    "End Jitter": "PT0.329S",
    "Host File": "/mnt/c/Users/Brendan Kenna/GitHub/TaskTide/tasktide/itemstore/ItemStore-Mutex/Host-Lock/1770749502263.127-0-1-1_4fd42e83-31a4-47eb-b1cf-bf54f64baa81.lock",
    "Id": "489b3173-aefe-4f44-bad3-9ab3f438f9d0",
    "Lock Dir": "/mnt/c/Users/Brendan Kenna/GitHub/TaskTide/tasktide/itemstore/ItemStore-Mutex",
    "Lock File": "/mnt/c/Users/Brendan Kenna/GitHub/TaskTide/tasktide/itemstore/ItemStore-Mutex/lock-file.lock",
    "Mutex State": "LOCKED",
    "Retry Interval": "PT0.268S",
    "Stale File Threshold": "PT10S",
    "Start Jitter": "PT0.215S",
    "Timestamp": 1770749556250
}'
2026-02-10 18:52:46.406 INFO  [ main -> org.tasktide.itemstore.mutex.LockActionReleaseApp.main ]: APP-Lock released, test complete
2026-02-10 18:52:46.460 INFO  [ main -> org.tasktide.itemstore.mutex.strategy.ElectionStrategy.evaluateLeaderTtl ]: Leader passed TTL check-in:	'/mnt/c/Users/Brendan Kenna/GitHub/TaskTide/tasktide/itemstore/ItemStore-Mutex/Queue/1770749556911.127-0-1-1_17c7873b-ab53-4f37-877b-eda907c02f1f_2a527aef-8711-4e83-9ee5-0eb318d8f20d.lock'
2026-02-10 18:52:46.460 INFO  [ main -> org.tasktide.itemstore.mutex.strategy.ElectionStrategy.waitUntilLeader ]: Resetting predecessor:	'f0934e79-0373-490f-9a55-459e76a6ab89'
2026-02-10 18:52:46.644 INFO  [ main -> org.tasktide.itemstore.mutex.strategy.ElectionStrategy.evaluateLeaderTtl ]: Leader passed TTL check-in:	'/mnt/c/Users/Brendan Kenna/GitHub/TaskTide/tasktide/itemstore/ItemStore-Mutex/Queue/1770749556911.127-0-1-1_17c7873b-ab53-4f37-877b-eda907c02f1f_2a527aef-8711-4e83-9ee5-0eb318d8f20d.lock'
2026-02-10 18:52:46.646 INFO  [ main -> org.tasktide.itemstore.mutex.strategy.ElectionStrategy.waitUntilLeader ]: Resetting predecessor:	'9d71699a-e581-48d2-8862-f97290590aec'
2026-02-10 18:52:46.804 INFO  [ main -> org.tasktide.itemstore.mutex.strategy.ElectionStrategy.waitUntilLeader ]: Leadership acquired:	'2a527aef-8711-4e83-9ee5-0eb318d8f20d'
2026-02-10 18:52:46.806 INFO  [ main -> org.tasktide.itemstore.mutex.strategy.ElectionStrategy.waitUntilLeader ]: Verifying leadership:	'2a527aef-8711-4e83-9ee5-0eb318d8f20d'
2026-02-10 18:52:46.815 INFO  [ main -> org.tasktide.itemstore.mutex.strategy.ElectionStrategy.evaluateLeaderTtl ]: Leader passed TTL check-in:	'/mnt/c/Users/Brendan Kenna/GitHub/TaskTide/tasktide/itemstore/ItemStore-Mutex/Queue/1770749556911.127-0-1-1_17c7873b-ab53-4f37-877b-eda907c02f1f_2a527aef-8711-4e83-9ee5-0eb318d8f20d.lock'
2026-02-10 18:52:46.818 INFO  [ main -> org.tasktide.itemstore.mutex.strategy.ElectionStrategy.waitUntilLeader ]: Resetting predecessor:	'f42cea71-10b1-4a44-a74a-e91c395bd881'
2026-02-10 18:52:46.854 INFO  [ main -> org.tasktide.itemstore.mutex.strategy.ElectionStrategy.evaluateLeaderTtl ]: Leader passed TTL check-in:	'/mnt/c/Users/Brendan Kenna/GitHub/TaskTide/tasktide/itemstore/ItemStore-Mutex/Queue/1770749556911.127-0-1-1_17c7873b-ab53-4f37-877b-eda907c02f1f_2a527aef-8711-4e83-9ee5-0eb318d8f20d.lock'
2026-02-10 18:52:46.855 INFO  [ main -> org.tasktide.itemstore.mutex.strategy.ElectionStrategy.waitUntilLeader ]: Resetting predecessor:	'f0934e79-0373-490f-9a55-459e76a6ab89'
2026-02-10 18:52:47.037 INFO  [ main -> org.tasktide.itemstore.mutex.strategy.ElectionStrategy.evaluateLeaderTtl ]: Leader passed TTL check-in:	'/mnt/c/Users/Brendan Kenna/GitHub/TaskTide/tasktide/itemstore/ItemStore-Mutex/Queue/1770749556911.127-0-1-1_17c7873b-ab53-4f37-877b-eda907c02f1f_2a527aef-8711-4e83-9ee5-0eb318d8f20d.lock'
2026-02-10 18:52:47.039 INFO  [ main -> org.tasktide.itemstore.mutex.strategy.ElectionStrategy.waitUntilLeader ]: Resetting predecessor:	'9d71699a-e581-48d2-8862-f97290590aec'
2026-02-10 18:52:47.148 INFO  [ main -> org.tasktide.itemstore.mutex.strategy.ElectionStrategy.evaluateLeaderTtl ]: Leader passed TTL check-in:	'/mnt/c/Users/Brendan Kenna/GitHub/TaskTide/tasktide/itemstore/ItemStore-Mutex/Queue/1770749556911.127-0-1-1_17c7873b-ab53-4f37-877b-eda907c02f1f_2a527aef-8711-4e83-9ee5-0eb318d8f20d.lock'
2026-02-10 18:52:47.150 INFO  [ main -> org.tasktide.itemstore.mutex.strategy.ElectionStrategy.waitUntilLeader ]: Resetting predecessor:	'f42cea71-10b1-4a44-a74a-e91c395bd881'
2026-02-10 18:52:47.187 INFO  [ main -> org.tasktide.itemstore.mutex.strategy.ElectionStrategy.evaluateLeaderTtl ]: Leader passed TTL check-in:	'/mnt/c/Users/Brendan Kenna/GitHub/TaskTide/tasktide/itemstore/ItemStore-Mutex/Queue/1770749556911.127-0-1-1_17c7873b-ab53-4f37-877b-eda907c02f1f_2a527aef-8711-4e83-9ee5-0eb318d8f20d.lock'
2026-02-10 18:52:47.189 INFO  [ main -> org.tasktide.itemstore.mutex.strategy.ElectionStrategy.waitUntilLeader ]: Resetting predecessor:	'f0934e79-0373-490f-9a55-459e76a6ab89'
2026-02-10 18:52:47.274 INFO  [ main -> org.tasktide.itemstore.mutex.strategy.ElectionStrategy.waitUntilLeader ]: Leadership verified:	'2a527aef-8711-4e83-9ee5-0eb318d8f20d'
2026-02-10 18:52:47.276 DEBUG [ main -> org.tasktide.itemstore.mutex.strategy.ElectionStrategy.apply ]: Active leader with Id:	'2a527aef-8711-4e83-9ee5-0eb318d8f20d'
2026-02-10 18:52:47.277 DEBUG [ main -> org.tasktide.itemstore.mutex.strategy.ElectionStrategy.apply ]: State set, writing mutex for:	'2a527aef-8711-4e83-9ee5-0eb318d8f20d'
2026-02-10 18:52:47.302 WARN  [ main -> org.tasktide.itemstore.mutex.strategy.ElectionStrategy.evaluateLeaderTtl ]: Error verifiying leader TTL:	'/mnt/c/Users/Brendan Kenna/GitHub/TaskTide/tasktide/itemstore/ItemStore-Mutex/Queue/1770749556911.127-0-1-1_17c7873b-ab53-4f37-877b-eda907c02f1f_2a527aef-8711-4e83-9ee5-0eb318d8f20d.lock'
'java.util.NoSuchElementException: No value present'
2026-02-10 18:52:47.336 DEBUG [ main -> org.tasktide.itemstore.mutex.strategy.ElectionStrategy.apply ]: Mutex written for:	'2a527aef-8711-4e83-9ee5-0eb318d8f20d'
2026-02-10 18:52:47.400 INFO  [ main -> org.tasktide.itemstore.mutex.orchestrator.MutexOrchestrator.performLock ]: NFS Lock acquired for:	'2a527aef-8711-4e83-9ee5-0eb318d8f20d'
2026-02-10 18:52:47.402 INFO  [ main -> org.tasktide.itemstore.mutex.orchestrator.MutexOrchestrator.performLock ]: Confirming leadership:	'2a527aef-8711-4e83-9ee5-0eb318d8f20d'
2026-02-10 18:52:47.459 INFO  [ main -> org.tasktide.itemstore.mutex.strategy.ElectionStrategy.waitUntilLeader ]: Recasting ballot:	'f42cea71-10b1-4a44-a74a-e91c395bd881'
2026-02-10 18:52:47.561 WARN  [ main -> org.tasktide.itemstore.mutex.strategy.ElectionStrategy.evaluateLeaderTtl ]: Removing below stale leader status:	'true'

'/mnt/c/Users/Brendan Kenna/GitHub/TaskTide/tasktide/itemstore/ItemStore-Mutex/Queue/1770749556911.127-0-1-1_17c7873b-ab53-4f37-877b-eda907c02f1f_2a527aef-8711-4e83-9ee5-0eb318d8f20d.lock'
2026-02-10 18:52:47.647 INFO  [ main -> org.tasktide.itemstore.mutex.strategy.ElectionStrategy.evaluateLeaderTtl ]: Leader passed TTL check-in:	'/mnt/c/Users/Brendan Kenna/GitHub/TaskTide/tasktide/itemstore/ItemStore-Mutex/Queue/1770749558778.127-0-1-1_aaaf40e3-aa56-410a-a296-58253a3cf0cb_a79ea8b4-9f0e-44f2-9973-2a23bb30b4d1.lock'
2026-02-10 18:52:47.649 INFO  [ main -> org.tasktide.itemstore.mutex.strategy.ElectionStrategy.waitUntilLeader ]: Resetting predecessor:	'a32d8a85-bfe8-4e7f-8b1f-7ea29ca727df'
2026-02-10 18:52:47.739 INFO  [ main -> org.tasktide.itemstore.mutex.strategy.ElectionStrategy.evaluateLeaderTtl ]: Leader passed TTL check-in:	'/mnt/c/Users/Brendan Kenna/GitHub/TaskTide/tasktide/itemstore/ItemStore-Mutex/Queue/1770749558778.127-0-1-1_aaaf40e3-aa56-410a-a296-58253a3cf0cb_a79ea8b4-9f0e-44f2-9973-2a23bb30b4d1.lock'
2026-02-10 18:52:47.740 INFO  [ main -> org.tasktide.itemstore.mutex.strategy.ElectionStrategy.waitUntilLeader ]: Resetting predecessor:	'9d71699a-e581-48d2-8862-f97290590aec'
2026-02-10 18:52:47.753 INFO  [ main -> org.tasktide.itemstore.mutex.strategy.ElectionStrategy.evaluateLeaderTtl ]: Leader passed TTL check-in:	'/mnt/c/Users/Brendan Kenna/GitHub/TaskTide/tasktide/itemstore/ItemStore-Mutex/Queue/1770749558778.127-0-1-1_aaaf40e3-aa56-410a-a296-58253a3cf0cb_a79ea8b4-9f0e-44f2-9973-2a23bb30b4d1.lock'
2026-02-10 18:52:47.754 INFO  [ main -> org.tasktide.itemstore.mutex.strategy.ElectionStrategy.waitUntilLeader ]: Resetting predecessor:	'10adb96e-4ae0-455c-b13f-f0612a4ebee3'
2026-02-10 18:52:47.865 DEBUG [ main -> org.tasktide.itemstore.mutex.orchestrator.MutexOrchestrator.cleanUp ]: Cleaning up lock file:	'2a527aef-8711-4e83-9ee5-0eb318d8f20d'
2026-02-10 18:52:47.867 WARN  [ main -> org.tasktide.itemstore.FileUtility.dropFile ]: Warning provided path does not exist, unable to delete:
'/mnt/c/Users/Brendan Kenna/GitHub/TaskTide/tasktide/itemstore/ItemStore-Mutex/lock-file.lock'

2026-02-10 18:52:47.869 WARN  [ main -> org.tasktide.itemstore.FileUtility.dropFile ]: Warning could not delete target file, displaying error:	'/mnt/c/Users/Brendan Kenna/GitHub/TaskTide/tasktide/itemstore/ItemStore-Mutex/lock-file.lock'
java.nio.file.NoSuchFileException: /mnt/c/Users/Brendan Kenna/GitHub/TaskTide/tasktide/itemstore/ItemStore-Mutex/lock-file.lock
	at sun.nio.fs.UnixException.translateToIOException(UnixException.java:92) ~[?:?]
	at sun.nio.fs.UnixException.rethrowAsIOException(UnixException.java:106) ~[?:?]
	at sun.nio.fs.UnixException.rethrowAsIOException(UnixException.java:111) ~[?:?]
	at sun.nio.fs.UnixFileSystemProvider.implDelete(UnixFileSystemProvider.java:248) ~[?:?]
	at sun.nio.fs.AbstractFileSystemProvider.delete(AbstractFileSystemProvider.java:105) ~[?:?]
	at java.nio.file.Files.delete(Files.java:1152) ~[?:?]
	at org.tasktide.itemstore.FileUtility.dropFile(FileUtility.java:132) [main/:?]
	at org.tasktide.itemstore.mutex.orchestrator.MutexOrchestrator.cleanUp(MutexOrchestrator.java:387) [main/:?]
	at org.tasktide.itemstore.mutex.orchestrator.MutexOrchestrator.performLock(MutexOrchestrator.java:219) [main/:?]
	at org.tasktide.itemstore.mutex.orchestrator.MutexOrchestrator.acquireLock(MutexOrchestrator.java:135) [main/:?]
	at org.tasktide.itemstore.mutex.orchestrator.MutexOrchestrator.tryAcquireUntilSuccess(MutexOrchestrator.java:154) [main/:?]
	at org.tasktide.itemstore.mutex.LockActionReleaseApp.main(LockActionReleaseApp.java:95) [test/:?]
2026-02-10 18:52:47.871 DEBUG [ main -> org.tasktide.itemstore.mutex.orchestrator.MutexOrchestrator.cleanUp ]: Cleaning up host file:	'2a527aef-8711-4e83-9ee5-0eb318d8f20d'
2026-02-10 18:52:47.874 WARN  [ main -> org.tasktide.itemstore.FileUtility.dropFile ]: Warning provided path does not exist, unable to delete:
'/mnt/c/Users/Brendan Kenna/GitHub/TaskTide/tasktide/itemstore/ItemStore-Mutex/Host-Lock/1770749556911.127-0-1-1_17c7873b-ab53-4f37-877b-eda907c02f1f.lock'

2026-02-10 18:52:47.877 WARN  [ main -> org.tasktide.itemstore.FileUtility.dropFile ]: Warning could not delete target file, displaying error:	'/mnt/c/Users/Brendan Kenna/GitHub/TaskTide/tasktide/itemstore/ItemStore-Mutex/Host-Lock/1770749556911.127-0-1-1_17c7873b-ab53-4f37-877b-eda907c02f1f.lock'
java.nio.file.NoSuchFileException: /mnt/c/Users/Brendan Kenna/GitHub/TaskTide/tasktide/itemstore/ItemStore-Mutex/Host-Lock/1770749556911.127-0-1-1_17c7873b-ab53-4f37-877b-eda907c02f1f.lock
	at sun.nio.fs.UnixException.translateToIOException(UnixException.java:92) ~[?:?]
	at sun.nio.fs.UnixException.rethrowAsIOException(UnixException.java:106) ~[?:?]
	at sun.nio.fs.UnixException.rethrowAsIOException(UnixException.java:111) ~[?:?]
	at sun.nio.fs.UnixFileSystemProvider.implDelete(UnixFileSystemProvider.java:248) ~[?:?]
	at sun.nio.fs.AbstractFileSystemProvider.delete(AbstractFileSystemProvider.java:105) ~[?:?]
	at java.nio.file.Files.delete(Files.java:1152) ~[?:?]
	at org.tasktide.itemstore.FileUtility.dropFile(FileUtility.java:132) [main/:?]
	at org.tasktide.itemstore.mutex.orchestrator.MutexOrchestrator.cleanUp(MutexOrchestrator.java:392) [main/:?]
	at org.tasktide.itemstore.mutex.orchestrator.MutexOrchestrator.performLock(MutexOrchestrator.java:219) [main/:?]
	at org.tasktide.itemstore.mutex.orchestrator.MutexOrchestrator.acquireLock(MutexOrchestrator.java:135) [main/:?]
	at org.tasktide.itemstore.mutex.orchestrator.MutexOrchestrator.tryAcquireUntilSuccess(MutexOrchestrator.java:154) [main/:?]
	at org.tasktide.itemstore.mutex.LockActionReleaseApp.main(LockActionReleaseApp.java:95) [test/:?]
2026-02-10 18:52:47.878 DEBUG [ main -> org.tasktide.itemstore.mutex.orchestrator.MutexOrchestrator.cleanUp ]: Cleaning up confirm ballot file:	'2a527aef-8711-4e83-9ee5-0eb318d8f20d'
2026-02-10 18:52:47.878 WARN  [ main -> org.tasktide.itemstore.FileUtility.dropFile ]: Warning provided paths is null, unable to delete:
'null'

2026-02-10 18:52:47.879 DEBUG [ main -> org.tasktide.itemstore.mutex.orchestrator.MutexOrchestrator.cleanUp ]: Cleaning up election file:	'2a527aef-8711-4e83-9ee5-0eb318d8f20d'
2026-02-10 18:52:47.880 WARN  [ main -> org.tasktide.itemstore.FileUtility.dropFile ]: Warning provided path does not exist, unable to delete:
'/mnt/c/Users/Brendan Kenna/GitHub/TaskTide/tasktide/itemstore/ItemStore-Mutex/Queue/1770749556911.127-0-1-1_17c7873b-ab53-4f37-877b-eda907c02f1f_2a527aef-8711-4e83-9ee5-0eb318d8f20d.lock'

2026-02-10 18:52:47.881 WARN  [ main -> org.tasktide.itemstore.FileUtility.dropFile ]: Warning could not delete target file, displaying error:	'/mnt/c/Users/Brendan Kenna/GitHub/TaskTide/tasktide/itemstore/ItemStore-Mutex/Queue/1770749556911.127-0-1-1_17c7873b-ab53-4f37-877b-eda907c02f1f_2a527aef-8711-4e83-9ee5-0eb318d8f20d.lock'
java.nio.file.NoSuchFileException: /mnt/c/Users/Brendan Kenna/GitHub/TaskTide/tasktide/itemstore/ItemStore-Mutex/Queue/1770749556911.127-0-1-1_17c7873b-ab53-4f37-877b-eda907c02f1f_2a527aef-8711-4e83-9ee5-0eb318d8f20d.lock
	at sun.nio.fs.UnixException.translateToIOException(UnixException.java:92) ~[?:?]
	at sun.nio.fs.UnixException.rethrowAsIOException(UnixException.java:106) ~[?:?]
	at sun.nio.fs.UnixException.rethrowAsIOException(UnixException.java:111) ~[?:?]
	at sun.nio.fs.UnixFileSystemProvider.implDelete(UnixFileSystemProvider.java:248) ~[?:?]
	at sun.nio.fs.AbstractFileSystemProvider.delete(AbstractFileSystemProvider.java:105) ~[?:?]
	at java.nio.file.Files.delete(Files.java:1152) ~[?:?]
	at org.tasktide.itemstore.FileUtility.dropFile(FileUtility.java:132) [main/:?]
	at org.tasktide.itemstore.mutex.orchestrator.MutexOrchestrator.cleanUp(MutexOrchestrator.java:402) [main/:?]
	at org.tasktide.itemstore.mutex.orchestrator.MutexOrchestrator.performLock(MutexOrchestrator.java:219) [main/:?]
	at org.tasktide.itemstore.mutex.orchestrator.MutexOrchestrator.acquireLock(MutexOrchestrator.java:135) [main/:?]
	at org.tasktide.itemstore.mutex.orchestrator.MutexOrchestrator.tryAcquireUntilSuccess(MutexOrchestrator.java:154) [main/:?]
	at org.tasktide.itemstore.mutex.LockActionReleaseApp.main(LockActionReleaseApp.java:95) [test/:?]
2026-02-10 18:52:47.882 WARN  [ main -> org.tasktide.itemstore.mutex.orchestrator.MutexOrchestrator.tryAcquireUntilSuccess ]: Process-921 Attempt 1 failed: LEADERSHIP_CONFIRMATION_FAILED | Exception: Unable to read elected leader:	2a527aef-8711-4e83-9ee5-0eb318d8f20d
2026-02-10 18:52:47.941 INFO  [ main -> org.tasktide.itemstore.mutex.strategy.ElectionStrategy.waitUntilLeader ]: Leadership acquired:	'f0934e79-0373-490f-9a55-459e76a6ab89'
2026-02-10 18:52:47.943 INFO  [ main -> org.tasktide.itemstore.mutex.strategy.ElectionStrategy.waitUntilLeader ]: Verifying leadership:	'f0934e79-0373-490f-9a55-459e76a6ab89'
2026-02-10 18:52:48.028 INFO  [ main -> org.tasktide.itemstore.mutex.strategy.ElectionStrategy.evaluateLeaderTtl ]: Leader passed TTL check-in:	'/mnt/c/Users/Brendan Kenna/GitHub/TaskTide/tasktide/itemstore/ItemStore-Mutex/Queue/1770749558778.127-0-1-1_aaaf40e3-aa56-410a-a296-58253a3cf0cb_a79ea8b4-9f0e-44f2-9973-2a23bb30b4d1.lock'
2026-02-10 18:52:48.030 INFO  [ main -> org.tasktide.itemstore.mutex.strategy.ElectionStrategy.waitUntilLeader ]: Resetting predecessor:	'a32d8a85-bfe8-4e7f-8b1f-7ea29ca727df'
2026-02-10 18:52:48.120 INFO  [ main -> org.tasktide.itemstore.mutex.strategy.ElectionStrategy.waitUntilLeader ]: Recasting ballot:	'9d71699a-e581-48d2-8862-f97290590aec'
2026-02-10 18:52:48.180 INFO  [ main -> org.tasktide.itemstore.mutex.strategy.ElectionStrategy.evaluateLeaderTtl ]: Leader passed TTL check-in:	'/mnt/c/Users/Brendan Kenna/GitHub/TaskTide/tasktide/itemstore/ItemStore-Mutex/Queue/1770749558778.127-0-1-1_aaaf40e3-aa56-410a-a296-58253a3cf0cb_a79ea8b4-9f0e-44f2-9973-2a23bb30b4d1.lock'
2026-02-10 18:52:48.181 INFO  [ main -> org.tasktide.itemstore.mutex.strategy.ElectionStrategy.waitUntilLeader ]: Resetting predecessor:	'10adb96e-4ae0-455c-b13f-f0612a4ebee3'
2026-02-10 18:52:48.276 INFO  [ main -> org.tasktide.itemstore.mutex.strategy.ElectionStrategy.waitUntilLeader ]: Recasting ballot:	'f255fe3b-128a-4f3a-b02e-0d9de0ef33d1'
2026-02-10 18:52:48.298 INFO  [ main -> org.tasktide.itemstore.mutex.strategy.ElectionStrategy.waitUntilLeader ]: Leadership verified:	'f0934e79-0373-490f-9a55-459e76a6ab89'
2026-02-10 18:52:48.299 DEBUG [ main -> org.tasktide.itemstore.mutex.strategy.ElectionStrategy.apply ]: Active leader with Id:	'f0934e79-0373-490f-9a55-459e76a6ab89'
2026-02-10 18:52:48.300 DEBUG [ main -> org.tasktide.itemstore.mutex.strategy.ElectionStrategy.apply ]: State set, writing mutex for:	'f0934e79-0373-490f-9a55-459e76a6ab89'
2026-02-10 18:52:48.339 DEBUG [ main -> org.tasktide.itemstore.mutex.strategy.ElectionStrategy.apply ]: Mutex written for:	'f0934e79-0373-490f-9a55-459e76a6ab89'
2026-02-10 18:52:48.340 INFO  [ main -> org.tasktide.itemstore.mutex.strategy.ElectionStrategy.evaluateLeaderTtl ]: Leader passed TTL check-in:	'/mnt/c/Users/Brendan Kenna/GitHub/TaskTide/tasktide/itemstore/ItemStore-Mutex/Queue/1770749560096.127-0-1-1_b1a3948d-cbf3-4ece-bbc5-c227209297a3_31581678-435b-464f-98e9-9b012450e677.lock'
2026-02-10 18:52:48.341 INFO  [ main -> org.tasktide.itemstore.mutex.strategy.ElectionStrategy.waitUntilLeader ]: Resetting predecessor:	'31cdf384-541d-4cc9-8496-fce1088b0ae8'
2026-02-10 18:52:48.372 INFO  [ main -> org.tasktide.itemstore.mutex.orchestrator.MutexOrchestrator.performLock ]: NFS Lock acquired for:	'f0934e79-0373-490f-9a55-459e76a6ab89'
2026-02-10 18:52:48.374 INFO  [ main -> org.tasktide.itemstore.mutex.orchestrator.MutexOrchestrator.performLock ]: Confirming leadership:	'f0934e79-0373-490f-9a55-459e76a6ab89'
2026-02-10 18:52:48.377 INFO  [ main -> org.tasktide.itemstore.mutex.strategy.ElectionStrategy.evaluateLeaderTtl ]: Leader passed TTL check-in:	'/mnt/c/Users/Brendan Kenna/GitHub/TaskTide/tasktide/itemstore/ItemStore-Mutex/Queue/1770749558778.127-0-1-1_aaaf40e3-aa56-410a-a296-58253a3cf0cb_a79ea8b4-9f0e-44f2-9973-2a23bb30b4d1.lock'
2026-02-10 18:52:48.377 INFO  [ main -> org.tasktide.itemstore.mutex.strategy.ElectionStrategy.waitUntilLeader ]: Resetting predecessor:	'a32d8a85-bfe8-4e7f-8b1f-7ea29ca727df'
2026-02-10 18:52:48.560 INFO  [ main -> org.tasktide.itemstore.mutex.strategy.ElectionStrategy.evaluateLeaderTtl ]: Leader passed TTL check-in:	'/mnt/c/Users/Brendan Kenna/GitHub/TaskTide/tasktide/itemstore/ItemStore-Mutex/Queue/1770749558778.127-0-1-1_aaaf40e3-aa56-410a-a296-58253a3cf0cb_a79ea8b4-9f0e-44f2-9973-2a23bb30b4d1.lock'
2026-02-10 18:52:48.561 INFO  [ main -> org.tasktide.itemstore.mutex.strategy.ElectionStrategy.waitUntilLeader ]: Resetting predecessor:	'31cdf384-541d-4cc9-8496-fce1088b0ae8'
2026-02-10 18:52:48.632 INFO  [ main -> org.tasktide.itemstore.mutex.strategy.ElectionStrategy.evaluateLeaderTtl ]: Leader passed TTL check-in:	'/mnt/c/Users/Brendan Kenna/GitHub/TaskTide/tasktide/itemstore/ItemStore-Mutex/Queue/1770749558778.127-0-1-1_aaaf40e3-aa56-410a-a296-58253a3cf0cb_a79ea8b4-9f0e-44f2-9973-2a23bb30b4d1.lock'
2026-02-10 18:52:48.633 INFO  [ main -> org.tasktide.itemstore.mutex.strategy.ElectionStrategy.waitUntilLeader ]: Resetting predecessor:	'10adb96e-4ae0-455c-b13f-f0612a4ebee3'
2026-02-10 18:52:48.727 INFO  [ main -> org.tasktide.itemstore.mutex.strategy.ElectionStrategy.evaluateLeaderTtl ]: Leader passed TTL check-in:	'/mnt/c/Users/Brendan Kenna/GitHub/TaskTide/tasktide/itemstore/ItemStore-Mutex/Queue/1770749558778.127-0-1-1_aaaf40e3-aa56-410a-a296-58253a3cf0cb_a79ea8b4-9f0e-44f2-9973-2a23bb30b4d1.lock'
2026-02-10 18:52:48.728 INFO  [ main -> org.tasktide.itemstore.mutex.strategy.ElectionStrategy.waitUntilLeader ]: Resetting predecessor:	'a32d8a85-bfe8-4e7f-8b1f-7ea29ca727df'
2026-02-10 18:52:48.773 INFO  [ main -> org.tasktide.itemstore.mutex.orchestrator.MutexOrchestrator.performLock ]: Waiting for NFS lock for:	'ccb8b854-2152-4678-a447-d256dba97b12'
2026-02-10 18:52:48.810 INFO  [ main -> org.tasktide.itemstore.mutex.strategy.ElectionStrategy.waitUntilLeader ]: Recasting ballot:	'bf4185b2-c54b-4264-98a6-f98c39ffd431'
2026-02-10 18:52:48.811 INFO  [ main -> org.tasktide.itemstore.mutex.strategy.ElectionStrategy.evaluateLeaderTtl ]: Leader passed TTL check-in:	'/mnt/c/Users/Brendan Kenna/GitHub/TaskTide/tasktide/itemstore/ItemStore-Mutex/Queue/1770749558778.127-0-1-1_aaaf40e3-aa56-410a-a296-58253a3cf0cb_a79ea8b4-9f0e-44f2-9973-2a23bb30b4d1.lock'
2026-02-10 18:52:48.812 INFO  [ main -> org.tasktide.itemstore.mutex.strategy.ElectionStrategy.waitUntilLeader ]: Resetting predecessor:	'31cdf384-541d-4cc9-8496-fce1088b0ae8'
2026-02-10 18:52:49.050 INFO  [ main -> org.tasktide.itemstore.mutex.strategy.ElectionStrategy.waitUntilLeader ]: Recasting ballot:	'a32d8a85-bfe8-4e7f-8b1f-7ea29ca727df'
2026-02-10 18:52:49.063 INFO  [ main -> org.tasktide.itemstore.mutex.strategy.ElectionStrategy.waitUntilLeader ]: Resetting predecessor:	'10adb96e-4ae0-455c-b13f-f0612a4ebee3'
2026-02-10 18:52:49.069 WARN  [ main -> org.tasktide.itemstore.mutex.strategy.ElectionStrategy.evaluateLeaderTtl ]: Removing below stale leader status:	'true'

'/mnt/c/Users/Brendan Kenna/GitHub/TaskTide/tasktide/itemstore/ItemStore-Mutex/Queue/1770749558778.127-0-1-1_aaaf40e3-aa56-410a-a296-58253a3cf0cb_a79ea8b4-9f0e-44f2-9973-2a23bb30b4d1.lock'
2026-02-10 18:52:49.176 DEBUG [ main -> org.tasktide.itemstore.mutex.orchestrator.MutexOrchestrator.cleanUp ]: Cleaning up lock file:	'f0934e79-0373-490f-9a55-459e76a6ab89'
2026-02-10 18:52:49.185 WARN  [ main -> org.tasktide.itemstore.FileUtility.dropFile ]: Warning provided path does not exist, unable to delete:
'/mnt/c/Users/Brendan Kenna/GitHub/TaskTide/tasktide/itemstore/ItemStore-Mutex/lock-file.lock'

2026-02-10 18:52:49.217 DEBUG [ main -> org.tasktide.itemstore.mutex.strategy.ElectionStrategy.initMutex ]: Initializing mutex:	'ccb8b854-2152-4678-a447-d256dba97b12'
2026-02-10 18:52:49.312 INFO  [ main -> org.tasktide.itemstore.mutex.strategy.ElectionStrategy.evaluateLeaderTtl ]: Leader passed TTL check-in:	'/mnt/c/Users/Brendan Kenna/GitHub/TaskTide/tasktide/itemstore/ItemStore-Mutex/Queue/1770749562200.127-0-1-1_f62617b9-1f9f-4aa1-b9af-dc6687dc2119_b006ad59-b0e3-476a-9481-b2d06ae7d425.lock'
2026-02-10 18:52:49.313 INFO  [ main -> org.tasktide.itemstore.mutex.strategy.ElectionStrategy.waitUntilLeader ]: Resetting predecessor:	'b3eedbe4-228c-4cd7-933a-0f5d9e734380'
2026-02-10 18:52:49.331 DEBUG [ main -> org.tasktide.itemstore.mutex.strategy.ElectionStrategy.initMutex ]: Mutex initialized, inferring queue position
2026-02-10 18:52:49.335 WARN  [ main -> org.tasktide.itemstore.mutex.strategy.ElectionStrategy.initMutex ]: No election files detected
2026-02-10 18:52:49.342 INFO  [ main -> org.tasktide.itemstore.mutex.strategy.ElectionStrategy.evaluateLeaderTtl ]: Leader passed TTL check-in:	'/mnt/c/Users/Brendan Kenna/GitHub/TaskTide/tasktide/itemstore/ItemStore-Mutex/Queue/1770749562200.127-0-1-1_f62617b9-1f9f-4aa1-b9af-dc6687dc2119_b006ad59-b0e3-476a-9481-b2d06ae7d425.lock'
2026-02-10 18:52:49.343 INFO  [ main -> org.tasktide.itemstore.mutex.strategy.ElectionStrategy.waitUntilLeader ]: Resetting predecessor:	'31cdf384-541d-4cc9-8496-fce1088b0ae8'
2026-02-10 18:52:49.370 INFO  [ main -> org.tasktide.itemstore.mutex.strategy.ElectionStrategy.waitUntilLeader ]: Recasting ballot:	'84139ab3-ec85-4a3d-8bf5-4114599bb2c2'
2026-02-10 18:52:49.194 WARN  [ main -> org.tasktide.itemstore.FileUtility.dropFile ]: Warning could not delete target file, displaying error:	'/mnt/c/Users/Brendan Kenna/GitHub/TaskTide/tasktide/itemstore/ItemStore-Mutex/lock-file.lock'
java.nio.file.NoSuchFileException: /mnt/c/Users/Brendan Kenna/GitHub/TaskTide/tasktide/itemstore/ItemStore-Mutex/lock-file.lock
	at sun.nio.fs.UnixException.translateToIOException(UnixException.java:92) ~[?:?]
	at sun.nio.fs.UnixException.rethrowAsIOException(UnixException.java:106) ~[?:?]
	at sun.nio.fs.UnixException.rethrowAsIOException(UnixException.java:111) ~[?:?]
	at sun.nio.fs.UnixFileSystemProvider.implDelete(UnixFileSystemProvider.java:248) ~[?:?]
	at sun.nio.fs.AbstractFileSystemProvider.delete(AbstractFileSystemProvider.java:105) ~[?:?]
	at java.nio.file.Files.delete(Files.java:1152) ~[?:?]
	at org.tasktide.itemstore.FileUtility.dropFile(FileUtility.java:132) [main/:?]
	at org.tasktide.itemstore.mutex.orchestrator.MutexOrchestrator.cleanUp(MutexOrchestrator.java:387) [main/:?]
	at org.tasktide.itemstore.mutex.orchestrator.MutexOrchestrator.performLock(MutexOrchestrator.java:219) [main/:?]
	at org.tasktide.itemstore.mutex.orchestrator.MutexOrchestrator.acquireLock(MutexOrchestrator.java:135) [main/:?]
	at org.tasktide.itemstore.mutex.orchestrator.MutexOrchestrator.tryAcquireUntilSuccess(MutexOrchestrator.java:154) [main/:?]
	at org.tasktide.itemstore.mutex.LockActionReleaseApp.main(LockActionReleaseApp.java:95) [test/:?]
2026-02-10 18:52:49.405 DEBUG [ main -> org.tasktide.itemstore.mutex.orchestrator.MutexOrchestrator.cleanUp ]: Cleaning up host file:	'f0934e79-0373-490f-9a55-459e76a6ab89'
2026-02-10 18:52:49.409 WARN  [ main -> org.tasktide.itemstore.FileUtility.dropFile ]: Warning provided path does not exist, unable to delete:
'/mnt/c/Users/Brendan Kenna/GitHub/TaskTide/tasktide/itemstore/ItemStore-Mutex/Host-Lock/1770749502383.127-0-1-1_aaaf40e3-aa56-410a-a296-58253a3cf0cb.lock'

2026-02-10 18:52:49.414 WARN  [ main -> org.tasktide.itemstore.FileUtility.dropFile ]: Warning could not delete target file, displaying error:	'/mnt/c/Users/Brendan Kenna/GitHub/TaskTide/tasktide/itemstore/ItemStore-Mutex/Host-Lock/1770749502383.127-0-1-1_aaaf40e3-aa56-410a-a296-58253a3cf0cb.lock'
java.nio.file.NoSuchFileException: /mnt/c/Users/Brendan Kenna/GitHub/TaskTide/tasktide/itemstore/ItemStore-Mutex/Host-Lock/1770749502383.127-0-1-1_aaaf40e3-aa56-410a-a296-58253a3cf0cb.lock
	at sun.nio.fs.UnixException.translateToIOException(UnixException.java:92) ~[?:?]
	at sun.nio.fs.UnixException.rethrowAsIOException(UnixException.java:106) ~[?:?]
	at sun.nio.fs.UnixException.rethrowAsIOException(UnixException.java:111) ~[?:?]
	at sun.nio.fs.UnixFileSystemProvider.implDelete(UnixFileSystemProvider.java:248) ~[?:?]
	at sun.nio.fs.AbstractFileSystemProvider.delete(AbstractFileSystemProvider.java:105) ~[?:?]
	at java.nio.file.Files.delete(Files.java:1152) ~[?:?]
	at org.tasktide.itemstore.FileUtility.dropFile(FileUtility.java:132) [main/:?]
	at org.tasktide.itemstore.mutex.orchestrator.MutexOrchestrator.cleanUp(MutexOrchestrator.java:392) [main/:?]
	at org.tasktide.itemstore.mutex.orchestrator.MutexOrchestrator.performLock(MutexOrchestrator.java:219) [main/:?]
	at org.tasktide.itemstore.mutex.orchestrator.MutexOrchestrator.acquireLock(MutexOrchestrator.java:135) [main/:?]
	at org.tasktide.itemstore.mutex.orchestrator.MutexOrchestrator.tryAcquireUntilSuccess(MutexOrchestrator.java:154) [main/:?]
	at org.tasktide.itemstore.mutex.LockActionReleaseApp.main(LockActionReleaseApp.java:95) [test/:?]
2026-02-10 18:52:49.416 DEBUG [ main -> org.tasktide.itemstore.mutex.orchestrator.MutexOrchestrator.cleanUp ]: Cleaning up confirm ballot file:	'f0934e79-0373-490f-9a55-459e76a6ab89'
2026-02-10 18:52:49.424 INFO  [ main -> org.tasktide.itemstore.mutex.strategy.ElectionStrategy.evaluateLeaderTtl ]: Leader passed TTL check-in:	'/mnt/c/Users/Brendan Kenna/GitHub/TaskTide/tasktide/itemstore/ItemStore-Mutex/Queue/1770749562200.127-0-1-1_f62617b9-1f9f-4aa1-b9af-dc6687dc2119_b006ad59-b0e3-476a-9481-b2d06ae7d425.lock'
2026-02-10 18:52:49.424 DEBUG [ main -> org.tasktide.itemstore.mutex.orchestrator.MutexOrchestrator.cleanUp ]: Cleaning up election file:	'f0934e79-0373-490f-9a55-459e76a6ab89'
2026-02-10 18:52:49.425 INFO  [ main -> org.tasktide.itemstore.mutex.strategy.ElectionStrategy.waitUntilLeader ]: Resetting predecessor:	'8c35da5e-40ce-4683-adfe-e996f42d46f8'
2026-02-10 18:52:49.429 WARN  [ main -> org.tasktide.itemstore.FileUtility.dropFile ]: Warning provided path does not exist, unable to delete:
'/mnt/c/Users/Brendan Kenna/GitHub/TaskTide/tasktide/itemstore/ItemStore-Mutex/Queue/1770749558778.127-0-1-1_aaaf40e3-aa56-410a-a296-58253a3cf0cb_a79ea8b4-9f0e-44f2-9973-2a23bb30b4d1.lock'

2026-02-10 18:52:49.430 WARN  [ main -> org.tasktide.itemstore.FileUtility.dropFile ]: Warning could not delete target file, displaying error:	'/mnt/c/Users/Brendan Kenna/GitHub/TaskTide/tasktide/itemstore/ItemStore-Mutex/Queue/1770749558778.127-0-1-1_aaaf40e3-aa56-410a-a296-58253a3cf0cb_a79ea8b4-9f0e-44f2-9973-2a23bb30b4d1.lock'
java.nio.file.NoSuchFileException: /mnt/c/Users/Brendan Kenna/GitHub/TaskTide/tasktide/itemstore/ItemStore-Mutex/Queue/1770749558778.127-0-1-1_aaaf40e3-aa56-410a-a296-58253a3cf0cb_a79ea8b4-9f0e-44f2-9973-2a23bb30b4d1.lock
	at sun.nio.fs.UnixException.translateToIOException(UnixException.java:92) ~[?:?]
	at sun.nio.fs.UnixException.rethrowAsIOException(UnixException.java:106) ~[?:?]
	at sun.nio.fs.UnixException.rethrowAsIOException(UnixException.java:111) ~[?:?]
	at sun.nio.fs.UnixFileSystemProvider.implDelete(UnixFileSystemProvider.java:248) ~[?:?]
	at sun.nio.fs.AbstractFileSystemProvider.delete(AbstractFileSystemProvider.java:105) ~[?:?]
	at java.nio.file.Files.delete(Files.java:1152) ~[?:?]
	at org.tasktide.itemstore.FileUtility.dropFile(FileUtility.java:132) [main/:?]
	at org.tasktide.itemstore.mutex.orchestrator.MutexOrchestrator.cleanUp(MutexOrchestrator.java:402) [main/:?]
	at org.tasktide.itemstore.mutex.orchestrator.MutexOrchestrator.performLock(MutexOrchestrator.java:219) [main/:?]
	at org.tasktide.itemstore.mutex.orchestrator.MutexOrchestrator.acquireLock(MutexOrchestrator.java:135) [main/:?]
	at org.tasktide.itemstore.mutex.orchestrator.MutexOrchestrator.tryAcquireUntilSuccess(MutexOrchestrator.java:154) [main/:?]
	at org.tasktide.itemstore.mutex.LockActionReleaseApp.main(LockActionReleaseApp.java:95) [test/:?]
2026-02-10 18:52:49.480 INFO  [ main -> org.tasktide.itemstore.mutex.strategy.ElectionStrategy.waitUntilLeader ]: Leadership acquired:	'10adb96e-4ae0-455c-b13f-f0612a4ebee3'
2026-02-10 18:52:49.482 INFO  [ main -> org.tasktide.itemstore.mutex.strategy.ElectionStrategy.waitUntilLeader ]: Verifying leadership:	'10adb96e-4ae0-455c-b13f-f0612a4ebee3'
2026-02-10 18:52:49.584 INFO  [ main -> org.tasktide.itemstore.mutex.strategy.ElectionStrategy.evaluateLeaderTtl ]: Leader passed TTL check-in:	'/mnt/c/Users/Brendan Kenna/GitHub/TaskTide/tasktide/itemstore/ItemStore-Mutex/Queue/1770749562200.127-0-1-1_f62617b9-1f9f-4aa1-b9af-dc6687dc2119_b006ad59-b0e3-476a-9481-b2d06ae7d425.lock'
2026-02-10 18:52:49.588 INFO  [ main -> org.tasktide.itemstore.mutex.strategy.ElectionStrategy.waitUntilLeader ]: Resetting predecessor:	'31cdf384-541d-4cc9-8496-fce1088b0ae8'
2026-02-10 18:52:49.718 INFO  [ main -> org.tasktide.itemstore.mutex.strategy.ElectionStrategy.evaluateLeaderTtl ]: Leader passed TTL check-in:	'/mnt/c/Users/Brendan Kenna/GitHub/TaskTide/tasktide/itemstore/ItemStore-Mutex/Queue/1770749562200.127-0-1-1_f62617b9-1f9f-4aa1-b9af-dc6687dc2119_b006ad59-b0e3-476a-9481-b2d06ae7d425.lock'
2026-02-10 18:52:49.719 INFO  [ main -> org.tasktide.itemstore.mutex.strategy.ElectionStrategy.waitUntilLeader ]: Resetting predecessor:	'b3eedbe4-228c-4cd7-933a-0f5d9e734380'
2026-02-10 18:52:49.789 INFO  [ main -> org.tasktide.itemstore.mutex.strategy.ElectionStrategy.waitUntilLeader ]: Recasting ballot:	'31cdf384-541d-4cc9-8496-fce1088b0ae8'
2026-02-10 18:52:49.814 INFO  [ main -> org.tasktide.itemstore.mutex.strategy.ElectionStrategy.evaluateLeaderTtl ]: Leader passed TTL check-in:	'/mnt/c/Users/Brendan Kenna/GitHub/TaskTide/tasktide/itemstore/ItemStore-Mutex/Queue/1770749562200.127-0-1-1_f62617b9-1f9f-4aa1-b9af-dc6687dc2119_b006ad59-b0e3-476a-9481-b2d06ae7d425.lock'
2026-02-10 18:52:49.815 INFO  [ main -> org.tasktide.itemstore.mutex.strategy.ElectionStrategy.waitUntilLeader ]: Resetting predecessor:	'8c35da5e-40ce-4683-adfe-e996f42d46f8'
2026-02-10 18:52:49.876 WARN  [ main -> org.tasktide.itemstore.mutex.orchestrator.MutexOrchestrator.tryAcquireUntilSuccess ]: Process-1166 Attempt 0 failed: LEADERSHIP_CONFIRMATION_FAILED | Exception: Unable to read confirmatory leader:	f0934e79-0373-490f-9a55-459e76a6ab89
2026-02-10 18:52:49.901 INFO  [ main -> org.tasktide.itemstore.mutex.strategy.ElectionStrategy.evaluateLeaderTtl ]: Leader passed TTL check-in:	'/mnt/c/Users/Brendan Kenna/GitHub/TaskTide/tasktide/itemstore/ItemStore-Mutex/Queue/1770749562200.127-0-1-1_f62617b9-1f9f-4aa1-b9af-dc6687dc2119_b006ad59-b0e3-476a-9481-b2d06ae7d425.lock'
2026-02-10 18:52:49.901 INFO  [ main -> org.tasktide.itemstore.mutex.strategy.ElectionStrategy.waitUntilLeader ]: Resetting predecessor:	'f84a2ff0-75a1-4442-b74e-014d8f3ffed2'
2026-02-10 18:52:49.903 INFO  [ main -> org.tasktide.itemstore.mutex.strategy.ElectionStrategy.waitUntilLeader ]: Leadership verified:	'10adb96e-4ae0-455c-b13f-f0612a4ebee3'
2026-02-10 18:52:49.904 DEBUG [ main -> org.tasktide.itemstore.mutex.strategy.ElectionStrategy.apply ]: Active leader with Id:	'10adb96e-4ae0-455c-b13f-f0612a4ebee3'
2026-02-10 18:52:49.905 DEBUG [ main -> org.tasktide.itemstore.mutex.strategy.ElectionStrategy.apply ]: State set, writing mutex for:	'10adb96e-4ae0-455c-b13f-f0612a4ebee3'
2026-02-10 18:52:49.941 INFO  [ main -> org.tasktide.itemstore.mutex.strategy.ElectionStrategy.evaluateLeaderTtl ]: Leader passed TTL check-in:	'/mnt/c/Users/Brendan Kenna/GitHub/TaskTide/tasktide/itemstore/ItemStore-Mutex/Queue/1770749563873.127-0-1-1_7493e205-2a85-4042-90a6-359128af69fe_024dccf5-e810-4e5b-84f6-7d631cae1bb9.lock'
2026-02-10 18:52:49.942 INFO  [ main -> org.tasktide.itemstore.mutex.strategy.ElectionStrategy.waitUntilLeader ]: Resetting predecessor:	'170d974b-cb45-42b1-a7ec-de6ca0e1c23a'
2026-02-10 18:52:49.973 DEBUG [ main -> org.tasktide.itemstore.mutex.strategy.ElectionStrategy.apply ]: Mutex written for:	'10adb96e-4ae0-455c-b13f-f0612a4ebee3'
2026-02-10 18:52:50.034 INFO  [ main -> org.tasktide.itemstore.mutex.orchestrator.MutexOrchestrator.performLock ]: NFS Lock acquired for:	'10adb96e-4ae0-455c-b13f-f0612a4ebee3'
2026-02-10 18:52:50.035 INFO  [ main -> org.tasktide.itemstore.mutex.orchestrator.MutexOrchestrator.performLock ]: Confirming leadership:	'10adb96e-4ae0-455c-b13f-f0612a4ebee3'
2026-02-10 18:52:50.089 INFO  [ main -> org.tasktide.itemstore.mutex.strategy.ElectionStrategy.evaluateLeaderTtl ]: Leader passed TTL check-in:	'/mnt/c/Users/Brendan Kenna/GitHub/TaskTide/tasktide/itemstore/ItemStore-Mutex/Queue/1770749562200.127-0-1-1_f62617b9-1f9f-4aa1-b9af-dc6687dc2119_b006ad59-b0e3-476a-9481-b2d06ae7d425.lock'
2026-02-10 18:52:50.090 INFO  [ main -> org.tasktide.itemstore.mutex.strategy.ElectionStrategy.waitUntilLeader ]: Resetting predecessor:	'f84a2ff0-75a1-4442-b74e-014d8f3ffed2'
2026-02-10 18:52:50.144 INFO  [ main -> org.tasktide.itemstore.mutex.strategy.ElectionStrategy.evaluateLeaderTtl ]: Leader passed TTL check-in:	'/mnt/c/Users/Brendan Kenna/GitHub/TaskTide/tasktide/itemstore/ItemStore-Mutex/Queue/1770749562200.127-0-1-1_f62617b9-1f9f-4aa1-b9af-dc6687dc2119_b006ad59-b0e3-476a-9481-b2d06ae7d425.lock'
2026-02-10 18:52:50.145 INFO  [ main -> org.tasktide.itemstore.mutex.strategy.ElectionStrategy.waitUntilLeader ]: Resetting predecessor:	'b3eedbe4-228c-4cd7-933a-0f5d9e734380'
2026-02-10 18:52:50.246 INFO  [ main -> org.tasktide.itemstore.mutex.strategy.ElectionStrategy.evaluateLeaderTtl ]: Leader passed TTL check-in:	'/mnt/c/Users/Brendan Kenna/GitHub/TaskTide/tasktide/itemstore/ItemStore-Mutex/Queue/1770749562200.127-0-1-1_f62617b9-1f9f-4aa1-b9af-dc6687dc2119_b006ad59-b0e3-476a-9481-b2d06ae7d425.lock'
2026-02-10 18:52:50.247 INFO  [ main -> org.tasktide.itemstore.mutex.strategy.ElectionStrategy.waitUntilLeader ]: Resetting predecessor:	'8c35da5e-40ce-4683-adfe-e996f42d46f8'
2026-02-10 18:52:50.403 INFO  [ main -> org.tasktide.itemstore.mutex.strategy.ElectionStrategy.evaluateLeaderTtl ]: Leader passed TTL check-in:	'/mnt/c/Users/Brendan Kenna/GitHub/TaskTide/tasktide/itemstore/ItemStore-Mutex/Queue/1770749562200.127-0-1-1_f62617b9-1f9f-4aa1-b9af-dc6687dc2119_b006ad59-b0e3-476a-9481-b2d06ae7d425.lock'
2026-02-10 18:52:50.405 INFO  [ main -> org.tasktide.itemstore.mutex.strategy.ElectionStrategy.waitUntilLeader ]: Resetting predecessor:	'f84a2ff0-75a1-4442-b74e-014d8f3ffed2'
2026-02-10 18:52:50.564 INFO  [ main -> org.tasktide.itemstore.mutex.strategy.ElectionStrategy.evaluateLeaderTtl ]: Leader passed TTL check-in:	'/mnt/c/Users/Brendan Kenna/GitHub/TaskTide/tasktide/itemstore/ItemStore-Mutex/Queue/1770749562200.127-0-1-1_f62617b9-1f9f-4aa1-b9af-dc6687dc2119_b006ad59-b0e3-476a-9481-b2d06ae7d425.lock'
2026-02-10 18:52:50.566 INFO  [ main -> org.tasktide.itemstore.mutex.strategy.ElectionStrategy.waitUntilLeader ]: Resetting predecessor:	'b3eedbe4-228c-4cd7-933a-0f5d9e734380'
2026-02-10 18:52:50.587 INFO  [ main -> org.tasktide.itemstore.mutex.orchestrator.MutexOrchestrator.performLock ]: Waiting for NFS lock for:	'938deb26-e10d-4fad-bafc-91d736c83bf3'
2026-02-10 18:52:50.667 INFO  [ main -> org.tasktide.itemstore.mutex.strategy.ElectionStrategy.evaluateLeaderTtl ]: Leader passed TTL check-in:	'/mnt/c/Users/Brendan Kenna/GitHub/TaskTide/tasktide/itemstore/ItemStore-Mutex/Queue/1770749562200.127-0-1-1_f62617b9-1f9f-4aa1-b9af-dc6687dc2119_b006ad59-b0e3-476a-9481-b2d06ae7d425.lock'
2026-02-10 18:52:50.668 INFO  [ main -> org.tasktide.itemstore.mutex.strategy.ElectionStrategy.waitUntilLeader ]: Resetting predecessor:	'8c35da5e-40ce-4683-adfe-e996f42d46f8'
2026-02-10 18:52:50.685 INFO  [ main -> org.tasktide.itemstore.mutex.strategy.ElectionStrategy.waitUntilLeader ]: Recasting ballot:	'f84a2ff0-75a1-4442-b74e-014d8f3ffed2'
2026-02-10 18:52:50.693 INFO  [ main -> org.tasktide.itemstore.mutex.strategy.ElectionStrategy.waitUntilLeader ]: Resetting predecessor:	'170d974b-cb45-42b1-a7ec-de6ca0e1c23a'
2026-02-10 18:52:50.845 DEBUG [ main -> org.tasktide.itemstore.mutex.strategy.ElectionStrategy.initMutex ]: Initializing mutex:	'938deb26-e10d-4fad-bafc-91d736c83bf3'
2026-02-10 18:52:50.916 DEBUG [ main -> org.tasktide.itemstore.mutex.strategy.ElectionStrategy.initMutex ]: Mutex initialized, inferring queue position
2026-02-10 18:52:50.923 WARN  [ main -> org.tasktide.itemstore.mutex.strategy.ElectionStrategy.initMutex ]: No election files detected
2026-02-10 18:52:50.945 INFO  [ main -> org.tasktide.itemstore.mutex.orchestrator.MutexOrchestrator.confirmLeader ]: Leadership confirmed:	'10adb96e-4ae0-455c-b13f-f0612a4ebee3'
2026-02-10 18:52:50.946 INFO  [ main -> org.tasktide.itemstore.mutex.orchestrator.MutexOrchestrator.performLock ]: Leadership confirmed:	'10adb96e-4ae0-455c-b13f-f0612a4ebee3'
2026-02-10 18:52:50.948 INFO  [ main -> org.tasktide.itemstore.mutex.orchestrator.MutexOrchestrator.performLock ]: Waiting for FileChannel lock for:	'10adb96e-4ae0-455c-b13f-f0612a4ebee3'
2026-02-10 18:52:50.963 INFO  [ main -> org.tasktide.itemstore.mutex.strategy.ElectionStrategy.evaluateLeaderTtl ]: Leader passed TTL check-in:	'/mnt/c/Users/Brendan Kenna/GitHub/TaskTide/tasktide/itemstore/ItemStore-Mutex/Queue/1770749562200.127-0-1-1_f62617b9-1f9f-4aa1-b9af-dc6687dc2119_b006ad59-b0e3-476a-9481-b2d06ae7d425.lock'
2026-02-10 18:52:50.965 INFO  [ main -> org.tasktide.itemstore.mutex.strategy.ElectionStrategy.waitUntilLeader ]: Resetting predecessor:	'b3eedbe4-228c-4cd7-933a-0f5d9e734380'
2026-02-10 18:52:51.009 INFO  [ main -> org.tasktide.itemstore.mutex.strategy.ElectionStrategy.evaluateLeaderTtl ]: Leader passed TTL check-in:	'/mnt/c/Users/Brendan Kenna/GitHub/TaskTide/tasktide/itemstore/ItemStore-Mutex/Queue/1770749562200.127-0-1-1_f62617b9-1f9f-4aa1-b9af-dc6687dc2119_b006ad59-b0e3-476a-9481-b2d06ae7d425.lock'
2026-02-10 18:52:51.011 INFO  [ main -> org.tasktide.itemstore.mutex.strategy.ElectionStrategy.waitUntilLeader ]: Resetting predecessor:	'170d974b-cb45-42b1-a7ec-de6ca0e1c23a'
2026-02-10 18:52:51.091 INFO  [ main -> org.tasktide.itemstore.mutex.strategy.ElectionStrategy.waitUntilLeader ]: Recasting ballot:	'f255fe3b-128a-4f3a-b02e-0d9de0ef33d1'
2026-02-10 18:52:51.098 INFO  [ main -> org.tasktide.itemstore.mutex.strategy.ElectionStrategy.evaluateLeaderTtl ]: Leader passed TTL check-in:	'/mnt/c/Users/Brendan Kenna/GitHub/TaskTide/tasktide/itemstore/ItemStore-Mutex/Queue/1770749562200.127-0-1-1_f62617b9-1f9f-4aa1-b9af-dc6687dc2119_b006ad59-b0e3-476a-9481-b2d06ae7d425.lock'
2026-02-10 18:52:51.099 INFO  [ main -> org.tasktide.itemstore.mutex.strategy.ElectionStrategy.waitUntilLeader ]: Resetting predecessor:	'8c35da5e-40ce-4683-adfe-e996f42d46f8'
2026-02-10 18:52:51.279 INFO  [ main -> org.tasktide.itemstore.mutex.strategy.ElectionStrategy.evaluateLeaderTtl ]: Leader passed TTL check-in:	'/mnt/c/Users/Brendan Kenna/GitHub/TaskTide/tasktide/itemstore/ItemStore-Mutex/Queue/1770749562200.127-0-1-1_f62617b9-1f9f-4aa1-b9af-dc6687dc2119_b006ad59-b0e3-476a-9481-b2d06ae7d425.lock'
2026-02-10 18:52:51.280 INFO  [ main -> org.tasktide.itemstore.mutex.strategy.ElectionStrategy.waitUntilLeader ]: Resetting predecessor:	'170d974b-cb45-42b1-a7ec-de6ca0e1c23a'
2026-02-10 18:52:51.395 INFO  [ main -> org.tasktide.itemstore.mutex.strategy.ElectionStrategy.waitUntilLeader ]: Recasting ballot:	'b3eedbe4-228c-4cd7-933a-0f5d9e734380'
2026-02-10 18:52:51.467 INFO  [ main -> org.tasktide.itemstore.mutex.strategy.ElectionStrategy.evaluateLeaderTtl ]: Leader passed TTL check-in:	'/mnt/c/Users/Brendan Kenna/GitHub/TaskTide/tasktide/itemstore/ItemStore-Mutex/Queue/1770749562200.127-0-1-1_f62617b9-1f9f-4aa1-b9af-dc6687dc2119_b006ad59-b0e3-476a-9481-b2d06ae7d425.lock'
2026-02-10 18:52:51.469 INFO  [ main -> org.tasktide.itemstore.mutex.strategy.ElectionStrategy.waitUntilLeader ]: Resetting predecessor:	'8c35da5e-40ce-4683-adfe-e996f42d46f8'
2026-02-10 18:52:51.521 INFO  [ main -> org.tasktide.itemstore.mutex.strategy.ElectionStrategy.evaluateLeaderTtl ]: Leader passed TTL check-in:	'/mnt/c/Users/Brendan Kenna/GitHub/TaskTide/tasktide/itemstore/ItemStore-Mutex/Queue/1770749562200.127-0-1-1_f62617b9-1f9f-4aa1-b9af-dc6687dc2119_b006ad59-b0e3-476a-9481-b2d06ae7d425.lock'
2026-02-10 18:52:51.522 INFO  [ main -> org.tasktide.itemstore.mutex.strategy.ElectionStrategy.waitUntilLeader ]: Resetting predecessor:	'170d974b-cb45-42b1-a7ec-de6ca0e1c23a'
2026-02-10 18:52:51.566 INFO  [ main -> org.tasktide.itemstore.mutex.strategy.ElectionStrategy.evaluateLeaderTtl ]: Leader passed TTL check-in:	'/mnt/c/Users/Brendan Kenna/GitHub/TaskTide/tasktide/itemstore/ItemStore-Mutex/Queue/1770749562200.127-0-1-1_f62617b9-1f9f-4aa1-b9af-dc6687dc2119_b006ad59-b0e3-476a-9481-b2d06ae7d425.lock'
2026-02-10 18:52:51.568 INFO  [ main -> org.tasktide.itemstore.mutex.strategy.ElectionStrategy.waitUntilLeader ]: Resetting predecessor:	'483588d0-7fe9-4775-bce7-6891cd0f7f9f'
2026-02-10 18:52:51.798 INFO  [ main -> org.tasktide.itemstore.mutex.strategy.ElectionStrategy.evaluateLeaderTtl ]: Leader passed TTL check-in:	'/mnt/c/Users/Brendan Kenna/GitHub/TaskTide/tasktide/itemstore/ItemStore-Mutex/Queue/1770749562200.127-0-1-1_f62617b9-1f9f-4aa1-b9af-dc6687dc2119_b006ad59-b0e3-476a-9481-b2d06ae7d425.lock'
2026-02-10 18:52:51.800 INFO  [ main -> org.tasktide.itemstore.mutex.strategy.ElectionStrategy.waitUntilLeader ]: Resetting predecessor:	'170d974b-cb45-42b1-a7ec-de6ca0e1c23a'
2026-02-10 18:52:51.855 INFO  [ main -> org.tasktide.itemstore.mutex.strategy.ElectionStrategy.evaluateLeaderTtl ]: Leader passed TTL check-in:	'/mnt/c/Users/Brendan Kenna/GitHub/TaskTide/tasktide/itemstore/ItemStore-Mutex/Queue/1770749562200.127-0-1-1_f62617b9-1f9f-4aa1-b9af-dc6687dc2119_b006ad59-b0e3-476a-9481-b2d06ae7d425.lock'
2026-02-10 18:52:51.856 INFO  [ main -> org.tasktide.itemstore.mutex.strategy.ElectionStrategy.waitUntilLeader ]: Resetting predecessor:	'483588d0-7fe9-4775-bce7-6891cd0f7f9f'
2026-02-10 18:52:51.869 INFO  [ main -> org.tasktide.itemstore.mutex.strategy.ElectionStrategy.evaluateLeaderTtl ]: Leader passed TTL check-in:	'/mnt/c/Users/Brendan Kenna/GitHub/TaskTide/tasktide/itemstore/ItemStore-Mutex/Queue/1770749562200.127-0-1-1_f62617b9-1f9f-4aa1-b9af-dc6687dc2119_b006ad59-b0e3-476a-9481-b2d06ae7d425.lock'
2026-02-10 18:52:51.871 INFO  [ main -> org.tasktide.itemstore.mutex.strategy.ElectionStrategy.waitUntilLeader ]: Resetting predecessor:	'8c35da5e-40ce-4683-adfe-e996f42d46f8'
2026-02-10 18:52:52.082 INFO  [ main -> org.tasktide.itemstore.mutex.strategy.ElectionStrategy.evaluateLeaderTtl ]: Leader passed TTL check-in:	'/mnt/c/Users/Brendan Kenna/GitHub/TaskTide/tasktide/itemstore/ItemStore-Mutex/Queue/1770749562200.127-0-1-1_f62617b9-1f9f-4aa1-b9af-dc6687dc2119_b006ad59-b0e3-476a-9481-b2d06ae7d425.lock'
2026-02-10 18:52:52.083 INFO  [ main -> org.tasktide.itemstore.mutex.strategy.ElectionStrategy.waitUntilLeader ]: Resetting predecessor:	'170d974b-cb45-42b1-a7ec-de6ca0e1c23a'
2026-02-10 18:52:52.106 INFO  [ main -> org.tasktide.itemstore.mutex.strategy.ElectionStrategy.evaluateLeaderTtl ]: Leader passed TTL check-in:	'/mnt/c/Users/Brendan Kenna/GitHub/TaskTide/tasktide/itemstore/ItemStore-Mutex/Queue/1770749562200.127-0-1-1_f62617b9-1f9f-4aa1-b9af-dc6687dc2119_b006ad59-b0e3-476a-9481-b2d06ae7d425.lock'
2026-02-10 18:52:52.108 INFO  [ main -> org.tasktide.itemstore.mutex.strategy.ElectionStrategy.waitUntilLeader ]: Resetting predecessor:	'483588d0-7fe9-4775-bce7-6891cd0f7f9f'
2026-02-10 18:52:52.243 INFO  [ main -> org.tasktide.itemstore.mutex.strategy.ElectionStrategy.evaluateLeaderTtl ]: Leader passed TTL check-in:	'/mnt/c/Users/Brendan Kenna/GitHub/TaskTide/tasktide/itemstore/ItemStore-Mutex/Queue/1770749562200.127-0-1-1_f62617b9-1f9f-4aa1-b9af-dc6687dc2119_b006ad59-b0e3-476a-9481-b2d06ae7d425.lock'
2026-02-10 18:52:52.245 INFO  [ main -> org.tasktide.itemstore.mutex.strategy.ElectionStrategy.waitUntilLeader ]: Resetting predecessor:	'8c35da5e-40ce-4683-adfe-e996f42d46f8'
2026-02-10 18:52:52.273 INFO  [ main -> org.tasktide.itemstore.mutex.orchestrator.MutexOrchestrator.performLock ]: File Channel Lock acquired for:	'10adb96e-4ae0-455c-b13f-f0612a4ebee3'
2026-02-10 18:52:52.275 INFO  [ main -> org.tasktide.itemstore.mutex.orchestrator.MutexOrchestrator.performLock ]: Lock successful for:	'10adb96e-4ae0-455c-b13f-f0612a4ebee3'
2026-02-10 18:52:52.361 INFO  [ main -> org.tasktide.itemstore.mutex.strategy.ElectionStrategy.evaluateLeaderTtl ]: Leader passed TTL check-in:	'/mnt/c/Users/Brendan Kenna/GitHub/TaskTide/tasktide/itemstore/ItemStore-Mutex/Queue/1770749562200.127-0-1-1_f62617b9-1f9f-4aa1-b9af-dc6687dc2119_b006ad59-b0e3-476a-9481-b2d06ae7d425.lock'
2026-02-10 18:52:52.363 INFO  [ main -> org.tasktide.itemstore.mutex.strategy.ElectionStrategy.waitUntilLeader ]: Resetting predecessor:	'170d974b-cb45-42b1-a7ec-de6ca0e1c23a'
2026-02-10 18:52:52.370 INFO  [ main -> org.tasktide.itemstore.mutex.strategy.ElectionStrategy.waitUntilLeader ]: Recasting ballot:	'483588d0-7fe9-4775-bce7-6891cd0f7f9f'
2026-02-10 18:52:52.455 INFO  [ main -> org.tasktide.itemstore.mutex.strategy.ElectionStrategy.evaluateLeaderTtl ]: Leader passed TTL check-in:	'/mnt/c/Users/Brendan Kenna/GitHub/TaskTide/tasktide/itemstore/ItemStore-Mutex/Queue/1770749562200.127-0-1-1_f62617b9-1f9f-4aa1-b9af-dc6687dc2119_b006ad59-b0e3-476a-9481-b2d06ae7d425.lock'
2026-02-10 18:52:52.456 INFO  [ main -> org.tasktide.itemstore.mutex.strategy.ElectionStrategy.waitUntilLeader ]: Resetting predecessor:	'f42cea71-10b1-4a44-a74a-e91c395bd881'
2026-02-10 18:52:52.565 INFO  [ main -> org.tasktide.itemstore.mutex.strategy.ElectionStrategy.waitUntilLeader ]: Recasting ballot:	'84139ab3-ec85-4a3d-8bf5-4114599bb2c2'
2026-02-10 18:52:52.625 WARN  [ main -> org.tasktide.itemstore.mutex.strategy.ElectionStrategy.evaluateLeaderTtl ]: Removing below stale leader status:	'true'

'/mnt/c/Users/Brendan Kenna/GitHub/TaskTide/tasktide/itemstore/ItemStore-Mutex/Queue/1770749562200.127-0-1-1_f62617b9-1f9f-4aa1-b9af-dc6687dc2119_b006ad59-b0e3-476a-9481-b2d06ae7d425.lock'
2026-02-10 18:52:52.646 INFO  [ main -> org.tasktide.itemstore.mutex.strategy.ElectionStrategy.evaluateLeaderTtl ]: Leader passed TTL check-in:	'/mnt/c/Users/Brendan Kenna/GitHub/TaskTide/tasktide/itemstore/ItemStore-Mutex/Queue/1770749564870.127-0-1-1_40954ea3-608b-4aec-90b6-ef51319402b4_e351766b-fc4b-4e3c-a389-c02e7681ec2f.lock'
2026-02-10 18:52:52.647 INFO  [ main -> org.tasktide.itemstore.mutex.strategy.ElectionStrategy.waitUntilLeader ]: Resetting predecessor:	'170d974b-cb45-42b1-a7ec-de6ca0e1c23a'
2026-02-10 18:52:52.697 INFO  [ main -> org.tasktide.itemstore.mutex.orchestrator.MutexOrchestrator.tryAcquireUntilSuccess ]: Process-1303 Completed with counter value:	'0'
2026-02-10 18:52:52.698 INFO  [ main -> org.tasktide.itemstore.mutex.orchestrator.MutexOrchestrator.tryAcquireUntilSuccess ]: Process-1303 Loop terminating with done = 'true', and counter = '0'
2026-02-10 18:52:52.710 INFO  [ main -> org.tasktide.itemstore.mutex.LockActionReleaseApp.main ]: APP-Writing '14' to data file:	'/mnt/c/Users/Brendan Kenna/GitHub/TaskTide/tasktide/itemstore/ItemStore-Mutex/multi-process.txt'
2026-02-10 18:52:52.719 INFO  [ main -> org.tasktide.itemstore.mutex.LockActionReleaseApp.main ]: APP-Record written, releasing lock
2026-02-10 18:52:52.720 INFO  [ main -> org.tasktide.itemstore.mutex.orchestrator.MutexOrchestrator.releaseLock ]: Releasing active lock
2026-02-10 18:52:52.721 INFO  [ main -> org.tasktide.itemstore.mutex.orchestrator.MutexOrchestrator.releaseActiveLock ]: Releasing FileChannel mutex
2026-02-10 18:52:52.782 INFO  [ main -> org.tasktide.itemstore.mutex.strategy.ElectionStrategy.evaluateLeaderTtl ]: Leader passed TTL check-in:	'/mnt/c/Users/Brendan Kenna/GitHub/TaskTide/tasktide/itemstore/ItemStore-Mutex/Queue/1770749564870.127-0-1-1_40954ea3-608b-4aec-90b6-ef51319402b4_e351766b-fc4b-4e3c-a389-c02e7681ec2f.lock'
2026-02-10 18:52:52.784 INFO  [ main -> org.tasktide.itemstore.mutex.strategy.ElectionStrategy.waitUntilLeader ]: Resetting predecessor:	'f42cea71-10b1-4a44-a74a-e91c395bd881'
2026-02-10 18:52:52.975 INFO  [ main -> org.tasktide.itemstore.mutex.strategy.ElectionStrategy.evaluateLeaderTtl ]: Leader passed TTL check-in:	'/mnt/c/Users/Brendan Kenna/GitHub/TaskTide/tasktide/itemstore/ItemStore-Mutex/Queue/1770749564870.127-0-1-1_40954ea3-608b-4aec-90b6-ef51319402b4_e351766b-fc4b-4e3c-a389-c02e7681ec2f.lock'
2026-02-10 18:52:52.977 INFO  [ main -> org.tasktide.itemstore.mutex.strategy.ElectionStrategy.waitUntilLeader ]: Resetting predecessor:	'170d974b-cb45-42b1-a7ec-de6ca0e1c23a'
2026-02-10 18:52:52.991 INFO  [ main -> org.tasktide.itemstore.mutex.strategy.ElectionStrategy.evaluateLeaderTtl ]: Leader passed TTL check-in:	'/mnt/c/Users/Brendan Kenna/GitHub/TaskTide/tasktide/itemstore/ItemStore-Mutex/Queue/1770749564870.127-0-1-1_40954ea3-608b-4aec-90b6-ef51319402b4_e351766b-fc4b-4e3c-a389-c02e7681ec2f.lock'
2026-02-10 18:52:52.993 INFO  [ main -> org.tasktide.itemstore.mutex.strategy.ElectionStrategy.waitUntilLeader ]: Resetting predecessor:	'9d71699a-e581-48d2-8862-f97290590aec'
2026-02-10 18:52:53.068 INFO  [ main -> org.tasktide.itemstore.mutex.strategy.ElectionStrategy.waitUntilLeader ]: Leadership acquired:	'8c35da5e-40ce-4683-adfe-e996f42d46f8'
2026-02-10 18:52:53.069 INFO  [ main -> org.tasktide.itemstore.mutex.strategy.ElectionStrategy.waitUntilLeader ]: Verifying leadership:	'8c35da5e-40ce-4683-adfe-e996f42d46f8'
2026-02-10 18:52:53.132 WARN  [ main -> org.tasktide.itemstore.FileUtility.dropFile ]: Warning provided path does not exist, unable to delete:
'/mnt/c/Users/Brendan Kenna/GitHub/TaskTide/tasktide/itemstore/ItemStore-Mutex/Host-Lock/1770749502613.127-0-1-1_f62617b9-1f9f-4aa1-b9af-dc6687dc2119.lock'

2026-02-10 18:52:53.228 INFO  [ main -> org.tasktide.itemstore.mutex.strategy.ElectionStrategy.waitUntilLeader ]: Recasting ballot:	'170d974b-cb45-42b1-a7ec-de6ca0e1c23a'
2026-02-10 18:52:53.251 INFO  [ main -> org.tasktide.itemstore.mutex.strategy.ElectionStrategy.evaluateLeaderTtl ]: Leader passed TTL check-in:	'/mnt/c/Users/Brendan Kenna/GitHub/TaskTide/tasktide/itemstore/ItemStore-Mutex/Queue/1770749564870.127-0-1-1_40954ea3-608b-4aec-90b6-ef51319402b4_e351766b-fc4b-4e3c-a389-c02e7681ec2f.lock'
2026-02-10 18:52:53.252 INFO  [ main -> org.tasktide.itemstore.mutex.strategy.ElectionStrategy.waitUntilLeader ]: Resetting predecessor:	'f42cea71-10b1-4a44-a74a-e91c395bd881'
2026-02-10 18:52:53.136 WARN  [ main -> org.tasktide.itemstore.FileUtility.dropFile ]: Warning could not delete target file, displaying error:	'/mnt/c/Users/Brendan Kenna/GitHub/TaskTide/tasktide/itemstore/ItemStore-Mutex/Host-Lock/1770749502613.127-0-1-1_f62617b9-1f9f-4aa1-b9af-dc6687dc2119.lock'
java.nio.file.NoSuchFileException: /mnt/c/Users/Brendan Kenna/GitHub/TaskTide/tasktide/itemstore/ItemStore-Mutex/Host-Lock/1770749502613.127-0-1-1_f62617b9-1f9f-4aa1-b9af-dc6687dc2119.lock
	at sun.nio.fs.UnixException.translateToIOException(UnixException.java:92) ~[?:?]
	at sun.nio.fs.UnixException.rethrowAsIOException(UnixException.java:106) ~[?:?]
	at sun.nio.fs.UnixException.rethrowAsIOException(UnixException.java:111) ~[?:?]
	at sun.nio.fs.UnixFileSystemProvider.implDelete(UnixFileSystemProvider.java:248) ~[?:?]
	at sun.nio.fs.AbstractFileSystemProvider.delete(AbstractFileSystemProvider.java:105) ~[?:?]
	at java.nio.file.Files.delete(Files.java:1152) ~[?:?]
	at org.tasktide.itemstore.FileUtility.dropFile(FileUtility.java:132) [main/:?]
	at org.tasktide.itemstore.mutex.strategy.FileChannelStrategy.release(FileChannelStrategy.java:126) [main/:?]
	at org.tasktide.itemstore.mutex.FileChannelMutex.release(FileChannelMutex.java:176) [main/:?]
	at org.tasktide.itemstore.mutex.orchestrator.MutexOrchestrator.releaseActiveLock(MutexOrchestrator.java:290) [main/:?]
	at org.tasktide.itemstore.mutex.orchestrator.MutexOrchestrator.releaseLock(MutexOrchestrator.java:276) [main/:?]
	at org.tasktide.itemstore.mutex.LockActionReleaseApp.main(LockActionReleaseApp.java:109) [test/:?]
2026-02-10 18:52:53.286 INFO  [ main -> org.tasktide.itemstore.mutex.strategy.ElectionStrategy.evaluateLeaderTtl ]: Leader passed TTL check-in:	'/mnt/c/Users/Brendan Kenna/GitHub/TaskTide/tasktide/itemstore/ItemStore-Mutex/Queue/1770749564870.127-0-1-1_40954ea3-608b-4aec-90b6-ef51319402b4_e351766b-fc4b-4e3c-a389-c02e7681ec2f.lock'
2026-02-10 18:52:53.287 INFO  [ main -> org.tasktide.itemstore.mutex.strategy.ElectionStrategy.waitUntilLeader ]: Resetting predecessor:	'9d71699a-e581-48d2-8862-f97290590aec'
2026-02-10 18:52:53.325 INFO  [ main -> org.tasktide.itemstore.mutex.orchestrator.MutexOrchestrator.releaseActiveLock ]: Releasing NFS mutex:
'{
    "Election File": "/mnt/c/Users/Brendan Kenna/GitHub/TaskTide/tasktide/itemstore/ItemStore-Mutex/Queue/1770749562200.127-0-1-1_f62617b9-1f9f-4aa1-b9af-dc6687dc2119_b006ad59-b0e3-476a-9481-b2d06ae7d425.lock",
    "End Jitter": "PT0.426S",
    "Host File": "/mnt/c/Users/Brendan Kenna/GitHub/TaskTide/tasktide/itemstore/ItemStore-Mutex/Host-Lock/1770749502613.127-0-1-1_f62617b9-1f9f-4aa1-b9af-dc6687dc2119.lock",
    "Id": "10adb96e-4ae0-455c-b13f-f0612a4ebee3",
    "Lock Dir": "/mnt/c/Users/Brendan Kenna/GitHub/TaskTide/tasktide/itemstore/ItemStore-Mutex",
    "Lock File": "/mnt/c/Users/Brendan Kenna/GitHub/TaskTide/tasktide/itemstore/ItemStore-Mutex/lock-file.lock",
    "Mutex State": "LOCKED",
    "Retry Interval": "PT0.042S",
    "Stale File Threshold": "PT10S",
    "Start Jitter": "PT0.403S",
    "Timestamp": 1770749562200
}'
2026-02-10 18:52:53.334 INFO  [ main -> org.tasktide.itemstore.mutex.LockActionReleaseApp.main ]: APP-Lock released, test complete
2026-02-10 18:52:53.517 INFO  [ main -> org.tasktide.itemstore.mutex.strategy.ElectionStrategy.waitUntilLeader ]: Leadership verified:	'8c35da5e-40ce-4683-adfe-e996f42d46f8'
2026-02-10 18:52:53.518 DEBUG [ main -> org.tasktide.itemstore.mutex.strategy.ElectionStrategy.apply ]: Active leader with Id:	'8c35da5e-40ce-4683-adfe-e996f42d46f8'
2026-02-10 18:52:53.519 DEBUG [ main -> org.tasktide.itemstore.mutex.strategy.ElectionStrategy.apply ]: State set, writing mutex for:	'8c35da5e-40ce-4683-adfe-e996f42d46f8'
2026-02-10 18:52:53.543 WARN  [ main -> org.tasktide.itemstore.mutex.strategy.ElectionStrategy.evaluateLeaderTtl ]: Error verifiying leader TTL:	'/mnt/c/Users/Brendan Kenna/GitHub/TaskTide/tasktide/itemstore/ItemStore-Mutex/Queue/1770749564870.127-0-1-1_40954ea3-608b-4aec-90b6-ef51319402b4_e351766b-fc4b-4e3c-a389-c02e7681ec2f.lock'
'java.util.NoSuchElementException: No value present'
2026-02-10 18:52:53.574 INFO  [ main -> org.tasktide.itemstore.mutex.strategy.ElectionStrategy.evaluateLeaderTtl ]: Leader passed TTL check-in:	'/mnt/c/Users/Brendan Kenna/GitHub/TaskTide/tasktide/itemstore/ItemStore-Mutex/Queue/1770749567466.127-0-1-1_319bdbaa-3b5c-4de3-ad5c-13faaa950bcc_719e9ab7-23fd-42bf-8f7c-988d795cfe5f.lock'
2026-02-10 18:52:53.575 INFO  [ main -> org.tasktide.itemstore.mutex.strategy.ElectionStrategy.waitUntilLeader ]: Resetting predecessor:	'bf4185b2-c54b-4264-98a6-f98c39ffd431'
2026-02-10 18:52:53.598 DEBUG [ main -> org.tasktide.itemstore.mutex.strategy.ElectionStrategy.apply ]: Mutex written for:	'8c35da5e-40ce-4683-adfe-e996f42d46f8'
2026-02-10 18:52:53.664 INFO  [ main -> org.tasktide.itemstore.mutex.orchestrator.MutexOrchestrator.performLock ]: NFS Lock acquired for:	'8c35da5e-40ce-4683-adfe-e996f42d46f8'
2026-02-10 18:52:53.666 INFO  [ main -> org.tasktide.itemstore.mutex.orchestrator.MutexOrchestrator.performLock ]: Confirming leadership:	'8c35da5e-40ce-4683-adfe-e996f42d46f8'
2026-02-10 18:52:53.710 INFO  [ main -> org.tasktide.itemstore.mutex.strategy.ElectionStrategy.evaluateLeaderTtl ]: Leader passed TTL check-in:	'/mnt/c/Users/Brendan Kenna/GitHub/TaskTide/tasktide/itemstore/ItemStore-Mutex/Queue/1770749564870.127-0-1-1_40954ea3-608b-4aec-90b6-ef51319402b4_e351766b-fc4b-4e3c-a389-c02e7681ec2f.lock'
2026-02-10 18:52:53.711 INFO  [ main -> org.tasktide.itemstore.mutex.strategy.ElectionStrategy.waitUntilLeader ]: Resetting predecessor:	'ccb8b854-2152-4678-a447-d256dba97b12'
2026-02-10 18:52:53.711 INFO  [ main -> org.tasktide.itemstore.mutex.strategy.ElectionStrategy.evaluateLeaderTtl ]: Leader passed TTL check-in:	'/mnt/c/Users/Brendan Kenna/GitHub/TaskTide/tasktide/itemstore/ItemStore-Mutex/Queue/1770749564870.127-0-1-1_40954ea3-608b-4aec-90b6-ef51319402b4_e351766b-fc4b-4e3c-a389-c02e7681ec2f.lock'
2026-02-10 18:52:53.712 INFO  [ main -> org.tasktide.itemstore.mutex.strategy.ElectionStrategy.waitUntilLeader ]: Resetting predecessor:	'9d71699a-e581-48d2-8862-f97290590aec'
2026-02-10 18:52:53.877 INFO  [ main -> org.tasktide.itemstore.mutex.strategy.ElectionStrategy.evaluateLeaderTtl ]: Leader passed TTL check-in:	'/mnt/c/Users/Brendan Kenna/GitHub/TaskTide/tasktide/itemstore/ItemStore-Mutex/Queue/1770749564870.127-0-1-1_40954ea3-608b-4aec-90b6-ef51319402b4_e351766b-fc4b-4e3c-a389-c02e7681ec2f.lock'
2026-02-10 18:52:53.878 INFO  [ main -> org.tasktide.itemstore.mutex.strategy.ElectionStrategy.waitUntilLeader ]: Resetting predecessor:	'f42cea71-10b1-4a44-a74a-e91c395bd881'
2026-02-10 18:52:54.065 INFO  [ main -> org.tasktide.itemstore.mutex.strategy.ElectionStrategy.evaluateLeaderTtl ]: Leader passed TTL check-in:	'/mnt/c/Users/Brendan Kenna/GitHub/TaskTide/tasktide/itemstore/ItemStore-Mutex/Queue/1770749564870.127-0-1-1_40954ea3-608b-4aec-90b6-ef51319402b4_e351766b-fc4b-4e3c-a389-c02e7681ec2f.lock'
2026-02-10 18:52:54.067 INFO  [ main -> org.tasktide.itemstore.mutex.strategy.ElectionStrategy.waitUntilLeader ]: Resetting predecessor:	'9d71699a-e581-48d2-8862-f97290590aec'
2026-02-10 18:52:54.238 INFO  [ main -> org.tasktide.itemstore.mutex.strategy.ElectionStrategy.evaluateLeaderTtl ]: Leader passed TTL check-in:	'/mnt/c/Users/Brendan Kenna/GitHub/TaskTide/tasktide/itemstore/ItemStore-Mutex/Queue/1770749564870.127-0-1-1_40954ea3-608b-4aec-90b6-ef51319402b4_e351766b-fc4b-4e3c-a389-c02e7681ec2f.lock'
2026-02-10 18:52:54.239 INFO  [ main -> org.tasktide.itemstore.mutex.strategy.ElectionStrategy.waitUntilLeader ]: Resetting predecessor:	'ccb8b854-2152-4678-a447-d256dba97b12'
2026-02-10 18:52:54.283 INFO  [ main -> org.tasktide.itemstore.mutex.strategy.ElectionStrategy.evaluateLeaderTtl ]: Leader passed TTL check-in:	'/mnt/c/Users/Brendan Kenna/GitHub/TaskTide/tasktide/itemstore/ItemStore-Mutex/Queue/1770749564870.127-0-1-1_40954ea3-608b-4aec-90b6-ef51319402b4_e351766b-fc4b-4e3c-a389-c02e7681ec2f.lock'
2026-02-10 18:52:54.285 INFO  [ main -> org.tasktide.itemstore.mutex.strategy.ElectionStrategy.waitUntilLeader ]: Resetting predecessor:	'f42cea71-10b1-4a44-a74a-e91c395bd881'
2026-02-10 18:52:54.323 INFO  [ main -> org.tasktide.itemstore.mutex.strategy.ElectionStrategy.waitUntilLeader ]: Recasting ballot:	'f255fe3b-128a-4f3a-b02e-0d9de0ef33d1'
2026-02-10 18:52:54.475 INFO  [ main -> org.tasktide.itemstore.mutex.strategy.ElectionStrategy.evaluateLeaderTtl ]: Leader passed TTL check-in:	'/mnt/c/Users/Brendan Kenna/GitHub/TaskTide/tasktide/itemstore/ItemStore-Mutex/Queue/1770749564870.127-0-1-1_40954ea3-608b-4aec-90b6-ef51319402b4_e351766b-fc4b-4e3c-a389-c02e7681ec2f.lock'
2026-02-10 18:52:54.476 INFO  [ main -> org.tasktide.itemstore.mutex.strategy.ElectionStrategy.waitUntilLeader ]: Resetting predecessor:	'9d71699a-e581-48d2-8862-f97290590aec'
2026-02-10 18:52:54.531 INFO  [ main -> org.tasktide.itemstore.mutex.strategy.ElectionStrategy.waitUntilLeader ]: Recasting ballot:	'f84a2ff0-75a1-4442-b74e-014d8f3ffed2'
2026-02-10 18:52:54.576 INFO  [ main -> org.tasktide.itemstore.mutex.orchestrator.MutexOrchestrator.confirmLeader ]: Leadership confirmed:	'8c35da5e-40ce-4683-adfe-e996f42d46f8'
2026-02-10 18:52:54.577 INFO  [ main -> org.tasktide.itemstore.mutex.orchestrator.MutexOrchestrator.performLock ]: Leadership confirmed:	'8c35da5e-40ce-4683-adfe-e996f42d46f8'
2026-02-10 18:52:54.578 INFO  [ main -> org.tasktide.itemstore.mutex.orchestrator.MutexOrchestrator.performLock ]: Waiting for FileChannel lock for:	'8c35da5e-40ce-4683-adfe-e996f42d46f8'
2026-02-10 18:52:54.708 INFO  [ main -> org.tasktide.itemstore.mutex.strategy.ElectionStrategy.evaluateLeaderTtl ]: Leader passed TTL check-in:	'/mnt/c/Users/Brendan Kenna/GitHub/TaskTide/tasktide/itemstore/ItemStore-Mutex/Queue/1770749564870.127-0-1-1_40954ea3-608b-4aec-90b6-ef51319402b4_e351766b-fc4b-4e3c-a389-c02e7681ec2f.lock'
2026-02-10 18:52:54.710 INFO  [ main -> org.tasktide.itemstore.mutex.strategy.ElectionStrategy.waitUntilLeader ]: Resetting predecessor:	'ccb8b854-2152-4678-a447-d256dba97b12'
2026-02-10 18:52:54.717 INFO  [ main -> org.tasktide.itemstore.mutex.strategy.ElectionStrategy.evaluateLeaderTtl ]: Leader passed TTL check-in:	'/mnt/c/Users/Brendan Kenna/GitHub/TaskTide/tasktide/itemstore/ItemStore-Mutex/Queue/1770749564870.127-0-1-1_40954ea3-608b-4aec-90b6-ef51319402b4_e351766b-fc4b-4e3c-a389-c02e7681ec2f.lock'
2026-02-10 18:52:54.719 INFO  [ main -> org.tasktide.itemstore.mutex.strategy.ElectionStrategy.waitUntilLeader ]: Resetting predecessor:	'9d71699a-e581-48d2-8862-f97290590aec'
2026-02-10 18:52:54.746 INFO  [ main -> org.tasktide.itemstore.mutex.strategy.ElectionStrategy.evaluateLeaderTtl ]: Leader passed TTL check-in:	'/mnt/c/Users/Brendan Kenna/GitHub/TaskTide/tasktide/itemstore/ItemStore-Mutex/Queue/1770749564870.127-0-1-1_40954ea3-608b-4aec-90b6-ef51319402b4_e351766b-fc4b-4e3c-a389-c02e7681ec2f.lock'
2026-02-10 18:52:54.747 INFO  [ main -> org.tasktide.itemstore.mutex.strategy.ElectionStrategy.waitUntilLeader ]: Resetting predecessor:	'f42cea71-10b1-4a44-a74a-e91c395bd881'
2026-02-10 18:52:55.034 INFO  [ main -> org.tasktide.itemstore.mutex.strategy.ElectionStrategy.waitUntilLeader ]: Recasting ballot:	'31cdf384-541d-4cc9-8496-fce1088b0ae8'
2026-02-10 18:52:55.037 INFO  [ main -> org.tasktide.itemstore.mutex.strategy.ElectionStrategy.evaluateLeaderTtl ]: Leader passed TTL check-in:	'/mnt/c/Users/Brendan Kenna/GitHub/TaskTide/tasktide/itemstore/ItemStore-Mutex/Queue/1770749564870.127-0-1-1_40954ea3-608b-4aec-90b6-ef51319402b4_e351766b-fc4b-4e3c-a389-c02e7681ec2f.lock'
2026-02-10 18:52:55.038 INFO  [ main -> org.tasktide.itemstore.mutex.strategy.ElectionStrategy.waitUntilLeader ]: Resetting predecessor:	'f42cea71-10b1-4a44-a74a-e91c395bd881'
2026-02-10 18:52:55.133 INFO  [ main -> org.tasktide.itemstore.mutex.strategy.ElectionStrategy.waitUntilLeader ]: Recasting ballot:	'9d71699a-e581-48d2-8862-f97290590aec'
2026-02-10 18:52:55.136 INFO  [ main -> org.tasktide.itemstore.mutex.strategy.ElectionStrategy.evaluateLeaderTtl ]: Leader passed TTL check-in:	'/mnt/c/Users/Brendan Kenna/GitHub/TaskTide/tasktide/itemstore/ItemStore-Mutex/Queue/1770749564870.127-0-1-1_40954ea3-608b-4aec-90b6-ef51319402b4_e351766b-fc4b-4e3c-a389-c02e7681ec2f.lock'
2026-02-10 18:52:55.138 INFO  [ main -> org.tasktide.itemstore.mutex.strategy.ElectionStrategy.waitUntilLeader ]: Resetting predecessor:	'ccb8b854-2152-4678-a447-d256dba97b12'
2026-02-10 18:52:55.415 WARN  [ main -> org.tasktide.itemstore.mutex.strategy.ElectionStrategy.evaluateLeaderTtl ]: Removing below stale leader status:	'true'

'/mnt/c/Users/Brendan Kenna/GitHub/TaskTide/tasktide/itemstore/ItemStore-Mutex/Queue/1770749564870.127-0-1-1_40954ea3-608b-4aec-90b6-ef51319402b4_e351766b-fc4b-4e3c-a389-c02e7681ec2f.lock'
2026-02-10 18:52:55.468 INFO  [ main -> org.tasktide.itemstore.mutex.strategy.ElectionStrategy.evaluateLeaderTtl ]: Leader passed TTL check-in:	'/mnt/c/Users/Brendan Kenna/GitHub/TaskTide/tasktide/itemstore/ItemStore-Mutex/Queue/1770749567466.127-0-1-1_319bdbaa-3b5c-4de3-ad5c-13faaa950bcc_719e9ab7-23fd-42bf-8f7c-988d795cfe5f.lock'
2026-02-10 18:52:55.469 INFO  [ main -> org.tasktide.itemstore.mutex.strategy.ElectionStrategy.evaluateLeaderTtl ]: Leader passed TTL check-in:	'/mnt/c/Users/Brendan Kenna/GitHub/TaskTide/tasktide/itemstore/ItemStore-Mutex/Queue/1770749567466.127-0-1-1_319bdbaa-3b5c-4de3-ad5c-13faaa950bcc_719e9ab7-23fd-42bf-8f7c-988d795cfe5f.lock'
2026-02-10 18:52:55.470 INFO  [ main -> org.tasktide.itemstore.mutex.strategy.ElectionStrategy.waitUntilLeader ]: Resetting predecessor:	'a32d8a85-bfe8-4e7f-8b1f-7ea29ca727df'
2026-02-10 18:52:55.470 INFO  [ main -> org.tasktide.itemstore.mutex.strategy.ElectionStrategy.waitUntilLeader ]: Resetting predecessor:	'bf4185b2-c54b-4264-98a6-f98c39ffd431'
2026-02-10 18:52:55.569 INFO  [ main -> org.tasktide.itemstore.mutex.strategy.ElectionStrategy.evaluateLeaderTtl ]: Leader passed TTL check-in:	'/mnt/c/Users/Brendan Kenna/GitHub/TaskTide/tasktide/itemstore/ItemStore-Mutex/Queue/1770749567466.127-0-1-1_319bdbaa-3b5c-4de3-ad5c-13faaa950bcc_719e9ab7-23fd-42bf-8f7c-988d795cfe5f.lock'
2026-02-10 18:52:55.570 INFO  [ main -> org.tasktide.itemstore.mutex.strategy.ElectionStrategy.waitUntilLeader ]: Resetting predecessor:	'ccb8b854-2152-4678-a447-d256dba97b12'
2026-02-10 18:52:55.669 INFO  [ main -> org.tasktide.itemstore.mutex.strategy.ElectionStrategy.waitUntilLeader ]: Recasting ballot:	'84139ab3-ec85-4a3d-8bf5-4114599bb2c2'
2026-02-10 18:52:55.688 INFO  [ main -> org.tasktide.itemstore.mutex.orchestrator.MutexOrchestrator.performLock ]: File Channel Lock acquired for:	'8c35da5e-40ce-4683-adfe-e996f42d46f8'
2026-02-10 18:52:55.689 INFO  [ main -> org.tasktide.itemstore.mutex.orchestrator.MutexOrchestrator.performLock ]: Lock successful for:	'8c35da5e-40ce-4683-adfe-e996f42d46f8'
2026-02-10 18:52:55.812 INFO  [ main -> org.tasktide.itemstore.mutex.strategy.ElectionStrategy.evaluateLeaderTtl ]: Leader passed TTL check-in:	'/mnt/c/Users/Brendan Kenna/GitHub/TaskTide/tasktide/itemstore/ItemStore-Mutex/Queue/1770749567466.127-0-1-1_319bdbaa-3b5c-4de3-ad5c-13faaa950bcc_719e9ab7-23fd-42bf-8f7c-988d795cfe5f.lock'
2026-02-10 18:52:55.814 INFO  [ main -> org.tasktide.itemstore.mutex.strategy.ElectionStrategy.waitUntilLeader ]: Resetting predecessor:	'a32d8a85-bfe8-4e7f-8b1f-7ea29ca727df'
2026-02-10 18:52:55.822 INFO  [ main -> org.tasktide.itemstore.mutex.strategy.ElectionStrategy.waitUntilLeader ]: Leadership acquired:	'f42cea71-10b1-4a44-a74a-e91c395bd881'
2026-02-10 18:52:55.824 INFO  [ main -> org.tasktide.itemstore.mutex.strategy.ElectionStrategy.waitUntilLeader ]: Verifying leadership:	'f42cea71-10b1-4a44-a74a-e91c395bd881'
2026-02-10 18:52:55.845 INFO  [ main -> org.tasktide.itemstore.mutex.strategy.ElectionStrategy.evaluateLeaderTtl ]: Leader passed TTL check-in:	'/mnt/c/Users/Brendan Kenna/GitHub/TaskTide/tasktide/itemstore/ItemStore-Mutex/Queue/1770749567466.127-0-1-1_319bdbaa-3b5c-4de3-ad5c-13faaa950bcc_719e9ab7-23fd-42bf-8f7c-988d795cfe5f.lock'
2026-02-10 18:52:55.847 INFO  [ main -> org.tasktide.itemstore.mutex.strategy.ElectionStrategy.waitUntilLeader ]: Resetting predecessor:	'bf4185b2-c54b-4264-98a6-f98c39ffd431'
2026-02-10 18:52:56.151 INFO  [ main -> org.tasktide.itemstore.mutex.strategy.ElectionStrategy.waitUntilLeader ]: Leadership verified:	'f42cea71-10b1-4a44-a74a-e91c395bd881'
2026-02-10 18:52:56.162 DEBUG [ main -> org.tasktide.itemstore.mutex.strategy.ElectionStrategy.apply ]: Active leader with Id:	'f42cea71-10b1-4a44-a74a-e91c395bd881'
2026-02-10 18:52:56.165 DEBUG [ main -> org.tasktide.itemstore.mutex.strategy.ElectionStrategy.apply ]: State set, writing mutex for:	'f42cea71-10b1-4a44-a74a-e91c395bd881'
2026-02-10 18:52:56.167 INFO  [ main -> org.tasktide.itemstore.mutex.strategy.ElectionStrategy.evaluateLeaderTtl ]: Leader passed TTL check-in:	'/mnt/c/Users/Brendan Kenna/GitHub/TaskTide/tasktide/itemstore/ItemStore-Mutex/Queue/1770749567466.127-0-1-1_319bdbaa-3b5c-4de3-ad5c-13faaa950bcc_719e9ab7-23fd-42bf-8f7c-988d795cfe5f.lock'
2026-02-10 18:52:56.172 INFO  [ main -> org.tasktide.itemstore.mutex.strategy.ElectionStrategy.waitUntilLeader ]: Resetting predecessor:	'ccb8b854-2152-4678-a447-d256dba97b12'
2026-02-10 18:52:56.251 INFO  [ main -> org.tasktide.itemstore.mutex.strategy.ElectionStrategy.evaluateLeaderTtl ]: Leader passed TTL check-in:	'/mnt/c/Users/Brendan Kenna/GitHub/TaskTide/tasktide/itemstore/ItemStore-Mutex/Queue/1770749568772.127-0-1-1_17c7873b-ab53-4f37-877b-eda907c02f1f_ccb8b854-2152-4678-a447-d256dba97b12.lock'
2026-02-10 18:52:56.255 INFO  [ main -> org.tasktide.itemstore.mutex.strategy.ElectionStrategy.waitUntilLeader ]: Resetting predecessor:	'a32d8a85-bfe8-4e7f-8b1f-7ea29ca727df'
2026-02-10 18:52:56.272 INFO  [ main -> org.tasktide.itemstore.mutex.strategy.ElectionStrategy.evaluateLeaderTtl ]: Leader passed TTL check-in:	'/mnt/c/Users/Brendan Kenna/GitHub/TaskTide/tasktide/itemstore/ItemStore-Mutex/Queue/1770749568772.127-0-1-1_17c7873b-ab53-4f37-877b-eda907c02f1f_ccb8b854-2152-4678-a447-d256dba97b12.lock'
2026-02-10 18:52:56.275 INFO  [ main -> org.tasktide.itemstore.mutex.strategy.ElectionStrategy.waitUntilLeader ]: Resetting predecessor:	'bf4185b2-c54b-4264-98a6-f98c39ffd431'
2026-02-10 18:52:56.288 DEBUG [ main -> org.tasktide.itemstore.mutex.strategy.ElectionStrategy.apply ]: Mutex written for:	'f42cea71-10b1-4a44-a74a-e91c395bd881'
2026-02-10 18:52:56.328 INFO  [ main -> org.tasktide.itemstore.mutex.orchestrator.MutexOrchestrator.performLock ]: NFS Lock acquired for:	'f42cea71-10b1-4a44-a74a-e91c395bd881'
2026-02-10 18:52:56.329 INFO  [ main -> org.tasktide.itemstore.mutex.orchestrator.MutexOrchestrator.performLock ]: Confirming leadership:	'f42cea71-10b1-4a44-a74a-e91c395bd881'
2026-02-10 18:52:56.438 INFO  [ main -> org.tasktide.itemstore.mutex.orchestrator.MutexOrchestrator.tryAcquireUntilSuccess ]: Process-1206 Completed with counter value:	'0'
2026-02-10 18:52:56.439 INFO  [ main -> org.tasktide.itemstore.mutex.orchestrator.MutexOrchestrator.tryAcquireUntilSuccess ]: Process-1206 Loop terminating with done = 'true', and counter = '0'
2026-02-10 18:52:56.448 INFO  [ main -> org.tasktide.itemstore.mutex.LockActionReleaseApp.main ]: APP-Writing '15' to data file:	'/mnt/c/Users/Brendan Kenna/GitHub/TaskTide/tasktide/itemstore/ItemStore-Mutex/multi-process.txt'
2026-02-10 18:52:56.456 INFO  [ main -> org.tasktide.itemstore.mutex.LockActionReleaseApp.main ]: APP-Record written, releasing lock
2026-02-10 18:52:56.458 INFO  [ main -> org.tasktide.itemstore.mutex.orchestrator.MutexOrchestrator.releaseLock ]: Releasing active lock
2026-02-10 18:52:56.459 INFO  [ main -> org.tasktide.itemstore.mutex.orchestrator.MutexOrchestrator.releaseActiveLock ]: Releasing FileChannel mutex
2026-02-10 18:52:56.601 INFO  [ main -> org.tasktide.itemstore.mutex.strategy.ElectionStrategy.evaluateLeaderTtl ]: Leader passed TTL check-in:	'/mnt/c/Users/Brendan Kenna/GitHub/TaskTide/tasktide/itemstore/ItemStore-Mutex/Queue/1770749567466.127-0-1-1_319bdbaa-3b5c-4de3-ad5c-13faaa950bcc_719e9ab7-23fd-42bf-8f7c-988d795cfe5f.lock'
2026-02-10 18:52:56.602 INFO  [ main -> org.tasktide.itemstore.mutex.strategy.ElectionStrategy.waitUntilLeader ]: Resetting predecessor:	'a32d8a85-bfe8-4e7f-8b1f-7ea29ca727df'
2026-02-10 18:52:56.609 INFO  [ main -> org.tasktide.itemstore.mutex.strategy.ElectionStrategy.evaluateLeaderTtl ]: Leader passed TTL check-in:	'/mnt/c/Users/Brendan Kenna/GitHub/TaskTide/tasktide/itemstore/ItemStore-Mutex/Queue/1770749567466.127-0-1-1_319bdbaa-3b5c-4de3-ad5c-13faaa950bcc_719e9ab7-23fd-42bf-8f7c-988d795cfe5f.lock'
2026-02-10 18:52:56.610 INFO  [ main -> org.tasktide.itemstore.mutex.strategy.ElectionStrategy.waitUntilLeader ]: Resetting predecessor:	'bf4185b2-c54b-4264-98a6-f98c39ffd431'
2026-02-10 18:52:56.623 INFO  [ main -> org.tasktide.itemstore.mutex.strategy.ElectionStrategy.evaluateLeaderTtl ]: Leader passed TTL check-in:	'/mnt/c/Users/Brendan Kenna/GitHub/TaskTide/tasktide/itemstore/ItemStore-Mutex/Queue/1770749567466.127-0-1-1_319bdbaa-3b5c-4de3-ad5c-13faaa950bcc_719e9ab7-23fd-42bf-8f7c-988d795cfe5f.lock'
2026-02-10 18:52:56.624 INFO  [ main -> org.tasktide.itemstore.mutex.strategy.ElectionStrategy.waitUntilLeader ]: Resetting predecessor:	'ccb8b854-2152-4678-a447-d256dba97b12'
2026-02-10 18:52:56.874 WARN  [ main -> org.tasktide.itemstore.FileUtility.dropFile ]: Warning provided path does not exist, unable to delete:
'/mnt/c/Users/Brendan Kenna/GitHub/TaskTide/tasktide/itemstore/ItemStore-Mutex/Host-Lock/1770749502651.127-0-1-1_40954ea3-608b-4aec-90b6-ef51319402b4.lock'

2026-02-10 18:52:56.941 INFO  [ main -> org.tasktide.itemstore.mutex.orchestrator.MutexOrchestrator.confirmLeader ]: Leadership confirmed:	'f42cea71-10b1-4a44-a74a-e91c395bd881'
2026-02-10 18:52:56.944 INFO  [ main -> org.tasktide.itemstore.mutex.orchestrator.MutexOrchestrator.performLock ]: Leadership confirmed:	'f42cea71-10b1-4a44-a74a-e91c395bd881'
2026-02-10 18:52:56.945 INFO  [ main -> org.tasktide.itemstore.mutex.orchestrator.MutexOrchestrator.performLock ]: Waiting for FileChannel lock for:	'f42cea71-10b1-4a44-a74a-e91c395bd881'
2026-02-10 18:52:56.951 INFO  [ main -> org.tasktide.itemstore.mutex.strategy.ElectionStrategy.evaluateLeaderTtl ]: Leader passed TTL check-in:	'/mnt/c/Users/Brendan Kenna/GitHub/TaskTide/tasktide/itemstore/ItemStore-Mutex/Queue/1770749567466.127-0-1-1_319bdbaa-3b5c-4de3-ad5c-13faaa950bcc_719e9ab7-23fd-42bf-8f7c-988d795cfe5f.lock'
2026-02-10 18:52:56.952 INFO  [ main -> org.tasktide.itemstore.mutex.strategy.ElectionStrategy.waitUntilLeader ]: Resetting predecessor:	'a32d8a85-bfe8-4e7f-8b1f-7ea29ca727df'
2026-02-10 18:52:56.958 INFO  [ main -> org.tasktide.itemstore.mutex.strategy.ElectionStrategy.evaluateLeaderTtl ]: Leader passed TTL check-in:	'/mnt/c/Users/Brendan Kenna/GitHub/TaskTide/tasktide/itemstore/ItemStore-Mutex/Queue/1770749567466.127-0-1-1_319bdbaa-3b5c-4de3-ad5c-13faaa950bcc_719e9ab7-23fd-42bf-8f7c-988d795cfe5f.lock'
2026-02-10 18:52:56.959 INFO  [ main -> org.tasktide.itemstore.mutex.strategy.ElectionStrategy.waitUntilLeader ]: Resetting predecessor:	'bf4185b2-c54b-4264-98a6-f98c39ffd431'
2026-02-10 18:52:56.879 WARN  [ main -> org.tasktide.itemstore.FileUtility.dropFile ]: Warning could not delete target file, displaying error:	'/mnt/c/Users/Brendan Kenna/GitHub/TaskTide/tasktide/itemstore/ItemStore-Mutex/Host-Lock/1770749502651.127-0-1-1_40954ea3-608b-4aec-90b6-ef51319402b4.lock'
java.nio.file.NoSuchFileException: /mnt/c/Users/Brendan Kenna/GitHub/TaskTide/tasktide/itemstore/ItemStore-Mutex/Host-Lock/1770749502651.127-0-1-1_40954ea3-608b-4aec-90b6-ef51319402b4.lock
	at sun.nio.fs.UnixException.translateToIOException(UnixException.java:92) ~[?:?]
	at sun.nio.fs.UnixException.rethrowAsIOException(UnixException.java:106) ~[?:?]
	at sun.nio.fs.UnixException.rethrowAsIOException(UnixException.java:111) ~[?:?]
	at sun.nio.fs.UnixFileSystemProvider.implDelete(UnixFileSystemProvider.java:248) ~[?:?]
	at sun.nio.fs.AbstractFileSystemProvider.delete(AbstractFileSystemProvider.java:105) ~[?:?]
	at java.nio.file.Files.delete(Files.java:1152) ~[?:?]
	at org.tasktide.itemstore.FileUtility.dropFile(FileUtility.java:132) [main/:?]
	at org.tasktide.itemstore.mutex.strategy.FileChannelStrategy.release(FileChannelStrategy.java:126) [main/:?]
	at org.tasktide.itemstore.mutex.FileChannelMutex.release(FileChannelMutex.java:176) [main/:?]
	at org.tasktide.itemstore.mutex.orchestrator.MutexOrchestrator.releaseActiveLock(MutexOrchestrator.java:290) [main/:?]
	at org.tasktide.itemstore.mutex.orchestrator.MutexOrchestrator.releaseLock(MutexOrchestrator.java:276) [main/:?]
	at org.tasktide.itemstore.mutex.LockActionReleaseApp.main(LockActionReleaseApp.java:109) [test/:?]
2026-02-10 18:52:57.042 INFO  [ main -> org.tasktide.itemstore.mutex.orchestrator.MutexOrchestrator.releaseActiveLock ]: Releasing NFS mutex:
'{
    "Election File": "/mnt/c/Users/Brendan Kenna/GitHub/TaskTide/tasktide/itemstore/ItemStore-Mutex/Queue/1770749564870.127-0-1-1_40954ea3-608b-4aec-90b6-ef51319402b4_e351766b-fc4b-4e3c-a389-c02e7681ec2f.lock",
    "End Jitter": "PT0.458S",
    "Host File": "/mnt/c/Users/Brendan Kenna/GitHub/TaskTide/tasktide/itemstore/ItemStore-Mutex/Host-Lock/1770749502651.127-0-1-1_40954ea3-608b-4aec-90b6-ef51319402b4.lock",
    "Id": "8c35da5e-40ce-4683-adfe-e996f42d46f8",
    "Lock Dir": "/mnt/c/Users/Brendan Kenna/GitHub/TaskTide/tasktide/itemstore/ItemStore-Mutex",
    "Lock File": "/mnt/c/Users/Brendan Kenna/GitHub/TaskTide/tasktide/itemstore/ItemStore-Mutex/lock-file.lock",
    "Mutex State": "LOCKED",
    "Retry Interval": "PT0.165S",
    "Stale File Threshold": "PT10S",
    "Start Jitter": "PT0.335S",
    "Timestamp": 1770749564870
}'
2026-02-10 18:52:57.049 INFO  [ main -> org.tasktide.itemstore.mutex.LockActionReleaseApp.main ]: APP-Lock released, test complete
2026-02-10 18:52:57.142 INFO  [ main -> org.tasktide.itemstore.mutex.strategy.ElectionStrategy.evaluateLeaderTtl ]: Leader passed TTL check-in:	'/mnt/c/Users/Brendan Kenna/GitHub/TaskTide/tasktide/itemstore/ItemStore-Mutex/Queue/1770749567466.127-0-1-1_319bdbaa-3b5c-4de3-ad5c-13faaa950bcc_719e9ab7-23fd-42bf-8f7c-988d795cfe5f.lock'
2026-02-10 18:52:57.144 INFO  [ main -> org.tasktide.itemstore.mutex.strategy.ElectionStrategy.waitUntilLeader ]: Resetting predecessor:	'ccb8b854-2152-4678-a447-d256dba97b12'
2026-02-10 18:52:57.196 INFO  [ main -> org.tasktide.itemstore.mutex.strategy.ElectionStrategy.waitUntilLeader ]: Recasting ballot:	'f255fe3b-128a-4f3a-b02e-0d9de0ef33d1'
2026-02-10 18:52:57.226 INFO  [ main -> org.tasktide.itemstore.mutex.strategy.ElectionStrategy.waitUntilLeader ]: Recasting ballot:	'938deb26-e10d-4fad-bafc-91d736c83bf3'
2026-02-10 18:52:57.345 INFO  [ main -> org.tasktide.itemstore.mutex.strategy.ElectionStrategy.waitUntilLeader ]: Recasting ballot:	'a32d8a85-bfe8-4e7f-8b1f-7ea29ca727df'
2026-02-10 18:52:57.406 INFO  [ main -> org.tasktide.itemstore.mutex.strategy.ElectionStrategy.evaluateLeaderTtl ]: Leader passed TTL check-in:	'/mnt/c/Users/Brendan Kenna/GitHub/TaskTide/tasktide/itemstore/ItemStore-Mutex/Queue/1770749567466.127-0-1-1_319bdbaa-3b5c-4de3-ad5c-13faaa950bcc_719e9ab7-23fd-42bf-8f7c-988d795cfe5f.lock'
2026-02-10 18:52:57.407 INFO  [ main -> org.tasktide.itemstore.mutex.strategy.ElectionStrategy.waitUntilLeader ]: Resetting predecessor:	'bf4185b2-c54b-4264-98a6-f98c39ffd431'
2026-02-10 18:52:57.717 WARN  [ main -> org.tasktide.itemstore.mutex.strategy.ElectionStrategy.evaluateLeaderTtl ]: Removing below stale leader status:	'true'

'/mnt/c/Users/Brendan Kenna/GitHub/TaskTide/tasktide/itemstore/ItemStore-Mutex/Queue/1770749567466.127-0-1-1_319bdbaa-3b5c-4de3-ad5c-13faaa950bcc_719e9ab7-23fd-42bf-8f7c-988d795cfe5f.lock'
2026-02-10 18:52:57.773 INFO  [ main -> org.tasktide.itemstore.mutex.strategy.ElectionStrategy.evaluateLeaderTtl ]: Leader passed TTL check-in:	'/mnt/c/Users/Brendan Kenna/GitHub/TaskTide/tasktide/itemstore/ItemStore-Mutex/Queue/1770749568772.127-0-1-1_17c7873b-ab53-4f37-877b-eda907c02f1f_ccb8b854-2152-4678-a447-d256dba97b12.lock'
2026-02-10 18:52:57.775 INFO  [ main -> org.tasktide.itemstore.mutex.strategy.ElectionStrategy.waitUntilLeader ]: Resetting predecessor:	'bf4185b2-c54b-4264-98a6-f98c39ffd431'
2026-02-10 18:52:57.826 INFO  [ main -> org.tasktide.itemstore.mutex.strategy.ElectionStrategy.evaluateLeaderTtl ]: Leader passed TTL check-in:	'/mnt/c/Users/Brendan Kenna/GitHub/TaskTide/tasktide/itemstore/ItemStore-Mutex/Queue/1770749568772.127-0-1-1_17c7873b-ab53-4f37-877b-eda907c02f1f_ccb8b854-2152-4678-a447-d256dba97b12.lock'
2026-02-10 18:52:57.828 INFO  [ main -> org.tasktide.itemstore.mutex.strategy.ElectionStrategy.waitUntilLeader ]: Resetting predecessor:	'483588d0-7fe9-4775-bce7-6891cd0f7f9f'
2026-02-10 18:52:57.885 INFO  [ main -> org.tasktide.itemstore.mutex.strategy.ElectionStrategy.evaluateLeaderTtl ]: Leader passed TTL check-in:	'/mnt/c/Users/Brendan Kenna/GitHub/TaskTide/tasktide/itemstore/ItemStore-Mutex/Queue/1770749568772.127-0-1-1_17c7873b-ab53-4f37-877b-eda907c02f1f_ccb8b854-2152-4678-a447-d256dba97b12.lock'
2026-02-10 18:52:57.887 INFO  [ main -> org.tasktide.itemstore.mutex.strategy.ElectionStrategy.waitUntilLeader ]: Resetting predecessor:	'b3eedbe4-228c-4cd7-933a-0f5d9e734380'
2026-02-10 18:52:58.067 INFO  [ main -> org.tasktide.itemstore.mutex.strategy.ElectionStrategy.waitUntilLeader ]: Recasting ballot:	'483588d0-7fe9-4775-bce7-6891cd0f7f9f'
2026-02-10 18:52:58.153 INFO  [ main -> org.tasktide.itemstore.mutex.orchestrator.MutexOrchestrator.performLock ]: File Channel Lock acquired for:	'f42cea71-10b1-4a44-a74a-e91c395bd881'
2026-02-10 18:52:58.155 INFO  [ main -> org.tasktide.itemstore.mutex.orchestrator.MutexOrchestrator.performLock ]: Lock successful for:	'f42cea71-10b1-4a44-a74a-e91c395bd881'
2026-02-10 18:52:58.200 INFO  [ main -> org.tasktide.itemstore.mutex.strategy.ElectionStrategy.waitUntilLeader ]: Leadership acquired:	'ccb8b854-2152-4678-a447-d256dba97b12'
2026-02-10 18:52:58.203 INFO  [ main -> org.tasktide.itemstore.mutex.strategy.ElectionStrategy.waitUntilLeader ]: Verifying leadership:	'ccb8b854-2152-4678-a447-d256dba97b12'
2026-02-10 18:52:58.216 INFO  [ main -> org.tasktide.itemstore.mutex.strategy.ElectionStrategy.waitUntilLeader ]: Recasting ballot:	'bf4185b2-c54b-4264-98a6-f98c39ffd431'
2026-02-10 18:52:58.290 INFO  [ main -> org.tasktide.itemstore.mutex.strategy.ElectionStrategy.evaluateLeaderTtl ]: Leader passed TTL check-in:	'/mnt/c/Users/Brendan Kenna/GitHub/TaskTide/tasktide/itemstore/ItemStore-Mutex/Queue/1770749568772.127-0-1-1_17c7873b-ab53-4f37-877b-eda907c02f1f_ccb8b854-2152-4678-a447-d256dba97b12.lock'
2026-02-10 18:52:58.291 INFO  [ main -> org.tasktide.itemstore.mutex.strategy.ElectionStrategy.waitUntilLeader ]: Resetting predecessor:	'170d974b-cb45-42b1-a7ec-de6ca0e1c23a'
2026-02-10 18:52:58.403 INFO  [ main -> org.tasktide.itemstore.mutex.strategy.ElectionStrategy.evaluateLeaderTtl ]: Leader passed TTL check-in:	'/mnt/c/Users/Brendan Kenna/GitHub/TaskTide/tasktide/itemstore/ItemStore-Mutex/Queue/1770749568772.127-0-1-1_17c7873b-ab53-4f37-877b-eda907c02f1f_ccb8b854-2152-4678-a447-d256dba97b12.lock'
2026-02-10 18:52:58.404 INFO  [ main -> org.tasktide.itemstore.mutex.strategy.ElectionStrategy.waitUntilLeader ]: Resetting predecessor:	'b3eedbe4-228c-4cd7-933a-0f5d9e734380'
2026-02-10 18:52:58.550 INFO  [ main -> org.tasktide.itemstore.mutex.strategy.ElectionStrategy.evaluateLeaderTtl ]: Leader passed TTL check-in:	'/mnt/c/Users/Brendan Kenna/GitHub/TaskTide/tasktide/itemstore/ItemStore-Mutex/Queue/1770749568772.127-0-1-1_17c7873b-ab53-4f37-877b-eda907c02f1f_ccb8b854-2152-4678-a447-d256dba97b12.lock'
2026-02-10 18:52:58.552 INFO  [ main -> org.tasktide.itemstore.mutex.strategy.ElectionStrategy.waitUntilLeader ]: Resetting predecessor:	'f84a2ff0-75a1-4442-b74e-014d8f3ffed2'
2026-02-10 18:52:58.642 INFO  [ main -> org.tasktide.itemstore.mutex.strategy.ElectionStrategy.waitUntilLeader ]: Leadership verified:	'ccb8b854-2152-4678-a447-d256dba97b12'
2026-02-10 18:52:58.645 DEBUG [ main -> org.tasktide.itemstore.mutex.strategy.ElectionStrategy.apply ]: Active leader with Id:	'ccb8b854-2152-4678-a447-d256dba97b12'
2026-02-10 18:52:58.648 DEBUG [ main -> org.tasktide.itemstore.mutex.strategy.ElectionStrategy.apply ]: State set, writing mutex for:	'ccb8b854-2152-4678-a447-d256dba97b12'
2026-02-10 18:52:58.657 INFO  [ main -> org.tasktide.itemstore.mutex.strategy.ElectionStrategy.evaluateLeaderTtl ]: Leader passed TTL check-in:	'/mnt/c/Users/Brendan Kenna/GitHub/TaskTide/tasktide/itemstore/ItemStore-Mutex/Queue/1770749568772.127-0-1-1_17c7873b-ab53-4f37-877b-eda907c02f1f_ccb8b854-2152-4678-a447-d256dba97b12.lock'
2026-02-10 18:52:58.660 INFO  [ main -> org.tasktide.itemstore.mutex.strategy.ElectionStrategy.waitUntilLeader ]: Resetting predecessor:	'170d974b-cb45-42b1-a7ec-de6ca0e1c23a'
2026-02-10 18:52:58.664 INFO  [ main -> org.tasktide.itemstore.mutex.orchestrator.MutexOrchestrator.tryAcquireUntilSuccess ]: Process-1005 Completed with counter value:	'0'
2026-02-10 18:52:58.665 INFO  [ main -> org.tasktide.itemstore.mutex.orchestrator.MutexOrchestrator.tryAcquireUntilSuccess ]: Process-1005 Loop terminating with done = 'true', and counter = '0'
2026-02-10 18:52:58.679 INFO  [ main -> org.tasktide.itemstore.mutex.LockActionReleaseApp.main ]: APP-Writing '16' to data file:	'/mnt/c/Users/Brendan Kenna/GitHub/TaskTide/tasktide/itemstore/ItemStore-Mutex/multi-process.txt'
2026-02-10 18:52:58.687 INFO  [ main -> org.tasktide.itemstore.mutex.LockActionReleaseApp.main ]: APP-Record written, releasing lock
2026-02-10 18:52:58.689 INFO  [ main -> org.tasktide.itemstore.mutex.orchestrator.MutexOrchestrator.releaseLock ]: Releasing active lock
2026-02-10 18:52:58.690 INFO  [ main -> org.tasktide.itemstore.mutex.orchestrator.MutexOrchestrator.releaseActiveLock ]: Releasing FileChannel mutex
2026-02-10 18:52:58.729 DEBUG [ main -> org.tasktide.itemstore.mutex.strategy.ElectionStrategy.apply ]: Mutex written for:	'ccb8b854-2152-4678-a447-d256dba97b12'
2026-02-10 18:52:58.768 INFO  [ main -> org.tasktide.itemstore.mutex.orchestrator.MutexOrchestrator.performLock ]: NFS Lock acquired for:	'ccb8b854-2152-4678-a447-d256dba97b12'
2026-02-10 18:52:58.769 INFO  [ main -> org.tasktide.itemstore.mutex.orchestrator.MutexOrchestrator.performLock ]: Confirming leadership:	'ccb8b854-2152-4678-a447-d256dba97b12'
2026-02-10 18:52:58.814 INFO  [ main -> org.tasktide.itemstore.mutex.strategy.ElectionStrategy.waitUntilLeader ]: Recasting ballot:	'84139ab3-ec85-4a3d-8bf5-4114599bb2c2'
2026-02-10 18:52:58.823 INFO  [ main -> org.tasktide.itemstore.mutex.strategy.ElectionStrategy.evaluateLeaderTtl ]: Leader passed TTL check-in:	'/mnt/c/Users/Brendan Kenna/GitHub/TaskTide/tasktide/itemstore/ItemStore-Mutex/Queue/1770749568772.127-0-1-1_17c7873b-ab53-4f37-877b-eda907c02f1f_ccb8b854-2152-4678-a447-d256dba97b12.lock'
2026-02-10 18:52:58.825 INFO  [ main -> org.tasktide.itemstore.mutex.strategy.ElectionStrategy.waitUntilLeader ]: Resetting predecessor:	'f84a2ff0-75a1-4442-b74e-014d8f3ffed2'
2026-02-10 18:52:58.895 INFO  [ main -> org.tasktide.itemstore.mutex.strategy.ElectionStrategy.evaluateLeaderTtl ]: Leader passed TTL check-in:	'/mnt/c/Users/Brendan Kenna/GitHub/TaskTide/tasktide/itemstore/ItemStore-Mutex/Queue/1770749568772.127-0-1-1_17c7873b-ab53-4f37-877b-eda907c02f1f_ccb8b854-2152-4678-a447-d256dba97b12.lock'
2026-02-10 18:52:58.897 INFO  [ main -> org.tasktide.itemstore.mutex.strategy.ElectionStrategy.waitUntilLeader ]: Resetting predecessor:	'b3eedbe4-228c-4cd7-933a-0f5d9e734380'
2026-02-10 18:52:58.942 INFO  [ main -> org.tasktide.itemstore.mutex.strategy.ElectionStrategy.evaluateLeaderTtl ]: Leader passed TTL check-in:	'/mnt/c/Users/Brendan Kenna/GitHub/TaskTide/tasktide/itemstore/ItemStore-Mutex/Queue/1770749568772.127-0-1-1_17c7873b-ab53-4f37-877b-eda907c02f1f_ccb8b854-2152-4678-a447-d256dba97b12.lock'
2026-02-10 18:52:58.944 INFO  [ main -> org.tasktide.itemstore.mutex.strategy.ElectionStrategy.waitUntilLeader ]: Resetting predecessor:	'170d974b-cb45-42b1-a7ec-de6ca0e1c23a'
2026-02-10 18:52:59.024 INFO  [ main -> org.tasktide.itemstore.mutex.strategy.ElectionStrategy.evaluateLeaderTtl ]: Leader passed TTL check-in:	'/mnt/c/Users/Brendan Kenna/GitHub/TaskTide/tasktide/itemstore/ItemStore-Mutex/Queue/1770749568772.127-0-1-1_17c7873b-ab53-4f37-877b-eda907c02f1f_ccb8b854-2152-4678-a447-d256dba97b12.lock'
2026-02-10 18:52:59.025 INFO  [ main -> org.tasktide.itemstore.mutex.strategy.ElectionStrategy.waitUntilLeader ]: Resetting predecessor:	'f84a2ff0-75a1-4442-b74e-014d8f3ffed2'
2026-02-10 18:52:59.067 INFO  [ main -> org.tasktide.itemstore.mutex.orchestrator.MutexOrchestrator.releaseActiveLock ]: Releasing NFS mutex:
'{
    "Election File": "/mnt/c/Users/Brendan Kenna/GitHub/TaskTide/tasktide/itemstore/ItemStore-Mutex/Queue/1770749567466.127-0-1-1_319bdbaa-3b5c-4de3-ad5c-13faaa950bcc_719e9ab7-23fd-42bf-8f7c-988d795cfe5f.lock",
    "End Jitter": "PT0.492S",
    "Host File": "/mnt/c/Users/Brendan Kenna/GitHub/TaskTide/tasktide/itemstore/ItemStore-Mutex/Host-Lock/1770749502619.127-0-1-1_319bdbaa-3b5c-4de3-ad5c-13faaa950bcc.lock",
    "Id": "f42cea71-10b1-4a44-a74a-e91c395bd881",
    "Lock Dir": "/mnt/c/Users/Brendan Kenna/GitHub/TaskTide/tasktide/itemstore/ItemStore-Mutex",
    "Lock File": "/mnt/c/Users/Brendan Kenna/GitHub/TaskTide/tasktide/itemstore/ItemStore-Mutex/lock-file.lock",
    "Mutex State": "LOCKED",
    "Retry Interval": "PT0.026S",
    "Stale File Threshold": "PT10S",
    "Start Jitter": "PT0.171S",
    "Timestamp": 1770749567466
}'
2026-02-10 18:52:59.075 INFO  [ main -> org.tasktide.itemstore.mutex.LockActionReleaseApp.main ]: APP-Lock released, test complete
2026-02-10 18:52:59.236 WARN  [ main -> org.tasktide.itemstore.mutex.strategy.ElectionStrategy.evaluateLeaderTtl ]: Removing below stale leader status:	'true'

'/mnt/c/Users/Brendan Kenna/GitHub/TaskTide/tasktide/itemstore/ItemStore-Mutex/Queue/1770749568772.127-0-1-1_17c7873b-ab53-4f37-877b-eda907c02f1f_ccb8b854-2152-4678-a447-d256dba97b12.lock'
2026-02-10 18:52:59.236 WARN  [ main -> org.tasktide.itemstore.mutex.strategy.ElectionStrategy.evaluateLeaderTtl ]: Removing below stale leader status:	'true'

'/mnt/c/Users/Brendan Kenna/GitHub/TaskTide/tasktide/itemstore/ItemStore-Mutex/Queue/1770749568772.127-0-1-1_17c7873b-ab53-4f37-877b-eda907c02f1f_ccb8b854-2152-4678-a447-d256dba97b12.lock'
2026-02-10 18:52:59.301 INFO  [ main -> org.tasktide.itemstore.mutex.strategy.ElectionStrategy.waitUntilLeader ]: Leadership acquired:	'b3eedbe4-228c-4cd7-933a-0f5d9e734380'
2026-02-10 18:52:59.303 INFO  [ main -> org.tasktide.itemstore.mutex.strategy.ElectionStrategy.waitUntilLeader ]: Verifying leadership:	'b3eedbe4-228c-4cd7-933a-0f5d9e734380'
2026-02-10 18:52:59.500 INFO  [ main -> org.tasktide.itemstore.mutex.strategy.ElectionStrategy.evaluateLeaderTtl ]: Leader passed TTL check-in:	'/mnt/c/Users/Brendan Kenna/GitHub/TaskTide/tasktide/itemstore/ItemStore-Mutex/Queue/1770749571414.127-0-1-1_7493e205-2a85-4042-90a6-359128af69fe_72a3c701-7fb5-4d92-8d18-dbeebb9046a2.lock'
2026-02-10 18:52:59.501 INFO  [ main -> org.tasktide.itemstore.mutex.strategy.ElectionStrategy.waitUntilLeader ]: Resetting predecessor:	'f84a2ff0-75a1-4442-b74e-014d8f3ffed2'
2026-02-10 18:52:59.585 INFO  [ main -> org.tasktide.itemstore.mutex.strategy.ElectionStrategy.evaluateLeaderTtl ]: Leader passed TTL check-in:	'/mnt/c/Users/Brendan Kenna/GitHub/TaskTide/tasktide/itemstore/ItemStore-Mutex/Queue/1770749571414.127-0-1-1_7493e205-2a85-4042-90a6-359128af69fe_72a3c701-7fb5-4d92-8d18-dbeebb9046a2.lock'
2026-02-10 18:52:59.588 INFO  [ main -> org.tasktide.itemstore.mutex.strategy.ElectionStrategy.waitUntilLeader ]: Resetting predecessor:	'31cdf384-541d-4cc9-8496-fce1088b0ae8'
2026-02-10 18:52:59.619 INFO  [ main -> org.tasktide.itemstore.mutex.strategy.ElectionStrategy.evaluateLeaderTtl ]: Leader passed TTL check-in:	'/mnt/c/Users/Brendan Kenna/GitHub/TaskTide/tasktide/itemstore/ItemStore-Mutex/Queue/1770749571414.127-0-1-1_7493e205-2a85-4042-90a6-359128af69fe_72a3c701-7fb5-4d92-8d18-dbeebb9046a2.lock'
2026-02-10 18:52:59.620 INFO  [ main -> org.tasktide.itemstore.mutex.strategy.ElectionStrategy.waitUntilLeader ]: Resetting predecessor:	'170d974b-cb45-42b1-a7ec-de6ca0e1c23a'
2026-02-10 18:52:59.684 INFO  [ main -> org.tasktide.itemstore.mutex.strategy.ElectionStrategy.waitUntilLeader ]: Recasting ballot:	'f84a2ff0-75a1-4442-b74e-014d8f3ffed2'
2026-02-10 18:52:59.717 DEBUG [ main -> org.tasktide.itemstore.mutex.orchestrator.MutexOrchestrator.cleanUp ]: Cleaning up lock file:	'ccb8b854-2152-4678-a447-d256dba97b12'
2026-02-10 18:52:59.719 WARN  [ main -> org.tasktide.itemstore.FileUtility.dropFile ]: Warning provided path does not exist, unable to delete:
'/mnt/c/Users/Brendan Kenna/GitHub/TaskTide/tasktide/itemstore/ItemStore-Mutex/lock-file.lock'

2026-02-10 18:52:59.721 WARN  [ main -> org.tasktide.itemstore.FileUtility.dropFile ]: Warning could not delete target file, displaying error:	'/mnt/c/Users/Brendan Kenna/GitHub/TaskTide/tasktide/itemstore/ItemStore-Mutex/lock-file.lock'
java.nio.file.NoSuchFileException: /mnt/c/Users/Brendan Kenna/GitHub/TaskTide/tasktide/itemstore/ItemStore-Mutex/lock-file.lock
	at sun.nio.fs.UnixException.translateToIOException(UnixException.java:92) ~[?:?]
	at sun.nio.fs.UnixException.rethrowAsIOException(UnixException.java:106) ~[?:?]
	at sun.nio.fs.UnixException.rethrowAsIOException(UnixException.java:111) ~[?:?]
	at sun.nio.fs.UnixFileSystemProvider.implDelete(UnixFileSystemProvider.java:248) ~[?:?]
	at sun.nio.fs.AbstractFileSystemProvider.delete(AbstractFileSystemProvider.java:105) ~[?:?]
	at java.nio.file.Files.delete(Files.java:1152) ~[?:?]
	at org.tasktide.itemstore.FileUtility.dropFile(FileUtility.java:132) [main/:?]
	at org.tasktide.itemstore.mutex.orchestrator.MutexOrchestrator.cleanUp(MutexOrchestrator.java:387) [main/:?]
	at org.tasktide.itemstore.mutex.orchestrator.MutexOrchestrator.performLock(MutexOrchestrator.java:219) [main/:?]
	at org.tasktide.itemstore.mutex.orchestrator.MutexOrchestrator.acquireLock(MutexOrchestrator.java:135) [main/:?]
	at org.tasktide.itemstore.mutex.orchestrator.MutexOrchestrator.tryAcquireUntilSuccess(MutexOrchestrator.java:154) [main/:?]
	at org.tasktide.itemstore.mutex.LockActionReleaseApp.main(LockActionReleaseApp.java:95) [test/:?]
2026-02-10 18:52:59.722 DEBUG [ main -> org.tasktide.itemstore.mutex.orchestrator.MutexOrchestrator.cleanUp ]: Cleaning up host file:	'ccb8b854-2152-4678-a447-d256dba97b12'
2026-02-10 18:52:59.725 WARN  [ main -> org.tasktide.itemstore.FileUtility.dropFile ]: Warning provided path does not exist, unable to delete:
'/mnt/c/Users/Brendan Kenna/GitHub/TaskTide/tasktide/itemstore/ItemStore-Mutex/Host-Lock/1770749568772.127-0-1-1_17c7873b-ab53-4f37-877b-eda907c02f1f.lock'

2026-02-10 18:52:59.728 WARN  [ main -> org.tasktide.itemstore.FileUtility.dropFile ]: Warning could not delete target file, displaying error:	'/mnt/c/Users/Brendan Kenna/GitHub/TaskTide/tasktide/itemstore/ItemStore-Mutex/Host-Lock/1770749568772.127-0-1-1_17c7873b-ab53-4f37-877b-eda907c02f1f.lock'
java.nio.file.NoSuchFileException: /mnt/c/Users/Brendan Kenna/GitHub/TaskTide/tasktide/itemstore/ItemStore-Mutex/Host-Lock/1770749568772.127-0-1-1_17c7873b-ab53-4f37-877b-eda907c02f1f.lock
	at sun.nio.fs.UnixException.translateToIOException(UnixException.java:92) ~[?:?]
	at sun.nio.fs.UnixException.rethrowAsIOException(UnixException.java:106) ~[?:?]
	at sun.nio.fs.UnixException.rethrowAsIOException(UnixException.java:111) ~[?:?]
	at sun.nio.fs.UnixFileSystemProvider.implDelete(UnixFileSystemProvider.java:248) ~[?:?]
	at sun.nio.fs.AbstractFileSystemProvider.delete(AbstractFileSystemProvider.java:105) ~[?:?]
	at java.nio.file.Files.delete(Files.java:1152) ~[?:?]
	at org.tasktide.itemstore.FileUtility.dropFile(FileUtility.java:132) [main/:?]
	at org.tasktide.itemstore.mutex.orchestrator.MutexOrchestrator.cleanUp(MutexOrchestrator.java:392) [main/:?]
	at org.tasktide.itemstore.mutex.orchestrator.MutexOrchestrator.performLock(MutexOrchestrator.java:219) [main/:?]
	at org.tasktide.itemstore.mutex.orchestrator.MutexOrchestrator.acquireLock(MutexOrchestrator.java:135) [main/:?]
	at org.tasktide.itemstore.mutex.orchestrator.MutexOrchestrator.tryAcquireUntilSuccess(MutexOrchestrator.java:154) [main/:?]
	at org.tasktide.itemstore.mutex.LockActionReleaseApp.main(LockActionReleaseApp.java:95) [test/:?]
2026-02-10 18:52:59.730 DEBUG [ main -> org.tasktide.itemstore.mutex.orchestrator.MutexOrchestrator.cleanUp ]: Cleaning up confirm ballot file:	'ccb8b854-2152-4678-a447-d256dba97b12'
2026-02-10 18:52:59.739 DEBUG [ main -> org.tasktide.itemstore.mutex.orchestrator.MutexOrchestrator.cleanUp ]: Cleaning up election file:	'ccb8b854-2152-4678-a447-d256dba97b12'
2026-02-10 18:52:59.741 WARN  [ main -> org.tasktide.itemstore.FileUtility.dropFile ]: Warning provided path does not exist, unable to delete:
'/mnt/c/Users/Brendan Kenna/GitHub/TaskTide/tasktide/itemstore/ItemStore-Mutex/Queue/1770749568772.127-0-1-1_17c7873b-ab53-4f37-877b-eda907c02f1f_ccb8b854-2152-4678-a447-d256dba97b12.lock'

2026-02-10 18:52:59.744 WARN  [ main -> org.tasktide.itemstore.FileUtility.dropFile ]: Warning could not delete target file, displaying error:	'/mnt/c/Users/Brendan Kenna/GitHub/TaskTide/tasktide/itemstore/ItemStore-Mutex/Queue/1770749568772.127-0-1-1_17c7873b-ab53-4f37-877b-eda907c02f1f_ccb8b854-2152-4678-a447-d256dba97b12.lock'
java.nio.file.NoSuchFileException: /mnt/c/Users/Brendan Kenna/GitHub/TaskTide/tasktide/itemstore/ItemStore-Mutex/Queue/1770749568772.127-0-1-1_17c7873b-ab53-4f37-877b-eda907c02f1f_ccb8b854-2152-4678-a447-d256dba97b12.lock
	at sun.nio.fs.UnixException.translateToIOException(UnixException.java:92) ~[?:?]
	at sun.nio.fs.UnixException.rethrowAsIOException(UnixException.java:106) ~[?:?]
	at sun.nio.fs.UnixException.rethrowAsIOException(UnixException.java:111) ~[?:?]
	at sun.nio.fs.UnixFileSystemProvider.implDelete(UnixFileSystemProvider.java:248) ~[?:?]
	at sun.nio.fs.AbstractFileSystemProvider.delete(AbstractFileSystemProvider.java:105) ~[?:?]
	at java.nio.file.Files.delete(Files.java:1152) ~[?:?]
	at org.tasktide.itemstore.FileUtility.dropFile(FileUtility.java:132) [main/:?]
	at org.tasktide.itemstore.mutex.orchestrator.MutexOrchestrator.cleanUp(MutexOrchestrator.java:402) [main/:?]
	at org.tasktide.itemstore.mutex.orchestrator.MutexOrchestrator.performLock(MutexOrchestrator.java:219) [main/:?]
	at org.tasktide.itemstore.mutex.orchestrator.MutexOrchestrator.acquireLock(MutexOrchestrator.java:135) [main/:?]
	at org.tasktide.itemstore.mutex.orchestrator.MutexOrchestrator.tryAcquireUntilSuccess(MutexOrchestrator.java:154) [main/:?]
	at org.tasktide.itemstore.mutex.LockActionReleaseApp.main(LockActionReleaseApp.java:95) [test/:?]
2026-02-10 18:52:59.746 WARN  [ main -> org.tasktide.itemstore.mutex.orchestrator.MutexOrchestrator.tryAcquireUntilSuccess ]: Process-921 Attempt 2 failed: LEADERSHIP_CONFIRMATION_FAILED | Exception: Unable to read confirmatory leader:	ccb8b854-2152-4678-a447-d256dba97b12
2026-02-10 18:52:59.757 INFO  [ main -> org.tasktide.itemstore.mutex.strategy.ElectionStrategy.evaluateLeaderTtl ]: Leader passed TTL check-in:	'/mnt/c/Users/Brendan Kenna/GitHub/TaskTide/tasktide/itemstore/ItemStore-Mutex/Queue/1770749571414.127-0-1-1_7493e205-2a85-4042-90a6-359128af69fe_72a3c701-7fb5-4d92-8d18-dbeebb9046a2.lock'
2026-02-10 18:52:59.757 INFO  [ main -> org.tasktide.itemstore.mutex.strategy.ElectionStrategy.waitUntilLeader ]: Resetting predecessor:	'9d71699a-e581-48d2-8862-f97290590aec'
2026-02-10 18:52:59.769 INFO  [ main -> org.tasktide.itemstore.mutex.strategy.ElectionStrategy.waitUntilLeader ]: Leadership verified:	'b3eedbe4-228c-4cd7-933a-0f5d9e734380'
2026-02-10 18:52:59.771 DEBUG [ main -> org.tasktide.itemstore.mutex.strategy.ElectionStrategy.apply ]: Active leader with Id:	'b3eedbe4-228c-4cd7-933a-0f5d9e734380'
2026-02-10 18:52:59.772 DEBUG [ main -> org.tasktide.itemstore.mutex.strategy.ElectionStrategy.apply ]: State set, writing mutex for:	'b3eedbe4-228c-4cd7-933a-0f5d9e734380'
2026-02-10 18:52:59.862 DEBUG [ main -> org.tasktide.itemstore.mutex.strategy.ElectionStrategy.apply ]: Mutex written for:	'b3eedbe4-228c-4cd7-933a-0f5d9e734380'
2026-02-10 18:52:59.877 INFO  [ main -> org.tasktide.itemstore.mutex.strategy.ElectionStrategy.evaluateLeaderTtl ]: Leader passed TTL check-in:	'/mnt/c/Users/Brendan Kenna/GitHub/TaskTide/tasktide/itemstore/ItemStore-Mutex/Queue/1770749573238.127-0-1-1_800436b2-b1ca-41cb-a393-6e5efddab540_275cd934-8d52-4d1c-9b16-6cbb0db1d693.lock'
2026-02-10 18:52:59.880 INFO  [ main -> org.tasktide.itemstore.mutex.strategy.ElectionStrategy.waitUntilLeader ]: Resetting predecessor:	'31cdf384-541d-4cc9-8496-fce1088b0ae8'
2026-02-10 18:52:59.932 INFO  [ main -> org.tasktide.itemstore.mutex.orchestrator.MutexOrchestrator.performLock ]: NFS Lock acquired for:	'b3eedbe4-228c-4cd7-933a-0f5d9e734380'
2026-02-10 18:52:59.934 INFO  [ main -> org.tasktide.itemstore.mutex.orchestrator.MutexOrchestrator.performLock ]: Confirming leadership:	'b3eedbe4-228c-4cd7-933a-0f5d9e734380'
2026-02-10 18:52:59.945 INFO  [ main -> org.tasktide.itemstore.mutex.strategy.ElectionStrategy.evaluateLeaderTtl ]: Leader passed TTL check-in:	'/mnt/c/Users/Brendan Kenna/GitHub/TaskTide/tasktide/itemstore/ItemStore-Mutex/Queue/1770749571414.127-0-1-1_7493e205-2a85-4042-90a6-359128af69fe_72a3c701-7fb5-4d92-8d18-dbeebb9046a2.lock'
2026-02-10 18:52:59.946 INFO  [ main -> org.tasktide.itemstore.mutex.strategy.ElectionStrategy.waitUntilLeader ]: Resetting predecessor:	'170d974b-cb45-42b1-a7ec-de6ca0e1c23a'
2026-02-10 18:53:00.209 INFO  [ main -> org.tasktide.itemstore.mutex.strategy.ElectionStrategy.evaluateLeaderTtl ]: Leader passed TTL check-in:	'/mnt/c/Users/Brendan Kenna/GitHub/TaskTide/tasktide/itemstore/ItemStore-Mutex/Queue/1770749571414.127-0-1-1_7493e205-2a85-4042-90a6-359128af69fe_72a3c701-7fb5-4d92-8d18-dbeebb9046a2.lock'
2026-02-10 18:53:00.210 INFO  [ main -> org.tasktide.itemstore.mutex.strategy.ElectionStrategy.waitUntilLeader ]: Resetting predecessor:	'31cdf384-541d-4cc9-8496-fce1088b0ae8'
2026-02-10 18:53:00.231 INFO  [ main -> org.tasktide.itemstore.mutex.strategy.ElectionStrategy.evaluateLeaderTtl ]: Leader passed TTL check-in:	'/mnt/c/Users/Brendan Kenna/GitHub/TaskTide/tasktide/itemstore/ItemStore-Mutex/Queue/1770749571414.127-0-1-1_7493e205-2a85-4042-90a6-359128af69fe_72a3c701-7fb5-4d92-8d18-dbeebb9046a2.lock'
2026-02-10 18:53:00.233 INFO  [ main -> org.tasktide.itemstore.mutex.strategy.ElectionStrategy.waitUntilLeader ]: Resetting predecessor:	'9d71699a-e581-48d2-8862-f97290590aec'
2026-02-10 18:53:00.270 INFO  [ main -> org.tasktide.itemstore.mutex.strategy.ElectionStrategy.evaluateLeaderTtl ]: Leader passed TTL check-in:	'/mnt/c/Users/Brendan Kenna/GitHub/TaskTide/tasktide/itemstore/ItemStore-Mutex/Queue/1770749571414.127-0-1-1_7493e205-2a85-4042-90a6-359128af69fe_72a3c701-7fb5-4d92-8d18-dbeebb9046a2.lock'
2026-02-10 18:53:00.271 INFO  [ main -> org.tasktide.itemstore.mutex.strategy.ElectionStrategy.waitUntilLeader ]: Resetting predecessor:	'170d974b-cb45-42b1-a7ec-de6ca0e1c23a'
2026-02-10 18:53:00.515 INFO  [ main -> org.tasktide.itemstore.mutex.strategy.ElectionStrategy.evaluateLeaderTtl ]: Leader passed TTL check-in:	'/mnt/c/Users/Brendan Kenna/GitHub/TaskTide/tasktide/itemstore/ItemStore-Mutex/Queue/1770749571414.127-0-1-1_7493e205-2a85-4042-90a6-359128af69fe_72a3c701-7fb5-4d92-8d18-dbeebb9046a2.lock'
2026-02-10 18:53:00.517 INFO  [ main -> org.tasktide.itemstore.mutex.strategy.ElectionStrategy.waitUntilLeader ]: Resetting predecessor:	'31cdf384-541d-4cc9-8496-fce1088b0ae8'
2026-02-10 18:53:00.591 INFO  [ main -> org.tasktide.itemstore.mutex.strategy.ElectionStrategy.evaluateLeaderTtl ]: Leader passed TTL check-in:	'/mnt/c/Users/Brendan Kenna/GitHub/TaskTide/tasktide/itemstore/ItemStore-Mutex/Queue/1770749571414.127-0-1-1_7493e205-2a85-4042-90a6-359128af69fe_72a3c701-7fb5-4d92-8d18-dbeebb9046a2.lock'
2026-02-10 18:53:00.592 INFO  [ main -> org.tasktide.itemstore.mutex.strategy.ElectionStrategy.waitUntilLeader ]: Resetting predecessor:	'170d974b-cb45-42b1-a7ec-de6ca0e1c23a'
2026-02-10 18:53:00.641 INFO  [ main -> org.tasktide.itemstore.mutex.orchestrator.MutexOrchestrator.performLock ]: Waiting for NFS lock for:	'b999aadf-52ec-4b1e-86bd-5b9eac0592aa'
2026-02-10 18:53:00.675 INFO  [ main -> org.tasktide.itemstore.mutex.strategy.ElectionStrategy.evaluateLeaderTtl ]: Leader passed TTL check-in:	'/mnt/c/Users/Brendan Kenna/GitHub/TaskTide/tasktide/itemstore/ItemStore-Mutex/Queue/1770749571414.127-0-1-1_7493e205-2a85-4042-90a6-359128af69fe_72a3c701-7fb5-4d92-8d18-dbeebb9046a2.lock'
2026-02-10 18:53:00.677 INFO  [ main -> org.tasktide.itemstore.mutex.strategy.ElectionStrategy.waitUntilLeader ]: Resetting predecessor:	'9d71699a-e581-48d2-8862-f97290590aec'
2026-02-10 18:53:00.679 INFO  [ main -> org.tasktide.itemstore.mutex.strategy.ElectionStrategy.waitUntilLeader ]: Recasting ballot:	'f255fe3b-128a-4f3a-b02e-0d9de0ef33d1'
2026-02-10 18:53:00.765 INFO  [ main -> org.tasktide.itemstore.mutex.strategy.ElectionStrategy.evaluateLeaderTtl ]: Leader passed TTL check-in:	'/mnt/c/Users/Brendan Kenna/GitHub/TaskTide/tasktide/itemstore/ItemStore-Mutex/Queue/1770749571414.127-0-1-1_7493e205-2a85-4042-90a6-359128af69fe_72a3c701-7fb5-4d92-8d18-dbeebb9046a2.lock'
2026-02-10 18:53:00.765 INFO  [ main -> org.tasktide.itemstore.mutex.strategy.ElectionStrategy.waitUntilLeader ]: Resetting predecessor:	'31cdf384-541d-4cc9-8496-fce1088b0ae8'
2026-02-10 18:53:00.860 INFO  [ main -> org.tasktide.itemstore.mutex.orchestrator.MutexOrchestrator.confirmLeader ]: Leadership confirmed:	'b3eedbe4-228c-4cd7-933a-0f5d9e734380'
2026-02-10 18:53:00.861 INFO  [ main -> org.tasktide.itemstore.mutex.orchestrator.MutexOrchestrator.performLock ]: Leadership confirmed:	'b3eedbe4-228c-4cd7-933a-0f5d9e734380'
2026-02-10 18:53:00.863 INFO  [ main -> org.tasktide.itemstore.mutex.orchestrator.MutexOrchestrator.performLock ]: Waiting for FileChannel lock for:	'b3eedbe4-228c-4cd7-933a-0f5d9e734380'
2026-02-10 18:53:00.911 INFO  [ main -> org.tasktide.itemstore.mutex.strategy.ElectionStrategy.evaluateLeaderTtl ]: Leader passed TTL check-in:	'/mnt/c/Users/Brendan Kenna/GitHub/TaskTide/tasktide/itemstore/ItemStore-Mutex/Queue/1770749571414.127-0-1-1_7493e205-2a85-4042-90a6-359128af69fe_72a3c701-7fb5-4d92-8d18-dbeebb9046a2.lock'
2026-02-10 18:53:00.912 INFO  [ main -> org.tasktide.itemstore.mutex.strategy.ElectionStrategy.waitUntilLeader ]: Resetting predecessor:	'170d974b-cb45-42b1-a7ec-de6ca0e1c23a'
2026-02-10 18:53:00.991 INFO  [ main -> org.tasktide.itemstore.mutex.strategy.ElectionStrategy.waitUntilLeader ]: Recasting ballot:	'31cdf384-541d-4cc9-8496-fce1088b0ae8'
2026-02-10 18:53:01.082 INFO  [ main -> org.tasktide.itemstore.mutex.strategy.ElectionStrategy.evaluateLeaderTtl ]: Leader passed TTL check-in:	'/mnt/c/Users/Brendan Kenna/GitHub/TaskTide/tasktide/itemstore/ItemStore-Mutex/Queue/1770749571414.127-0-1-1_7493e205-2a85-4042-90a6-359128af69fe_72a3c701-7fb5-4d92-8d18-dbeebb9046a2.lock'
2026-02-10 18:53:01.083 INFO  [ main -> org.tasktide.itemstore.mutex.strategy.ElectionStrategy.waitUntilLeader ]: Resetting predecessor:	'9d71699a-e581-48d2-8862-f97290590aec'
2026-02-10 18:53:01.093 DEBUG [ main -> org.tasktide.itemstore.mutex.strategy.ElectionStrategy.initMutex ]: Initializing mutex:	'b999aadf-52ec-4b1e-86bd-5b9eac0592aa'
2026-02-10 18:53:01.166 DEBUG [ main -> org.tasktide.itemstore.mutex.strategy.ElectionStrategy.initMutex ]: Mutex initialized, inferring queue position
2026-02-10 18:53:01.170 INFO  [ main -> org.tasktide.itemstore.mutex.strategy.ElectionStrategy.evaluateLeaderTtl ]: Leader passed TTL check-in:	'/mnt/c/Users/Brendan Kenna/GitHub/TaskTide/tasktide/itemstore/ItemStore-Mutex/Queue/1770749571414.127-0-1-1_7493e205-2a85-4042-90a6-359128af69fe_72a3c701-7fb5-4d92-8d18-dbeebb9046a2.lock'
2026-02-10 18:53:01.170 WARN  [ main -> org.tasktide.itemstore.mutex.strategy.ElectionStrategy.initMutex ]: No election files detected
2026-02-10 18:53:01.171 INFO  [ main -> org.tasktide.itemstore.mutex.strategy.ElectionStrategy.waitUntilLeader ]: Resetting predecessor:	'938deb26-e10d-4fad-bafc-91d736c83bf3'
2026-02-10 18:53:01.231 INFO  [ main -> org.tasktide.itemstore.mutex.strategy.ElectionStrategy.evaluateLeaderTtl ]: Leader passed TTL check-in:	'/mnt/c/Users/Brendan Kenna/GitHub/TaskTide/tasktide/itemstore/ItemStore-Mutex/Queue/1770749571414.127-0-1-1_7493e205-2a85-4042-90a6-359128af69fe_72a3c701-7fb5-4d92-8d18-dbeebb9046a2.lock'
2026-02-10 18:53:01.232 INFO  [ main -> org.tasktide.itemstore.mutex.strategy.ElectionStrategy.waitUntilLeader ]: Resetting predecessor:	'170d974b-cb45-42b1-a7ec-de6ca0e1c23a'
2026-02-10 18:53:01.418 INFO  [ main -> org.tasktide.itemstore.mutex.strategy.ElectionStrategy.evaluateLeaderTtl ]: Leader passed TTL check-in:	'/mnt/c/Users/Brendan Kenna/GitHub/TaskTide/tasktide/itemstore/ItemStore-Mutex/Queue/1770749571414.127-0-1-1_7493e205-2a85-4042-90a6-359128af69fe_72a3c701-7fb5-4d92-8d18-dbeebb9046a2.lock'
2026-02-10 18:53:01.419 INFO  [ main -> org.tasktide.itemstore.mutex.strategy.ElectionStrategy.waitUntilLeader ]: Resetting predecessor:	'9d71699a-e581-48d2-8862-f97290590aec'
2026-02-10 18:53:01.497 INFO  [ main -> org.tasktide.itemstore.mutex.strategy.ElectionStrategy.waitUntilLeader ]: Recasting ballot:	'170d974b-cb45-42b1-a7ec-de6ca0e1c23a'
2026-02-10 18:53:01.516 INFO  [ main -> org.tasktide.itemstore.mutex.strategy.ElectionStrategy.evaluateLeaderTtl ]: Leader passed TTL check-in:	'/mnt/c/Users/Brendan Kenna/GitHub/TaskTide/tasktide/itemstore/ItemStore-Mutex/Queue/1770749571414.127-0-1-1_7493e205-2a85-4042-90a6-359128af69fe_72a3c701-7fb5-4d92-8d18-dbeebb9046a2.lock'
2026-02-10 18:53:01.517 INFO  [ main -> org.tasktide.itemstore.mutex.strategy.ElectionStrategy.waitUntilLeader ]: Resetting predecessor:	'938deb26-e10d-4fad-bafc-91d736c83bf3'
2026-02-10 18:53:01.575 INFO  [ main -> org.tasktide.itemstore.mutex.strategy.ElectionStrategy.evaluateLeaderTtl ]: Leader passed TTL check-in:	'/mnt/c/Users/Brendan Kenna/GitHub/TaskTide/tasktide/itemstore/ItemStore-Mutex/Queue/1770749571414.127-0-1-1_7493e205-2a85-4042-90a6-359128af69fe_72a3c701-7fb5-4d92-8d18-dbeebb9046a2.lock'
2026-02-10 18:53:01.576 INFO  [ main -> org.tasktide.itemstore.mutex.strategy.ElectionStrategy.waitUntilLeader ]: Resetting predecessor:	'a32d8a85-bfe8-4e7f-8b1f-7ea29ca727df'
2026-02-10 18:53:01.739 INFO  [ main -> org.tasktide.itemstore.mutex.strategy.ElectionStrategy.evaluateLeaderTtl ]: Leader passed TTL check-in:	'/mnt/c/Users/Brendan Kenna/GitHub/TaskTide/tasktide/itemstore/ItemStore-Mutex/Queue/1770749571414.127-0-1-1_7493e205-2a85-4042-90a6-359128af69fe_72a3c701-7fb5-4d92-8d18-dbeebb9046a2.lock'
2026-02-10 18:53:01.740 INFO  [ main -> org.tasktide.itemstore.mutex.strategy.ElectionStrategy.waitUntilLeader ]: Resetting predecessor:	'9d71699a-e581-48d2-8862-f97290590aec'
2026-02-10 18:53:01.867 WARN  [ main -> org.tasktide.itemstore.mutex.strategy.ElectionStrategy.evaluateLeaderTtl ]: Removing below stale leader status:	'true'

'/mnt/c/Users/Brendan Kenna/GitHub/TaskTide/tasktide/itemstore/ItemStore-Mutex/Queue/1770749571414.127-0-1-1_7493e205-2a85-4042-90a6-359128af69fe_72a3c701-7fb5-4d92-8d18-dbeebb9046a2.lock'
2026-02-10 18:53:01.918 INFO  [ main -> org.tasktide.itemstore.mutex.strategy.ElectionStrategy.evaluateLeaderTtl ]: Leader passed TTL check-in:	'/mnt/c/Users/Brendan Kenna/GitHub/TaskTide/tasktide/itemstore/ItemStore-Mutex/Queue/1770749575142.127-0-1-1_3644e965-1ac4-4347-b334-a862f24f6b35_d0102298-98cf-410f-8772-591c0eec1bc8.lock'
2026-02-10 18:53:01.919 INFO  [ main -> org.tasktide.itemstore.mutex.strategy.ElectionStrategy.waitUntilLeader ]: Resetting predecessor:	'a32d8a85-bfe8-4e7f-8b1f-7ea29ca727df'
2026-02-10 18:53:01.919 INFO  [ main -> org.tasktide.itemstore.mutex.strategy.ElectionStrategy.evaluateLeaderTtl ]: Leader passed TTL check-in:	'/mnt/c/Users/Brendan Kenna/GitHub/TaskTide/tasktide/itemstore/ItemStore-Mutex/Queue/1770749575142.127-0-1-1_3644e965-1ac4-4347-b334-a862f24f6b35_d0102298-98cf-410f-8772-591c0eec1bc8.lock'
2026-02-10 18:53:01.920 INFO  [ main -> org.tasktide.itemstore.mutex.strategy.ElectionStrategy.waitUntilLeader ]: Resetting predecessor:	'483588d0-7fe9-4775-bce7-6891cd0f7f9f'
2026-02-10 18:53:02.097 INFO  [ main -> org.tasktide.itemstore.mutex.orchestrator.MutexOrchestrator.performLock ]: File Channel Lock acquired for:	'b3eedbe4-228c-4cd7-933a-0f5d9e734380'
2026-02-10 18:53:02.098 INFO  [ main -> org.tasktide.itemstore.mutex.orchestrator.MutexOrchestrator.performLock ]: Lock successful for:	'b3eedbe4-228c-4cd7-933a-0f5d9e734380'
2026-02-10 18:53:02.099 INFO  [ main -> org.tasktide.itemstore.mutex.orchestrator.MutexOrchestrator.tryAcquireUntilSuccess ]: Process-1036 Completed with counter value:	'3'
2026-02-10 18:53:02.100 INFO  [ main -> org.tasktide.itemstore.mutex.orchestrator.MutexOrchestrator.tryAcquireUntilSuccess ]: Process-1036 Loop terminating with done = 'true', and counter = '3'
2026-02-10 18:53:02.103 INFO  [ main -> org.tasktide.itemstore.mutex.LockActionReleaseApp.main ]: APP-Writing '17' to data file:	'/mnt/c/Users/Brendan Kenna/GitHub/TaskTide/tasktide/itemstore/ItemStore-Mutex/multi-process.txt'
2026-02-10 18:53:02.107 INFO  [ main -> org.tasktide.itemstore.mutex.LockActionReleaseApp.main ]: APP-Record written, releasing lock
2026-02-10 18:53:02.107 INFO  [ main -> org.tasktide.itemstore.mutex.orchestrator.MutexOrchestrator.releaseLock ]: Releasing active lock
2026-02-10 18:53:02.108 INFO  [ main -> org.tasktide.itemstore.mutex.orchestrator.MutexOrchestrator.releaseActiveLock ]: Releasing FileChannel mutex
2026-02-10 18:53:02.111 INFO  [ main -> org.tasktide.itemstore.mutex.strategy.ElectionStrategy.waitUntilLeader ]: Leadership acquired:	'9d71699a-e581-48d2-8862-f97290590aec'
2026-02-10 18:53:02.112 INFO  [ main -> org.tasktide.itemstore.mutex.strategy.ElectionStrategy.waitUntilLeader ]: Verifying leadership:	'9d71699a-e581-48d2-8862-f97290590aec'
2026-02-10 18:53:02.139 INFO  [ main -> org.tasktide.itemstore.mutex.strategy.ElectionStrategy.waitUntilLeader ]: Recasting ballot:	'84139ab3-ec85-4a3d-8bf5-4114599bb2c2'
2026-02-10 18:53:02.154 INFO  [ main -> org.tasktide.itemstore.mutex.strategy.ElectionStrategy.evaluateLeaderTtl ]: Leader passed TTL check-in:	'/mnt/c/Users/Brendan Kenna/GitHub/TaskTide/tasktide/itemstore/ItemStore-Mutex/Queue/1770749575142.127-0-1-1_3644e965-1ac4-4347-b334-a862f24f6b35_d0102298-98cf-410f-8772-591c0eec1bc8.lock'
2026-02-10 18:53:02.156 INFO  [ main -> org.tasktide.itemstore.mutex.strategy.ElectionStrategy.waitUntilLeader ]: Resetting predecessor:	'483588d0-7fe9-4775-bce7-6891cd0f7f9f'
2026-02-10 18:53:02.274 INFO  [ main -> org.tasktide.itemstore.mutex.strategy.ElectionStrategy.evaluateLeaderTtl ]: Leader passed TTL check-in:	'/mnt/c/Users/Brendan Kenna/GitHub/TaskTide/tasktide/itemstore/ItemStore-Mutex/Queue/1770749575142.127-0-1-1_3644e965-1ac4-4347-b334-a862f24f6b35_d0102298-98cf-410f-8772-591c0eec1bc8.lock'
2026-02-10 18:53:02.276 INFO  [ main -> org.tasktide.itemstore.mutex.strategy.ElectionStrategy.waitUntilLeader ]: Resetting predecessor:	'a32d8a85-bfe8-4e7f-8b1f-7ea29ca727df'
2026-02-10 18:53:02.276 INFO  [ main -> org.tasktide.itemstore.mutex.strategy.ElectionStrategy.evaluateLeaderTtl ]: Leader passed TTL check-in:	'/mnt/c/Users/Brendan Kenna/GitHub/TaskTide/tasktide/itemstore/ItemStore-Mutex/Queue/1770749575142.127-0-1-1_3644e965-1ac4-4347-b334-a862f24f6b35_d0102298-98cf-410f-8772-591c0eec1bc8.lock'
2026-02-10 18:53:02.277 INFO  [ main -> org.tasktide.itemstore.mutex.strategy.ElectionStrategy.waitUntilLeader ]: Resetting predecessor:	'938deb26-e10d-4fad-bafc-91d736c83bf3'
2026-02-10 18:53:02.452 INFO  [ main -> org.tasktide.itemstore.mutex.strategy.ElectionStrategy.evaluateLeaderTtl ]: Leader passed TTL check-in:	'/mnt/c/Users/Brendan Kenna/GitHub/TaskTide/tasktide/itemstore/ItemStore-Mutex/Queue/1770749575142.127-0-1-1_3644e965-1ac4-4347-b334-a862f24f6b35_d0102298-98cf-410f-8772-591c0eec1bc8.lock'
2026-02-10 18:53:02.453 INFO  [ main -> org.tasktide.itemstore.mutex.strategy.ElectionStrategy.waitUntilLeader ]: Resetting predecessor:	'483588d0-7fe9-4775-bce7-6891cd0f7f9f'
2026-02-10 18:53:02.477 INFO  [ main -> org.tasktide.itemstore.mutex.strategy.ElectionStrategy.waitUntilLeader ]: Leadership verified:	'9d71699a-e581-48d2-8862-f97290590aec'
2026-02-10 18:53:02.479 DEBUG [ main -> org.tasktide.itemstore.mutex.strategy.ElectionStrategy.apply ]: Active leader with Id:	'9d71699a-e581-48d2-8862-f97290590aec'
2026-02-10 18:53:02.482 DEBUG [ main -> org.tasktide.itemstore.mutex.strategy.ElectionStrategy.apply ]: State set, writing mutex for:	'9d71699a-e581-48d2-8862-f97290590aec'
2026-02-10 18:53:02.522 DEBUG [ main -> org.tasktide.itemstore.mutex.strategy.ElectionStrategy.apply ]: Mutex written for:	'9d71699a-e581-48d2-8862-f97290590aec'
2026-02-10 18:53:02.522 WARN  [ main -> org.tasktide.itemstore.FileUtility.dropFile ]: Warning provided path does not exist, unable to delete:
'/mnt/c/Users/Brendan Kenna/GitHub/TaskTide/tasktide/itemstore/ItemStore-Mutex/Host-Lock/1770749552975.127-0-1-1_7493e205-2a85-4042-90a6-359128af69fe.lock'

2026-02-10 18:53:02.523 WARN  [ main -> org.tasktide.itemstore.FileUtility.dropFile ]: Warning could not delete target file, displaying error:	'/mnt/c/Users/Brendan Kenna/GitHub/TaskTide/tasktide/itemstore/ItemStore-Mutex/Host-Lock/1770749552975.127-0-1-1_7493e205-2a85-4042-90a6-359128af69fe.lock'
java.nio.file.NoSuchFileException: /mnt/c/Users/Brendan Kenna/GitHub/TaskTide/tasktide/itemstore/ItemStore-Mutex/Host-Lock/1770749552975.127-0-1-1_7493e205-2a85-4042-90a6-359128af69fe.lock
	at sun.nio.fs.UnixException.translateToIOException(UnixException.java:92) ~[?:?]
	at sun.nio.fs.UnixException.rethrowAsIOException(UnixException.java:106) ~[?:?]
	at sun.nio.fs.UnixException.rethrowAsIOException(UnixException.java:111) ~[?:?]
	at sun.nio.fs.UnixFileSystemProvider.implDelete(UnixFileSystemProvider.java:248) ~[?:?]
	at sun.nio.fs.AbstractFileSystemProvider.delete(AbstractFileSystemProvider.java:105) ~[?:?]
	at java.nio.file.Files.delete(Files.java:1152) ~[?:?]
	at org.tasktide.itemstore.FileUtility.dropFile(FileUtility.java:132) [main/:?]
	at org.tasktide.itemstore.mutex.strategy.FileChannelStrategy.release(FileChannelStrategy.java:126) [main/:?]
	at org.tasktide.itemstore.mutex.FileChannelMutex.release(FileChannelMutex.java:176) [main/:?]
	at org.tasktide.itemstore.mutex.orchestrator.MutexOrchestrator.releaseActiveLock(MutexOrchestrator.java:290) [main/:?]
	at org.tasktide.itemstore.mutex.orchestrator.MutexOrchestrator.releaseLock(MutexOrchestrator.java:276) [main/:?]
	at org.tasktide.itemstore.mutex.LockActionReleaseApp.main(LockActionReleaseApp.java:109) [test/:?]
2026-02-10 18:53:02.549 INFO  [ main -> org.tasktide.itemstore.mutex.orchestrator.MutexOrchestrator.releaseActiveLock ]: Releasing NFS mutex:
'{
    "Election File": "/mnt/c/Users/Brendan Kenna/GitHub/TaskTide/tasktide/itemstore/ItemStore-Mutex/Queue/1770749571414.127-0-1-1_7493e205-2a85-4042-90a6-359128af69fe_72a3c701-7fb5-4d92-8d18-dbeebb9046a2.lock",
    "End Jitter": "PT0.468S",
    "Host File": "/mnt/c/Users/Brendan Kenna/GitHub/TaskTide/tasktide/itemstore/ItemStore-Mutex/Host-Lock/1770749552975.127-0-1-1_7493e205-2a85-4042-90a6-359128af69fe.lock",
    "Id": "b3eedbe4-228c-4cd7-933a-0f5d9e734380",
    "Lock Dir": "/mnt/c/Users/Brendan Kenna/GitHub/TaskTide/tasktide/itemstore/ItemStore-Mutex",
    "Lock File": "/mnt/c/Users/Brendan Kenna/GitHub/TaskTide/tasktide/itemstore/ItemStore-Mutex/lock-file.lock",
    "Mutex State": "LOCKED",
    "Retry Interval": "PT0.171S",
    "Stale File Threshold": "PT10S",
    "Start Jitter": "PT0.357S",
    "Timestamp": 1770749571414
}'
2026-02-10 18:53:02.556 INFO  [ main -> org.tasktide.itemstore.mutex.LockActionReleaseApp.main ]: APP-Lock released, test complete
2026-02-10 18:53:02.558 INFO  [ main -> org.tasktide.itemstore.mutex.orchestrator.MutexOrchestrator.performLock ]: NFS Lock acquired for:	'9d71699a-e581-48d2-8862-f97290590aec'
2026-02-10 18:53:02.559 INFO  [ main -> org.tasktide.itemstore.mutex.orchestrator.MutexOrchestrator.performLock ]: Confirming leadership:	'9d71699a-e581-48d2-8862-f97290590aec'
2026-02-10 18:53:02.633 INFO  [ main -> org.tasktide.itemstore.mutex.strategy.ElectionStrategy.evaluateLeaderTtl ]: Leader passed TTL check-in:	'/mnt/c/Users/Brendan Kenna/GitHub/TaskTide/tasktide/itemstore/ItemStore-Mutex/Queue/1770749575142.127-0-1-1_3644e965-1ac4-4347-b334-a862f24f6b35_d0102298-98cf-410f-8772-591c0eec1bc8.lock'
2026-02-10 18:53:02.633 INFO  [ main -> org.tasktide.itemstore.mutex.strategy.ElectionStrategy.waitUntilLeader ]: Resetting predecessor:	'938deb26-e10d-4fad-bafc-91d736c83bf3'
2026-02-10 18:53:02.634 INFO  [ main -> org.tasktide.itemstore.mutex.strategy.ElectionStrategy.evaluateLeaderTtl ]: Leader passed TTL check-in:	'/mnt/c/Users/Brendan Kenna/GitHub/TaskTide/tasktide/itemstore/ItemStore-Mutex/Queue/1770749575142.127-0-1-1_3644e965-1ac4-4347-b334-a862f24f6b35_d0102298-98cf-410f-8772-591c0eec1bc8.lock'
2026-02-10 18:53:02.635 INFO  [ main -> org.tasktide.itemstore.mutex.strategy.ElectionStrategy.waitUntilLeader ]: Resetting predecessor:	'a32d8a85-bfe8-4e7f-8b1f-7ea29ca727df'
2026-02-10 18:53:02.762 INFO  [ main -> org.tasktide.itemstore.mutex.strategy.ElectionStrategy.evaluateLeaderTtl ]: Leader passed TTL check-in:	'/mnt/c/Users/Brendan Kenna/GitHub/TaskTide/tasktide/itemstore/ItemStore-Mutex/Queue/1770749575142.127-0-1-1_3644e965-1ac4-4347-b334-a862f24f6b35_d0102298-98cf-410f-8772-591c0eec1bc8.lock'
2026-02-10 18:53:02.764 INFO  [ main -> org.tasktide.itemstore.mutex.strategy.ElectionStrategy.waitUntilLeader ]: Resetting predecessor:	'483588d0-7fe9-4775-bce7-6891cd0f7f9f'
2026-02-10 18:53:02.953 INFO  [ main -> org.tasktide.itemstore.mutex.strategy.ElectionStrategy.evaluateLeaderTtl ]: Leader passed TTL check-in:	'/mnt/c/Users/Brendan Kenna/GitHub/TaskTide/tasktide/itemstore/ItemStore-Mutex/Queue/1770749575142.127-0-1-1_3644e965-1ac4-4347-b334-a862f24f6b35_d0102298-98cf-410f-8772-591c0eec1bc8.lock'
2026-02-10 18:53:02.956 INFO  [ main -> org.tasktide.itemstore.mutex.strategy.ElectionStrategy.waitUntilLeader ]: Resetting predecessor:	'938deb26-e10d-4fad-bafc-91d736c83bf3'
2026-02-10 18:53:03.018 INFO  [ main -> org.tasktide.itemstore.mutex.strategy.ElectionStrategy.evaluateLeaderTtl ]: Leader passed TTL check-in:	'/mnt/c/Users/Brendan Kenna/GitHub/TaskTide/tasktide/itemstore/ItemStore-Mutex/Queue/1770749575142.127-0-1-1_3644e965-1ac4-4347-b334-a862f24f6b35_d0102298-98cf-410f-8772-591c0eec1bc8.lock'
2026-02-10 18:53:03.020 INFO  [ main -> org.tasktide.itemstore.mutex.strategy.ElectionStrategy.waitUntilLeader ]: Resetting predecessor:	'a32d8a85-bfe8-4e7f-8b1f-7ea29ca727df'
2026-02-10 18:53:03.025 INFO  [ main -> org.tasktide.itemstore.mutex.strategy.ElectionStrategy.evaluateLeaderTtl ]: Leader passed TTL check-in:	'/mnt/c/Users/Brendan Kenna/GitHub/TaskTide/tasktide/itemstore/ItemStore-Mutex/Queue/1770749575142.127-0-1-1_3644e965-1ac4-4347-b334-a862f24f6b35_d0102298-98cf-410f-8772-591c0eec1bc8.lock'
2026-02-10 18:53:03.026 INFO  [ main -> org.tasktide.itemstore.mutex.strategy.ElectionStrategy.waitUntilLeader ]: Resetting predecessor:	'483588d0-7fe9-4775-bce7-6891cd0f7f9f'
2026-02-10 18:53:03.292 INFO  [ main -> org.tasktide.itemstore.mutex.strategy.ElectionStrategy.evaluateLeaderTtl ]: Leader passed TTL check-in:	'/mnt/c/Users/Brendan Kenna/GitHub/TaskTide/tasktide/itemstore/ItemStore-Mutex/Queue/1770749575142.127-0-1-1_3644e965-1ac4-4347-b334-a862f24f6b35_d0102298-98cf-410f-8772-591c0eec1bc8.lock'
2026-02-10 18:53:03.295 INFO  [ main -> org.tasktide.itemstore.mutex.strategy.ElectionStrategy.waitUntilLeader ]: Resetting predecessor:	'483588d0-7fe9-4775-bce7-6891cd0f7f9f'
2026-02-10 18:53:03.327 INFO  [ main -> org.tasktide.itemstore.mutex.strategy.ElectionStrategy.evaluateLeaderTtl ]: Leader passed TTL check-in:	'/mnt/c/Users/Brendan Kenna/GitHub/TaskTide/tasktide/itemstore/ItemStore-Mutex/Queue/1770749575142.127-0-1-1_3644e965-1ac4-4347-b334-a862f24f6b35_d0102298-98cf-410f-8772-591c0eec1bc8.lock'
2026-02-10 18:53:03.329 INFO  [ main -> org.tasktide.itemstore.mutex.strategy.ElectionStrategy.waitUntilLeader ]: Resetting predecessor:	'938deb26-e10d-4fad-bafc-91d736c83bf3'
2026-02-10 18:53:03.352 INFO  [ main -> org.tasktide.itemstore.mutex.orchestrator.MutexOrchestrator.confirmLeader ]: Leadership confirmed:	'9d71699a-e581-48d2-8862-f97290590aec'
2026-02-10 18:53:03.354 INFO  [ main -> org.tasktide.itemstore.mutex.orchestrator.MutexOrchestrator.performLock ]: Leadership confirmed:	'9d71699a-e581-48d2-8862-f97290590aec'
2026-02-10 18:53:03.356 INFO  [ main -> org.tasktide.itemstore.mutex.orchestrator.MutexOrchestrator.performLock ]: Waiting for FileChannel lock for:	'9d71699a-e581-48d2-8862-f97290590aec'
2026-02-10 18:53:03.434 INFO  [ main -> org.tasktide.itemstore.mutex.strategy.ElectionStrategy.evaluateLeaderTtl ]: Leader passed TTL check-in:	'/mnt/c/Users/Brendan Kenna/GitHub/TaskTide/tasktide/itemstore/ItemStore-Mutex/Queue/1770749575142.127-0-1-1_3644e965-1ac4-4347-b334-a862f24f6b35_d0102298-98cf-410f-8772-591c0eec1bc8.lock'
2026-02-10 18:53:03.436 INFO  [ main -> org.tasktide.itemstore.mutex.strategy.ElectionStrategy.waitUntilLeader ]: Resetting predecessor:	'a32d8a85-bfe8-4e7f-8b1f-7ea29ca727df'
2026-02-10 18:53:03.606 INFO  [ main -> org.tasktide.itemstore.mutex.strategy.ElectionStrategy.waitUntilLeader ]: Recasting ballot:	'483588d0-7fe9-4775-bce7-6891cd0f7f9f'
2026-02-10 18:53:03.654 INFO  [ main -> org.tasktide.itemstore.mutex.strategy.ElectionStrategy.evaluateLeaderTtl ]: Leader passed TTL check-in:	'/mnt/c/Users/Brendan Kenna/GitHub/TaskTide/tasktide/itemstore/ItemStore-Mutex/Queue/1770749575142.127-0-1-1_3644e965-1ac4-4347-b334-a862f24f6b35_d0102298-98cf-410f-8772-591c0eec1bc8.lock'
2026-02-10 18:53:03.655 INFO  [ main -> org.tasktide.itemstore.mutex.strategy.ElectionStrategy.waitUntilLeader ]: Resetting predecessor:	'938deb26-e10d-4fad-bafc-91d736c83bf3'
2026-02-10 18:53:03.746 INFO  [ main -> org.tasktide.itemstore.mutex.strategy.ElectionStrategy.evaluateLeaderTtl ]: Leader passed TTL check-in:	'/mnt/c/Users/Brendan Kenna/GitHub/TaskTide/tasktide/itemstore/ItemStore-Mutex/Queue/1770749575142.127-0-1-1_3644e965-1ac4-4347-b334-a862f24f6b35_d0102298-98cf-410f-8772-591c0eec1bc8.lock'
2026-02-10 18:53:03.749 INFO  [ main -> org.tasktide.itemstore.mutex.strategy.ElectionStrategy.waitUntilLeader ]: Resetting predecessor:	'bf4185b2-c54b-4264-98a6-f98c39ffd431'
2026-02-10 18:53:03.773 INFO  [ main -> org.tasktide.itemstore.mutex.strategy.ElectionStrategy.waitUntilLeader ]: Recasting ballot:	'f255fe3b-128a-4f3a-b02e-0d9de0ef33d1'
2026-02-10 18:53:03.819 INFO  [ main -> org.tasktide.itemstore.mutex.strategy.ElectionStrategy.evaluateLeaderTtl ]: Leader passed TTL check-in:	'/mnt/c/Users/Brendan Kenna/GitHub/TaskTide/tasktide/itemstore/ItemStore-Mutex/Queue/1770749575142.127-0-1-1_3644e965-1ac4-4347-b334-a862f24f6b35_d0102298-98cf-410f-8772-591c0eec1bc8.lock'
2026-02-10 18:53:03.820 INFO  [ main -> org.tasktide.itemstore.mutex.strategy.ElectionStrategy.waitUntilLeader ]: Resetting predecessor:	'a32d8a85-bfe8-4e7f-8b1f-7ea29ca727df'
2026-02-10 18:53:03.917 INFO  [ main -> org.tasktide.itemstore.mutex.strategy.ElectionStrategy.waitUntilLeader ]: Recasting ballot:	'f84a2ff0-75a1-4442-b74e-014d8f3ffed2'
2026-02-10 18:53:04.003 INFO  [ main -> org.tasktide.itemstore.mutex.strategy.ElectionStrategy.evaluateLeaderTtl ]: Leader passed TTL check-in:	'/mnt/c/Users/Brendan Kenna/GitHub/TaskTide/tasktide/itemstore/ItemStore-Mutex/Queue/1770749575142.127-0-1-1_3644e965-1ac4-4347-b334-a862f24f6b35_d0102298-98cf-410f-8772-591c0eec1bc8.lock'
2026-02-10 18:53:04.004 INFO  [ main -> org.tasktide.itemstore.mutex.strategy.ElectionStrategy.waitUntilLeader ]: Resetting predecessor:	'938deb26-e10d-4fad-bafc-91d736c83bf3'
2026-02-10 18:53:04.100 INFO  [ main -> org.tasktide.itemstore.mutex.strategy.ElectionStrategy.evaluateLeaderTtl ]: Leader passed TTL check-in:	'/mnt/c/Users/Brendan Kenna/GitHub/TaskTide/tasktide/itemstore/ItemStore-Mutex/Queue/1770749575142.127-0-1-1_3644e965-1ac4-4347-b334-a862f24f6b35_d0102298-98cf-410f-8772-591c0eec1bc8.lock'
2026-02-10 18:53:04.101 INFO  [ main -> org.tasktide.itemstore.mutex.strategy.ElectionStrategy.waitUntilLeader ]: Resetting predecessor:	'bf4185b2-c54b-4264-98a6-f98c39ffd431'
2026-02-10 18:53:04.151 INFO  [ main -> org.tasktide.itemstore.mutex.strategy.ElectionStrategy.evaluateLeaderTtl ]: Leader passed TTL check-in:	'/mnt/c/Users/Brendan Kenna/GitHub/TaskTide/tasktide/itemstore/ItemStore-Mutex/Queue/1770749575142.127-0-1-1_3644e965-1ac4-4347-b334-a862f24f6b35_d0102298-98cf-410f-8772-591c0eec1bc8.lock'
2026-02-10 18:53:04.152 INFO  [ main -> org.tasktide.itemstore.mutex.strategy.ElectionStrategy.waitUntilLeader ]: Resetting predecessor:	'a32d8a85-bfe8-4e7f-8b1f-7ea29ca727df'
2026-02-10 18:53:04.371 INFO  [ main -> org.tasktide.itemstore.mutex.orchestrator.MutexOrchestrator.performLock ]: File Channel Lock acquired for:	'9d71699a-e581-48d2-8862-f97290590aec'
2026-02-10 18:53:04.373 INFO  [ main -> org.tasktide.itemstore.mutex.orchestrator.MutexOrchestrator.performLock ]: Lock successful for:	'9d71699a-e581-48d2-8862-f97290590aec'
2026-02-10 18:53:04.400 INFO  [ main -> org.tasktide.itemstore.mutex.strategy.ElectionStrategy.evaluateLeaderTtl ]: Leader passed TTL check-in:	'/mnt/c/Users/Brendan Kenna/GitHub/TaskTide/tasktide/itemstore/ItemStore-Mutex/Queue/1770749575142.127-0-1-1_3644e965-1ac4-4347-b334-a862f24f6b35_d0102298-98cf-410f-8772-591c0eec1bc8.lock'
2026-02-10 18:53:04.402 INFO  [ main -> org.tasktide.itemstore.mutex.strategy.ElectionStrategy.waitUntilLeader ]: Resetting predecessor:	'938deb26-e10d-4fad-bafc-91d736c83bf3'
2026-02-10 18:53:04.464 INFO  [ main -> org.tasktide.itemstore.mutex.strategy.ElectionStrategy.evaluateLeaderTtl ]: Leader passed TTL check-in:	'/mnt/c/Users/Brendan Kenna/GitHub/TaskTide/tasktide/itemstore/ItemStore-Mutex/Queue/1770749575142.127-0-1-1_3644e965-1ac4-4347-b334-a862f24f6b35_d0102298-98cf-410f-8772-591c0eec1bc8.lock'
2026-02-10 18:53:04.464 INFO  [ main -> org.tasktide.itemstore.mutex.strategy.ElectionStrategy.waitUntilLeader ]: Resetting predecessor:	'bf4185b2-c54b-4264-98a6-f98c39ffd431'
2026-02-10 18:53:04.509 INFO  [ main -> org.tasktide.itemstore.mutex.strategy.ElectionStrategy.evaluateLeaderTtl ]: Leader passed TTL check-in:	'/mnt/c/Users/Brendan Kenna/GitHub/TaskTide/tasktide/itemstore/ItemStore-Mutex/Queue/1770749575142.127-0-1-1_3644e965-1ac4-4347-b334-a862f24f6b35_d0102298-98cf-410f-8772-591c0eec1bc8.lock'
2026-02-10 18:53:04.511 INFO  [ main -> org.tasktide.itemstore.mutex.strategy.ElectionStrategy.waitUntilLeader ]: Resetting predecessor:	'a32d8a85-bfe8-4e7f-8b1f-7ea29ca727df'
2026-02-10 18:53:04.835 INFO  [ main -> org.tasktide.itemstore.mutex.strategy.ElectionStrategy.evaluateLeaderTtl ]: Leader passed TTL check-in:	'/mnt/c/Users/Brendan Kenna/GitHub/TaskTide/tasktide/itemstore/ItemStore-Mutex/Queue/1770749575142.127-0-1-1_3644e965-1ac4-4347-b334-a862f24f6b35_d0102298-98cf-410f-8772-591c0eec1bc8.lock'
2026-02-10 18:53:04.837 INFO  [ main -> org.tasktide.itemstore.mutex.strategy.ElectionStrategy.waitUntilLeader ]: Resetting predecessor:	'938deb26-e10d-4fad-bafc-91d736c83bf3'
2026-02-10 18:53:04.842 INFO  [ main -> org.tasktide.itemstore.mutex.strategy.ElectionStrategy.evaluateLeaderTtl ]: Leader passed TTL check-in:	'/mnt/c/Users/Brendan Kenna/GitHub/TaskTide/tasktide/itemstore/ItemStore-Mutex/Queue/1770749575142.127-0-1-1_3644e965-1ac4-4347-b334-a862f24f6b35_d0102298-98cf-410f-8772-591c0eec1bc8.lock'
2026-02-10 18:53:04.844 INFO  [ main -> org.tasktide.itemstore.mutex.strategy.ElectionStrategy.waitUntilLeader ]: Resetting predecessor:	'a32d8a85-bfe8-4e7f-8b1f-7ea29ca727df'
2026-02-10 18:53:04.862 INFO  [ main -> org.tasktide.itemstore.mutex.orchestrator.MutexOrchestrator.tryAcquireUntilSuccess ]: Process-1222 Completed with counter value:	'0'
2026-02-10 18:53:04.865 INFO  [ main -> org.tasktide.itemstore.mutex.orchestrator.MutexOrchestrator.tryAcquireUntilSuccess ]: Process-1222 Loop terminating with done = 'true', and counter = '0'
2026-02-10 18:53:04.881 INFO  [ main -> org.tasktide.itemstore.mutex.LockActionReleaseApp.main ]: APP-Writing '18' to data file:	'/mnt/c/Users/Brendan Kenna/GitHub/TaskTide/tasktide/itemstore/ItemStore-Mutex/multi-process.txt'
2026-02-10 18:53:04.890 INFO  [ main -> org.tasktide.itemstore.mutex.LockActionReleaseApp.main ]: APP-Record written, releasing lock
2026-02-10 18:53:04.892 INFO  [ main -> org.tasktide.itemstore.mutex.orchestrator.MutexOrchestrator.releaseLock ]: Releasing active lock
2026-02-10 18:53:04.893 INFO  [ main -> org.tasktide.itemstore.mutex.orchestrator.MutexOrchestrator.releaseActiveLock ]: Releasing FileChannel mutex
2026-02-10 18:53:04.894 INFO  [ main -> org.tasktide.itemstore.mutex.strategy.ElectionStrategy.evaluateLeaderTtl ]: Leader passed TTL check-in:	'/mnt/c/Users/Brendan Kenna/GitHub/TaskTide/tasktide/itemstore/ItemStore-Mutex/Queue/1770749575142.127-0-1-1_3644e965-1ac4-4347-b334-a862f24f6b35_d0102298-98cf-410f-8772-591c0eec1bc8.lock'
2026-02-10 18:53:04.896 INFO  [ main -> org.tasktide.itemstore.mutex.strategy.ElectionStrategy.waitUntilLeader ]: Resetting predecessor:	'bf4185b2-c54b-4264-98a6-f98c39ffd431'
2026-02-10 18:53:05.152 INFO  [ main -> org.tasktide.itemstore.mutex.strategy.ElectionStrategy.evaluateLeaderTtl ]: Leader passed TTL check-in:	'/mnt/c/Users/Brendan Kenna/GitHub/TaskTide/tasktide/itemstore/ItemStore-Mutex/Queue/1770749575142.127-0-1-1_3644e965-1ac4-4347-b334-a862f24f6b35_d0102298-98cf-410f-8772-591c0eec1bc8.lock'
2026-02-10 18:53:05.154 INFO  [ main -> org.tasktide.itemstore.mutex.strategy.ElectionStrategy.waitUntilLeader ]: Resetting predecessor:	'938deb26-e10d-4fad-bafc-91d736c83bf3'
2026-02-10 18:53:05.179 INFO  [ main -> org.tasktide.itemstore.mutex.strategy.ElectionStrategy.evaluateLeaderTtl ]: Leader passed TTL check-in:	'/mnt/c/Users/Brendan Kenna/GitHub/TaskTide/tasktide/itemstore/ItemStore-Mutex/Queue/1770749575142.127-0-1-1_3644e965-1ac4-4347-b334-a862f24f6b35_d0102298-98cf-410f-8772-591c0eec1bc8.lock'
2026-02-10 18:53:05.181 INFO  [ main -> org.tasktide.itemstore.mutex.strategy.ElectionStrategy.waitUntilLeader ]: Resetting predecessor:	'a32d8a85-bfe8-4e7f-8b1f-7ea29ca727df'
2026-02-10 18:53:05.206 INFO  [ main -> org.tasktide.itemstore.mutex.orchestrator.MutexOrchestrator.releaseActiveLock ]: Releasing NFS mutex:
'{
    "Election File": "/mnt/c/Users/Brendan Kenna/GitHub/TaskTide/tasktide/itemstore/ItemStore-Mutex/Queue/1770749575142.127-0-1-1_3644e965-1ac4-4347-b334-a862f24f6b35_d0102298-98cf-410f-8772-591c0eec1bc8.lock",
    "End Jitter": "PT0.441S",
    "Host File": "/mnt/c/Users/Brendan Kenna/GitHub/TaskTide/tasktide/itemstore/ItemStore-Mutex/Host-Lock/1770749502434.127-0-1-1_3644e965-1ac4-4347-b334-a862f24f6b35.lock",
    "Id": "9d71699a-e581-48d2-8862-f97290590aec",
    "Lock Dir": "/mnt/c/Users/Brendan Kenna/GitHub/TaskTide/tasktide/itemstore/ItemStore-Mutex",
    "Lock File": "/mnt/c/Users/Brendan Kenna/GitHub/TaskTide/tasktide/itemstore/ItemStore-Mutex/lock-file.lock",
    "Mutex State": "LOCKED",
    "Retry Interval": "PT0.034S",
    "Stale File Threshold": "PT10S",
    "Start Jitter": "PT0.168S",
    "Timestamp": 1770749575142
}'
2026-02-10 18:53:05.222 INFO  [ main -> org.tasktide.itemstore.mutex.LockActionReleaseApp.main ]: APP-Lock released, test complete
2026-02-10 18:53:05.247 INFO  [ main -> org.tasktide.itemstore.mutex.strategy.ElectionStrategy.evaluateLeaderTtl ]: Leader passed TTL check-in:	'/mnt/c/Users/Brendan Kenna/GitHub/TaskTide/tasktide/itemstore/ItemStore-Mutex/Queue/1770749577241.127-0-1-1_aaaf40e3-aa56-410a-a296-58253a3cf0cb_76c1ece8-4a55-44e7-9877-bdd41349bfb7.lock'
2026-02-10 18:53:05.249 INFO  [ main -> org.tasktide.itemstore.mutex.strategy.ElectionStrategy.waitUntilLeader ]: Resetting predecessor:	'bf4185b2-c54b-4264-98a6-f98c39ffd431'
2026-02-10 18:53:05.346 INFO  [ main -> org.tasktide.itemstore.mutex.strategy.ElectionStrategy.evaluateLeaderTtl ]: Leader passed TTL check-in:	'/mnt/c/Users/Brendan Kenna/GitHub/TaskTide/tasktide/itemstore/ItemStore-Mutex/Queue/1770749577241.127-0-1-1_aaaf40e3-aa56-410a-a296-58253a3cf0cb_76c1ece8-4a55-44e7-9877-bdd41349bfb7.lock'
2026-02-10 18:53:05.347 INFO  [ main -> org.tasktide.itemstore.mutex.strategy.ElectionStrategy.waitUntilLeader ]: Resetting predecessor:	'b999aadf-52ec-4b1e-86bd-5b9eac0592aa'
2026-02-10 18:53:05.453 INFO  [ main -> org.tasktide.itemstore.mutex.strategy.ElectionStrategy.waitUntilLeader ]: Recasting ballot:	'84139ab3-ec85-4a3d-8bf5-4114599bb2c2'
2026-02-10 18:53:05.457 INFO  [ main -> org.tasktide.itemstore.mutex.strategy.ElectionStrategy.waitUntilLeader ]: Leadership acquired:	'938deb26-e10d-4fad-bafc-91d736c83bf3'
2026-02-10 18:53:05.460 INFO  [ main -> org.tasktide.itemstore.mutex.strategy.ElectionStrategy.waitUntilLeader ]: Verifying leadership:	'938deb26-e10d-4fad-bafc-91d736c83bf3'
2026-02-10 18:53:05.592 INFO  [ main -> org.tasktide.itemstore.mutex.strategy.ElectionStrategy.evaluateLeaderTtl ]: Leader passed TTL check-in:	'/mnt/c/Users/Brendan Kenna/GitHub/TaskTide/tasktide/itemstore/ItemStore-Mutex/Queue/1770749577241.127-0-1-1_aaaf40e3-aa56-410a-a296-58253a3cf0cb_76c1ece8-4a55-44e7-9877-bdd41349bfb7.lock'
2026-02-10 18:53:05.593 INFO  [ main -> org.tasktide.itemstore.mutex.strategy.ElectionStrategy.waitUntilLeader ]: Resetting predecessor:	'a32d8a85-bfe8-4e7f-8b1f-7ea29ca727df'
2026-02-10 18:53:05.670 INFO  [ main -> org.tasktide.itemstore.mutex.strategy.ElectionStrategy.evaluateLeaderTtl ]: Leader passed TTL check-in:	'/mnt/c/Users/Brendan Kenna/GitHub/TaskTide/tasktide/itemstore/ItemStore-Mutex/Queue/1770749577241.127-0-1-1_aaaf40e3-aa56-410a-a296-58253a3cf0cb_76c1ece8-4a55-44e7-9877-bdd41349bfb7.lock'
2026-02-10 18:53:05.672 INFO  [ main -> org.tasktide.itemstore.mutex.strategy.ElectionStrategy.waitUntilLeader ]: Resetting predecessor:	'bf4185b2-c54b-4264-98a6-f98c39ffd431'
2026-02-10 18:53:05.774 INFO  [ main -> org.tasktide.itemstore.mutex.strategy.ElectionStrategy.waitUntilLeader ]: Leadership verified:	'938deb26-e10d-4fad-bafc-91d736c83bf3'
2026-02-10 18:53:05.776 DEBUG [ main -> org.tasktide.itemstore.mutex.strategy.ElectionStrategy.apply ]: Active leader with Id:	'938deb26-e10d-4fad-bafc-91d736c83bf3'
2026-02-10 18:53:05.778 DEBUG [ main -> org.tasktide.itemstore.mutex.strategy.ElectionStrategy.apply ]: State set, writing mutex for:	'938deb26-e10d-4fad-bafc-91d736c83bf3'
2026-02-10 18:53:05.866 INFO  [ main -> org.tasktide.itemstore.mutex.strategy.ElectionStrategy.evaluateLeaderTtl ]: Leader passed TTL check-in:	'/mnt/c/Users/Brendan Kenna/GitHub/TaskTide/tasktide/itemstore/ItemStore-Mutex/Queue/1770749577351.127-0-1-1_b1a3948d-cbf3-4ece-bbc5-c227209297a3_76bd2023-5755-4162-ba7f-a0f7e76b3d30.lock'
2026-02-10 18:53:05.868 INFO  [ main -> org.tasktide.itemstore.mutex.strategy.ElectionStrategy.waitUntilLeader ]: Resetting predecessor:	'b999aadf-52ec-4b1e-86bd-5b9eac0592aa'
2026-02-10 18:53:05.886 DEBUG [ main -> org.tasktide.itemstore.mutex.strategy.ElectionStrategy.apply ]: Mutex written for:	'938deb26-e10d-4fad-bafc-91d736c83bf3'
2026-02-10 18:53:05.947 INFO  [ main -> org.tasktide.itemstore.mutex.orchestrator.MutexOrchestrator.performLock ]: NFS Lock acquired for:	'938deb26-e10d-4fad-bafc-91d736c83bf3'
2026-02-10 18:53:05.948 INFO  [ main -> org.tasktide.itemstore.mutex.orchestrator.MutexOrchestrator.performLock ]: Confirming leadership:	'938deb26-e10d-4fad-bafc-91d736c83bf3'
2026-02-10 18:53:05.962 INFO  [ main -> org.tasktide.itemstore.mutex.strategy.ElectionStrategy.waitUntilLeader ]: Recasting ballot:	'a32d8a85-bfe8-4e7f-8b1f-7ea29ca727df'
2026-02-10 18:53:06.034 INFO  [ main -> org.tasktide.itemstore.mutex.strategy.ElectionStrategy.evaluateLeaderTtl ]: Leader passed TTL check-in:	'/mnt/c/Users/Brendan Kenna/GitHub/TaskTide/tasktide/itemstore/ItemStore-Mutex/Queue/1770749577241.127-0-1-1_aaaf40e3-aa56-410a-a296-58253a3cf0cb_76c1ece8-4a55-44e7-9877-bdd41349bfb7.lock'
2026-02-10 18:53:06.034 INFO  [ main -> org.tasktide.itemstore.mutex.strategy.ElectionStrategy.waitUntilLeader ]: Resetting predecessor:	'31cdf384-541d-4cc9-8496-fce1088b0ae8'
2026-02-10 18:53:06.107 INFO  [ main -> org.tasktide.itemstore.mutex.strategy.ElectionStrategy.evaluateLeaderTtl ]: Leader passed TTL check-in:	'/mnt/c/Users/Brendan Kenna/GitHub/TaskTide/tasktide/itemstore/ItemStore-Mutex/Queue/1770749577241.127-0-1-1_aaaf40e3-aa56-410a-a296-58253a3cf0cb_76c1ece8-4a55-44e7-9877-bdd41349bfb7.lock'
2026-02-10 18:53:06.108 INFO  [ main -> org.tasktide.itemstore.mutex.strategy.ElectionStrategy.waitUntilLeader ]: Resetting predecessor:	'bf4185b2-c54b-4264-98a6-f98c39ffd431'
2026-02-10 18:53:06.294 INFO  [ main -> org.tasktide.itemstore.mutex.strategy.ElectionStrategy.evaluateLeaderTtl ]: Leader passed TTL check-in:	'/mnt/c/Users/Brendan Kenna/GitHub/TaskTide/tasktide/itemstore/ItemStore-Mutex/Queue/1770749577241.127-0-1-1_aaaf40e3-aa56-410a-a296-58253a3cf0cb_76c1ece8-4a55-44e7-9877-bdd41349bfb7.lock'
2026-02-10 18:53:06.296 INFO  [ main -> org.tasktide.itemstore.mutex.strategy.ElectionStrategy.waitUntilLeader ]: Resetting predecessor:	'31cdf384-541d-4cc9-8496-fce1088b0ae8'
2026-02-10 18:53:06.360 INFO  [ main -> org.tasktide.itemstore.mutex.strategy.ElectionStrategy.evaluateLeaderTtl ]: Leader passed TTL check-in:	'/mnt/c/Users/Brendan Kenna/GitHub/TaskTide/tasktide/itemstore/ItemStore-Mutex/Queue/1770749577241.127-0-1-1_aaaf40e3-aa56-410a-a296-58253a3cf0cb_76c1ece8-4a55-44e7-9877-bdd41349bfb7.lock'
2026-02-10 18:53:06.363 INFO  [ main -> org.tasktide.itemstore.mutex.strategy.ElectionStrategy.waitUntilLeader ]: Resetting predecessor:	'b999aadf-52ec-4b1e-86bd-5b9eac0592aa'
2026-02-10 18:53:06.530 INFO  [ main -> org.tasktide.itemstore.mutex.strategy.ElectionStrategy.waitUntilLeader ]: Recasting ballot:	'31cdf384-541d-4cc9-8496-fce1088b0ae8'
2026-02-10 18:53:06.577 INFO  [ main -> org.tasktide.itemstore.mutex.strategy.ElectionStrategy.evaluateLeaderTtl ]: Leader passed TTL check-in:	'/mnt/c/Users/Brendan Kenna/GitHub/TaskTide/tasktide/itemstore/ItemStore-Mutex/Queue/1770749577241.127-0-1-1_aaaf40e3-aa56-410a-a296-58253a3cf0cb_76c1ece8-4a55-44e7-9877-bdd41349bfb7.lock'
2026-02-10 18:53:06.578 INFO  [ main -> org.tasktide.itemstore.mutex.strategy.ElectionStrategy.waitUntilLeader ]: Resetting predecessor:	'bf4185b2-c54b-4264-98a6-f98c39ffd431'
2026-02-10 18:53:06.724 INFO  [ main -> org.tasktide.itemstore.mutex.orchestrator.MutexOrchestrator.confirmLeader ]: Leadership confirmed:	'938deb26-e10d-4fad-bafc-91d736c83bf3'
2026-02-10 18:53:06.725 INFO  [ main -> org.tasktide.itemstore.mutex.orchestrator.MutexOrchestrator.performLock ]: Leadership confirmed:	'938deb26-e10d-4fad-bafc-91d736c83bf3'
2026-02-10 18:53:06.727 INFO  [ main -> org.tasktide.itemstore.mutex.orchestrator.MutexOrchestrator.performLock ]: Waiting for FileChannel lock for:	'938deb26-e10d-4fad-bafc-91d736c83bf3'
2026-02-10 18:53:06.840 INFO  [ main -> org.tasktide.itemstore.mutex.strategy.ElectionStrategy.waitUntilLeader ]: Recasting ballot:	'f255fe3b-128a-4f3a-b02e-0d9de0ef33d1'
2026-02-10 18:53:06.844 INFO  [ main -> org.tasktide.itemstore.mutex.strategy.ElectionStrategy.evaluateLeaderTtl ]: Leader passed TTL check-in:	'/mnt/c/Users/Brendan Kenna/GitHub/TaskTide/tasktide/itemstore/ItemStore-Mutex/Queue/1770749577241.127-0-1-1_aaaf40e3-aa56-410a-a296-58253a3cf0cb_76c1ece8-4a55-44e7-9877-bdd41349bfb7.lock'
2026-02-10 18:53:06.846 INFO  [ main -> org.tasktide.itemstore.mutex.strategy.ElectionStrategy.waitUntilLeader ]: Resetting predecessor:	'b999aadf-52ec-4b1e-86bd-5b9eac0592aa'
2026-02-10 18:53:06.862 INFO  [ main -> org.tasktide.itemstore.mutex.strategy.ElectionStrategy.evaluateLeaderTtl ]: Leader passed TTL check-in:	'/mnt/c/Users/Brendan Kenna/GitHub/TaskTide/tasktide/itemstore/ItemStore-Mutex/Queue/1770749577241.127-0-1-1_aaaf40e3-aa56-410a-a296-58253a3cf0cb_76c1ece8-4a55-44e7-9877-bdd41349bfb7.lock'
2026-02-10 18:53:06.864 INFO  [ main -> org.tasktide.itemstore.mutex.strategy.ElectionStrategy.waitUntilLeader ]: Resetting predecessor:	'170d974b-cb45-42b1-a7ec-de6ca0e1c23a'
2026-02-10 18:53:06.975 INFO  [ main -> org.tasktide.itemstore.mutex.strategy.ElectionStrategy.waitUntilLeader ]: Recasting ballot:	'bf4185b2-c54b-4264-98a6-f98c39ffd431'
2026-02-10 18:53:07.165 INFO  [ main -> org.tasktide.itemstore.mutex.strategy.ElectionStrategy.evaluateLeaderTtl ]: Leader passed TTL check-in:	'/mnt/c/Users/Brendan Kenna/GitHub/TaskTide/tasktide/itemstore/ItemStore-Mutex/Queue/1770749577241.127-0-1-1_aaaf40e3-aa56-410a-a296-58253a3cf0cb_76c1ece8-4a55-44e7-9877-bdd41349bfb7.lock'
2026-02-10 18:53:07.166 INFO  [ main -> org.tasktide.itemstore.mutex.strategy.ElectionStrategy.waitUntilLeader ]: Resetting predecessor:	'483588d0-7fe9-4775-bce7-6891cd0f7f9f'
2026-02-10 18:53:07.176 INFO  [ main -> org.tasktide.itemstore.mutex.strategy.ElectionStrategy.evaluateLeaderTtl ]: Leader passed TTL check-in:	'/mnt/c/Users/Brendan Kenna/GitHub/TaskTide/tasktide/itemstore/ItemStore-Mutex/Queue/1770749577241.127-0-1-1_aaaf40e3-aa56-410a-a296-58253a3cf0cb_76c1ece8-4a55-44e7-9877-bdd41349bfb7.lock'
2026-02-10 18:53:07.178 INFO  [ main -> org.tasktide.itemstore.mutex.strategy.ElectionStrategy.waitUntilLeader ]: Resetting predecessor:	'170d974b-cb45-42b1-a7ec-de6ca0e1c23a'
2026-02-10 18:53:07.264 INFO  [ main -> org.tasktide.itemstore.mutex.strategy.ElectionStrategy.evaluateLeaderTtl ]: Leader passed TTL check-in:	'/mnt/c/Users/Brendan Kenna/GitHub/TaskTide/tasktide/itemstore/ItemStore-Mutex/Queue/1770749577241.127-0-1-1_aaaf40e3-aa56-410a-a296-58253a3cf0cb_76c1ece8-4a55-44e7-9877-bdd41349bfb7.lock'
2026-02-10 18:53:07.266 INFO  [ main -> org.tasktide.itemstore.mutex.strategy.ElectionStrategy.waitUntilLeader ]: Resetting predecessor:	'b999aadf-52ec-4b1e-86bd-5b9eac0592aa'
2026-02-10 18:53:07.468 INFO  [ main -> org.tasktide.itemstore.mutex.strategy.ElectionStrategy.evaluateLeaderTtl ]: Leader passed TTL check-in:	'/mnt/c/Users/Brendan Kenna/GitHub/TaskTide/tasktide/itemstore/ItemStore-Mutex/Queue/1770749577241.127-0-1-1_aaaf40e3-aa56-410a-a296-58253a3cf0cb_76c1ece8-4a55-44e7-9877-bdd41349bfb7.lock'
2026-02-10 18:53:07.471 INFO  [ main -> org.tasktide.itemstore.mutex.strategy.ElectionStrategy.waitUntilLeader ]: Resetting predecessor:	'483588d0-7fe9-4775-bce7-6891cd0f7f9f'
2026-02-10 18:53:07.546 WARN  [ main -> org.tasktide.itemstore.mutex.strategy.ElectionStrategy.evaluateLeaderTtl ]: Removing below stale leader status:	'true'

'/mnt/c/Users/Brendan Kenna/GitHub/TaskTide/tasktide/itemstore/ItemStore-Mutex/Queue/1770749577241.127-0-1-1_aaaf40e3-aa56-410a-a296-58253a3cf0cb_76c1ece8-4a55-44e7-9877-bdd41349bfb7.lock'
2026-02-10 18:53:09.870 INFO  [ main -> org.tasktide.itemstore.mutex.strategy.ElectionStrategy.waitUntilLeader ]: Leadership acquired:	'b999aadf-52ec-4b1e-86bd-5b9eac0592aa'
2026-02-10 18:53:09.871 INFO  [ main -> org.tasktide.itemstore.mutex.strategy.ElectionStrategy.waitUntilLeader ]: Verifying leadership:	'b999aadf-52ec-4b1e-86bd-5b9eac0592aa'
2026-02-10 18:53:09.934 INFO  [ main -> org.tasktide.itemstore.mutex.strategy.ElectionStrategy.evaluateLeaderTtl ]: Leader passed TTL check-in:	'/mnt/c/Users/Brendan Kenna/GitHub/TaskTide/tasktide/itemstore/ItemStore-Mutex/Queue/1770749580640.127-0-1-1_17c7873b-ab53-4f37-877b-eda907c02f1f_b999aadf-52ec-4b1e-86bd-5b9eac0592aa.lock'
2026-02-10 18:53:09.935 INFO  [ main -> org.tasktide.itemstore.mutex.strategy.ElectionStrategy.waitUntilLeader ]: Resetting predecessor:	'f84a2ff0-75a1-4442-b74e-014d8f3ffed2'
2026-02-10 18:53:09.942 INFO  [ main -> org.tasktide.itemstore.mutex.strategy.ElectionStrategy.evaluateLeaderTtl ]: Leader passed TTL check-in:	'/mnt/c/Users/Brendan Kenna/GitHub/TaskTide/tasktide/itemstore/ItemStore-Mutex/Queue/1770749580640.127-0-1-1_17c7873b-ab53-4f37-877b-eda907c02f1f_b999aadf-52ec-4b1e-86bd-5b9eac0592aa.lock'
2026-02-10 18:53:09.944 INFO  [ main -> org.tasktide.itemstore.mutex.strategy.ElectionStrategy.waitUntilLeader ]: Resetting predecessor:	'483588d0-7fe9-4775-bce7-6891cd0f7f9f'
2026-02-10 18:53:10.000 INFO  [ main -> org.tasktide.itemstore.mutex.orchestrator.MutexOrchestrator.performLock ]: File Channel Lock acquired for:	'938deb26-e10d-4fad-bafc-91d736c83bf3'
2026-02-10 18:53:10.003 INFO  [ main -> org.tasktide.itemstore.mutex.orchestrator.MutexOrchestrator.performLock ]: Lock successful for:	'938deb26-e10d-4fad-bafc-91d736c83bf3'
2026-02-10 18:53:10.006 INFO  [ main -> org.tasktide.itemstore.mutex.orchestrator.MutexOrchestrator.tryAcquireUntilSuccess ]: Process-1166 Completed with counter value:	'1'
2026-02-10 18:53:10.009 INFO  [ main -> org.tasktide.itemstore.mutex.orchestrator.MutexOrchestrator.tryAcquireUntilSuccess ]: Process-1166 Loop terminating with done = 'true', and counter = '1'
2026-02-10 18:53:10.032 INFO  [ main -> org.tasktide.itemstore.mutex.LockActionReleaseApp.main ]: APP-Writing '19' to data file:	'/mnt/c/Users/Brendan Kenna/GitHub/TaskTide/tasktide/itemstore/ItemStore-Mutex/multi-process.txt'
2026-02-10 18:53:10.047 INFO  [ main -> org.tasktide.itemstore.mutex.LockActionReleaseApp.main ]: APP-Record written, releasing lock
2026-02-10 18:53:10.049 INFO  [ main -> org.tasktide.itemstore.mutex.orchestrator.MutexOrchestrator.releaseLock ]: Releasing active lock
2026-02-10 18:53:10.051 INFO  [ main -> org.tasktide.itemstore.mutex.orchestrator.MutexOrchestrator.releaseActiveLock ]: Releasing FileChannel mutex
2026-02-10 18:53:10.060 INFO  [ main -> org.tasktide.itemstore.mutex.strategy.ElectionStrategy.evaluateLeaderTtl ]: Leader passed TTL check-in:	'/mnt/c/Users/Brendan Kenna/GitHub/TaskTide/tasktide/itemstore/ItemStore-Mutex/Queue/1770749580640.127-0-1-1_17c7873b-ab53-4f37-877b-eda907c02f1f_b999aadf-52ec-4b1e-86bd-5b9eac0592aa.lock'
2026-02-10 18:53:10.063 INFO  [ main -> org.tasktide.itemstore.mutex.strategy.ElectionStrategy.waitUntilLeader ]: Resetting predecessor:	'170d974b-cb45-42b1-a7ec-de6ca0e1c23a'
2026-02-10 18:53:10.151 INFO  [ main -> org.tasktide.itemstore.mutex.strategy.ElectionStrategy.evaluateLeaderTtl ]: Leader passed TTL check-in:	'/mnt/c/Users/Brendan Kenna/GitHub/TaskTide/tasktide/itemstore/ItemStore-Mutex/Queue/1770749580640.127-0-1-1_17c7873b-ab53-4f37-877b-eda907c02f1f_b999aadf-52ec-4b1e-86bd-5b9eac0592aa.lock'
2026-02-10 18:53:10.152 INFO  [ main -> org.tasktide.itemstore.mutex.strategy.ElectionStrategy.waitUntilLeader ]: Resetting predecessor:	'f84a2ff0-75a1-4442-b74e-014d8f3ffed2'
2026-02-10 18:53:10.272 INFO  [ main -> org.tasktide.itemstore.mutex.strategy.ElectionStrategy.evaluateLeaderTtl ]: Leader passed TTL check-in:	'/mnt/c/Users/Brendan Kenna/GitHub/TaskTide/tasktide/itemstore/ItemStore-Mutex/Queue/1770749580640.127-0-1-1_17c7873b-ab53-4f37-877b-eda907c02f1f_b999aadf-52ec-4b1e-86bd-5b9eac0592aa.lock'
2026-02-10 18:53:10.274 INFO  [ main -> org.tasktide.itemstore.mutex.strategy.ElectionStrategy.waitUntilLeader ]: Resetting predecessor:	'483588d0-7fe9-4775-bce7-6891cd0f7f9f'
2026-02-10 18:53:10.306 INFO  [ main -> org.tasktide.itemstore.mutex.strategy.ElectionStrategy.waitUntilLeader ]: Recasting ballot:	'170d974b-cb45-42b1-a7ec-de6ca0e1c23a'
2026-02-10 18:53:10.309 INFO  [ main -> org.tasktide.itemstore.mutex.strategy.ElectionStrategy.waitUntilLeader ]: Leadership verified:	'b999aadf-52ec-4b1e-86bd-5b9eac0592aa'
2026-02-10 18:53:10.310 DEBUG [ main -> org.tasktide.itemstore.mutex.strategy.ElectionStrategy.apply ]: Active leader with Id:	'b999aadf-52ec-4b1e-86bd-5b9eac0592aa'
2026-02-10 18:53:10.311 DEBUG [ main -> org.tasktide.itemstore.mutex.strategy.ElectionStrategy.apply ]: State set, writing mutex for:	'b999aadf-52ec-4b1e-86bd-5b9eac0592aa'
2026-02-10 18:53:10.377 DEBUG [ main -> org.tasktide.itemstore.mutex.strategy.ElectionStrategy.apply ]: Mutex written for:	'b999aadf-52ec-4b1e-86bd-5b9eac0592aa'
2026-02-10 18:53:10.427 WARN  [ main -> org.tasktide.itemstore.FileUtility.dropFile ]: Warning provided path does not exist, unable to delete:
'/mnt/c/Users/Brendan Kenna/GitHub/TaskTide/tasktide/itemstore/ItemStore-Mutex/Host-Lock/1770749570587.127-0-1-1_aaaf40e3-aa56-410a-a296-58253a3cf0cb.lock'

2026-02-10 18:53:10.432 INFO  [ main -> org.tasktide.itemstore.mutex.strategy.ElectionStrategy.evaluateLeaderTtl ]: Leader passed TTL check-in:	'/mnt/c/Users/Brendan Kenna/GitHub/TaskTide/tasktide/itemstore/ItemStore-Mutex/Queue/1770749580640.127-0-1-1_17c7873b-ab53-4f37-877b-eda907c02f1f_b999aadf-52ec-4b1e-86bd-5b9eac0592aa.lock'
2026-02-10 18:53:10.433 INFO  [ main -> org.tasktide.itemstore.mutex.strategy.ElectionStrategy.waitUntilLeader ]: Resetting predecessor:	'f84a2ff0-75a1-4442-b74e-014d8f3ffed2'
2026-02-10 18:53:10.434 WARN  [ main -> org.tasktide.itemstore.FileUtility.dropFile ]: Warning could not delete target file, displaying error:	'/mnt/c/Users/Brendan Kenna/GitHub/TaskTide/tasktide/itemstore/ItemStore-Mutex/Host-Lock/1770749570587.127-0-1-1_aaaf40e3-aa56-410a-a296-58253a3cf0cb.lock'
java.nio.file.NoSuchFileException: /mnt/c/Users/Brendan Kenna/GitHub/TaskTide/tasktide/itemstore/ItemStore-Mutex/Host-Lock/1770749570587.127-0-1-1_aaaf40e3-aa56-410a-a296-58253a3cf0cb.lock
	at sun.nio.fs.UnixException.translateToIOException(UnixException.java:92) ~[?:?]
	at sun.nio.fs.UnixException.rethrowAsIOException(UnixException.java:106) ~[?:?]
	at sun.nio.fs.UnixException.rethrowAsIOException(UnixException.java:111) ~[?:?]
	at sun.nio.fs.UnixFileSystemProvider.implDelete(UnixFileSystemProvider.java:248) ~[?:?]
	at sun.nio.fs.AbstractFileSystemProvider.delete(AbstractFileSystemProvider.java:105) ~[?:?]
	at java.nio.file.Files.delete(Files.java:1152) ~[?:?]
	at org.tasktide.itemstore.FileUtility.dropFile(FileUtility.java:132) [main/:?]
	at org.tasktide.itemstore.mutex.strategy.FileChannelStrategy.release(FileChannelStrategy.java:126) [main/:?]
	at org.tasktide.itemstore.mutex.FileChannelMutex.release(FileChannelMutex.java:176) [main/:?]
	at org.tasktide.itemstore.mutex.orchestrator.MutexOrchestrator.releaseActiveLock(MutexOrchestrator.java:290) [main/:?]
	at org.tasktide.itemstore.mutex.orchestrator.MutexOrchestrator.releaseLock(MutexOrchestrator.java:276) [main/:?]
	at org.tasktide.itemstore.mutex.LockActionReleaseApp.main(LockActionReleaseApp.java:109) [test/:?]
2026-02-10 18:53:10.436 INFO  [ main -> org.tasktide.itemstore.mutex.orchestrator.MutexOrchestrator.performLock ]: NFS Lock acquired for:	'b999aadf-52ec-4b1e-86bd-5b9eac0592aa'
2026-02-10 18:53:10.438 INFO  [ main -> org.tasktide.itemstore.mutex.orchestrator.MutexOrchestrator.performLock ]: Confirming leadership:	'b999aadf-52ec-4b1e-86bd-5b9eac0592aa'
2026-02-10 18:53:10.475 INFO  [ main -> org.tasktide.itemstore.mutex.strategy.ElectionStrategy.evaluateLeaderTtl ]: Leader passed TTL check-in:	'/mnt/c/Users/Brendan Kenna/GitHub/TaskTide/tasktide/itemstore/ItemStore-Mutex/Queue/1770749580640.127-0-1-1_17c7873b-ab53-4f37-877b-eda907c02f1f_b999aadf-52ec-4b1e-86bd-5b9eac0592aa.lock'
2026-02-10 18:53:10.476 INFO  [ main -> org.tasktide.itemstore.mutex.strategy.ElectionStrategy.waitUntilLeader ]: Resetting predecessor:	'84139ab3-ec85-4a3d-8bf5-4114599bb2c2'
2026-02-10 18:53:10.488 INFO  [ main -> org.tasktide.itemstore.mutex.orchestrator.MutexOrchestrator.releaseActiveLock ]: Releasing NFS mutex:
'{
    "Election File": "/mnt/c/Users/Brendan Kenna/GitHub/TaskTide/tasktide/itemstore/ItemStore-Mutex/Queue/1770749577241.127-0-1-1_aaaf40e3-aa56-410a-a296-58253a3cf0cb_76c1ece8-4a55-44e7-9877-bdd41349bfb7.lock",
    "End Jitter": "PT0.417S",
    "Host File": "/mnt/c/Users/Brendan Kenna/GitHub/TaskTide/tasktide/itemstore/ItemStore-Mutex/Host-Lock/1770749570587.127-0-1-1_aaaf40e3-aa56-410a-a296-58253a3cf0cb.lock",
    "Id": "938deb26-e10d-4fad-bafc-91d736c83bf3",
    "Lock Dir": "/mnt/c/Users/Brendan Kenna/GitHub/TaskTide/tasktide/itemstore/ItemStore-Mutex",
    "Lock File": "/mnt/c/Users/Brendan Kenna/GitHub/TaskTide/tasktide/itemstore/ItemStore-Mutex/lock-file.lock",
    "Mutex State": "LOCKED",
    "Retry Interval": "PT0.194S",
    "Stale File Threshold": "PT10S",
    "Start Jitter": "PT0.253S",
    "Timestamp": 1770749577241
}'
2026-02-10 18:53:10.494 INFO  [ main -> org.tasktide.itemstore.mutex.LockActionReleaseApp.main ]: APP-Lock released, test complete
2026-02-10 18:53:10.603 INFO  [ main -> org.tasktide.itemstore.mutex.strategy.ElectionStrategy.evaluateLeaderTtl ]: Leader passed TTL check-in:	'/mnt/c/Users/Brendan Kenna/GitHub/TaskTide/tasktide/itemstore/ItemStore-Mutex/Queue/1770749580640.127-0-1-1_17c7873b-ab53-4f37-877b-eda907c02f1f_b999aadf-52ec-4b1e-86bd-5b9eac0592aa.lock'
2026-02-10 18:53:10.605 INFO  [ main -> org.tasktide.itemstore.mutex.strategy.ElectionStrategy.waitUntilLeader ]: Resetting predecessor:	'483588d0-7fe9-4775-bce7-6891cd0f7f9f'
2026-02-10 18:53:10.691 INFO  [ main -> org.tasktide.itemstore.mutex.strategy.ElectionStrategy.evaluateLeaderTtl ]: Leader passed TTL check-in:	'/mnt/c/Users/Brendan Kenna/GitHub/TaskTide/tasktide/itemstore/ItemStore-Mutex/Queue/1770749580640.127-0-1-1_17c7873b-ab53-4f37-877b-eda907c02f1f_b999aadf-52ec-4b1e-86bd-5b9eac0592aa.lock'
2026-02-10 18:53:10.696 INFO  [ main -> org.tasktide.itemstore.mutex.strategy.ElectionStrategy.waitUntilLeader ]: Resetting predecessor:	'84139ab3-ec85-4a3d-8bf5-4114599bb2c2'
2026-02-10 18:53:10.716 INFO  [ main -> org.tasktide.itemstore.mutex.strategy.ElectionStrategy.evaluateLeaderTtl ]: Leader passed TTL check-in:	'/mnt/c/Users/Brendan Kenna/GitHub/TaskTide/tasktide/itemstore/ItemStore-Mutex/Queue/1770749580640.127-0-1-1_17c7873b-ab53-4f37-877b-eda907c02f1f_b999aadf-52ec-4b1e-86bd-5b9eac0592aa.lock'
2026-02-10 18:53:10.717 INFO  [ main -> org.tasktide.itemstore.mutex.strategy.ElectionStrategy.waitUntilLeader ]: Resetting predecessor:	'f84a2ff0-75a1-4442-b74e-014d8f3ffed2'
2026-02-10 18:53:10.890 INFO  [ main -> org.tasktide.itemstore.mutex.strategy.ElectionStrategy.evaluateLeaderTtl ]: Leader passed TTL check-in:	'/mnt/c/Users/Brendan Kenna/GitHub/TaskTide/tasktide/itemstore/ItemStore-Mutex/Queue/1770749580640.127-0-1-1_17c7873b-ab53-4f37-877b-eda907c02f1f_b999aadf-52ec-4b1e-86bd-5b9eac0592aa.lock'
2026-02-10 18:53:10.891 INFO  [ main -> org.tasktide.itemstore.mutex.strategy.ElectionStrategy.waitUntilLeader ]: Resetting predecessor:	'84139ab3-ec85-4a3d-8bf5-4114599bb2c2'
2026-02-10 18:53:10.933 INFO  [ main -> org.tasktide.itemstore.mutex.strategy.ElectionStrategy.evaluateLeaderTtl ]: Leader passed TTL check-in:	'/mnt/c/Users/Brendan Kenna/GitHub/TaskTide/tasktide/itemstore/ItemStore-Mutex/Queue/1770749580640.127-0-1-1_17c7873b-ab53-4f37-877b-eda907c02f1f_b999aadf-52ec-4b1e-86bd-5b9eac0592aa.lock'
2026-02-10 18:53:10.936 INFO  [ main -> org.tasktide.itemstore.mutex.strategy.ElectionStrategy.evaluateLeaderTtl ]: Leader passed TTL check-in:	'/mnt/c/Users/Brendan Kenna/GitHub/TaskTide/tasktide/itemstore/ItemStore-Mutex/Queue/1770749580640.127-0-1-1_17c7873b-ab53-4f37-877b-eda907c02f1f_b999aadf-52ec-4b1e-86bd-5b9eac0592aa.lock'
2026-02-10 18:53:10.937 INFO  [ main -> org.tasktide.itemstore.mutex.strategy.ElectionStrategy.waitUntilLeader ]: Resetting predecessor:	'483588d0-7fe9-4775-bce7-6891cd0f7f9f'
2026-02-10 18:53:10.939 INFO  [ main -> org.tasktide.itemstore.mutex.strategy.ElectionStrategy.waitUntilLeader ]: Resetting predecessor:	'f84a2ff0-75a1-4442-b74e-014d8f3ffed2'
2026-02-10 18:53:11.091 INFO  [ main -> org.tasktide.itemstore.mutex.strategy.ElectionStrategy.waitUntilLeader ]: Recasting ballot:	'f84a2ff0-75a1-4442-b74e-014d8f3ffed2'
2026-02-10 18:53:11.129 WARN  [ main -> org.tasktide.itemstore.mutex.strategy.ElectionStrategy.evaluateLeaderTtl ]: Removing below stale leader status:	'true'

'/mnt/c/Users/Brendan Kenna/GitHub/TaskTide/tasktide/itemstore/ItemStore-Mutex/Queue/1770749580640.127-0-1-1_17c7873b-ab53-4f37-877b-eda907c02f1f_b999aadf-52ec-4b1e-86bd-5b9eac0592aa.lock'
2026-02-10 18:53:11.177 INFO  [ main -> org.tasktide.itemstore.mutex.strategy.ElectionStrategy.waitUntilLeader ]: Leadership acquired:	'483588d0-7fe9-4775-bce7-6891cd0f7f9f'
2026-02-10 18:53:11.178 INFO  [ main -> org.tasktide.itemstore.mutex.strategy.ElectionStrategy.waitUntilLeader ]: Verifying leadership:	'483588d0-7fe9-4775-bce7-6891cd0f7f9f'
2026-02-10 18:53:11.192 INFO  [ main -> org.tasktide.itemstore.mutex.strategy.ElectionStrategy.evaluateLeaderTtl ]: Leader passed TTL check-in:	'/mnt/c/Users/Brendan Kenna/GitHub/TaskTide/tasktide/itemstore/ItemStore-Mutex/Queue/1770749583613.127-0-1-1_7af9c1ba-2b05-4dc6-8579-8343a6cf4d6a_3ee4f88e-cc12-49b0-89fd-37fda3ff161a.lock'
2026-02-10 18:53:11.193 INFO  [ main -> org.tasktide.itemstore.mutex.strategy.ElectionStrategy.waitUntilLeader ]: Resetting predecessor:	'a32d8a85-bfe8-4e7f-8b1f-7ea29ca727df'
2026-02-10 18:53:11.309 INFO  [ main -> org.tasktide.itemstore.mutex.strategy.ElectionStrategy.evaluateLeaderTtl ]: Leader passed TTL check-in:	'/mnt/c/Users/Brendan Kenna/GitHub/TaskTide/tasktide/itemstore/ItemStore-Mutex/Queue/1770749583613.127-0-1-1_7af9c1ba-2b05-4dc6-8579-8343a6cf4d6a_3ee4f88e-cc12-49b0-89fd-37fda3ff161a.lock'
2026-02-10 18:53:11.311 INFO  [ main -> org.tasktide.itemstore.mutex.strategy.ElectionStrategy.waitUntilLeader ]: Resetting predecessor:	'31cdf384-541d-4cc9-8496-fce1088b0ae8'
2026-02-10 18:53:11.343 INFO  [ main -> org.tasktide.itemstore.mutex.strategy.ElectionStrategy.evaluateLeaderTtl ]: Leader passed TTL check-in:	'/mnt/c/Users/Brendan Kenna/GitHub/TaskTide/tasktide/itemstore/ItemStore-Mutex/Queue/1770749583613.127-0-1-1_7af9c1ba-2b05-4dc6-8579-8343a6cf4d6a_3ee4f88e-cc12-49b0-89fd-37fda3ff161a.lock'
2026-02-10 18:53:11.346 INFO  [ main -> org.tasktide.itemstore.mutex.strategy.ElectionStrategy.waitUntilLeader ]: Resetting predecessor:	'84139ab3-ec85-4a3d-8bf5-4114599bb2c2'
2026-02-10 18:53:11.430 DEBUG [ main -> org.tasktide.itemstore.mutex.orchestrator.MutexOrchestrator.cleanUp ]: Cleaning up lock file:	'b999aadf-52ec-4b1e-86bd-5b9eac0592aa'
2026-02-10 18:53:11.430 INFO  [ main -> org.tasktide.itemstore.mutex.strategy.ElectionStrategy.waitUntilLeader ]: Leadership verified:	'483588d0-7fe9-4775-bce7-6891cd0f7f9f'
2026-02-10 18:53:11.431 DEBUG [ main -> org.tasktide.itemstore.mutex.strategy.ElectionStrategy.apply ]: Active leader with Id:	'483588d0-7fe9-4775-bce7-6891cd0f7f9f'
2026-02-10 18:53:11.432 WARN  [ main -> org.tasktide.itemstore.FileUtility.dropFile ]: Warning provided path does not exist, unable to delete:
'/mnt/c/Users/Brendan Kenna/GitHub/TaskTide/tasktide/itemstore/ItemStore-Mutex/lock-file.lock'

2026-02-10 18:53:11.433 DEBUG [ main -> org.tasktide.itemstore.mutex.strategy.ElectionStrategy.apply ]: State set, writing mutex for:	'483588d0-7fe9-4775-bce7-6891cd0f7f9f'
2026-02-10 18:53:11.434 WARN  [ main -> org.tasktide.itemstore.FileUtility.dropFile ]: Warning could not delete target file, displaying error:	'/mnt/c/Users/Brendan Kenna/GitHub/TaskTide/tasktide/itemstore/ItemStore-Mutex/lock-file.lock'
java.nio.file.NoSuchFileException: /mnt/c/Users/Brendan Kenna/GitHub/TaskTide/tasktide/itemstore/ItemStore-Mutex/lock-file.lock
	at sun.nio.fs.UnixException.translateToIOException(UnixException.java:92) ~[?:?]
	at sun.nio.fs.UnixException.rethrowAsIOException(UnixException.java:106) ~[?:?]
	at sun.nio.fs.UnixException.rethrowAsIOException(UnixException.java:111) ~[?:?]
	at sun.nio.fs.UnixFileSystemProvider.implDelete(UnixFileSystemProvider.java:248) ~[?:?]
	at sun.nio.fs.AbstractFileSystemProvider.delete(AbstractFileSystemProvider.java:105) ~[?:?]
	at java.nio.file.Files.delete(Files.java:1152) ~[?:?]
	at org.tasktide.itemstore.FileUtility.dropFile(FileUtility.java:132) [main/:?]
	at org.tasktide.itemstore.mutex.orchestrator.MutexOrchestrator.cleanUp(MutexOrchestrator.java:387) [main/:?]
	at org.tasktide.itemstore.mutex.orchestrator.MutexOrchestrator.performLock(MutexOrchestrator.java:219) [main/:?]
	at org.tasktide.itemstore.mutex.orchestrator.MutexOrchestrator.acquireLock(MutexOrchestrator.java:135) [main/:?]
	at org.tasktide.itemstore.mutex.orchestrator.MutexOrchestrator.tryAcquireUntilSuccess(MutexOrchestrator.java:154) [main/:?]
	at org.tasktide.itemstore.mutex.LockActionReleaseApp.main(LockActionReleaseApp.java:95) [test/:?]
2026-02-10 18:53:11.435 DEBUG [ main -> org.tasktide.itemstore.mutex.orchestrator.MutexOrchestrator.cleanUp ]: Cleaning up host file:	'b999aadf-52ec-4b1e-86bd-5b9eac0592aa'
2026-02-10 18:53:11.438 WARN  [ main -> org.tasktide.itemstore.FileUtility.dropFile ]: Warning provided path does not exist, unable to delete:
'/mnt/c/Users/Brendan Kenna/GitHub/TaskTide/tasktide/itemstore/ItemStore-Mutex/Host-Lock/1770749580640.127-0-1-1_17c7873b-ab53-4f37-877b-eda907c02f1f.lock'

2026-02-10 18:53:11.441 WARN  [ main -> org.tasktide.itemstore.FileUtility.dropFile ]: Warning could not delete target file, displaying error:	'/mnt/c/Users/Brendan Kenna/GitHub/TaskTide/tasktide/itemstore/ItemStore-Mutex/Host-Lock/1770749580640.127-0-1-1_17c7873b-ab53-4f37-877b-eda907c02f1f.lock'
java.nio.file.NoSuchFileException: /mnt/c/Users/Brendan Kenna/GitHub/TaskTide/tasktide/itemstore/ItemStore-Mutex/Host-Lock/1770749580640.127-0-1-1_17c7873b-ab53-4f37-877b-eda907c02f1f.lock
	at sun.nio.fs.UnixException.translateToIOException(UnixException.java:92) ~[?:?]
	at sun.nio.fs.UnixException.rethrowAsIOException(UnixException.java:106) ~[?:?]
	at sun.nio.fs.UnixException.rethrowAsIOException(UnixException.java:111) ~[?:?]
	at sun.nio.fs.UnixFileSystemProvider.implDelete(UnixFileSystemProvider.java:248) ~[?:?]
	at sun.nio.fs.AbstractFileSystemProvider.delete(AbstractFileSystemProvider.java:105) ~[?:?]
	at java.nio.file.Files.delete(Files.java:1152) ~[?:?]
	at org.tasktide.itemstore.FileUtility.dropFile(FileUtility.java:132) [main/:?]
	at org.tasktide.itemstore.mutex.orchestrator.MutexOrchestrator.cleanUp(MutexOrchestrator.java:392) [main/:?]
	at org.tasktide.itemstore.mutex.orchestrator.MutexOrchestrator.performLock(MutexOrchestrator.java:219) [main/:?]
	at org.tasktide.itemstore.mutex.orchestrator.MutexOrchestrator.acquireLock(MutexOrchestrator.java:135) [main/:?]
	at org.tasktide.itemstore.mutex.orchestrator.MutexOrchestrator.tryAcquireUntilSuccess(MutexOrchestrator.java:154) [main/:?]
	at org.tasktide.itemstore.mutex.LockActionReleaseApp.main(LockActionReleaseApp.java:95) [test/:?]
2026-02-10 18:53:11.443 DEBUG [ main -> org.tasktide.itemstore.mutex.orchestrator.MutexOrchestrator.cleanUp ]: Cleaning up confirm ballot file:	'b999aadf-52ec-4b1e-86bd-5b9eac0592aa'
2026-02-10 18:53:11.451 DEBUG [ main -> org.tasktide.itemstore.mutex.orchestrator.MutexOrchestrator.cleanUp ]: Cleaning up election file:	'b999aadf-52ec-4b1e-86bd-5b9eac0592aa'
2026-02-10 18:53:11.454 WARN  [ main -> org.tasktide.itemstore.FileUtility.dropFile ]: Warning provided path does not exist, unable to delete:
'/mnt/c/Users/Brendan Kenna/GitHub/TaskTide/tasktide/itemstore/ItemStore-Mutex/Queue/1770749580640.127-0-1-1_17c7873b-ab53-4f37-877b-eda907c02f1f_b999aadf-52ec-4b1e-86bd-5b9eac0592aa.lock'

2026-02-10 18:53:11.458 WARN  [ main -> org.tasktide.itemstore.FileUtility.dropFile ]: Warning could not delete target file, displaying error:	'/mnt/c/Users/Brendan Kenna/GitHub/TaskTide/tasktide/itemstore/ItemStore-Mutex/Queue/1770749580640.127-0-1-1_17c7873b-ab53-4f37-877b-eda907c02f1f_b999aadf-52ec-4b1e-86bd-5b9eac0592aa.lock'
java.nio.file.NoSuchFileException: /mnt/c/Users/Brendan Kenna/GitHub/TaskTide/tasktide/itemstore/ItemStore-Mutex/Queue/1770749580640.127-0-1-1_17c7873b-ab53-4f37-877b-eda907c02f1f_b999aadf-52ec-4b1e-86bd-5b9eac0592aa.lock
	at sun.nio.fs.UnixException.translateToIOException(UnixException.java:92) ~[?:?]
	at sun.nio.fs.UnixException.rethrowAsIOException(UnixException.java:106) ~[?:?]
	at sun.nio.fs.UnixException.rethrowAsIOException(UnixException.java:111) ~[?:?]
	at sun.nio.fs.UnixFileSystemProvider.implDelete(UnixFileSystemProvider.java:248) ~[?:?]
	at sun.nio.fs.AbstractFileSystemProvider.delete(AbstractFileSystemProvider.java:105) ~[?:?]
	at java.nio.file.Files.delete(Files.java:1152) ~[?:?]
	at org.tasktide.itemstore.FileUtility.dropFile(FileUtility.java:132) [main/:?]
	at org.tasktide.itemstore.mutex.orchestrator.MutexOrchestrator.cleanUp(MutexOrchestrator.java:402) [main/:?]
	at org.tasktide.itemstore.mutex.orchestrator.MutexOrchestrator.performLock(MutexOrchestrator.java:219) [main/:?]
	at org.tasktide.itemstore.mutex.orchestrator.MutexOrchestrator.acquireLock(MutexOrchestrator.java:135) [main/:?]
	at org.tasktide.itemstore.mutex.orchestrator.MutexOrchestrator.tryAcquireUntilSuccess(MutexOrchestrator.java:154) [main/:?]
	at org.tasktide.itemstore.mutex.LockActionReleaseApp.main(LockActionReleaseApp.java:95) [test/:?]
2026-02-10 18:53:11.460 WARN  [ main -> org.tasktide.itemstore.mutex.orchestrator.MutexOrchestrator.tryAcquireUntilSuccess ]: Process-921 Attempt 3 failed: LEADERSHIP_CONFIRMATION_FAILED | Exception: Unable to read confirmatory leader:	b999aadf-52ec-4b1e-86bd-5b9eac0592aa
2026-02-10 18:53:11.501 INFO  [ main -> org.tasktide.itemstore.mutex.strategy.ElectionStrategy.waitUntilLeader ]: Leadership acquired:	'84139ab3-ec85-4a3d-8bf5-4114599bb2c2'
2026-02-10 18:53:11.503 INFO  [ main -> org.tasktide.itemstore.mutex.strategy.ElectionStrategy.waitUntilLeader ]: Verifying leadership:	'84139ab3-ec85-4a3d-8bf5-4114599bb2c2'
2026-02-10 18:53:11.516 DEBUG [ main -> org.tasktide.itemstore.mutex.strategy.ElectionStrategy.apply ]: Mutex written for:	'483588d0-7fe9-4775-bce7-6891cd0f7f9f'
2026-02-10 18:53:11.571 INFO  [ main -> org.tasktide.itemstore.mutex.strategy.ElectionStrategy.evaluateLeaderTtl ]: Leader passed TTL check-in:	'/mnt/c/Users/Brendan Kenna/GitHub/TaskTide/tasktide/itemstore/ItemStore-Mutex/Queue/1770749583613.127-0-1-1_7af9c1ba-2b05-4dc6-8579-8343a6cf4d6a_3ee4f88e-cc12-49b0-89fd-37fda3ff161a.lock'
2026-02-10 18:53:11.574 INFO  [ main -> org.tasktide.itemstore.mutex.strategy.ElectionStrategy.waitUntilLeader ]: Resetting predecessor:	'31cdf384-541d-4cc9-8496-fce1088b0ae8'
2026-02-10 18:53:11.595 INFO  [ main -> org.tasktide.itemstore.mutex.strategy.ElectionStrategy.evaluateLeaderTtl ]: Leader passed TTL check-in:	'/mnt/c/Users/Brendan Kenna/GitHub/TaskTide/tasktide/itemstore/ItemStore-Mutex/Queue/1770749583613.127-0-1-1_7af9c1ba-2b05-4dc6-8579-8343a6cf4d6a_3ee4f88e-cc12-49b0-89fd-37fda3ff161a.lock'
2026-02-10 18:53:11.597 INFO  [ main -> org.tasktide.itemstore.mutex.strategy.ElectionStrategy.waitUntilLeader ]: Resetting predecessor:	'a32d8a85-bfe8-4e7f-8b1f-7ea29ca727df'
2026-02-10 18:53:11.601 INFO  [ main -> org.tasktide.itemstore.mutex.orchestrator.MutexOrchestrator.performLock ]: NFS Lock acquired for:	'483588d0-7fe9-4775-bce7-6891cd0f7f9f'
2026-02-10 18:53:11.602 INFO  [ main -> org.tasktide.itemstore.mutex.orchestrator.MutexOrchestrator.performLock ]: Confirming leadership:	'483588d0-7fe9-4775-bce7-6891cd0f7f9f'
2026-02-10 18:53:11.671 WARN  [ main -> org.tasktide.itemstore.mutex.strategy.ElectionStrategy.waitUntilLeader ]: Unable to verifiy leadership:	'84139ab3-ec85-4a3d-8bf5-4114599bb2c2'
2026-02-10 18:53:11.886 INFO  [ main -> org.tasktide.itemstore.mutex.strategy.ElectionStrategy.waitUntilLeader ]: Recasting ballot:	'84139ab3-ec85-4a3d-8bf5-4114599bb2c2'
2026-02-10 18:53:11.925 INFO  [ main -> org.tasktide.itemstore.mutex.strategy.ElectionStrategy.evaluateLeaderTtl ]: Leader passed TTL check-in:	'/mnt/c/Users/Brendan Kenna/GitHub/TaskTide/tasktide/itemstore/ItemStore-Mutex/Queue/1770749583613.127-0-1-1_7af9c1ba-2b05-4dc6-8579-8343a6cf4d6a_3ee4f88e-cc12-49b0-89fd-37fda3ff161a.lock'
2026-02-10 18:53:11.927 INFO  [ main -> org.tasktide.itemstore.mutex.strategy.ElectionStrategy.waitUntilLeader ]: Resetting predecessor:	'31cdf384-541d-4cc9-8496-fce1088b0ae8'
2026-02-10 18:53:11.995 INFO  [ main -> org.tasktide.itemstore.mutex.strategy.ElectionStrategy.evaluateLeaderTtl ]: Leader passed TTL check-in:	'/mnt/c/Users/Brendan Kenna/GitHub/TaskTide/tasktide/itemstore/ItemStore-Mutex/Queue/1770749583613.127-0-1-1_7af9c1ba-2b05-4dc6-8579-8343a6cf4d6a_3ee4f88e-cc12-49b0-89fd-37fda3ff161a.lock'
2026-02-10 18:53:11.997 INFO  [ main -> org.tasktide.itemstore.mutex.strategy.ElectionStrategy.waitUntilLeader ]: Resetting predecessor:	'f255fe3b-128a-4f3a-b02e-0d9de0ef33d1'
2026-02-10 18:53:12.020 INFO  [ main -> org.tasktide.itemstore.mutex.strategy.ElectionStrategy.evaluateLeaderTtl ]: Leader passed TTL check-in:	'/mnt/c/Users/Brendan Kenna/GitHub/TaskTide/tasktide/itemstore/ItemStore-Mutex/Queue/1770749583613.127-0-1-1_7af9c1ba-2b05-4dc6-8579-8343a6cf4d6a_3ee4f88e-cc12-49b0-89fd-37fda3ff161a.lock'
2026-02-10 18:53:12.022 INFO  [ main -> org.tasktide.itemstore.mutex.strategy.ElectionStrategy.waitUntilLeader ]: Resetting predecessor:	'a32d8a85-bfe8-4e7f-8b1f-7ea29ca727df'
2026-02-10 18:53:12.139 INFO  [ main -> org.tasktide.itemstore.mutex.strategy.ElectionStrategy.waitUntilLeader ]: Recasting ballot:	'f255fe3b-128a-4f3a-b02e-0d9de0ef33d1'
2026-02-10 18:53:12.150 INFO  [ main -> org.tasktide.itemstore.mutex.orchestrator.MutexOrchestrator.confirmLeader ]: Leadership confirmed:	'483588d0-7fe9-4775-bce7-6891cd0f7f9f'
2026-02-10 18:53:12.151 INFO  [ main -> org.tasktide.itemstore.mutex.orchestrator.MutexOrchestrator.performLock ]: Leadership confirmed:	'483588d0-7fe9-4775-bce7-6891cd0f7f9f'
2026-02-10 18:53:12.152 INFO  [ main -> org.tasktide.itemstore.mutex.orchestrator.MutexOrchestrator.performLock ]: Waiting for FileChannel lock for:	'483588d0-7fe9-4775-bce7-6891cd0f7f9f'
2026-02-10 18:53:12.229 INFO  [ main -> org.tasktide.itemstore.mutex.strategy.ElectionStrategy.evaluateLeaderTtl ]: Leader passed TTL check-in:	'/mnt/c/Users/Brendan Kenna/GitHub/TaskTide/tasktide/itemstore/ItemStore-Mutex/Queue/1770749583613.127-0-1-1_7af9c1ba-2b05-4dc6-8579-8343a6cf4d6a_3ee4f88e-cc12-49b0-89fd-37fda3ff161a.lock'
2026-02-10 18:53:12.230 INFO  [ main -> org.tasktide.itemstore.mutex.strategy.ElectionStrategy.waitUntilLeader ]: Resetting predecessor:	'31cdf384-541d-4cc9-8496-fce1088b0ae8'
2026-02-10 18:53:12.343 INFO  [ main -> org.tasktide.itemstore.mutex.strategy.ElectionStrategy.evaluateLeaderTtl ]: Leader passed TTL check-in:	'/mnt/c/Users/Brendan Kenna/GitHub/TaskTide/tasktide/itemstore/ItemStore-Mutex/Queue/1770749583613.127-0-1-1_7af9c1ba-2b05-4dc6-8579-8343a6cf4d6a_3ee4f88e-cc12-49b0-89fd-37fda3ff161a.lock'
2026-02-10 18:53:12.344 INFO  [ main -> org.tasktide.itemstore.mutex.strategy.ElectionStrategy.waitUntilLeader ]: Resetting predecessor:	'a32d8a85-bfe8-4e7f-8b1f-7ea29ca727df'
2026-02-10 18:53:12.357 INFO  [ main -> org.tasktide.itemstore.mutex.orchestrator.MutexOrchestrator.performLock ]: Waiting for NFS lock for:	'f4a0da02-0e81-4b95-8729-e546b4a0ca20'
2026-02-10 18:53:12.485 INFO  [ main -> org.tasktide.itemstore.mutex.strategy.ElectionStrategy.evaluateLeaderTtl ]: Leader passed TTL check-in:	'/mnt/c/Users/Brendan Kenna/GitHub/TaskTide/tasktide/itemstore/ItemStore-Mutex/Queue/1770749583613.127-0-1-1_7af9c1ba-2b05-4dc6-8579-8343a6cf4d6a_3ee4f88e-cc12-49b0-89fd-37fda3ff161a.lock'
2026-02-10 18:53:12.488 INFO  [ main -> org.tasktide.itemstore.mutex.strategy.ElectionStrategy.waitUntilLeader ]: Resetting predecessor:	'31cdf384-541d-4cc9-8496-fce1088b0ae8'
2026-02-10 18:53:12.494 INFO  [ main -> org.tasktide.itemstore.mutex.strategy.ElectionStrategy.evaluateLeaderTtl ]: Leader passed TTL check-in:	'/mnt/c/Users/Brendan Kenna/GitHub/TaskTide/tasktide/itemstore/ItemStore-Mutex/Queue/1770749583613.127-0-1-1_7af9c1ba-2b05-4dc6-8579-8343a6cf4d6a_3ee4f88e-cc12-49b0-89fd-37fda3ff161a.lock'
2026-02-10 18:53:12.498 INFO  [ main -> org.tasktide.itemstore.mutex.strategy.ElectionStrategy.waitUntilLeader ]: Resetting predecessor:	'bf4185b2-c54b-4264-98a6-f98c39ffd431'
2026-02-10 18:53:12.735 INFO  [ main -> org.tasktide.itemstore.mutex.strategy.ElectionStrategy.evaluateLeaderTtl ]: Leader passed TTL check-in:	'/mnt/c/Users/Brendan Kenna/GitHub/TaskTide/tasktide/itemstore/ItemStore-Mutex/Queue/1770749583613.127-0-1-1_7af9c1ba-2b05-4dc6-8579-8343a6cf4d6a_3ee4f88e-cc12-49b0-89fd-37fda3ff161a.lock'
2026-02-10 18:53:12.736 INFO  [ main -> org.tasktide.itemstore.mutex.strategy.ElectionStrategy.waitUntilLeader ]: Resetting predecessor:	'a32d8a85-bfe8-4e7f-8b1f-7ea29ca727df'
2026-02-10 18:53:12.776 INFO  [ main -> org.tasktide.itemstore.mutex.strategy.ElectionStrategy.evaluateLeaderTtl ]: Leader passed TTL check-in:	'/mnt/c/Users/Brendan Kenna/GitHub/TaskTide/tasktide/itemstore/ItemStore-Mutex/Queue/1770749583613.127-0-1-1_7af9c1ba-2b05-4dc6-8579-8343a6cf4d6a_3ee4f88e-cc12-49b0-89fd-37fda3ff161a.lock'
2026-02-10 18:53:12.778 INFO  [ main -> org.tasktide.itemstore.mutex.strategy.ElectionStrategy.waitUntilLeader ]: Resetting predecessor:	'31cdf384-541d-4cc9-8496-fce1088b0ae8'
2026-02-10 18:53:12.790 DEBUG [ main -> org.tasktide.itemstore.mutex.strategy.ElectionStrategy.initMutex ]: Initializing mutex:	'f4a0da02-0e81-4b95-8729-e546b4a0ca20'
2026-02-10 18:53:12.877 DEBUG [ main -> org.tasktide.itemstore.mutex.strategy.ElectionStrategy.initMutex ]: Mutex initialized, inferring queue position
2026-02-10 18:53:12.880 INFO  [ main -> org.tasktide.itemstore.mutex.strategy.ElectionStrategy.evaluateLeaderTtl ]: Leader passed TTL check-in:	'/mnt/c/Users/Brendan Kenna/GitHub/TaskTide/tasktide/itemstore/ItemStore-Mutex/Queue/1770749583613.127-0-1-1_7af9c1ba-2b05-4dc6-8579-8343a6cf4d6a_3ee4f88e-cc12-49b0-89fd-37fda3ff161a.lock'
2026-02-10 18:53:12.880 WARN  [ main -> org.tasktide.itemstore.mutex.strategy.ElectionStrategy.initMutex ]: No election files detected
2026-02-10 18:53:12.881 INFO  [ main -> org.tasktide.itemstore.mutex.strategy.ElectionStrategy.waitUntilLeader ]: Resetting predecessor:	'bf4185b2-c54b-4264-98a6-f98c39ffd431'
2026-02-10 18:53:13.035 INFO  [ main -> org.tasktide.itemstore.mutex.strategy.ElectionStrategy.evaluateLeaderTtl ]: Leader passed TTL check-in:	'/mnt/c/Users/Brendan Kenna/GitHub/TaskTide/tasktide/itemstore/ItemStore-Mutex/Queue/1770749583613.127-0-1-1_7af9c1ba-2b05-4dc6-8579-8343a6cf4d6a_3ee4f88e-cc12-49b0-89fd-37fda3ff161a.lock'
2026-02-10 18:53:13.037 INFO  [ main -> org.tasktide.itemstore.mutex.strategy.ElectionStrategy.waitUntilLeader ]: Resetting predecessor:	'31cdf384-541d-4cc9-8496-fce1088b0ae8'
2026-02-10 18:53:13.071 INFO  [ main -> org.tasktide.itemstore.mutex.orchestrator.MutexOrchestrator.performLock ]: File Channel Lock acquired for:	'483588d0-7fe9-4775-bce7-6891cd0f7f9f'
2026-02-10 18:53:13.073 INFO  [ main -> org.tasktide.itemstore.mutex.orchestrator.MutexOrchestrator.performLock ]: Lock successful for:	'483588d0-7fe9-4775-bce7-6891cd0f7f9f'
2026-02-10 18:53:13.084 INFO  [ main -> org.tasktide.itemstore.mutex.strategy.ElectionStrategy.evaluateLeaderTtl ]: Leader passed TTL check-in:	'/mnt/c/Users/Brendan Kenna/GitHub/TaskTide/tasktide/itemstore/ItemStore-Mutex/Queue/1770749583613.127-0-1-1_7af9c1ba-2b05-4dc6-8579-8343a6cf4d6a_3ee4f88e-cc12-49b0-89fd-37fda3ff161a.lock'
2026-02-10 18:53:13.085 INFO  [ main -> org.tasktide.itemstore.mutex.strategy.ElectionStrategy.waitUntilLeader ]: Resetting predecessor:	'a32d8a85-bfe8-4e7f-8b1f-7ea29ca727df'
2026-02-10 18:53:13.261 INFO  [ main -> org.tasktide.itemstore.mutex.strategy.ElectionStrategy.evaluateLeaderTtl ]: Leader passed TTL check-in:	'/mnt/c/Users/Brendan Kenna/GitHub/TaskTide/tasktide/itemstore/ItemStore-Mutex/Queue/1770749583613.127-0-1-1_7af9c1ba-2b05-4dc6-8579-8343a6cf4d6a_3ee4f88e-cc12-49b0-89fd-37fda3ff161a.lock'
2026-02-10 18:53:13.262 INFO  [ main -> org.tasktide.itemstore.mutex.strategy.ElectionStrategy.waitUntilLeader ]: Resetting predecessor:	'31cdf384-541d-4cc9-8496-fce1088b0ae8'
2026-02-10 18:53:13.267 INFO  [ main -> org.tasktide.itemstore.mutex.strategy.ElectionStrategy.evaluateLeaderTtl ]: Leader passed TTL check-in:	'/mnt/c/Users/Brendan Kenna/GitHub/TaskTide/tasktide/itemstore/ItemStore-Mutex/Queue/1770749583613.127-0-1-1_7af9c1ba-2b05-4dc6-8579-8343a6cf4d6a_3ee4f88e-cc12-49b0-89fd-37fda3ff161a.lock'
2026-02-10 18:53:13.269 INFO  [ main -> org.tasktide.itemstore.mutex.strategy.ElectionStrategy.waitUntilLeader ]: Resetting predecessor:	'bf4185b2-c54b-4264-98a6-f98c39ffd431'
2026-02-10 18:53:13.413 INFO  [ main -> org.tasktide.itemstore.mutex.strategy.ElectionStrategy.evaluateLeaderTtl ]: Leader passed TTL check-in:	'/mnt/c/Users/Brendan Kenna/GitHub/TaskTide/tasktide/itemstore/ItemStore-Mutex/Queue/1770749583613.127-0-1-1_7af9c1ba-2b05-4dc6-8579-8343a6cf4d6a_3ee4f88e-cc12-49b0-89fd-37fda3ff161a.lock'
2026-02-10 18:53:13.414 INFO  [ main -> org.tasktide.itemstore.mutex.strategy.ElectionStrategy.waitUntilLeader ]: Resetting predecessor:	'a32d8a85-bfe8-4e7f-8b1f-7ea29ca727df'
2026-02-10 18:53:13.485 INFO  [ main -> org.tasktide.itemstore.mutex.orchestrator.MutexOrchestrator.tryAcquireUntilSuccess ]: Process-1319 Completed with counter value:	'0'
2026-02-10 18:53:13.487 INFO  [ main -> org.tasktide.itemstore.mutex.orchestrator.MutexOrchestrator.tryAcquireUntilSuccess ]: Process-1319 Loop terminating with done = 'true', and counter = '0'
2026-02-10 18:53:13.496 INFO  [ main -> org.tasktide.itemstore.mutex.LockActionReleaseApp.main ]: APP-Writing '20' to data file:	'/mnt/c/Users/Brendan Kenna/GitHub/TaskTide/tasktide/itemstore/ItemStore-Mutex/multi-process.txt'
2026-02-10 18:53:13.503 INFO  [ main -> org.tasktide.itemstore.mutex.LockActionReleaseApp.main ]: APP-Record written, releasing lock
2026-02-10 18:53:13.504 INFO  [ main -> org.tasktide.itemstore.mutex.orchestrator.MutexOrchestrator.releaseLock ]: Releasing active lock
2026-02-10 18:53:13.505 INFO  [ main -> org.tasktide.itemstore.mutex.orchestrator.MutexOrchestrator.releaseActiveLock ]: Releasing FileChannel mutex
2026-02-10 18:53:13.517 INFO  [ main -> org.tasktide.itemstore.mutex.strategy.ElectionStrategy.waitUntilLeader ]: Recasting ballot:	'31cdf384-541d-4cc9-8496-fce1088b0ae8'
2026-02-10 18:53:13.691 INFO  [ main -> org.tasktide.itemstore.mutex.strategy.ElectionStrategy.evaluateLeaderTtl ]: Leader passed TTL check-in:	'/mnt/c/Users/Brendan Kenna/GitHub/TaskTide/tasktide/itemstore/ItemStore-Mutex/Queue/1770749583613.127-0-1-1_7af9c1ba-2b05-4dc6-8579-8343a6cf4d6a_3ee4f88e-cc12-49b0-89fd-37fda3ff161a.lock'
2026-02-10 18:53:13.693 INFO  [ main -> org.tasktide.itemstore.mutex.strategy.ElectionStrategy.waitUntilLeader ]: Resetting predecessor:	'bf4185b2-c54b-4264-98a6-f98c39ffd431'
2026-02-10 18:53:13.728 INFO  [ main -> org.tasktide.itemstore.mutex.strategy.ElectionStrategy.evaluateLeaderTtl ]: Leader passed TTL check-in:	'/mnt/c/Users/Brendan Kenna/GitHub/TaskTide/tasktide/itemstore/ItemStore-Mutex/Queue/1770749583613.127-0-1-1_7af9c1ba-2b05-4dc6-8579-8343a6cf4d6a_3ee4f88e-cc12-49b0-89fd-37fda3ff161a.lock'
2026-02-10 18:53:13.730 INFO  [ main -> org.tasktide.itemstore.mutex.strategy.ElectionStrategy.waitUntilLeader ]: Resetting predecessor:	'170d974b-cb45-42b1-a7ec-de6ca0e1c23a'
2026-02-10 18:53:13.784 INFO  [ main -> org.tasktide.itemstore.mutex.strategy.ElectionStrategy.evaluateLeaderTtl ]: Leader passed TTL check-in:	'/mnt/c/Users/Brendan Kenna/GitHub/TaskTide/tasktide/itemstore/ItemStore-Mutex/Queue/1770749583613.127-0-1-1_7af9c1ba-2b05-4dc6-8579-8343a6cf4d6a_3ee4f88e-cc12-49b0-89fd-37fda3ff161a.lock'
2026-02-10 18:53:13.785 INFO  [ main -> org.tasktide.itemstore.mutex.strategy.ElectionStrategy.waitUntilLeader ]: Resetting predecessor:	'a32d8a85-bfe8-4e7f-8b1f-7ea29ca727df'
2026-02-10 18:53:13.832 INFO  [ main -> org.tasktide.itemstore.mutex.orchestrator.MutexOrchestrator.releaseActiveLock ]: Releasing NFS mutex:
'{
    "Election File": "/mnt/c/Users/Brendan Kenna/GitHub/TaskTide/tasktide/itemstore/ItemStore-Mutex/Queue/1770749583613.127-0-1-1_7af9c1ba-2b05-4dc6-8579-8343a6cf4d6a_3ee4f88e-cc12-49b0-89fd-37fda3ff161a.lock",
    "End Jitter": "PT0.301S",
    "Host File": "/mnt/c/Users/Brendan Kenna/GitHub/TaskTide/tasktide/itemstore/ItemStore-Mutex/Host-Lock/1770749502234.127-0-1-1_7af9c1ba-2b05-4dc6-8579-8343a6cf4d6a.lock",
    "Id": "483588d0-7fe9-4775-bce7-6891cd0f7f9f",
    "Lock Dir": "/mnt/c/Users/Brendan Kenna/GitHub/TaskTide/tasktide/itemstore/ItemStore-Mutex",
    "Lock File": "/mnt/c/Users/Brendan Kenna/GitHub/TaskTide/tasktide/itemstore/ItemStore-Mutex/lock-file.lock",
    "Mutex State": "LOCKED",
    "Retry Interval": "PT0.055S",
    "Stale File Threshold": "PT10S",
    "Start Jitter": "PT0.189S",
    "Timestamp": 1770749583613
}'
2026-02-10 18:53:13.842 INFO  [ main -> org.tasktide.itemstore.mutex.LockActionReleaseApp.main ]: APP-Lock released, test complete
2026-02-10 18:53:14.066 INFO  [ main -> org.tasktide.itemstore.mutex.strategy.ElectionStrategy.evaluateLeaderTtl ]: Leader passed TTL check-in:	'/mnt/c/Users/Brendan Kenna/GitHub/TaskTide/tasktide/itemstore/ItemStore-Mutex/Queue/1770749585967.127-0-1-1_b1a3948d-cbf3-4ece-bbc5-c227209297a3_b308b8cf-ccf7-48e1-94d0-ab6f5565ba25.lock'
2026-02-10 18:53:14.069 INFO  [ main -> org.tasktide.itemstore.mutex.strategy.ElectionStrategy.waitUntilLeader ]: Resetting predecessor:	'f84a2ff0-75a1-4442-b74e-014d8f3ffed2'
2026-02-10 18:53:14.076 INFO  [ main -> org.tasktide.itemstore.mutex.strategy.ElectionStrategy.evaluateLeaderTtl ]: Leader passed TTL check-in:	'/mnt/c/Users/Brendan Kenna/GitHub/TaskTide/tasktide/itemstore/ItemStore-Mutex/Queue/1770749585967.127-0-1-1_b1a3948d-cbf3-4ece-bbc5-c227209297a3_b308b8cf-ccf7-48e1-94d0-ab6f5565ba25.lock'
2026-02-10 18:53:14.077 INFO  [ main -> org.tasktide.itemstore.mutex.strategy.ElectionStrategy.waitUntilLeader ]: Resetting predecessor:	'170d974b-cb45-42b1-a7ec-de6ca0e1c23a'
2026-02-10 18:53:14.084 INFO  [ main -> org.tasktide.itemstore.mutex.strategy.ElectionStrategy.evaluateLeaderTtl ]: Leader passed TTL check-in:	'/mnt/c/Users/Brendan Kenna/GitHub/TaskTide/tasktide/itemstore/ItemStore-Mutex/Queue/1770749585967.127-0-1-1_b1a3948d-cbf3-4ece-bbc5-c227209297a3_b308b8cf-ccf7-48e1-94d0-ab6f5565ba25.lock'
2026-02-10 18:53:14.085 INFO  [ main -> org.tasktide.itemstore.mutex.strategy.ElectionStrategy.waitUntilLeader ]: Resetting predecessor:	'bf4185b2-c54b-4264-98a6-f98c39ffd431'
2026-02-10 18:53:14.133 INFO  [ main -> org.tasktide.itemstore.mutex.strategy.ElectionStrategy.waitUntilLeader ]: Leadership acquired:	'a32d8a85-bfe8-4e7f-8b1f-7ea29ca727df'
2026-02-10 18:53:14.137 INFO  [ main -> org.tasktide.itemstore.mutex.strategy.ElectionStrategy.waitUntilLeader ]: Verifying leadership:	'a32d8a85-bfe8-4e7f-8b1f-7ea29ca727df'
2026-02-10 18:53:14.355 INFO  [ main -> org.tasktide.itemstore.mutex.strategy.ElectionStrategy.evaluateLeaderTtl ]: Leader passed TTL check-in:	'/mnt/c/Users/Brendan Kenna/GitHub/TaskTide/tasktide/itemstore/ItemStore-Mutex/Queue/1770749585967.127-0-1-1_b1a3948d-cbf3-4ece-bbc5-c227209297a3_b308b8cf-ccf7-48e1-94d0-ab6f5565ba25.lock'
2026-02-10 18:53:14.360 INFO  [ main -> org.tasktide.itemstore.mutex.strategy.ElectionStrategy.waitUntilLeader ]: Resetting predecessor:	'f84a2ff0-75a1-4442-b74e-014d8f3ffed2'
2026-02-10 18:53:14.361 INFO  [ main -> org.tasktide.itemstore.mutex.strategy.ElectionStrategy.evaluateLeaderTtl ]: Leader passed TTL check-in:	'/mnt/c/Users/Brendan Kenna/GitHub/TaskTide/tasktide/itemstore/ItemStore-Mutex/Queue/1770749585967.127-0-1-1_b1a3948d-cbf3-4ece-bbc5-c227209297a3_b308b8cf-ccf7-48e1-94d0-ab6f5565ba25.lock'
2026-02-10 18:53:14.364 INFO  [ main -> org.tasktide.itemstore.mutex.strategy.ElectionStrategy.waitUntilLeader ]: Resetting predecessor:	'170d974b-cb45-42b1-a7ec-de6ca0e1c23a'
2026-02-10 18:53:14.453 INFO  [ main -> org.tasktide.itemstore.mutex.strategy.ElectionStrategy.waitUntilLeader ]: Leadership verified:	'a32d8a85-bfe8-4e7f-8b1f-7ea29ca727df'
2026-02-10 18:53:14.455 DEBUG [ main -> org.tasktide.itemstore.mutex.strategy.ElectionStrategy.apply ]: Active leader with Id:	'a32d8a85-bfe8-4e7f-8b1f-7ea29ca727df'
2026-02-10 18:53:14.456 DEBUG [ main -> org.tasktide.itemstore.mutex.strategy.ElectionStrategy.apply ]: State set, writing mutex for:	'a32d8a85-bfe8-4e7f-8b1f-7ea29ca727df'
2026-02-10 18:53:14.502 INFO  [ main -> org.tasktide.itemstore.mutex.strategy.ElectionStrategy.waitUntilLeader ]: Leadership acquired:	'bf4185b2-c54b-4264-98a6-f98c39ffd431'
2026-02-10 18:53:14.504 INFO  [ main -> org.tasktide.itemstore.mutex.strategy.ElectionStrategy.waitUntilLeader ]: Verifying leadership:	'bf4185b2-c54b-4264-98a6-f98c39ffd431'
2026-02-10 18:53:14.538 INFO  [ main -> org.tasktide.itemstore.mutex.strategy.ElectionStrategy.evaluateLeaderTtl ]: Leader passed TTL check-in:	'/mnt/c/Users/Brendan Kenna/GitHub/TaskTide/tasktide/itemstore/ItemStore-Mutex/Queue/1770749586992.127-0-1-1_c3c67d8b-9c76-45f3-ba75-d4d621129dd2_a602d032-d754-4ed4-a60d-d72ae6efd3d7.lock'
2026-02-10 18:53:14.540 INFO  [ main -> org.tasktide.itemstore.mutex.strategy.ElectionStrategy.waitUntilLeader ]: Resetting predecessor:	'f84a2ff0-75a1-4442-b74e-014d8f3ffed2'
2026-02-10 18:53:14.541 DEBUG [ main -> org.tasktide.itemstore.mutex.strategy.ElectionStrategy.apply ]: Mutex written for:	'a32d8a85-bfe8-4e7f-8b1f-7ea29ca727df'
2026-02-10 18:53:14.566 INFO  [ main -> org.tasktide.itemstore.mutex.strategy.ElectionStrategy.evaluateLeaderTtl ]: Leader passed TTL check-in:	'/mnt/c/Users/Brendan Kenna/GitHub/TaskTide/tasktide/itemstore/ItemStore-Mutex/Queue/1770749586992.127-0-1-1_c3c67d8b-9c76-45f3-ba75-d4d621129dd2_a602d032-d754-4ed4-a60d-d72ae6efd3d7.lock'
2026-02-10 18:53:14.570 INFO  [ main -> org.tasktide.itemstore.mutex.strategy.ElectionStrategy.waitUntilLeader ]: Resetting predecessor:	'84139ab3-ec85-4a3d-8bf5-4114599bb2c2'
2026-02-10 18:53:14.640 INFO  [ main -> org.tasktide.itemstore.mutex.orchestrator.MutexOrchestrator.performLock ]: NFS Lock acquired for:	'a32d8a85-bfe8-4e7f-8b1f-7ea29ca727df'
2026-02-10 18:53:14.641 INFO  [ main -> org.tasktide.itemstore.mutex.orchestrator.MutexOrchestrator.performLock ]: Confirming leadership:	'a32d8a85-bfe8-4e7f-8b1f-7ea29ca727df'
2026-02-10 18:53:14.694 INFO  [ main -> org.tasktide.itemstore.mutex.strategy.ElectionStrategy.evaluateLeaderTtl ]: Leader passed TTL check-in:	'/mnt/c/Users/Brendan Kenna/GitHub/TaskTide/tasktide/itemstore/ItemStore-Mutex/Queue/1770749585967.127-0-1-1_b1a3948d-cbf3-4ece-bbc5-c227209297a3_b308b8cf-ccf7-48e1-94d0-ab6f5565ba25.lock'
2026-02-10 18:53:14.698 INFO  [ main -> org.tasktide.itemstore.mutex.strategy.ElectionStrategy.waitUntilLeader ]: Resetting predecessor:	'170d974b-cb45-42b1-a7ec-de6ca0e1c23a'
2026-02-10 18:53:14.896 INFO  [ main -> org.tasktide.itemstore.mutex.strategy.ElectionStrategy.evaluateLeaderTtl ]: Leader passed TTL check-in:	'/mnt/c/Users/Brendan Kenna/GitHub/TaskTide/tasktide/itemstore/ItemStore-Mutex/Queue/1770749585967.127-0-1-1_b1a3948d-cbf3-4ece-bbc5-c227209297a3_b308b8cf-ccf7-48e1-94d0-ab6f5565ba25.lock'
2026-02-10 18:53:14.897 INFO  [ main -> org.tasktide.itemstore.mutex.strategy.ElectionStrategy.waitUntilLeader ]: Resetting predecessor:	'f84a2ff0-75a1-4442-b74e-014d8f3ffed2'
2026-02-10 18:53:14.934 WARN  [ main -> org.tasktide.itemstore.mutex.strategy.ElectionStrategy.waitUntilLeader ]: Unable to verifiy leadership:	'bf4185b2-c54b-4264-98a6-f98c39ffd431'
2026-02-10 18:53:15.044 INFO  [ main -> org.tasktide.itemstore.mutex.strategy.ElectionStrategy.evaluateLeaderTtl ]: Leader passed TTL check-in:	'/mnt/c/Users/Brendan Kenna/GitHub/TaskTide/tasktide/itemstore/ItemStore-Mutex/Queue/1770749585967.127-0-1-1_b1a3948d-cbf3-4ece-bbc5-c227209297a3_b308b8cf-ccf7-48e1-94d0-ab6f5565ba25.lock'
2026-02-10 18:53:15.046 INFO  [ main -> org.tasktide.itemstore.mutex.strategy.ElectionStrategy.waitUntilLeader ]: Resetting predecessor:	'170d974b-cb45-42b1-a7ec-de6ca0e1c23a'
2026-02-10 18:53:15.101 INFO  [ main -> org.tasktide.itemstore.mutex.strategy.ElectionStrategy.waitUntilLeader ]: Recasting ballot:	'84139ab3-ec85-4a3d-8bf5-4114599bb2c2'
2026-02-10 18:53:15.154 INFO  [ main -> org.tasktide.itemstore.mutex.strategy.ElectionStrategy.evaluateLeaderTtl ]: Leader passed TTL check-in:	'/mnt/c/Users/Brendan Kenna/GitHub/TaskTide/tasktide/itemstore/ItemStore-Mutex/Queue/1770749585967.127-0-1-1_b1a3948d-cbf3-4ece-bbc5-c227209297a3_b308b8cf-ccf7-48e1-94d0-ab6f5565ba25.lock'
2026-02-10 18:53:15.156 INFO  [ main -> org.tasktide.itemstore.mutex.strategy.ElectionStrategy.waitUntilLeader ]: Resetting predecessor:	'f84a2ff0-75a1-4442-b74e-014d8f3ffed2'
2026-02-10 18:53:15.330 INFO  [ main -> org.tasktide.itemstore.mutex.strategy.ElectionStrategy.waitUntilLeader ]: Recasting ballot:	'f255fe3b-128a-4f3a-b02e-0d9de0ef33d1'
2026-02-10 18:53:15.331 INFO  [ main -> org.tasktide.itemstore.mutex.strategy.ElectionStrategy.evaluateLeaderTtl ]: Leader passed TTL check-in:	'/mnt/c/Users/Brendan Kenna/GitHub/TaskTide/tasktide/itemstore/ItemStore-Mutex/Queue/1770749585967.127-0-1-1_b1a3948d-cbf3-4ece-bbc5-c227209297a3_b308b8cf-ccf7-48e1-94d0-ab6f5565ba25.lock'
2026-02-10 18:53:15.334 INFO  [ main -> org.tasktide.itemstore.mutex.strategy.ElectionStrategy.waitUntilLeader ]: Resetting predecessor:	'bf4185b2-c54b-4264-98a6-f98c39ffd431'
2026-02-10 18:53:15.413 INFO  [ main -> org.tasktide.itemstore.mutex.strategy.ElectionStrategy.evaluateLeaderTtl ]: Leader passed TTL check-in:	'/mnt/c/Users/Brendan Kenna/GitHub/TaskTide/tasktide/itemstore/ItemStore-Mutex/Queue/1770749585967.127-0-1-1_b1a3948d-cbf3-4ece-bbc5-c227209297a3_b308b8cf-ccf7-48e1-94d0-ab6f5565ba25.lock'
2026-02-10 18:53:15.416 INFO  [ main -> org.tasktide.itemstore.mutex.strategy.ElectionStrategy.waitUntilLeader ]: Resetting predecessor:	'170d974b-cb45-42b1-a7ec-de6ca0e1c23a'
2026-02-10 18:53:15.450 INFO  [ main -> org.tasktide.itemstore.mutex.orchestrator.MutexOrchestrator.confirmLeader ]: Leadership confirmed:	'a32d8a85-bfe8-4e7f-8b1f-7ea29ca727df'
2026-02-10 18:53:15.451 INFO  [ main -> org.tasktide.itemstore.mutex.orchestrator.MutexOrchestrator.performLock ]: Leadership confirmed:	'a32d8a85-bfe8-4e7f-8b1f-7ea29ca727df'
2026-02-10 18:53:15.452 INFO  [ main -> org.tasktide.itemstore.mutex.orchestrator.MutexOrchestrator.performLock ]: Waiting for FileChannel lock for:	'a32d8a85-bfe8-4e7f-8b1f-7ea29ca727df'
2026-02-10 18:53:15.470 INFO  [ main -> org.tasktide.itemstore.mutex.strategy.ElectionStrategy.evaluateLeaderTtl ]: Leader passed TTL check-in:	'/mnt/c/Users/Brendan Kenna/GitHub/TaskTide/tasktide/itemstore/ItemStore-Mutex/Queue/1770749585967.127-0-1-1_b1a3948d-cbf3-4ece-bbc5-c227209297a3_b308b8cf-ccf7-48e1-94d0-ab6f5565ba25.lock'
2026-02-10 18:53:15.471 INFO  [ main -> org.tasktide.itemstore.mutex.strategy.ElectionStrategy.waitUntilLeader ]: Resetting predecessor:	'f84a2ff0-75a1-4442-b74e-014d8f3ffed2'
2026-02-10 18:53:15.755 INFO  [ main -> org.tasktide.itemstore.mutex.strategy.ElectionStrategy.evaluateLeaderTtl ]: Leader passed TTL check-in:	'/mnt/c/Users/Brendan Kenna/GitHub/TaskTide/tasktide/itemstore/ItemStore-Mutex/Queue/1770749585967.127-0-1-1_b1a3948d-cbf3-4ece-bbc5-c227209297a3_b308b8cf-ccf7-48e1-94d0-ab6f5565ba25.lock'
2026-02-10 18:53:15.757 INFO  [ main -> org.tasktide.itemstore.mutex.strategy.ElectionStrategy.waitUntilLeader ]: Resetting predecessor:	'bf4185b2-c54b-4264-98a6-f98c39ffd431'
2026-02-10 18:53:15.762 INFO  [ main -> org.tasktide.itemstore.mutex.strategy.ElectionStrategy.evaluateLeaderTtl ]: Leader passed TTL check-in:	'/mnt/c/Users/Brendan Kenna/GitHub/TaskTide/tasktide/itemstore/ItemStore-Mutex/Queue/1770749585967.127-0-1-1_b1a3948d-cbf3-4ece-bbc5-c227209297a3_b308b8cf-ccf7-48e1-94d0-ab6f5565ba25.lock'
2026-02-10 18:53:15.765 INFO  [ main -> org.tasktide.itemstore.mutex.strategy.ElectionStrategy.waitUntilLeader ]: Resetting predecessor:	'170d974b-cb45-42b1-a7ec-de6ca0e1c23a'
2026-02-10 18:53:15.798 INFO  [ main -> org.tasktide.itemstore.mutex.strategy.ElectionStrategy.evaluateLeaderTtl ]: Leader passed TTL check-in:	'/mnt/c/Users/Brendan Kenna/GitHub/TaskTide/tasktide/itemstore/ItemStore-Mutex/Queue/1770749585967.127-0-1-1_b1a3948d-cbf3-4ece-bbc5-c227209297a3_b308b8cf-ccf7-48e1-94d0-ab6f5565ba25.lock'
2026-02-10 18:53:15.801 INFO  [ main -> org.tasktide.itemstore.mutex.strategy.ElectionStrategy.waitUntilLeader ]: Resetting predecessor:	'f84a2ff0-75a1-4442-b74e-014d8f3ffed2'
2026-02-10 18:53:16.052 INFO  [ main -> org.tasktide.itemstore.mutex.strategy.ElectionStrategy.waitUntilLeader ]: Recasting ballot:	'170d974b-cb45-42b1-a7ec-de6ca0e1c23a'
2026-02-10 18:53:16.062 INFO  [ main -> org.tasktide.itemstore.mutex.strategy.ElectionStrategy.evaluateLeaderTtl ]: Leader passed TTL check-in:	'/mnt/c/Users/Brendan Kenna/GitHub/TaskTide/tasktide/itemstore/ItemStore-Mutex/Queue/1770749585967.127-0-1-1_b1a3948d-cbf3-4ece-bbc5-c227209297a3_b308b8cf-ccf7-48e1-94d0-ab6f5565ba25.lock'
2026-02-10 18:53:16.063 INFO  [ main -> org.tasktide.itemstore.mutex.strategy.ElectionStrategy.waitUntilLeader ]: Resetting predecessor:	'f84a2ff0-75a1-4442-b74e-014d8f3ffed2'
2026-02-10 18:53:16.111 INFO  [ main -> org.tasktide.itemstore.mutex.strategy.ElectionStrategy.evaluateLeaderTtl ]: Leader passed TTL check-in:	'/mnt/c/Users/Brendan Kenna/GitHub/TaskTide/tasktide/itemstore/ItemStore-Mutex/Queue/1770749585967.127-0-1-1_b1a3948d-cbf3-4ece-bbc5-c227209297a3_b308b8cf-ccf7-48e1-94d0-ab6f5565ba25.lock'
2026-02-10 18:53:16.114 INFO  [ main -> org.tasktide.itemstore.mutex.strategy.ElectionStrategy.waitUntilLeader ]: Resetting predecessor:	'f4a0da02-0e81-4b95-8729-e546b4a0ca20'
2026-02-10 18:53:16.114 INFO  [ main -> org.tasktide.itemstore.mutex.strategy.ElectionStrategy.evaluateLeaderTtl ]: Leader passed TTL check-in:	'/mnt/c/Users/Brendan Kenna/GitHub/TaskTide/tasktide/itemstore/ItemStore-Mutex/Queue/1770749585967.127-0-1-1_b1a3948d-cbf3-4ece-bbc5-c227209297a3_b308b8cf-ccf7-48e1-94d0-ab6f5565ba25.lock'
2026-02-10 18:53:16.116 INFO  [ main -> org.tasktide.itemstore.mutex.strategy.ElectionStrategy.waitUntilLeader ]: Resetting predecessor:	'bf4185b2-c54b-4264-98a6-f98c39ffd431'
2026-02-10 18:53:16.208 INFO  [ main -> org.tasktide.itemstore.mutex.strategy.ElectionStrategy.evaluateLeaderTtl ]: Leader passed TTL check-in:	'/mnt/c/Users/Brendan Kenna/GitHub/TaskTide/tasktide/itemstore/ItemStore-Mutex/Queue/1770749585967.127-0-1-1_b1a3948d-cbf3-4ece-bbc5-c227209297a3_b308b8cf-ccf7-48e1-94d0-ab6f5565ba25.lock'
2026-02-10 18:53:16.209 INFO  [ main -> org.tasktide.itemstore.mutex.strategy.ElectionStrategy.waitUntilLeader ]: Resetting predecessor:	'f84a2ff0-75a1-4442-b74e-014d8f3ffed2'
2026-02-10 18:53:16.503 INFO  [ main -> org.tasktide.itemstore.mutex.orchestrator.MutexOrchestrator.performLock ]: File Channel Lock acquired for:	'a32d8a85-bfe8-4e7f-8b1f-7ea29ca727df'
2026-02-10 18:53:16.504 INFO  [ main -> org.tasktide.itemstore.mutex.orchestrator.MutexOrchestrator.performLock ]: Lock successful for:	'a32d8a85-bfe8-4e7f-8b1f-7ea29ca727df'
2026-02-10 18:53:16.512 WARN  [ main -> org.tasktide.itemstore.mutex.strategy.ElectionStrategy.evaluateLeaderTtl ]: Removing below stale leader status:	'true'

'/mnt/c/Users/Brendan Kenna/GitHub/TaskTide/tasktide/itemstore/ItemStore-Mutex/Queue/1770749585967.127-0-1-1_b1a3948d-cbf3-4ece-bbc5-c227209297a3_b308b8cf-ccf7-48e1-94d0-ab6f5565ba25.lock'
2026-02-10 18:53:16.513 WARN  [ main -> org.tasktide.itemstore.mutex.strategy.ElectionStrategy.evaluateLeaderTtl ]: Removing below stale leader status:	'true'

'/mnt/c/Users/Brendan Kenna/GitHub/TaskTide/tasktide/itemstore/ItemStore-Mutex/Queue/1770749585967.127-0-1-1_b1a3948d-cbf3-4ece-bbc5-c227209297a3_b308b8cf-ccf7-48e1-94d0-ab6f5565ba25.lock'
2026-02-10 18:53:16.566 INFO  [ main -> org.tasktide.itemstore.mutex.strategy.ElectionStrategy.evaluateLeaderTtl ]: Leader passed TTL check-in:	'/mnt/c/Users/Brendan Kenna/GitHub/TaskTide/tasktide/itemstore/ItemStore-Mutex/Queue/1770749586992.127-0-1-1_c3c67d8b-9c76-45f3-ba75-d4d621129dd2_a602d032-d754-4ed4-a60d-d72ae6efd3d7.lock'
2026-02-10 18:53:16.568 INFO  [ main -> org.tasktide.itemstore.mutex.strategy.ElectionStrategy.waitUntilLeader ]: Resetting predecessor:	'f4a0da02-0e81-4b95-8729-e546b4a0ca20'
2026-02-10 18:53:16.735 INFO  [ main -> org.tasktide.itemstore.mutex.strategy.ElectionStrategy.evaluateLeaderTtl ]: Leader passed TTL check-in:	'/mnt/c/Users/Brendan Kenna/GitHub/TaskTide/tasktide/itemstore/ItemStore-Mutex/Queue/1770749586992.127-0-1-1_c3c67d8b-9c76-45f3-ba75-d4d621129dd2_a602d032-d754-4ed4-a60d-d72ae6efd3d7.lock'
2026-02-10 18:53:16.739 INFO  [ main -> org.tasktide.itemstore.mutex.strategy.ElectionStrategy.waitUntilLeader ]: Resetting predecessor:	'31cdf384-541d-4cc9-8496-fce1088b0ae8'
2026-02-10 18:53:16.762 INFO  [ main -> org.tasktide.itemstore.mutex.strategy.ElectionStrategy.evaluateLeaderTtl ]: Leader passed TTL check-in:	'/mnt/c/Users/Brendan Kenna/GitHub/TaskTide/tasktide/itemstore/ItemStore-Mutex/Queue/1770749586992.127-0-1-1_c3c67d8b-9c76-45f3-ba75-d4d621129dd2_a602d032-d754-4ed4-a60d-d72ae6efd3d7.lock'
2026-02-10 18:53:16.763 INFO  [ main -> org.tasktide.itemstore.mutex.strategy.ElectionStrategy.waitUntilLeader ]: Resetting predecessor:	'f84a2ff0-75a1-4442-b74e-014d8f3ffed2'
2026-02-10 18:53:16.890 INFO  [ main -> org.tasktide.itemstore.mutex.strategy.ElectionStrategy.waitUntilLeader ]: Leadership acquired:	'bf4185b2-c54b-4264-98a6-f98c39ffd431'
2026-02-10 18:53:16.892 INFO  [ main -> org.tasktide.itemstore.mutex.strategy.ElectionStrategy.waitUntilLeader ]: Verifying leadership:	'bf4185b2-c54b-4264-98a6-f98c39ffd431'
2026-02-10 18:53:16.950 INFO  [ main -> org.tasktide.itemstore.mutex.strategy.ElectionStrategy.waitUntilLeader ]: Recasting ballot:	'f84a2ff0-75a1-4442-b74e-014d8f3ffed2'
2026-02-10 18:53:16.985 INFO  [ main -> org.tasktide.itemstore.mutex.strategy.ElectionStrategy.evaluateLeaderTtl ]: Leader passed TTL check-in:	'/mnt/c/Users/Brendan Kenna/GitHub/TaskTide/tasktide/itemstore/ItemStore-Mutex/Queue/1770749586992.127-0-1-1_c3c67d8b-9c76-45f3-ba75-d4d621129dd2_a602d032-d754-4ed4-a60d-d72ae6efd3d7.lock'
2026-02-10 18:53:16.987 INFO  [ main -> org.tasktide.itemstore.mutex.strategy.ElectionStrategy.waitUntilLeader ]: Resetting predecessor:	'84139ab3-ec85-4a3d-8bf5-4114599bb2c2'
2026-02-10 18:53:17.002 INFO  [ main -> org.tasktide.itemstore.mutex.strategy.ElectionStrategy.evaluateLeaderTtl ]: Leader passed TTL check-in:	'/mnt/c/Users/Brendan Kenna/GitHub/TaskTide/tasktide/itemstore/ItemStore-Mutex/Queue/1770749586992.127-0-1-1_c3c67d8b-9c76-45f3-ba75-d4d621129dd2_a602d032-d754-4ed4-a60d-d72ae6efd3d7.lock'
2026-02-10 18:53:17.004 INFO  [ main -> org.tasktide.itemstore.mutex.strategy.ElectionStrategy.waitUntilLeader ]: Resetting predecessor:	'f4a0da02-0e81-4b95-8729-e546b4a0ca20'
2026-02-10 18:53:17.005 INFO  [ main -> org.tasktide.itemstore.mutex.strategy.ElectionStrategy.evaluateLeaderTtl ]: Leader passed TTL check-in:	'/mnt/c/Users/Brendan Kenna/GitHub/TaskTide/tasktide/itemstore/ItemStore-Mutex/Queue/1770749586992.127-0-1-1_c3c67d8b-9c76-45f3-ba75-d4d621129dd2_a602d032-d754-4ed4-a60d-d72ae6efd3d7.lock'
2026-02-10 18:53:17.007 INFO  [ main -> org.tasktide.itemstore.mutex.strategy.ElectionStrategy.waitUntilLeader ]: Resetting predecessor:	'31cdf384-541d-4cc9-8496-fce1088b0ae8'
2026-02-10 18:53:17.044 INFO  [ main -> org.tasktide.itemstore.mutex.orchestrator.MutexOrchestrator.tryAcquireUntilSuccess ]: Process-1380 Completed with counter value:	'0'
2026-02-10 18:53:17.044 INFO  [ main -> org.tasktide.itemstore.mutex.orchestrator.MutexOrchestrator.tryAcquireUntilSuccess ]: Process-1380 Loop terminating with done = 'true', and counter = '0'
2026-02-10 18:53:17.048 INFO  [ main -> org.tasktide.itemstore.mutex.LockActionReleaseApp.main ]: APP-Writing '21' to data file:	'/mnt/c/Users/Brendan Kenna/GitHub/TaskTide/tasktide/itemstore/ItemStore-Mutex/multi-process.txt'
2026-02-10 18:53:17.051 INFO  [ main -> org.tasktide.itemstore.mutex.LockActionReleaseApp.main ]: APP-Record written, releasing lock
2026-02-10 18:53:17.051 INFO  [ main -> org.tasktide.itemstore.mutex.orchestrator.MutexOrchestrator.releaseLock ]: Releasing active lock
2026-02-10 18:53:17.052 INFO  [ main -> org.tasktide.itemstore.mutex.orchestrator.MutexOrchestrator.releaseActiveLock ]: Releasing FileChannel mutex
2026-02-10 18:53:17.159 INFO  [ main -> org.tasktide.itemstore.mutex.strategy.ElectionStrategy.evaluateLeaderTtl ]: Leader passed TTL check-in:	'/mnt/c/Users/Brendan Kenna/GitHub/TaskTide/tasktide/itemstore/ItemStore-Mutex/Queue/1770749586992.127-0-1-1_c3c67d8b-9c76-45f3-ba75-d4d621129dd2_a602d032-d754-4ed4-a60d-d72ae6efd3d7.lock'
2026-02-10 18:53:17.161 INFO  [ main -> org.tasktide.itemstore.mutex.strategy.ElectionStrategy.waitUntilLeader ]: Resetting predecessor:	'84139ab3-ec85-4a3d-8bf5-4114599bb2c2'
2026-02-10 18:53:17.247 INFO  [ main -> org.tasktide.itemstore.mutex.strategy.ElectionStrategy.evaluateLeaderTtl ]: Leader passed TTL check-in:	'/mnt/c/Users/Brendan Kenna/GitHub/TaskTide/tasktide/itemstore/ItemStore-Mutex/Queue/1770749586992.127-0-1-1_c3c67d8b-9c76-45f3-ba75-d4d621129dd2_a602d032-d754-4ed4-a60d-d72ae6efd3d7.lock'
2026-02-10 18:53:17.249 INFO  [ main -> org.tasktide.itemstore.mutex.strategy.ElectionStrategy.waitUntilLeader ]: Resetting predecessor:	'31cdf384-541d-4cc9-8496-fce1088b0ae8'
2026-02-10 18:53:17.269 INFO  [ main -> org.tasktide.itemstore.mutex.strategy.ElectionStrategy.waitUntilLeader ]: Leadership verified:	'bf4185b2-c54b-4264-98a6-f98c39ffd431'
2026-02-10 18:53:17.272 DEBUG [ main -> org.tasktide.itemstore.mutex.strategy.ElectionStrategy.apply ]: Active leader with Id:	'bf4185b2-c54b-4264-98a6-f98c39ffd431'
2026-02-10 18:53:17.274 DEBUG [ main -> org.tasktide.itemstore.mutex.strategy.ElectionStrategy.apply ]: State set, writing mutex for:	'bf4185b2-c54b-4264-98a6-f98c39ffd431'
2026-02-10 18:53:17.335 INFO  [ main -> org.tasktide.itemstore.mutex.strategy.ElectionStrategy.evaluateLeaderTtl ]: Leader passed TTL check-in:	'/mnt/c/Users/Brendan Kenna/GitHub/TaskTide/tasktide/itemstore/ItemStore-Mutex/Queue/1770749592357.127-0-1-1_17c7873b-ab53-4f37-877b-eda907c02f1f_f4a0da02-0e81-4b95-8729-e546b4a0ca20.lock'
2026-02-10 18:53:17.337 INFO  [ main -> org.tasktide.itemstore.mutex.strategy.ElectionStrategy.waitUntilLeader ]: Resetting predecessor:	'84139ab3-ec85-4a3d-8bf5-4114599bb2c2'
2026-02-10 18:53:17.356 DEBUG [ main -> org.tasktide.itemstore.mutex.strategy.ElectionStrategy.apply ]: Mutex written for:	'bf4185b2-c54b-4264-98a6-f98c39ffd431'
2026-02-10 18:53:17.397 WARN  [ main -> org.tasktide.itemstore.FileUtility.dropFile ]: Warning provided path does not exist, unable to delete:
'/mnt/c/Users/Brendan Kenna/GitHub/TaskTide/tasktide/itemstore/ItemStore-Mutex/Host-Lock/1770749502525.127-0-1-1_b1a3948d-cbf3-4ece-bbc5-c227209297a3.lock'

2026-02-10 18:53:17.435 INFO  [ main -> org.tasktide.itemstore.mutex.orchestrator.MutexOrchestrator.performLock ]: NFS Lock acquired for:	'bf4185b2-c54b-4264-98a6-f98c39ffd431'
2026-02-10 18:53:17.437 INFO  [ main -> org.tasktide.itemstore.mutex.orchestrator.MutexOrchestrator.performLock ]: Confirming leadership:	'bf4185b2-c54b-4264-98a6-f98c39ffd431'
2026-02-10 18:53:17.504 WARN  [ main -> org.tasktide.itemstore.mutex.strategy.ElectionStrategy.evaluateLeaderTtl ]: Removing below stale leader status:	'true'

'/mnt/c/Users/Brendan Kenna/GitHub/TaskTide/tasktide/itemstore/ItemStore-Mutex/Queue/1770749586992.127-0-1-1_c3c67d8b-9c76-45f3-ba75-d4d621129dd2_a602d032-d754-4ed4-a60d-d72ae6efd3d7.lock'
2026-02-10 18:53:17.504 WARN  [ main -> org.tasktide.itemstore.mutex.strategy.ElectionStrategy.evaluateLeaderTtl ]: Removing below stale leader status:	'true'

'/mnt/c/Users/Brendan Kenna/GitHub/TaskTide/tasktide/itemstore/ItemStore-Mutex/Queue/1770749586992.127-0-1-1_c3c67d8b-9c76-45f3-ba75-d4d621129dd2_a602d032-d754-4ed4-a60d-d72ae6efd3d7.lock'
2026-02-10 18:53:17.509 WARN  [ main -> org.tasktide.itemstore.mutex.strategy.ElectionStrategy.evaluateLeaderTtl ]: Error verifiying leader TTL:	'/mnt/c/Users/Brendan Kenna/GitHub/TaskTide/tasktide/itemstore/ItemStore-Mutex/Queue/1770749586992.127-0-1-1_c3c67d8b-9c76-45f3-ba75-d4d621129dd2_a602d032-d754-4ed4-a60d-d72ae6efd3d7.lock'
'java.util.NoSuchElementException: No value present'
2026-02-10 18:53:17.403 WARN  [ main -> org.tasktide.itemstore.FileUtility.dropFile ]: Warning could not delete target file, displaying error:	'/mnt/c/Users/Brendan Kenna/GitHub/TaskTide/tasktide/itemstore/ItemStore-Mutex/Host-Lock/1770749502525.127-0-1-1_b1a3948d-cbf3-4ece-bbc5-c227209297a3.lock'
java.nio.file.NoSuchFileException: /mnt/c/Users/Brendan Kenna/GitHub/TaskTide/tasktide/itemstore/ItemStore-Mutex/Host-Lock/1770749502525.127-0-1-1_b1a3948d-cbf3-4ece-bbc5-c227209297a3.lock
	at sun.nio.fs.UnixException.translateToIOException(UnixException.java:92) ~[?:?]
	at sun.nio.fs.UnixException.rethrowAsIOException(UnixException.java:106) ~[?:?]
	at sun.nio.fs.UnixException.rethrowAsIOException(UnixException.java:111) ~[?:?]
	at sun.nio.fs.UnixFileSystemProvider.implDelete(UnixFileSystemProvider.java:248) ~[?:?]
	at sun.nio.fs.AbstractFileSystemProvider.delete(AbstractFileSystemProvider.java:105) ~[?:?]
	at java.nio.file.Files.delete(Files.java:1152) ~[?:?]
	at org.tasktide.itemstore.FileUtility.dropFile(FileUtility.java:132) [main/:?]
	at org.tasktide.itemstore.mutex.strategy.FileChannelStrategy.release(FileChannelStrategy.java:126) [main/:?]
	at org.tasktide.itemstore.mutex.FileChannelMutex.release(FileChannelMutex.java:176) [main/:?]
	at org.tasktide.itemstore.mutex.orchestrator.MutexOrchestrator.releaseActiveLock(MutexOrchestrator.java:290) [main/:?]
	at org.tasktide.itemstore.mutex.orchestrator.MutexOrchestrator.releaseLock(MutexOrchestrator.java:276) [main/:?]
	at org.tasktide.itemstore.mutex.LockActionReleaseApp.main(LockActionReleaseApp.java:109) [test/:?]
2026-02-10 18:53:17.594 INFO  [ main -> org.tasktide.itemstore.mutex.strategy.ElectionStrategy.evaluateLeaderTtl ]: Leader passed TTL check-in:	'/mnt/c/Users/Brendan Kenna/GitHub/TaskTide/tasktide/itemstore/ItemStore-Mutex/Queue/1770749592357.127-0-1-1_17c7873b-ab53-4f37-877b-eda907c02f1f_f4a0da02-0e81-4b95-8729-e546b4a0ca20.lock'
2026-02-10 18:53:17.598 INFO  [ main -> org.tasktide.itemstore.mutex.strategy.ElectionStrategy.waitUntilLeader ]: Resetting predecessor:	'f255fe3b-128a-4f3a-b02e-0d9de0ef33d1'
2026-02-10 18:53:17.632 INFO  [ main -> org.tasktide.itemstore.mutex.orchestrator.MutexOrchestrator.releaseActiveLock ]: Releasing NFS mutex:
'{
    "Election File": "/mnt/c/Users/Brendan Kenna/GitHub/TaskTide/tasktide/itemstore/ItemStore-Mutex/Queue/1770749585967.127-0-1-1_b1a3948d-cbf3-4ece-bbc5-c227209297a3_b308b8cf-ccf7-48e1-94d0-ab6f5565ba25.lock",
    "End Jitter": "PT0.373S",
    "Host File": "/mnt/c/Users/Brendan Kenna/GitHub/TaskTide/tasktide/itemstore/ItemStore-Mutex/Host-Lock/1770749502525.127-0-1-1_b1a3948d-cbf3-4ece-bbc5-c227209297a3.lock",
    "Id": "a32d8a85-bfe8-4e7f-8b1f-7ea29ca727df",
    "Lock Dir": "/mnt/c/Users/Brendan Kenna/GitHub/TaskTide/tasktide/itemstore/ItemStore-Mutex",
    "Lock File": "/mnt/c/Users/Brendan Kenna/GitHub/TaskTide/tasktide/itemstore/ItemStore-Mutex/lock-file.lock",
    "Mutex State": "LOCKED",
    "Retry Interval": "PT0.212S",
    "Stale File Threshold": "PT10S",
    "Start Jitter": "PT0.307S",
    "Timestamp": 1770749585967
}'
2026-02-10 18:53:17.640 INFO  [ main -> org.tasktide.itemstore.mutex.LockActionReleaseApp.main ]: APP-Lock released, test complete
2026-02-10 18:53:17.674 INFO  [ main -> org.tasktide.itemstore.mutex.strategy.ElectionStrategy.evaluateLeaderTtl ]: Leader passed TTL check-in:	'/mnt/c/Users/Brendan Kenna/GitHub/TaskTide/tasktide/itemstore/ItemStore-Mutex/Queue/1770749592357.127-0-1-1_17c7873b-ab53-4f37-877b-eda907c02f1f_f4a0da02-0e81-4b95-8729-e546b4a0ca20.lock'
2026-02-10 18:53:17.677 INFO  [ main -> org.tasktide.itemstore.mutex.strategy.ElectionStrategy.waitUntilLeader ]: Resetting predecessor:	'84139ab3-ec85-4a3d-8bf5-4114599bb2c2'
2026-02-10 18:53:17.763 INFO  [ main -> org.tasktide.itemstore.mutex.strategy.ElectionStrategy.evaluateLeaderTtl ]: Leader passed TTL check-in:	'/mnt/c/Users/Brendan Kenna/GitHub/TaskTide/tasktide/itemstore/ItemStore-Mutex/Queue/1770749592357.127-0-1-1_17c7873b-ab53-4f37-877b-eda907c02f1f_f4a0da02-0e81-4b95-8729-e546b4a0ca20.lock'
2026-02-10 18:53:17.765 INFO  [ main -> org.tasktide.itemstore.mutex.strategy.ElectionStrategy.waitUntilLeader ]: Resetting predecessor:	'31cdf384-541d-4cc9-8496-fce1088b0ae8'
2026-02-10 18:53:17.773 INFO  [ main -> org.tasktide.itemstore.mutex.strategy.ElectionStrategy.evaluateLeaderTtl ]: Leader passed TTL check-in:	'/mnt/c/Users/Brendan Kenna/GitHub/TaskTide/tasktide/itemstore/ItemStore-Mutex/Queue/1770749592357.127-0-1-1_17c7873b-ab53-4f37-877b-eda907c02f1f_f4a0da02-0e81-4b95-8729-e546b4a0ca20.lock'
2026-02-10 18:53:17.774 INFO  [ main -> org.tasktide.itemstore.mutex.strategy.ElectionStrategy.waitUntilLeader ]: Resetting predecessor:	'f255fe3b-128a-4f3a-b02e-0d9de0ef33d1'
2026-02-10 18:53:17.804 DEBUG [ main -> org.tasktide.itemstore.mutex.orchestrator.MutexOrchestrator.cleanUp ]: Cleaning up lock file:	'bf4185b2-c54b-4264-98a6-f98c39ffd431'
2026-02-10 18:53:17.805 WARN  [ main -> org.tasktide.itemstore.FileUtility.dropFile ]: Warning provided path does not exist, unable to delete:
'/mnt/c/Users/Brendan Kenna/GitHub/TaskTide/tasktide/itemstore/ItemStore-Mutex/lock-file.lock'

2026-02-10 18:53:17.806 WARN  [ main -> org.tasktide.itemstore.FileUtility.dropFile ]: Warning could not delete target file, displaying error:	'/mnt/c/Users/Brendan Kenna/GitHub/TaskTide/tasktide/itemstore/ItemStore-Mutex/lock-file.lock'
java.nio.file.NoSuchFileException: /mnt/c/Users/Brendan Kenna/GitHub/TaskTide/tasktide/itemstore/ItemStore-Mutex/lock-file.lock
	at sun.nio.fs.UnixException.translateToIOException(UnixException.java:92) ~[?:?]
	at sun.nio.fs.UnixException.rethrowAsIOException(UnixException.java:106) ~[?:?]
	at sun.nio.fs.UnixException.rethrowAsIOException(UnixException.java:111) ~[?:?]
	at sun.nio.fs.UnixFileSystemProvider.implDelete(UnixFileSystemProvider.java:248) ~[?:?]
	at sun.nio.fs.AbstractFileSystemProvider.delete(AbstractFileSystemProvider.java:105) ~[?:?]
	at java.nio.file.Files.delete(Files.java:1152) ~[?:?]
	at org.tasktide.itemstore.FileUtility.dropFile(FileUtility.java:132) [main/:?]
	at org.tasktide.itemstore.mutex.orchestrator.MutexOrchestrator.cleanUp(MutexOrchestrator.java:387) [main/:?]
	at org.tasktide.itemstore.mutex.orchestrator.MutexOrchestrator.performLock(MutexOrchestrator.java:219) [main/:?]
	at org.tasktide.itemstore.mutex.orchestrator.MutexOrchestrator.acquireLock(MutexOrchestrator.java:135) [main/:?]
	at org.tasktide.itemstore.mutex.orchestrator.MutexOrchestrator.tryAcquireUntilSuccess(MutexOrchestrator.java:154) [main/:?]
	at org.tasktide.itemstore.mutex.LockActionReleaseApp.main(LockActionReleaseApp.java:95) [test/:?]
2026-02-10 18:53:17.808 DEBUG [ main -> org.tasktide.itemstore.mutex.orchestrator.MutexOrchestrator.cleanUp ]: Cleaning up host file:	'bf4185b2-c54b-4264-98a6-f98c39ffd431'
2026-02-10 18:53:17.813 WARN  [ main -> org.tasktide.itemstore.FileUtility.dropFile ]: Warning provided path does not exist, unable to delete:
'/mnt/c/Users/Brendan Kenna/GitHub/TaskTide/tasktide/itemstore/ItemStore-Mutex/Host-Lock/1770749530187.127-0-1-1_c3c67d8b-9c76-45f3-ba75-d4d621129dd2.lock'

2026-02-10 18:53:17.817 WARN  [ main -> org.tasktide.itemstore.FileUtility.dropFile ]: Warning could not delete target file, displaying error:	'/mnt/c/Users/Brendan Kenna/GitHub/TaskTide/tasktide/itemstore/ItemStore-Mutex/Host-Lock/1770749530187.127-0-1-1_c3c67d8b-9c76-45f3-ba75-d4d621129dd2.lock'
java.nio.file.NoSuchFileException: /mnt/c/Users/Brendan Kenna/GitHub/TaskTide/tasktide/itemstore/ItemStore-Mutex/Host-Lock/1770749530187.127-0-1-1_c3c67d8b-9c76-45f3-ba75-d4d621129dd2.lock
	at sun.nio.fs.UnixException.translateToIOException(UnixException.java:92) ~[?:?]
	at sun.nio.fs.UnixException.rethrowAsIOException(UnixException.java:106) ~[?:?]
	at sun.nio.fs.UnixException.rethrowAsIOException(UnixException.java:111) ~[?:?]
	at sun.nio.fs.UnixFileSystemProvider.implDelete(UnixFileSystemProvider.java:248) ~[?:?]
	at sun.nio.fs.AbstractFileSystemProvider.delete(AbstractFileSystemProvider.java:105) ~[?:?]
	at java.nio.file.Files.delete(Files.java:1152) ~[?:?]
	at org.tasktide.itemstore.FileUtility.dropFile(FileUtility.java:132) [main/:?]
	at org.tasktide.itemstore.mutex.orchestrator.MutexOrchestrator.cleanUp(MutexOrchestrator.java:392) [main/:?]
	at org.tasktide.itemstore.mutex.orchestrator.MutexOrchestrator.performLock(MutexOrchestrator.java:219) [main/:?]
	at org.tasktide.itemstore.mutex.orchestrator.MutexOrchestrator.acquireLock(MutexOrchestrator.java:135) [main/:?]
	at org.tasktide.itemstore.mutex.orchestrator.MutexOrchestrator.tryAcquireUntilSuccess(MutexOrchestrator.java:154) [main/:?]
	at org.tasktide.itemstore.mutex.LockActionReleaseApp.main(LockActionReleaseApp.java:95) [test/:?]
2026-02-10 18:53:17.819 DEBUG [ main -> org.tasktide.itemstore.mutex.orchestrator.MutexOrchestrator.cleanUp ]: Cleaning up confirm ballot file:	'bf4185b2-c54b-4264-98a6-f98c39ffd431'
2026-02-10 18:53:17.820 WARN  [ main -> org.tasktide.itemstore.FileUtility.dropFile ]: Warning provided paths is null, unable to delete:
'null'

2026-02-10 18:53:17.821 DEBUG [ main -> org.tasktide.itemstore.mutex.orchestrator.MutexOrchestrator.cleanUp ]: Cleaning up election file:	'bf4185b2-c54b-4264-98a6-f98c39ffd431'
2026-02-10 18:53:17.823 WARN  [ main -> org.tasktide.itemstore.FileUtility.dropFile ]: Warning provided path does not exist, unable to delete:
'/mnt/c/Users/Brendan Kenna/GitHub/TaskTide/tasktide/itemstore/ItemStore-Mutex/Queue/1770749586992.127-0-1-1_c3c67d8b-9c76-45f3-ba75-d4d621129dd2_a602d032-d754-4ed4-a60d-d72ae6efd3d7.lock'

2026-02-10 18:53:17.824 WARN  [ main -> org.tasktide.itemstore.FileUtility.dropFile ]: Warning could not delete target file, displaying error:	'/mnt/c/Users/Brendan Kenna/GitHub/TaskTide/tasktide/itemstore/ItemStore-Mutex/Queue/1770749586992.127-0-1-1_c3c67d8b-9c76-45f3-ba75-d4d621129dd2_a602d032-d754-4ed4-a60d-d72ae6efd3d7.lock'
java.nio.file.NoSuchFileException: /mnt/c/Users/Brendan Kenna/GitHub/TaskTide/tasktide/itemstore/ItemStore-Mutex/Queue/1770749586992.127-0-1-1_c3c67d8b-9c76-45f3-ba75-d4d621129dd2_a602d032-d754-4ed4-a60d-d72ae6efd3d7.lock
	at sun.nio.fs.UnixException.translateToIOException(UnixException.java:92) ~[?:?]
	at sun.nio.fs.UnixException.rethrowAsIOException(UnixException.java:106) ~[?:?]
	at sun.nio.fs.UnixException.rethrowAsIOException(UnixException.java:111) ~[?:?]
	at sun.nio.fs.UnixFileSystemProvider.implDelete(UnixFileSystemProvider.java:248) ~[?:?]
	at sun.nio.fs.AbstractFileSystemProvider.delete(AbstractFileSystemProvider.java:105) ~[?:?]
	at java.nio.file.Files.delete(Files.java:1152) ~[?:?]
	at org.tasktide.itemstore.FileUtility.dropFile(FileUtility.java:132) [main/:?]
	at org.tasktide.itemstore.mutex.orchestrator.MutexOrchestrator.cleanUp(MutexOrchestrator.java:402) [main/:?]
	at org.tasktide.itemstore.mutex.orchestrator.MutexOrchestrator.performLock(MutexOrchestrator.java:219) [main/:?]
	at org.tasktide.itemstore.mutex.orchestrator.MutexOrchestrator.acquireLock(MutexOrchestrator.java:135) [main/:?]
	at org.tasktide.itemstore.mutex.orchestrator.MutexOrchestrator.tryAcquireUntilSuccess(MutexOrchestrator.java:154) [main/:?]
	at org.tasktide.itemstore.mutex.LockActionReleaseApp.main(LockActionReleaseApp.java:95) [test/:?]
2026-02-10 18:53:17.827 WARN  [ main -> org.tasktide.itemstore.mutex.orchestrator.MutexOrchestrator.tryAcquireUntilSuccess ]: Process-1195 Attempt 1 failed: LEADERSHIP_CONFIRMATION_FAILED | Exception: Unable to read elected leader:	bf4185b2-c54b-4264-98a6-f98c39ffd431
2026-02-10 18:53:17.877 INFO  [ main -> org.tasktide.itemstore.mutex.strategy.ElectionStrategy.evaluateLeaderTtl ]: Leader passed TTL check-in:	'/mnt/c/Users/Brendan Kenna/GitHub/TaskTide/tasktide/itemstore/ItemStore-Mutex/Queue/1770749592357.127-0-1-1_17c7873b-ab53-4f37-877b-eda907c02f1f_f4a0da02-0e81-4b95-8729-e546b4a0ca20.lock'
2026-02-10 18:53:17.878 INFO  [ main -> org.tasktide.itemstore.mutex.strategy.ElectionStrategy.waitUntilLeader ]: Resetting predecessor:	'84139ab3-ec85-4a3d-8bf5-4114599bb2c2'
2026-02-10 18:53:17.925 INFO  [ main -> org.tasktide.itemstore.mutex.strategy.ElectionStrategy.waitUntilLeader ]: Leadership acquired:	'f4a0da02-0e81-4b95-8729-e546b4a0ca20'
2026-02-10 18:53:17.926 INFO  [ main -> org.tasktide.itemstore.mutex.strategy.ElectionStrategy.waitUntilLeader ]: Verifying leadership:	'f4a0da02-0e81-4b95-8729-e546b4a0ca20'
2026-02-10 18:53:17.992 INFO  [ main -> org.tasktide.itemstore.mutex.strategy.ElectionStrategy.evaluateLeaderTtl ]: Leader passed TTL check-in:	'/mnt/c/Users/Brendan Kenna/GitHub/TaskTide/tasktide/itemstore/ItemStore-Mutex/Queue/1770749592357.127-0-1-1_17c7873b-ab53-4f37-877b-eda907c02f1f_f4a0da02-0e81-4b95-8729-e546b4a0ca20.lock'
2026-02-10 18:53:17.993 INFO  [ main -> org.tasktide.itemstore.mutex.strategy.ElectionStrategy.waitUntilLeader ]: Resetting predecessor:	'f255fe3b-128a-4f3a-b02e-0d9de0ef33d1'
2026-02-10 18:53:18.065 INFO  [ main -> org.tasktide.itemstore.mutex.strategy.ElectionStrategy.evaluateLeaderTtl ]: Leader passed TTL check-in:	'/mnt/c/Users/Brendan Kenna/GitHub/TaskTide/tasktide/itemstore/ItemStore-Mutex/Queue/1770749592357.127-0-1-1_17c7873b-ab53-4f37-877b-eda907c02f1f_f4a0da02-0e81-4b95-8729-e546b4a0ca20.lock'
2026-02-10 18:53:18.069 INFO  [ main -> org.tasktide.itemstore.mutex.strategy.ElectionStrategy.waitUntilLeader ]: Resetting predecessor:	'31cdf384-541d-4cc9-8496-fce1088b0ae8'
2026-02-10 18:53:18.074 INFO  [ main -> org.tasktide.itemstore.mutex.strategy.ElectionStrategy.evaluateLeaderTtl ]: Leader passed TTL check-in:	'/mnt/c/Users/Brendan Kenna/GitHub/TaskTide/tasktide/itemstore/ItemStore-Mutex/Queue/1770749592357.127-0-1-1_17c7873b-ab53-4f37-877b-eda907c02f1f_f4a0da02-0e81-4b95-8729-e546b4a0ca20.lock'
2026-02-10 18:53:18.078 INFO  [ main -> org.tasktide.itemstore.mutex.strategy.ElectionStrategy.waitUntilLeader ]: Resetting predecessor:	'84139ab3-ec85-4a3d-8bf5-4114599bb2c2'
2026-02-10 18:53:18.145 INFO  [ main -> org.tasktide.itemstore.mutex.strategy.ElectionStrategy.evaluateLeaderTtl ]: Leader passed TTL check-in:	'/mnt/c/Users/Brendan Kenna/GitHub/TaskTide/tasktide/itemstore/ItemStore-Mutex/Queue/1770749592357.127-0-1-1_17c7873b-ab53-4f37-877b-eda907c02f1f_f4a0da02-0e81-4b95-8729-e546b4a0ca20.lock'
2026-02-10 18:53:18.147 INFO  [ main -> org.tasktide.itemstore.mutex.strategy.ElectionStrategy.waitUntilLeader ]: Resetting predecessor:	'f255fe3b-128a-4f3a-b02e-0d9de0ef33d1'
2026-02-10 18:53:18.307 INFO  [ main -> org.tasktide.itemstore.mutex.strategy.ElectionStrategy.evaluateLeaderTtl ]: Leader passed TTL check-in:	'/mnt/c/Users/Brendan Kenna/GitHub/TaskTide/tasktide/itemstore/ItemStore-Mutex/Queue/1770749592357.127-0-1-1_17c7873b-ab53-4f37-877b-eda907c02f1f_f4a0da02-0e81-4b95-8729-e546b4a0ca20.lock'
2026-02-10 18:53:18.310 INFO  [ main -> org.tasktide.itemstore.mutex.strategy.ElectionStrategy.waitUntilLeader ]: Resetting predecessor:	'84139ab3-ec85-4a3d-8bf5-4114599bb2c2'
2026-02-10 18:53:18.329 INFO  [ main -> org.tasktide.itemstore.mutex.strategy.ElectionStrategy.waitUntilLeader ]: Leadership verified:	'f4a0da02-0e81-4b95-8729-e546b4a0ca20'
2026-02-10 18:53:18.331 DEBUG [ main -> org.tasktide.itemstore.mutex.strategy.ElectionStrategy.apply ]: Active leader with Id:	'f4a0da02-0e81-4b95-8729-e546b4a0ca20'
2026-02-10 18:53:18.334 DEBUG [ main -> org.tasktide.itemstore.mutex.strategy.ElectionStrategy.apply ]: State set, writing mutex for:	'f4a0da02-0e81-4b95-8729-e546b4a0ca20'
2026-02-10 18:53:18.339 INFO  [ main -> org.tasktide.itemstore.mutex.strategy.ElectionStrategy.evaluateLeaderTtl ]: Leader passed TTL check-in:	'/mnt/c/Users/Brendan Kenna/GitHub/TaskTide/tasktide/itemstore/ItemStore-Mutex/Queue/1770749592357.127-0-1-1_17c7873b-ab53-4f37-877b-eda907c02f1f_f4a0da02-0e81-4b95-8729-e546b4a0ca20.lock'
2026-02-10 18:53:18.340 INFO  [ main -> org.tasktide.itemstore.mutex.strategy.ElectionStrategy.waitUntilLeader ]: Resetting predecessor:	'31cdf384-541d-4cc9-8496-fce1088b0ae8'
2026-02-10 18:53:18.341 INFO  [ main -> org.tasktide.itemstore.mutex.strategy.ElectionStrategy.waitUntilLeader ]: Recasting ballot:	'f255fe3b-128a-4f3a-b02e-0d9de0ef33d1'
2026-02-10 18:53:18.445 DEBUG [ main -> org.tasktide.itemstore.mutex.strategy.ElectionStrategy.apply ]: Mutex written for:	'f4a0da02-0e81-4b95-8729-e546b4a0ca20'
2026-02-10 18:53:18.507 INFO  [ main -> org.tasktide.itemstore.mutex.orchestrator.MutexOrchestrator.performLock ]: NFS Lock acquired for:	'f4a0da02-0e81-4b95-8729-e546b4a0ca20'
2026-02-10 18:53:18.508 INFO  [ main -> org.tasktide.itemstore.mutex.orchestrator.MutexOrchestrator.performLock ]: Confirming leadership:	'f4a0da02-0e81-4b95-8729-e546b4a0ca20'
2026-02-10 18:53:18.529 INFO  [ main -> org.tasktide.itemstore.mutex.strategy.ElectionStrategy.evaluateLeaderTtl ]: Leader passed TTL check-in:	'/mnt/c/Users/Brendan Kenna/GitHub/TaskTide/tasktide/itemstore/ItemStore-Mutex/Queue/1770749592357.127-0-1-1_17c7873b-ab53-4f37-877b-eda907c02f1f_f4a0da02-0e81-4b95-8729-e546b4a0ca20.lock'
2026-02-10 18:53:18.529 INFO  [ main -> org.tasktide.itemstore.mutex.strategy.ElectionStrategy.evaluateLeaderTtl ]: Leader passed TTL check-in:	'/mnt/c/Users/Brendan Kenna/GitHub/TaskTide/tasktide/itemstore/ItemStore-Mutex/Queue/1770749592357.127-0-1-1_17c7873b-ab53-4f37-877b-eda907c02f1f_f4a0da02-0e81-4b95-8729-e546b4a0ca20.lock'
2026-02-10 18:53:18.530 INFO  [ main -> org.tasktide.itemstore.mutex.strategy.ElectionStrategy.waitUntilLeader ]: Resetting predecessor:	'84139ab3-ec85-4a3d-8bf5-4114599bb2c2'
2026-02-10 18:53:18.531 INFO  [ main -> org.tasktide.itemstore.mutex.strategy.ElectionStrategy.waitUntilLeader ]: Resetting predecessor:	'170d974b-cb45-42b1-a7ec-de6ca0e1c23a'
2026-02-10 18:53:18.591 INFO  [ main -> org.tasktide.itemstore.mutex.orchestrator.MutexOrchestrator.performLock ]: Waiting for NFS lock for:	'd968201b-93d2-4964-86c8-5a7a06e020b2'
2026-02-10 18:53:18.609 INFO  [ main -> org.tasktide.itemstore.mutex.strategy.ElectionStrategy.evaluateLeaderTtl ]: Leader passed TTL check-in:	'/mnt/c/Users/Brendan Kenna/GitHub/TaskTide/tasktide/itemstore/ItemStore-Mutex/Queue/1770749592357.127-0-1-1_17c7873b-ab53-4f37-877b-eda907c02f1f_f4a0da02-0e81-4b95-8729-e546b4a0ca20.lock'
2026-02-10 18:53:18.611 INFO  [ main -> org.tasktide.itemstore.mutex.strategy.ElectionStrategy.waitUntilLeader ]: Resetting predecessor:	'31cdf384-541d-4cc9-8496-fce1088b0ae8'
2026-02-10 18:53:18.733 INFO  [ main -> org.tasktide.itemstore.mutex.strategy.ElectionStrategy.waitUntilLeader ]: Recasting ballot:	'84139ab3-ec85-4a3d-8bf5-4114599bb2c2'
2026-02-10 18:53:18.823 INFO  [ main -> org.tasktide.itemstore.mutex.strategy.ElectionStrategy.evaluateLeaderTtl ]: Leader passed TTL check-in:	'/mnt/c/Users/Brendan Kenna/GitHub/TaskTide/tasktide/itemstore/ItemStore-Mutex/Queue/1770749592357.127-0-1-1_17c7873b-ab53-4f37-877b-eda907c02f1f_f4a0da02-0e81-4b95-8729-e546b4a0ca20.lock'
2026-02-10 18:53:18.825 INFO  [ main -> org.tasktide.itemstore.mutex.strategy.ElectionStrategy.waitUntilLeader ]: Resetting predecessor:	'170d974b-cb45-42b1-a7ec-de6ca0e1c23a'
2026-02-10 18:53:18.861 INFO  [ main -> org.tasktide.itemstore.mutex.strategy.ElectionStrategy.evaluateLeaderTtl ]: Leader passed TTL check-in:	'/mnt/c/Users/Brendan Kenna/GitHub/TaskTide/tasktide/itemstore/ItemStore-Mutex/Queue/1770749592357.127-0-1-1_17c7873b-ab53-4f37-877b-eda907c02f1f_f4a0da02-0e81-4b95-8729-e546b4a0ca20.lock'
2026-02-10 18:53:18.863 INFO  [ main -> org.tasktide.itemstore.mutex.strategy.ElectionStrategy.waitUntilLeader ]: Resetting predecessor:	'f84a2ff0-75a1-4442-b74e-014d8f3ffed2'
2026-02-10 18:53:18.882 INFO  [ main -> org.tasktide.itemstore.mutex.strategy.ElectionStrategy.waitUntilLeader ]: Recasting ballot:	'31cdf384-541d-4cc9-8496-fce1088b0ae8'
2026-02-10 18:53:18.915 DEBUG [ main -> org.tasktide.itemstore.mutex.strategy.ElectionStrategy.initMutex ]: Initializing mutex:	'd968201b-93d2-4964-86c8-5a7a06e020b2'
2026-02-10 18:53:18.978 DEBUG [ main -> org.tasktide.itemstore.mutex.strategy.ElectionStrategy.initMutex ]: Mutex initialized, inferring queue position
2026-02-10 18:53:18.997 WARN  [ main -> org.tasktide.itemstore.mutex.strategy.ElectionStrategy.initMutex ]: No election files detected
2026-02-10 18:53:19.074 INFO  [ main -> org.tasktide.itemstore.mutex.strategy.ElectionStrategy.evaluateLeaderTtl ]: Leader passed TTL check-in:	'/mnt/c/Users/Brendan Kenna/GitHub/TaskTide/tasktide/itemstore/ItemStore-Mutex/Queue/1770749592357.127-0-1-1_17c7873b-ab53-4f37-877b-eda907c02f1f_f4a0da02-0e81-4b95-8729-e546b4a0ca20.lock'
2026-02-10 18:53:19.075 INFO  [ main -> org.tasktide.itemstore.mutex.strategy.ElectionStrategy.waitUntilLeader ]: Resetting predecessor:	'f255fe3b-128a-4f3a-b02e-0d9de0ef33d1'
2026-02-10 18:53:19.137 INFO  [ main -> org.tasktide.itemstore.mutex.strategy.ElectionStrategy.evaluateLeaderTtl ]: Leader passed TTL check-in:	'/mnt/c/Users/Brendan Kenna/GitHub/TaskTide/tasktide/itemstore/ItemStore-Mutex/Queue/1770749592357.127-0-1-1_17c7873b-ab53-4f37-877b-eda907c02f1f_f4a0da02-0e81-4b95-8729-e546b4a0ca20.lock'
2026-02-10 18:53:19.138 INFO  [ main -> org.tasktide.itemstore.mutex.strategy.ElectionStrategy.waitUntilLeader ]: Resetting predecessor:	'170d974b-cb45-42b1-a7ec-de6ca0e1c23a'
2026-02-10 18:53:19.196 INFO  [ main -> org.tasktide.itemstore.mutex.strategy.ElectionStrategy.evaluateLeaderTtl ]: Leader passed TTL check-in:	'/mnt/c/Users/Brendan Kenna/GitHub/TaskTide/tasktide/itemstore/ItemStore-Mutex/Queue/1770749592357.127-0-1-1_17c7873b-ab53-4f37-877b-eda907c02f1f_f4a0da02-0e81-4b95-8729-e546b4a0ca20.lock'
2026-02-10 18:53:19.197 INFO  [ main -> org.tasktide.itemstore.mutex.strategy.ElectionStrategy.waitUntilLeader ]: Resetting predecessor:	'f84a2ff0-75a1-4442-b74e-014d8f3ffed2'
2026-02-10 18:53:19.337 INFO  [ main -> org.tasktide.itemstore.mutex.strategy.ElectionStrategy.evaluateLeaderTtl ]: Leader passed TTL check-in:	'/mnt/c/Users/Brendan Kenna/GitHub/TaskTide/tasktide/itemstore/ItemStore-Mutex/Queue/1770749592357.127-0-1-1_17c7873b-ab53-4f37-877b-eda907c02f1f_f4a0da02-0e81-4b95-8729-e546b4a0ca20.lock'
2026-02-10 18:53:19.340 INFO  [ main -> org.tasktide.itemstore.mutex.strategy.ElectionStrategy.waitUntilLeader ]: Resetting predecessor:	'f255fe3b-128a-4f3a-b02e-0d9de0ef33d1'
2026-02-10 18:53:19.448 INFO  [ main -> org.tasktide.itemstore.mutex.strategy.ElectionStrategy.evaluateLeaderTtl ]: Leader passed TTL check-in:	'/mnt/c/Users/Brendan Kenna/GitHub/TaskTide/tasktide/itemstore/ItemStore-Mutex/Queue/1770749592357.127-0-1-1_17c7873b-ab53-4f37-877b-eda907c02f1f_f4a0da02-0e81-4b95-8729-e546b4a0ca20.lock'
2026-02-10 18:53:19.451 INFO  [ main -> org.tasktide.itemstore.mutex.strategy.ElectionStrategy.waitUntilLeader ]: Resetting predecessor:	'170d974b-cb45-42b1-a7ec-de6ca0e1c23a'
2026-02-10 18:53:19.462 INFO  [ main -> org.tasktide.itemstore.mutex.strategy.ElectionStrategy.evaluateLeaderTtl ]: Leader passed TTL check-in:	'/mnt/c/Users/Brendan Kenna/GitHub/TaskTide/tasktide/itemstore/ItemStore-Mutex/Queue/1770749592357.127-0-1-1_17c7873b-ab53-4f37-877b-eda907c02f1f_f4a0da02-0e81-4b95-8729-e546b4a0ca20.lock'
2026-02-10 18:53:19.464 INFO  [ main -> org.tasktide.itemstore.mutex.strategy.ElectionStrategy.waitUntilLeader ]: Resetting predecessor:	'f84a2ff0-75a1-4442-b74e-014d8f3ffed2'
2026-02-10 18:53:19.508 INFO  [ main -> org.tasktide.itemstore.mutex.orchestrator.MutexOrchestrator.confirmLeader ]: Leadership confirmed:	'f4a0da02-0e81-4b95-8729-e546b4a0ca20'
2026-02-10 18:53:19.510 INFO  [ main -> org.tasktide.itemstore.mutex.orchestrator.MutexOrchestrator.performLock ]: Leadership confirmed:	'f4a0da02-0e81-4b95-8729-e546b4a0ca20'
2026-02-10 18:53:19.511 INFO  [ main -> org.tasktide.itemstore.mutex.orchestrator.MutexOrchestrator.performLock ]: Waiting for FileChannel lock for:	'f4a0da02-0e81-4b95-8729-e546b4a0ca20'
2026-02-10 18:53:19.540 INFO  [ main -> org.tasktide.itemstore.mutex.strategy.ElectionStrategy.evaluateLeaderTtl ]: Leader passed TTL check-in:	'/mnt/c/Users/Brendan Kenna/GitHub/TaskTide/tasktide/itemstore/ItemStore-Mutex/Queue/1770749592357.127-0-1-1_17c7873b-ab53-4f37-877b-eda907c02f1f_f4a0da02-0e81-4b95-8729-e546b4a0ca20.lock'
2026-02-10 18:53:19.542 INFO  [ main -> org.tasktide.itemstore.mutex.strategy.ElectionStrategy.waitUntilLeader ]: Resetting predecessor:	'f255fe3b-128a-4f3a-b02e-0d9de0ef33d1'
2026-02-10 18:53:19.701 INFO  [ main -> org.tasktide.itemstore.mutex.strategy.ElectionStrategy.evaluateLeaderTtl ]: Leader passed TTL check-in:	'/mnt/c/Users/Brendan Kenna/GitHub/TaskTide/tasktide/itemstore/ItemStore-Mutex/Queue/1770749592357.127-0-1-1_17c7873b-ab53-4f37-877b-eda907c02f1f_f4a0da02-0e81-4b95-8729-e546b4a0ca20.lock'
2026-02-10 18:53:19.703 INFO  [ main -> org.tasktide.itemstore.mutex.strategy.ElectionStrategy.waitUntilLeader ]: Resetting predecessor:	'f84a2ff0-75a1-4442-b74e-014d8f3ffed2'
2026-02-10 18:53:19.754 INFO  [ main -> org.tasktide.itemstore.mutex.strategy.ElectionStrategy.evaluateLeaderTtl ]: Leader passed TTL check-in:	'/mnt/c/Users/Brendan Kenna/GitHub/TaskTide/tasktide/itemstore/ItemStore-Mutex/Queue/1770749592357.127-0-1-1_17c7873b-ab53-4f37-877b-eda907c02f1f_f4a0da02-0e81-4b95-8729-e546b4a0ca20.lock'
2026-02-10 18:53:19.756 INFO  [ main -> org.tasktide.itemstore.mutex.strategy.ElectionStrategy.waitUntilLeader ]: Resetting predecessor:	'f255fe3b-128a-4f3a-b02e-0d9de0ef33d1'
2026-02-10 18:53:19.759 INFO  [ main -> org.tasktide.itemstore.mutex.strategy.ElectionStrategy.evaluateLeaderTtl ]: Leader passed TTL check-in:	'/mnt/c/Users/Brendan Kenna/GitHub/TaskTide/tasktide/itemstore/ItemStore-Mutex/Queue/1770749592357.127-0-1-1_17c7873b-ab53-4f37-877b-eda907c02f1f_f4a0da02-0e81-4b95-8729-e546b4a0ca20.lock'
2026-02-10 18:53:19.762 INFO  [ main -> org.tasktide.itemstore.mutex.strategy.ElectionStrategy.waitUntilLeader ]: Resetting predecessor:	'170d974b-cb45-42b1-a7ec-de6ca0e1c23a'
2026-02-10 18:53:19.880 INFO  [ main -> org.tasktide.itemstore.mutex.strategy.ElectionStrategy.evaluateLeaderTtl ]: Leader passed TTL check-in:	'/mnt/c/Users/Brendan Kenna/GitHub/TaskTide/tasktide/itemstore/ItemStore-Mutex/Queue/1770749592357.127-0-1-1_17c7873b-ab53-4f37-877b-eda907c02f1f_f4a0da02-0e81-4b95-8729-e546b4a0ca20.lock'
2026-02-10 18:53:19.881 INFO  [ main -> org.tasktide.itemstore.mutex.strategy.ElectionStrategy.waitUntilLeader ]: Resetting predecessor:	'f255fe3b-128a-4f3a-b02e-0d9de0ef33d1'
2026-02-10 18:53:19.887 INFO  [ main -> org.tasktide.itemstore.mutex.strategy.ElectionStrategy.evaluateLeaderTtl ]: Leader passed TTL check-in:	'/mnt/c/Users/Brendan Kenna/GitHub/TaskTide/tasktide/itemstore/ItemStore-Mutex/Queue/1770749592357.127-0-1-1_17c7873b-ab53-4f37-877b-eda907c02f1f_f4a0da02-0e81-4b95-8729-e546b4a0ca20.lock'
2026-02-10 18:53:19.890 INFO  [ main -> org.tasktide.itemstore.mutex.strategy.ElectionStrategy.waitUntilLeader ]: Resetting predecessor:	'f84a2ff0-75a1-4442-b74e-014d8f3ffed2'
2026-02-10 18:53:20.039 INFO  [ main -> org.tasktide.itemstore.mutex.strategy.ElectionStrategy.evaluateLeaderTtl ]: Leader passed TTL check-in:	'/mnt/c/Users/Brendan Kenna/GitHub/TaskTide/tasktide/itemstore/ItemStore-Mutex/Queue/1770749592357.127-0-1-1_17c7873b-ab53-4f37-877b-eda907c02f1f_f4a0da02-0e81-4b95-8729-e546b4a0ca20.lock'
2026-02-10 18:53:20.040 INFO  [ main -> org.tasktide.itemstore.mutex.strategy.ElectionStrategy.waitUntilLeader ]: Resetting predecessor:	'f84a2ff0-75a1-4442-b74e-014d8f3ffed2'
2026-02-10 18:53:20.044 INFO  [ main -> org.tasktide.itemstore.mutex.strategy.ElectionStrategy.evaluateLeaderTtl ]: Leader passed TTL check-in:	'/mnt/c/Users/Brendan Kenna/GitHub/TaskTide/tasktide/itemstore/ItemStore-Mutex/Queue/1770749592357.127-0-1-1_17c7873b-ab53-4f37-877b-eda907c02f1f_f4a0da02-0e81-4b95-8729-e546b4a0ca20.lock'
2026-02-10 18:53:20.045 INFO  [ main -> org.tasktide.itemstore.mutex.strategy.ElectionStrategy.waitUntilLeader ]: Resetting predecessor:	'f255fe3b-128a-4f3a-b02e-0d9de0ef33d1'
2026-02-10 18:53:20.086 INFO  [ main -> org.tasktide.itemstore.mutex.strategy.ElectionStrategy.evaluateLeaderTtl ]: Leader passed TTL check-in:	'/mnt/c/Users/Brendan Kenna/GitHub/TaskTide/tasktide/itemstore/ItemStore-Mutex/Queue/1770749592357.127-0-1-1_17c7873b-ab53-4f37-877b-eda907c02f1f_f4a0da02-0e81-4b95-8729-e546b4a0ca20.lock'
2026-02-10 18:53:20.087 INFO  [ main -> org.tasktide.itemstore.mutex.strategy.ElectionStrategy.waitUntilLeader ]: Resetting predecessor:	'170d974b-cb45-42b1-a7ec-de6ca0e1c23a'
2026-02-10 18:53:20.247 INFO  [ main -> org.tasktide.itemstore.mutex.strategy.ElectionStrategy.evaluateLeaderTtl ]: Leader passed TTL check-in:	'/mnt/c/Users/Brendan Kenna/GitHub/TaskTide/tasktide/itemstore/ItemStore-Mutex/Queue/1770749592357.127-0-1-1_17c7873b-ab53-4f37-877b-eda907c02f1f_f4a0da02-0e81-4b95-8729-e546b4a0ca20.lock'
2026-02-10 18:53:20.250 INFO  [ main -> org.tasktide.itemstore.mutex.strategy.ElectionStrategy.waitUntilLeader ]: Resetting predecessor:	'f255fe3b-128a-4f3a-b02e-0d9de0ef33d1'
2026-02-10 18:53:20.300 INFO  [ main -> org.tasktide.itemstore.mutex.strategy.ElectionStrategy.evaluateLeaderTtl ]: Leader passed TTL check-in:	'/mnt/c/Users/Brendan Kenna/GitHub/TaskTide/tasktide/itemstore/ItemStore-Mutex/Queue/1770749592357.127-0-1-1_17c7873b-ab53-4f37-877b-eda907c02f1f_f4a0da02-0e81-4b95-8729-e546b4a0ca20.lock'
2026-02-10 18:53:20.302 INFO  [ main -> org.tasktide.itemstore.mutex.strategy.ElectionStrategy.waitUntilLeader ]: Resetting predecessor:	'f84a2ff0-75a1-4442-b74e-014d8f3ffed2'
2026-02-10 18:53:20.374 INFO  [ main -> org.tasktide.itemstore.mutex.strategy.ElectionStrategy.evaluateLeaderTtl ]: Leader passed TTL check-in:	'/mnt/c/Users/Brendan Kenna/GitHub/TaskTide/tasktide/itemstore/ItemStore-Mutex/Queue/1770749592357.127-0-1-1_17c7873b-ab53-4f37-877b-eda907c02f1f_f4a0da02-0e81-4b95-8729-e546b4a0ca20.lock'
2026-02-10 18:53:20.375 INFO  [ main -> org.tasktide.itemstore.mutex.strategy.ElectionStrategy.waitUntilLeader ]: Resetting predecessor:	'170d974b-cb45-42b1-a7ec-de6ca0e1c23a'
2026-02-10 18:53:20.445 INFO  [ main -> org.tasktide.itemstore.mutex.strategy.ElectionStrategy.evaluateLeaderTtl ]: Leader passed TTL check-in:	'/mnt/c/Users/Brendan Kenna/GitHub/TaskTide/tasktide/itemstore/ItemStore-Mutex/Queue/1770749592357.127-0-1-1_17c7873b-ab53-4f37-877b-eda907c02f1f_f4a0da02-0e81-4b95-8729-e546b4a0ca20.lock'
2026-02-10 18:53:20.450 INFO  [ main -> org.tasktide.itemstore.mutex.strategy.ElectionStrategy.waitUntilLeader ]: Resetting predecessor:	'f255fe3b-128a-4f3a-b02e-0d9de0ef33d1'
2026-02-10 18:53:20.551 INFO  [ main -> org.tasktide.itemstore.mutex.strategy.ElectionStrategy.evaluateLeaderTtl ]: Leader passed TTL check-in:	'/mnt/c/Users/Brendan Kenna/GitHub/TaskTide/tasktide/itemstore/ItemStore-Mutex/Queue/1770749592357.127-0-1-1_17c7873b-ab53-4f37-877b-eda907c02f1f_f4a0da02-0e81-4b95-8729-e546b4a0ca20.lock'
2026-02-10 18:53:20.552 INFO  [ main -> org.tasktide.itemstore.mutex.strategy.ElectionStrategy.waitUntilLeader ]: Resetting predecessor:	'f84a2ff0-75a1-4442-b74e-014d8f3ffed2'
2026-02-10 18:53:20.628 INFO  [ main -> org.tasktide.itemstore.mutex.strategy.ElectionStrategy.evaluateLeaderTtl ]: Leader passed TTL check-in:	'/mnt/c/Users/Brendan Kenna/GitHub/TaskTide/tasktide/itemstore/ItemStore-Mutex/Queue/1770749592357.127-0-1-1_17c7873b-ab53-4f37-877b-eda907c02f1f_f4a0da02-0e81-4b95-8729-e546b4a0ca20.lock'
2026-02-10 18:53:20.630 INFO  [ main -> org.tasktide.itemstore.mutex.strategy.ElectionStrategy.waitUntilLeader ]: Resetting predecessor:	'f255fe3b-128a-4f3a-b02e-0d9de0ef33d1'
2026-02-10 18:53:20.671 INFO  [ main -> org.tasktide.itemstore.mutex.strategy.ElectionStrategy.evaluateLeaderTtl ]: Leader passed TTL check-in:	'/mnt/c/Users/Brendan Kenna/GitHub/TaskTide/tasktide/itemstore/ItemStore-Mutex/Queue/1770749592357.127-0-1-1_17c7873b-ab53-4f37-877b-eda907c02f1f_f4a0da02-0e81-4b95-8729-e546b4a0ca20.lock'
2026-02-10 18:53:20.673 INFO  [ main -> org.tasktide.itemstore.mutex.strategy.ElectionStrategy.waitUntilLeader ]: Resetting predecessor:	'170d974b-cb45-42b1-a7ec-de6ca0e1c23a'
2026-02-10 18:53:20.692 INFO  [ main -> org.tasktide.itemstore.mutex.strategy.ElectionStrategy.evaluateLeaderTtl ]: Leader passed TTL check-in:	'/mnt/c/Users/Brendan Kenna/GitHub/TaskTide/tasktide/itemstore/ItemStore-Mutex/Queue/1770749592357.127-0-1-1_17c7873b-ab53-4f37-877b-eda907c02f1f_f4a0da02-0e81-4b95-8729-e546b4a0ca20.lock'
2026-02-10 18:53:20.695 INFO  [ main -> org.tasktide.itemstore.mutex.strategy.ElectionStrategy.waitUntilLeader ]: Resetting predecessor:	'f84a2ff0-75a1-4442-b74e-014d8f3ffed2'
2026-02-10 18:53:20.771 INFO  [ main -> org.tasktide.itemstore.mutex.strategy.ElectionStrategy.evaluateLeaderTtl ]: Leader passed TTL check-in:	'/mnt/c/Users/Brendan Kenna/GitHub/TaskTide/tasktide/itemstore/ItemStore-Mutex/Queue/1770749592357.127-0-1-1_17c7873b-ab53-4f37-877b-eda907c02f1f_f4a0da02-0e81-4b95-8729-e546b4a0ca20.lock'
2026-02-10 18:53:20.772 INFO  [ main -> org.tasktide.itemstore.mutex.strategy.ElectionStrategy.waitUntilLeader ]: Resetting predecessor:	'f255fe3b-128a-4f3a-b02e-0d9de0ef33d1'
2026-02-10 18:53:20.836 INFO  [ main -> org.tasktide.itemstore.mutex.strategy.ElectionStrategy.evaluateLeaderTtl ]: Leader passed TTL check-in:	'/mnt/c/Users/Brendan Kenna/GitHub/TaskTide/tasktide/itemstore/ItemStore-Mutex/Queue/1770749592357.127-0-1-1_17c7873b-ab53-4f37-877b-eda907c02f1f_f4a0da02-0e81-4b95-8729-e546b4a0ca20.lock'
2026-02-10 18:53:20.838 INFO  [ main -> org.tasktide.itemstore.mutex.strategy.ElectionStrategy.waitUntilLeader ]: Resetting predecessor:	'f84a2ff0-75a1-4442-b74e-014d8f3ffed2'
2026-02-10 18:53:20.930 INFO  [ main -> org.tasktide.itemstore.mutex.orchestrator.MutexOrchestrator.performLock ]: File Channel Lock acquired for:	'f4a0da02-0e81-4b95-8729-e546b4a0ca20'
2026-02-10 18:53:20.932 INFO  [ main -> org.tasktide.itemstore.mutex.orchestrator.MutexOrchestrator.performLock ]: Lock successful for:	'f4a0da02-0e81-4b95-8729-e546b4a0ca20'
2026-02-10 18:53:20.934 INFO  [ main -> org.tasktide.itemstore.mutex.orchestrator.MutexOrchestrator.tryAcquireUntilSuccess ]: Process-921 Completed with counter value:	'4'
2026-02-10 18:53:20.937 INFO  [ main -> org.tasktide.itemstore.mutex.orchestrator.MutexOrchestrator.tryAcquireUntilSuccess ]: Process-921 Loop terminating with done = 'true', and counter = '4'
2026-02-10 18:53:20.946 INFO  [ main -> org.tasktide.itemstore.mutex.LockActionReleaseApp.main ]: APP-Writing '22' to data file:	'/mnt/c/Users/Brendan Kenna/GitHub/TaskTide/tasktide/itemstore/ItemStore-Mutex/multi-process.txt'
2026-02-10 18:53:20.950 INFO  [ main -> org.tasktide.itemstore.mutex.LockActionReleaseApp.main ]: APP-Record written, releasing lock
2026-02-10 18:53:20.951 INFO  [ main -> org.tasktide.itemstore.mutex.orchestrator.MutexOrchestrator.releaseLock ]: Releasing active lock
2026-02-10 18:53:20.952 INFO  [ main -> org.tasktide.itemstore.mutex.orchestrator.MutexOrchestrator.releaseActiveLock ]: Releasing FileChannel mutex
2026-02-10 18:53:20.965 INFO  [ main -> org.tasktide.itemstore.mutex.strategy.ElectionStrategy.evaluateLeaderTtl ]: Leader passed TTL check-in:	'/mnt/c/Users/Brendan Kenna/GitHub/TaskTide/tasktide/itemstore/ItemStore-Mutex/Queue/1770749592357.127-0-1-1_17c7873b-ab53-4f37-877b-eda907c02f1f_f4a0da02-0e81-4b95-8729-e546b4a0ca20.lock'
2026-02-10 18:53:20.967 INFO  [ main -> org.tasktide.itemstore.mutex.strategy.ElectionStrategy.waitUntilLeader ]: Resetting predecessor:	'f255fe3b-128a-4f3a-b02e-0d9de0ef33d1'
2026-02-10 18:53:20.977 INFO  [ main -> org.tasktide.itemstore.mutex.strategy.ElectionStrategy.waitUntilLeader ]: Recasting ballot:	'f84a2ff0-75a1-4442-b74e-014d8f3ffed2'
2026-02-10 18:53:20.979 INFO  [ main -> org.tasktide.itemstore.mutex.strategy.ElectionStrategy.evaluateLeaderTtl ]: Leader passed TTL check-in:	'/mnt/c/Users/Brendan Kenna/GitHub/TaskTide/tasktide/itemstore/ItemStore-Mutex/Queue/1770749592357.127-0-1-1_17c7873b-ab53-4f37-877b-eda907c02f1f_f4a0da02-0e81-4b95-8729-e546b4a0ca20.lock'
2026-02-10 18:53:20.981 INFO  [ main -> org.tasktide.itemstore.mutex.strategy.ElectionStrategy.waitUntilLeader ]: Resetting predecessor:	'170d974b-cb45-42b1-a7ec-de6ca0e1c23a'
2026-02-10 18:53:21.115 INFO  [ main -> org.tasktide.itemstore.mutex.strategy.ElectionStrategy.evaluateLeaderTtl ]: Leader passed TTL check-in:	'/mnt/c/Users/Brendan Kenna/GitHub/TaskTide/tasktide/itemstore/ItemStore-Mutex/Queue/1770749592357.127-0-1-1_17c7873b-ab53-4f37-877b-eda907c02f1f_f4a0da02-0e81-4b95-8729-e546b4a0ca20.lock'
2026-02-10 18:53:21.117 INFO  [ main -> org.tasktide.itemstore.mutex.strategy.ElectionStrategy.waitUntilLeader ]: Resetting predecessor:	'f255fe3b-128a-4f3a-b02e-0d9de0ef33d1'
2026-02-10 18:53:21.241 INFO  [ main -> org.tasktide.itemstore.mutex.strategy.ElectionStrategy.waitUntilLeader ]: Recasting ballot:	'84139ab3-ec85-4a3d-8bf5-4114599bb2c2'
2026-02-10 18:53:21.275 INFO  [ main -> org.tasktide.itemstore.mutex.strategy.ElectionStrategy.evaluateLeaderTtl ]: Leader passed TTL check-in:	'/mnt/c/Users/Brendan Kenna/GitHub/TaskTide/tasktide/itemstore/ItemStore-Mutex/Queue/1770749592357.127-0-1-1_17c7873b-ab53-4f37-877b-eda907c02f1f_f4a0da02-0e81-4b95-8729-e546b4a0ca20.lock'
2026-02-10 18:53:21.278 INFO  [ main -> org.tasktide.itemstore.mutex.strategy.ElectionStrategy.waitUntilLeader ]: Resetting predecessor:	'170d974b-cb45-42b1-a7ec-de6ca0e1c23a'
2026-02-10 18:53:21.315 INFO  [ main -> org.tasktide.itemstore.mutex.strategy.ElectionStrategy.evaluateLeaderTtl ]: Leader passed TTL check-in:	'/mnt/c/Users/Brendan Kenna/GitHub/TaskTide/tasktide/itemstore/ItemStore-Mutex/Queue/1770749592357.127-0-1-1_17c7873b-ab53-4f37-877b-eda907c02f1f_f4a0da02-0e81-4b95-8729-e546b4a0ca20.lock'
2026-02-10 18:53:21.317 INFO  [ main -> org.tasktide.itemstore.mutex.strategy.ElectionStrategy.waitUntilLeader ]: Resetting predecessor:	'f255fe3b-128a-4f3a-b02e-0d9de0ef33d1'
2026-02-10 18:53:21.345 INFO  [ main -> org.tasktide.itemstore.mutex.strategy.ElectionStrategy.evaluateLeaderTtl ]: Leader passed TTL check-in:	'/mnt/c/Users/Brendan Kenna/GitHub/TaskTide/tasktide/itemstore/ItemStore-Mutex/Queue/1770749592357.127-0-1-1_17c7873b-ab53-4f37-877b-eda907c02f1f_f4a0da02-0e81-4b95-8729-e546b4a0ca20.lock'
2026-02-10 18:53:21.347 INFO  [ main -> org.tasktide.itemstore.mutex.strategy.ElectionStrategy.waitUntilLeader ]: Resetting predecessor:	'd968201b-93d2-4964-86c8-5a7a06e020b2'
2026-02-10 18:53:21.439 INFO  [ main -> org.tasktide.itemstore.mutex.strategy.ElectionStrategy.waitUntilLeader ]: Recasting ballot:	'f255fe3b-128a-4f3a-b02e-0d9de0ef33d1'
2026-02-10 18:53:21.458 INFO  [ main -> org.tasktide.itemstore.mutex.orchestrator.MutexOrchestrator.releaseActiveLock ]: Releasing NFS mutex:
'{
    "Election File": "/mnt/c/Users/Brendan Kenna/GitHub/TaskTide/tasktide/itemstore/ItemStore-Mutex/Queue/1770749592357.127-0-1-1_17c7873b-ab53-4f37-877b-eda907c02f1f_f4a0da02-0e81-4b95-8729-e546b4a0ca20.lock",
    "End Jitter": "PT0.475S",
    "Host File": "/mnt/c/Users/Brendan Kenna/GitHub/TaskTide/tasktide/itemstore/ItemStore-Mutex/Host-Lock/1770749592357.127-0-1-1_17c7873b-ab53-4f37-877b-eda907c02f1f.lock",
    "Id": "f4a0da02-0e81-4b95-8729-e546b4a0ca20",
    "Lock Dir": "/mnt/c/Users/Brendan Kenna/GitHub/TaskTide/tasktide/itemstore/ItemStore-Mutex",
    "Lock File": "/mnt/c/Users/Brendan Kenna/GitHub/TaskTide/tasktide/itemstore/ItemStore-Mutex/lock-file.lock",
    "Mutex State": "LOCKED",
    "Retry Interval": "PT0.235S",
    "Stale File Threshold": "PT10S",
    "Start Jitter": "PT0.387S",
    "Timestamp": 1770749592357
}'
2026-02-10 18:53:21.465 INFO  [ main -> org.tasktide.itemstore.mutex.LockActionReleaseApp.main ]: APP-Lock released, test complete
2026-02-10 18:53:21.520 INFO  [ main -> org.tasktide.itemstore.mutex.strategy.ElectionStrategy.waitUntilLeader ]: Leadership acquired:	'170d974b-cb45-42b1-a7ec-de6ca0e1c23a'
2026-02-10 18:53:21.522 INFO  [ main -> org.tasktide.itemstore.mutex.strategy.ElectionStrategy.waitUntilLeader ]: Verifying leadership:	'170d974b-cb45-42b1-a7ec-de6ca0e1c23a'
2026-02-10 18:53:21.528 INFO  [ main -> org.tasktide.itemstore.mutex.strategy.ElectionStrategy.evaluateLeaderTtl ]: Leader passed TTL check-in:	'/mnt/c/Users/Brendan Kenna/GitHub/TaskTide/tasktide/itemstore/ItemStore-Mutex/Queue/1770749596060.127-0-1-1_800436b2-b1ca-41cb-a393-6e5efddab540_a9f4e7df-6106-47a1-b33c-194a2e2c7d15.lock'
2026-02-10 18:53:21.530 INFO  [ main -> org.tasktide.itemstore.mutex.strategy.ElectionStrategy.waitUntilLeader ]: Resetting predecessor:	'f84a2ff0-75a1-4442-b74e-014d8f3ffed2'
2026-02-10 18:53:21.614 INFO  [ main -> org.tasktide.itemstore.mutex.strategy.ElectionStrategy.evaluateLeaderTtl ]: Leader passed TTL check-in:	'/mnt/c/Users/Brendan Kenna/GitHub/TaskTide/tasktide/itemstore/ItemStore-Mutex/Queue/1770749596060.127-0-1-1_800436b2-b1ca-41cb-a393-6e5efddab540_a9f4e7df-6106-47a1-b33c-194a2e2c7d15.lock'
2026-02-10 18:53:21.618 INFO  [ main -> org.tasktide.itemstore.mutex.strategy.ElectionStrategy.waitUntilLeader ]: Resetting predecessor:	'31cdf384-541d-4cc9-8496-fce1088b0ae8'
2026-02-10 18:53:21.762 INFO  [ main -> org.tasktide.itemstore.mutex.strategy.ElectionStrategy.evaluateLeaderTtl ]: Leader passed TTL check-in:	'/mnt/c/Users/Brendan Kenna/GitHub/TaskTide/tasktide/itemstore/ItemStore-Mutex/Queue/1770749596060.127-0-1-1_800436b2-b1ca-41cb-a393-6e5efddab540_a9f4e7df-6106-47a1-b33c-194a2e2c7d15.lock'
2026-02-10 18:53:21.763 INFO  [ main -> org.tasktide.itemstore.mutex.strategy.ElectionStrategy.waitUntilLeader ]: Resetting predecessor:	'd968201b-93d2-4964-86c8-5a7a06e020b2'
2026-02-10 18:53:21.807 INFO  [ main -> org.tasktide.itemstore.mutex.strategy.ElectionStrategy.evaluateLeaderTtl ]: Leader passed TTL check-in:	'/mnt/c/Users/Brendan Kenna/GitHub/TaskTide/tasktide/itemstore/ItemStore-Mutex/Queue/1770749596060.127-0-1-1_800436b2-b1ca-41cb-a393-6e5efddab540_a9f4e7df-6106-47a1-b33c-194a2e2c7d15.lock'
2026-02-10 18:53:21.809 INFO  [ main -> org.tasktide.itemstore.mutex.strategy.ElectionStrategy.waitUntilLeader ]: Resetting predecessor:	'f84a2ff0-75a1-4442-b74e-014d8f3ffed2'
2026-02-10 18:53:21.835 INFO  [ main -> org.tasktide.itemstore.mutex.strategy.ElectionStrategy.waitUntilLeader ]: Leadership verified:	'170d974b-cb45-42b1-a7ec-de6ca0e1c23a'
2026-02-10 18:53:21.837 DEBUG [ main -> org.tasktide.itemstore.mutex.strategy.ElectionStrategy.apply ]: Active leader with Id:	'170d974b-cb45-42b1-a7ec-de6ca0e1c23a'
2026-02-10 18:53:21.838 DEBUG [ main -> org.tasktide.itemstore.mutex.strategy.ElectionStrategy.apply ]: State set, writing mutex for:	'170d974b-cb45-42b1-a7ec-de6ca0e1c23a'
2026-02-10 18:53:21.914 DEBUG [ main -> org.tasktide.itemstore.mutex.strategy.ElectionStrategy.apply ]: Mutex written for:	'170d974b-cb45-42b1-a7ec-de6ca0e1c23a'
2026-02-10 18:53:21.920 INFO  [ main -> org.tasktide.itemstore.mutex.strategy.ElectionStrategy.evaluateLeaderTtl ]: Leader passed TTL check-in:	'/mnt/c/Users/Brendan Kenna/GitHub/TaskTide/tasktide/itemstore/ItemStore-Mutex/Queue/1770749598591.127-0-1-1_c3c67d8b-9c76-45f3-ba75-d4d621129dd2_d968201b-93d2-4964-86c8-5a7a06e020b2.lock'
2026-02-10 18:53:21.922 INFO  [ main -> org.tasktide.itemstore.mutex.strategy.ElectionStrategy.waitUntilLeader ]: Resetting predecessor:	'31cdf384-541d-4cc9-8496-fce1088b0ae8'
2026-02-10 18:53:21.972 INFO  [ main -> org.tasktide.itemstore.mutex.orchestrator.MutexOrchestrator.performLock ]: NFS Lock acquired for:	'170d974b-cb45-42b1-a7ec-de6ca0e1c23a'
2026-02-10 18:53:21.974 INFO  [ main -> org.tasktide.itemstore.mutex.orchestrator.MutexOrchestrator.performLock ]: Confirming leadership:	'170d974b-cb45-42b1-a7ec-de6ca0e1c23a'
2026-02-10 18:53:22.026 INFO  [ main -> org.tasktide.itemstore.mutex.strategy.ElectionStrategy.evaluateLeaderTtl ]: Leader passed TTL check-in:	'/mnt/c/Users/Brendan Kenna/GitHub/TaskTide/tasktide/itemstore/ItemStore-Mutex/Queue/1770749596060.127-0-1-1_800436b2-b1ca-41cb-a393-6e5efddab540_a9f4e7df-6106-47a1-b33c-194a2e2c7d15.lock'
2026-02-10 18:53:22.027 INFO  [ main -> org.tasktide.itemstore.mutex.strategy.ElectionStrategy.waitUntilLeader ]: Resetting predecessor:	'f84a2ff0-75a1-4442-b74e-014d8f3ffed2'
2026-02-10 18:53:22.216 INFO  [ main -> org.tasktide.itemstore.mutex.strategy.ElectionStrategy.evaluateLeaderTtl ]: Leader passed TTL check-in:	'/mnt/c/Users/Brendan Kenna/GitHub/TaskTide/tasktide/itemstore/ItemStore-Mutex/Queue/1770749596060.127-0-1-1_800436b2-b1ca-41cb-a393-6e5efddab540_a9f4e7df-6106-47a1-b33c-194a2e2c7d15.lock'
2026-02-10 18:53:22.217 INFO  [ main -> org.tasktide.itemstore.mutex.strategy.ElectionStrategy.evaluateLeaderTtl ]: Leader passed TTL check-in:	'/mnt/c/Users/Brendan Kenna/GitHub/TaskTide/tasktide/itemstore/ItemStore-Mutex/Queue/1770749596060.127-0-1-1_800436b2-b1ca-41cb-a393-6e5efddab540_a9f4e7df-6106-47a1-b33c-194a2e2c7d15.lock'
2026-02-10 18:53:22.218 INFO  [ main -> org.tasktide.itemstore.mutex.strategy.ElectionStrategy.waitUntilLeader ]: Resetting predecessor:	'd968201b-93d2-4964-86c8-5a7a06e020b2'
2026-02-10 18:53:22.220 INFO  [ main -> org.tasktide.itemstore.mutex.strategy.ElectionStrategy.waitUntilLeader ]: Resetting predecessor:	'31cdf384-541d-4cc9-8496-fce1088b0ae8'
2026-02-10 18:53:22.378 INFO  [ main -> org.tasktide.itemstore.mutex.strategy.ElectionStrategy.evaluateLeaderTtl ]: Leader passed TTL check-in:	'/mnt/c/Users/Brendan Kenna/GitHub/TaskTide/tasktide/itemstore/ItemStore-Mutex/Queue/1770749596060.127-0-1-1_800436b2-b1ca-41cb-a393-6e5efddab540_a9f4e7df-6106-47a1-b33c-194a2e2c7d15.lock'
2026-02-10 18:53:22.380 INFO  [ main -> org.tasktide.itemstore.mutex.strategy.ElectionStrategy.waitUntilLeader ]: Resetting predecessor:	'f84a2ff0-75a1-4442-b74e-014d8f3ffed2'
2026-02-10 18:53:22.477 INFO  [ main -> org.tasktide.itemstore.mutex.strategy.ElectionStrategy.evaluateLeaderTtl ]: Leader passed TTL check-in:	'/mnt/c/Users/Brendan Kenna/GitHub/TaskTide/tasktide/itemstore/ItemStore-Mutex/Queue/1770749596060.127-0-1-1_800436b2-b1ca-41cb-a393-6e5efddab540_a9f4e7df-6106-47a1-b33c-194a2e2c7d15.lock'
2026-02-10 18:53:22.478 INFO  [ main -> org.tasktide.itemstore.mutex.strategy.ElectionStrategy.waitUntilLeader ]: Resetting predecessor:	'31cdf384-541d-4cc9-8496-fce1088b0ae8'
2026-02-10 18:53:22.582 INFO  [ main -> org.tasktide.itemstore.mutex.orchestrator.MutexOrchestrator.confirmLeader ]: Leadership confirmed:	'170d974b-cb45-42b1-a7ec-de6ca0e1c23a'
2026-02-10 18:53:22.582 INFO  [ main -> org.tasktide.itemstore.mutex.orchestrator.MutexOrchestrator.performLock ]: Leadership confirmed:	'170d974b-cb45-42b1-a7ec-de6ca0e1c23a'
2026-02-10 18:53:22.583 INFO  [ main -> org.tasktide.itemstore.mutex.orchestrator.MutexOrchestrator.performLock ]: Waiting for FileChannel lock for:	'170d974b-cb45-42b1-a7ec-de6ca0e1c23a'
2026-02-10 18:53:22.602 INFO  [ main -> org.tasktide.itemstore.mutex.strategy.ElectionStrategy.evaluateLeaderTtl ]: Leader passed TTL check-in:	'/mnt/c/Users/Brendan Kenna/GitHub/TaskTide/tasktide/itemstore/ItemStore-Mutex/Queue/1770749596060.127-0-1-1_800436b2-b1ca-41cb-a393-6e5efddab540_a9f4e7df-6106-47a1-b33c-194a2e2c7d15.lock'
2026-02-10 18:53:22.603 INFO  [ main -> org.tasktide.itemstore.mutex.strategy.ElectionStrategy.waitUntilLeader ]: Resetting predecessor:	'd968201b-93d2-4964-86c8-5a7a06e020b2'
2026-02-10 18:53:22.641 INFO  [ main -> org.tasktide.itemstore.mutex.strategy.ElectionStrategy.evaluateLeaderTtl ]: Leader passed TTL check-in:	'/mnt/c/Users/Brendan Kenna/GitHub/TaskTide/tasktide/itemstore/ItemStore-Mutex/Queue/1770749596060.127-0-1-1_800436b2-b1ca-41cb-a393-6e5efddab540_a9f4e7df-6106-47a1-b33c-194a2e2c7d15.lock'
2026-02-10 18:53:22.643 INFO  [ main -> org.tasktide.itemstore.mutex.strategy.ElectionStrategy.waitUntilLeader ]: Resetting predecessor:	'f84a2ff0-75a1-4442-b74e-014d8f3ffed2'
2026-02-10 18:53:22.715 INFO  [ main -> org.tasktide.itemstore.mutex.strategy.ElectionStrategy.evaluateLeaderTtl ]: Leader passed TTL check-in:	'/mnt/c/Users/Brendan Kenna/GitHub/TaskTide/tasktide/itemstore/ItemStore-Mutex/Queue/1770749596060.127-0-1-1_800436b2-b1ca-41cb-a393-6e5efddab540_a9f4e7df-6106-47a1-b33c-194a2e2c7d15.lock'
2026-02-10 18:53:22.717 INFO  [ main -> org.tasktide.itemstore.mutex.strategy.ElectionStrategy.waitUntilLeader ]: Resetting predecessor:	'31cdf384-541d-4cc9-8496-fce1088b0ae8'
2026-02-10 18:53:22.848 INFO  [ main -> org.tasktide.itemstore.mutex.strategy.ElectionStrategy.evaluateLeaderTtl ]: Leader passed TTL check-in:	'/mnt/c/Users/Brendan Kenna/GitHub/TaskTide/tasktide/itemstore/ItemStore-Mutex/Queue/1770749596060.127-0-1-1_800436b2-b1ca-41cb-a393-6e5efddab540_a9f4e7df-6106-47a1-b33c-194a2e2c7d15.lock'
2026-02-10 18:53:22.850 INFO  [ main -> org.tasktide.itemstore.mutex.strategy.ElectionStrategy.waitUntilLeader ]: Resetting predecessor:	'f84a2ff0-75a1-4442-b74e-014d8f3ffed2'
2026-02-10 18:53:22.978 INFO  [ main -> org.tasktide.itemstore.mutex.strategy.ElectionStrategy.evaluateLeaderTtl ]: Leader passed TTL check-in:	'/mnt/c/Users/Brendan Kenna/GitHub/TaskTide/tasktide/itemstore/ItemStore-Mutex/Queue/1770749596060.127-0-1-1_800436b2-b1ca-41cb-a393-6e5efddab540_a9f4e7df-6106-47a1-b33c-194a2e2c7d15.lock'
2026-02-10 18:53:22.980 INFO  [ main -> org.tasktide.itemstore.mutex.strategy.ElectionStrategy.waitUntilLeader ]: Resetting predecessor:	'31cdf384-541d-4cc9-8496-fce1088b0ae8'
2026-02-10 18:53:23.000 INFO  [ main -> org.tasktide.itemstore.mutex.strategy.ElectionStrategy.evaluateLeaderTtl ]: Leader passed TTL check-in:	'/mnt/c/Users/Brendan Kenna/GitHub/TaskTide/tasktide/itemstore/ItemStore-Mutex/Queue/1770749596060.127-0-1-1_800436b2-b1ca-41cb-a393-6e5efddab540_a9f4e7df-6106-47a1-b33c-194a2e2c7d15.lock'
2026-02-10 18:53:23.002 INFO  [ main -> org.tasktide.itemstore.mutex.strategy.ElectionStrategy.waitUntilLeader ]: Resetting predecessor:	'f84a2ff0-75a1-4442-b74e-014d8f3ffed2'
2026-02-10 18:53:23.006 INFO  [ main -> org.tasktide.itemstore.mutex.strategy.ElectionStrategy.evaluateLeaderTtl ]: Leader passed TTL check-in:	'/mnt/c/Users/Brendan Kenna/GitHub/TaskTide/tasktide/itemstore/ItemStore-Mutex/Queue/1770749596060.127-0-1-1_800436b2-b1ca-41cb-a393-6e5efddab540_a9f4e7df-6106-47a1-b33c-194a2e2c7d15.lock'
2026-02-10 18:53:23.008 INFO  [ main -> org.tasktide.itemstore.mutex.strategy.ElectionStrategy.waitUntilLeader ]: Resetting predecessor:	'd968201b-93d2-4964-86c8-5a7a06e020b2'
2026-02-10 18:53:23.198 INFO  [ main -> org.tasktide.itemstore.mutex.strategy.ElectionStrategy.evaluateLeaderTtl ]: Leader passed TTL check-in:	'/mnt/c/Users/Brendan Kenna/GitHub/TaskTide/tasktide/itemstore/ItemStore-Mutex/Queue/1770749596060.127-0-1-1_800436b2-b1ca-41cb-a393-6e5efddab540_a9f4e7df-6106-47a1-b33c-194a2e2c7d15.lock'
2026-02-10 18:53:23.199 INFO  [ main -> org.tasktide.itemstore.mutex.strategy.ElectionStrategy.waitUntilLeader ]: Resetting predecessor:	'f84a2ff0-75a1-4442-b74e-014d8f3ffed2'
2026-02-10 18:53:23.224 INFO  [ main -> org.tasktide.itemstore.mutex.strategy.ElectionStrategy.evaluateLeaderTtl ]: Leader passed TTL check-in:	'/mnt/c/Users/Brendan Kenna/GitHub/TaskTide/tasktide/itemstore/ItemStore-Mutex/Queue/1770749596060.127-0-1-1_800436b2-b1ca-41cb-a393-6e5efddab540_a9f4e7df-6106-47a1-b33c-194a2e2c7d15.lock'
2026-02-10 18:53:23.226 INFO  [ main -> org.tasktide.itemstore.mutex.strategy.ElectionStrategy.waitUntilLeader ]: Resetting predecessor:	'31cdf384-541d-4cc9-8496-fce1088b0ae8'
2026-02-10 18:53:23.388 INFO  [ main -> org.tasktide.itemstore.mutex.strategy.ElectionStrategy.evaluateLeaderTtl ]: Leader passed TTL check-in:	'/mnt/c/Users/Brendan Kenna/GitHub/TaskTide/tasktide/itemstore/ItemStore-Mutex/Queue/1770749596060.127-0-1-1_800436b2-b1ca-41cb-a393-6e5efddab540_a9f4e7df-6106-47a1-b33c-194a2e2c7d15.lock'
2026-02-10 18:53:23.390 INFO  [ main -> org.tasktide.itemstore.mutex.strategy.ElectionStrategy.waitUntilLeader ]: Resetting predecessor:	'd968201b-93d2-4964-86c8-5a7a06e020b2'
2026-02-10 18:53:23.409 INFO  [ main -> org.tasktide.itemstore.mutex.orchestrator.MutexOrchestrator.performLock ]: File Channel Lock acquired for:	'170d974b-cb45-42b1-a7ec-de6ca0e1c23a'
2026-02-10 18:53:23.412 INFO  [ main -> org.tasktide.itemstore.mutex.orchestrator.MutexOrchestrator.performLock ]: Lock successful for:	'170d974b-cb45-42b1-a7ec-de6ca0e1c23a'
2026-02-10 18:53:23.414 INFO  [ main -> org.tasktide.itemstore.mutex.orchestrator.MutexOrchestrator.tryAcquireUntilSuccess ]: Process-1092 Completed with counter value:	'1'
2026-02-10 18:53:23.417 INFO  [ main -> org.tasktide.itemstore.mutex.orchestrator.MutexOrchestrator.tryAcquireUntilSuccess ]: Process-1092 Loop terminating with done = 'true', and counter = '1'
2026-02-10 18:53:23.436 INFO  [ main -> org.tasktide.itemstore.mutex.strategy.ElectionStrategy.evaluateLeaderTtl ]: Leader passed TTL check-in:	'/mnt/c/Users/Brendan Kenna/GitHub/TaskTide/tasktide/itemstore/ItemStore-Mutex/Queue/1770749596060.127-0-1-1_800436b2-b1ca-41cb-a393-6e5efddab540_a9f4e7df-6106-47a1-b33c-194a2e2c7d15.lock'
2026-02-10 18:53:23.436 INFO  [ main -> org.tasktide.itemstore.mutex.LockActionReleaseApp.main ]: APP-Writing '23' to data file:	'/mnt/c/Users/Brendan Kenna/GitHub/TaskTide/tasktide/itemstore/ItemStore-Mutex/multi-process.txt'
2026-02-10 18:53:23.438 INFO  [ main -> org.tasktide.itemstore.mutex.strategy.ElectionStrategy.waitUntilLeader ]: Resetting predecessor:	'f84a2ff0-75a1-4442-b74e-014d8f3ffed2'
2026-02-10 18:53:23.445 INFO  [ main -> org.tasktide.itemstore.mutex.LockActionReleaseApp.main ]: APP-Record written, releasing lock
2026-02-10 18:53:23.447 INFO  [ main -> org.tasktide.itemstore.mutex.orchestrator.MutexOrchestrator.releaseLock ]: Releasing active lock
2026-02-10 18:53:23.448 INFO  [ main -> org.tasktide.itemstore.mutex.orchestrator.MutexOrchestrator.releaseActiveLock ]: Releasing FileChannel mutex
2026-02-10 18:53:23.489 INFO  [ main -> org.tasktide.itemstore.mutex.strategy.ElectionStrategy.waitUntilLeader ]: Recasting ballot:	'31cdf384-541d-4cc9-8496-fce1088b0ae8'
2026-02-10 18:53:23.599 INFO  [ main -> org.tasktide.itemstore.mutex.strategy.ElectionStrategy.evaluateLeaderTtl ]: Leader passed TTL check-in:	'/mnt/c/Users/Brendan Kenna/GitHub/TaskTide/tasktide/itemstore/ItemStore-Mutex/Queue/1770749596060.127-0-1-1_800436b2-b1ca-41cb-a393-6e5efddab540_a9f4e7df-6106-47a1-b33c-194a2e2c7d15.lock'
2026-02-10 18:53:23.601 INFO  [ main -> org.tasktide.itemstore.mutex.strategy.ElectionStrategy.waitUntilLeader ]: Resetting predecessor:	'84139ab3-ec85-4a3d-8bf5-4114599bb2c2'
2026-02-10 18:53:23.681 INFO  [ main -> org.tasktide.itemstore.mutex.strategy.ElectionStrategy.evaluateLeaderTtl ]: Leader passed TTL check-in:	'/mnt/c/Users/Brendan Kenna/GitHub/TaskTide/tasktide/itemstore/ItemStore-Mutex/Queue/1770749596060.127-0-1-1_800436b2-b1ca-41cb-a393-6e5efddab540_a9f4e7df-6106-47a1-b33c-194a2e2c7d15.lock'
2026-02-10 18:53:23.682 INFO  [ main -> org.tasktide.itemstore.mutex.strategy.ElectionStrategy.waitUntilLeader ]: Resetting predecessor:	'f84a2ff0-75a1-4442-b74e-014d8f3ffed2'
2026-02-10 18:53:23.749 INFO  [ main -> org.tasktide.itemstore.mutex.orchestrator.MutexOrchestrator.releaseActiveLock ]: Releasing NFS mutex:
'{
    "Election File": "/mnt/c/Users/Brendan Kenna/GitHub/TaskTide/tasktide/itemstore/ItemStore-Mutex/Queue/1770749596060.127-0-1-1_800436b2-b1ca-41cb-a393-6e5efddab540_a9f4e7df-6106-47a1-b33c-194a2e2c7d15.lock",
    "End Jitter": "PT0.32S",
    "Host File": "/mnt/c/Users/Brendan Kenna/GitHub/TaskTide/tasktide/itemstore/ItemStore-Mutex/Host-Lock/1770749558256.127-0-1-1_800436b2-b1ca-41cb-a393-6e5efddab540.lock",
    "Id": "170d974b-cb45-42b1-a7ec-de6ca0e1c23a",
    "Lock Dir": "/mnt/c/Users/Brendan Kenna/GitHub/TaskTide/tasktide/itemstore/ItemStore-Mutex",
    "Lock File": "/mnt/c/Users/Brendan Kenna/GitHub/TaskTide/tasktide/itemstore/ItemStore-Mutex/lock-file.lock",
    "Mutex State": "LOCKED",
    "Retry Interval": "PT0.169S",
    "Stale File Threshold": "PT10S",
    "Start Jitter": "PT0.219S",
    "Timestamp": 1770749596060
}'
2026-02-10 18:53:23.775 INFO  [ main -> org.tasktide.itemstore.mutex.LockActionReleaseApp.main ]: APP-Lock released, test complete
2026-02-10 18:53:23.776 INFO  [ main -> org.tasktide.itemstore.mutex.strategy.ElectionStrategy.waitUntilLeader ]: Recasting ballot:	'84139ab3-ec85-4a3d-8bf5-4114599bb2c2'
2026-02-10 18:53:23.787 INFO  [ main -> org.tasktide.itemstore.mutex.strategy.ElectionStrategy.waitUntilLeader ]: Leadership acquired:	'd968201b-93d2-4964-86c8-5a7a06e020b2'
2026-02-10 18:53:23.789 INFO  [ main -> org.tasktide.itemstore.mutex.strategy.ElectionStrategy.waitUntilLeader ]: Verifying leadership:	'd968201b-93d2-4964-86c8-5a7a06e020b2'
2026-02-10 18:53:23.864 INFO  [ main -> org.tasktide.itemstore.mutex.strategy.ElectionStrategy.evaluateLeaderTtl ]: Leader passed TTL check-in:	'/mnt/c/Users/Brendan Kenna/GitHub/TaskTide/tasktide/itemstore/ItemStore-Mutex/Queue/1770749598591.127-0-1-1_c3c67d8b-9c76-45f3-ba75-d4d621129dd2_d968201b-93d2-4964-86c8-5a7a06e020b2.lock'
2026-02-10 18:53:23.867 INFO  [ main -> org.tasktide.itemstore.mutex.strategy.ElectionStrategy.waitUntilLeader ]: Resetting predecessor:	'f255fe3b-128a-4f3a-b02e-0d9de0ef33d1'
2026-02-10 18:53:23.898 INFO  [ main -> org.tasktide.itemstore.mutex.strategy.ElectionStrategy.evaluateLeaderTtl ]: Leader passed TTL check-in:	'/mnt/c/Users/Brendan Kenna/GitHub/TaskTide/tasktide/itemstore/ItemStore-Mutex/Queue/1770749598591.127-0-1-1_c3c67d8b-9c76-45f3-ba75-d4d621129dd2_d968201b-93d2-4964-86c8-5a7a06e020b2.lock'
2026-02-10 18:53:23.899 INFO  [ main -> org.tasktide.itemstore.mutex.strategy.ElectionStrategy.waitUntilLeader ]: Resetting predecessor:	'f84a2ff0-75a1-4442-b74e-014d8f3ffed2'
2026-02-10 18:53:24.059 INFO  [ main -> org.tasktide.itemstore.mutex.strategy.ElectionStrategy.evaluateLeaderTtl ]: Leader passed TTL check-in:	'/mnt/c/Users/Brendan Kenna/GitHub/TaskTide/tasktide/itemstore/ItemStore-Mutex/Queue/1770749598591.127-0-1-1_c3c67d8b-9c76-45f3-ba75-d4d621129dd2_d968201b-93d2-4964-86c8-5a7a06e020b2.lock'
2026-02-10 18:53:24.060 INFO  [ main -> org.tasktide.itemstore.mutex.strategy.ElectionStrategy.waitUntilLeader ]: Resetting predecessor:	'31cdf384-541d-4cc9-8496-fce1088b0ae8'
2026-02-10 18:53:24.087 INFO  [ main -> org.tasktide.itemstore.mutex.strategy.ElectionStrategy.evaluateLeaderTtl ]: Leader passed TTL check-in:	'/mnt/c/Users/Brendan Kenna/GitHub/TaskTide/tasktide/itemstore/ItemStore-Mutex/Queue/1770749598591.127-0-1-1_c3c67d8b-9c76-45f3-ba75-d4d621129dd2_d968201b-93d2-4964-86c8-5a7a06e020b2.lock'
2026-02-10 18:53:24.089 INFO  [ main -> org.tasktide.itemstore.mutex.strategy.ElectionStrategy.waitUntilLeader ]: Resetting predecessor:	'f255fe3b-128a-4f3a-b02e-0d9de0ef33d1'
2026-02-10 18:53:24.189 INFO  [ main -> org.tasktide.itemstore.mutex.strategy.ElectionStrategy.waitUntilLeader ]: Leadership verified:	'd968201b-93d2-4964-86c8-5a7a06e020b2'
2026-02-10 18:53:24.190 DEBUG [ main -> org.tasktide.itemstore.mutex.strategy.ElectionStrategy.apply ]: Active leader with Id:	'd968201b-93d2-4964-86c8-5a7a06e020b2'
2026-02-10 18:53:24.192 DEBUG [ main -> org.tasktide.itemstore.mutex.strategy.ElectionStrategy.apply ]: State set, writing mutex for:	'd968201b-93d2-4964-86c8-5a7a06e020b2'
2026-02-10 18:53:24.214 WARN  [ main -> org.tasktide.itemstore.mutex.strategy.ElectionStrategy.evaluateLeaderTtl ]: Error verifiying leader TTL:	'/mnt/c/Users/Brendan Kenna/GitHub/TaskTide/tasktide/itemstore/ItemStore-Mutex/Queue/1770749598591.127-0-1-1_c3c67d8b-9c76-45f3-ba75-d4d621129dd2_d968201b-93d2-4964-86c8-5a7a06e020b2.lock'
'java.util.NoSuchElementException: No value present'
2026-02-10 18:53:24.271 INFO  [ main -> org.tasktide.itemstore.mutex.strategy.ElectionStrategy.evaluateLeaderTtl ]: Leader passed TTL check-in:	'/mnt/c/Users/Brendan Kenna/GitHub/TaskTide/tasktide/itemstore/ItemStore-Mutex/Queue/1770749600988.127-0-1-1_a01a59fe-62f8-445e-ae31-76f4c296d4ed_e34b6f3f-ba97-411f-a43f-5bae41a5ed9a.lock'
2026-02-10 18:53:24.275 INFO  [ main -> org.tasktide.itemstore.mutex.strategy.ElectionStrategy.waitUntilLeader ]: Resetting predecessor:	'84139ab3-ec85-4a3d-8bf5-4114599bb2c2'
2026-02-10 18:53:24.278 INFO  [ main -> org.tasktide.itemstore.mutex.strategy.ElectionStrategy.evaluateLeaderTtl ]: Leader passed TTL check-in:	'/mnt/c/Users/Brendan Kenna/GitHub/TaskTide/tasktide/itemstore/ItemStore-Mutex/Queue/1770749600988.127-0-1-1_a01a59fe-62f8-445e-ae31-76f4c296d4ed_e34b6f3f-ba97-411f-a43f-5bae41a5ed9a.lock'
2026-02-10 18:53:24.281 INFO  [ main -> org.tasktide.itemstore.mutex.strategy.ElectionStrategy.waitUntilLeader ]: Resetting predecessor:	'f255fe3b-128a-4f3a-b02e-0d9de0ef33d1'
2026-02-10 18:53:24.304 DEBUG [ main -> org.tasktide.itemstore.mutex.strategy.ElectionStrategy.apply ]: Mutex written for:	'd968201b-93d2-4964-86c8-5a7a06e020b2'
2026-02-10 18:53:24.364 INFO  [ main -> org.tasktide.itemstore.mutex.strategy.ElectionStrategy.evaluateLeaderTtl ]: Leader passed TTL check-in:	'/mnt/c/Users/Brendan Kenna/GitHub/TaskTide/tasktide/itemstore/ItemStore-Mutex/Queue/1770749598591.127-0-1-1_c3c67d8b-9c76-45f3-ba75-d4d621129dd2_d968201b-93d2-4964-86c8-5a7a06e020b2.lock'
2026-02-10 18:53:24.368 INFO  [ main -> org.tasktide.itemstore.mutex.strategy.ElectionStrategy.waitUntilLeader ]: Resetting predecessor:	'31cdf384-541d-4cc9-8496-fce1088b0ae8'
2026-02-10 18:53:24.383 INFO  [ main -> org.tasktide.itemstore.mutex.orchestrator.MutexOrchestrator.performLock ]: NFS Lock acquired for:	'd968201b-93d2-4964-86c8-5a7a06e020b2'
2026-02-10 18:53:24.384 INFO  [ main -> org.tasktide.itemstore.mutex.orchestrator.MutexOrchestrator.performLock ]: Confirming leadership:	'd968201b-93d2-4964-86c8-5a7a06e020b2'
2026-02-10 18:53:24.465 INFO  [ main -> org.tasktide.itemstore.mutex.strategy.ElectionStrategy.evaluateLeaderTtl ]: Leader passed TTL check-in:	'/mnt/c/Users/Brendan Kenna/GitHub/TaskTide/tasktide/itemstore/ItemStore-Mutex/Queue/1770749598591.127-0-1-1_c3c67d8b-9c76-45f3-ba75-d4d621129dd2_d968201b-93d2-4964-86c8-5a7a06e020b2.lock'
2026-02-10 18:53:24.466 INFO  [ main -> org.tasktide.itemstore.mutex.strategy.ElectionStrategy.waitUntilLeader ]: Resetting predecessor:	'f255fe3b-128a-4f3a-b02e-0d9de0ef33d1'
2026-02-10 18:53:24.491 INFO  [ main -> org.tasktide.itemstore.mutex.strategy.ElectionStrategy.evaluateLeaderTtl ]: Leader passed TTL check-in:	'/mnt/c/Users/Brendan Kenna/GitHub/TaskTide/tasktide/itemstore/ItemStore-Mutex/Queue/1770749598591.127-0-1-1_c3c67d8b-9c76-45f3-ba75-d4d621129dd2_d968201b-93d2-4964-86c8-5a7a06e020b2.lock'
2026-02-10 18:53:24.492 INFO  [ main -> org.tasktide.itemstore.mutex.strategy.ElectionStrategy.waitUntilLeader ]: Resetting predecessor:	'f84a2ff0-75a1-4442-b74e-014d8f3ffed2'
2026-02-10 18:53:24.594 INFO  [ main -> org.tasktide.itemstore.mutex.strategy.ElectionStrategy.evaluateLeaderTtl ]: Leader passed TTL check-in:	'/mnt/c/Users/Brendan Kenna/GitHub/TaskTide/tasktide/itemstore/ItemStore-Mutex/Queue/1770749598591.127-0-1-1_c3c67d8b-9c76-45f3-ba75-d4d621129dd2_d968201b-93d2-4964-86c8-5a7a06e020b2.lock'
2026-02-10 18:53:24.595 INFO  [ main -> org.tasktide.itemstore.mutex.strategy.ElectionStrategy.waitUntilLeader ]: Resetting predecessor:	'31cdf384-541d-4cc9-8496-fce1088b0ae8'
2026-02-10 18:53:24.605 INFO  [ main -> org.tasktide.itemstore.mutex.strategy.ElectionStrategy.evaluateLeaderTtl ]: Leader passed TTL check-in:	'/mnt/c/Users/Brendan Kenna/GitHub/TaskTide/tasktide/itemstore/ItemStore-Mutex/Queue/1770749598591.127-0-1-1_c3c67d8b-9c76-45f3-ba75-d4d621129dd2_d968201b-93d2-4964-86c8-5a7a06e020b2.lock'
2026-02-10 18:53:24.606 INFO  [ main -> org.tasktide.itemstore.mutex.strategy.ElectionStrategy.waitUntilLeader ]: Resetting predecessor:	'f255fe3b-128a-4f3a-b02e-0d9de0ef33d1'
2026-02-10 18:53:24.662 INFO  [ main -> org.tasktide.itemstore.mutex.strategy.ElectionStrategy.evaluateLeaderTtl ]: Leader passed TTL check-in:	'/mnt/c/Users/Brendan Kenna/GitHub/TaskTide/tasktide/itemstore/ItemStore-Mutex/Queue/1770749598591.127-0-1-1_c3c67d8b-9c76-45f3-ba75-d4d621129dd2_d968201b-93d2-4964-86c8-5a7a06e020b2.lock'
2026-02-10 18:53:24.664 INFO  [ main -> org.tasktide.itemstore.mutex.strategy.ElectionStrategy.waitUntilLeader ]: Resetting predecessor:	'f84a2ff0-75a1-4442-b74e-014d8f3ffed2'
2026-02-10 18:53:24.769 INFO  [ main -> org.tasktide.itemstore.mutex.strategy.ElectionStrategy.evaluateLeaderTtl ]: Leader passed TTL check-in:	'/mnt/c/Users/Brendan Kenna/GitHub/TaskTide/tasktide/itemstore/ItemStore-Mutex/Queue/1770749598591.127-0-1-1_c3c67d8b-9c76-45f3-ba75-d4d621129dd2_d968201b-93d2-4964-86c8-5a7a06e020b2.lock'
2026-02-10 18:53:24.770 INFO  [ main -> org.tasktide.itemstore.mutex.strategy.ElectionStrategy.waitUntilLeader ]: Resetting predecessor:	'f255fe3b-128a-4f3a-b02e-0d9de0ef33d1'
2026-02-10 18:53:24.838 INFO  [ main -> org.tasktide.itemstore.mutex.strategy.ElectionStrategy.evaluateLeaderTtl ]: Leader passed TTL check-in:	'/mnt/c/Users/Brendan Kenna/GitHub/TaskTide/tasktide/itemstore/ItemStore-Mutex/Queue/1770749598591.127-0-1-1_c3c67d8b-9c76-45f3-ba75-d4d621129dd2_d968201b-93d2-4964-86c8-5a7a06e020b2.lock'
2026-02-10 18:53:24.839 INFO  [ main -> org.tasktide.itemstore.mutex.strategy.ElectionStrategy.waitUntilLeader ]: Resetting predecessor:	'31cdf384-541d-4cc9-8496-fce1088b0ae8'
2026-02-10 18:53:24.942 INFO  [ main -> org.tasktide.itemstore.mutex.strategy.ElectionStrategy.waitUntilLeader ]: Recasting ballot:	'f255fe3b-128a-4f3a-b02e-0d9de0ef33d1'
2026-02-10 18:53:24.945 INFO  [ main -> org.tasktide.itemstore.mutex.strategy.ElectionStrategy.waitUntilLeader ]: Recasting ballot:	'f84a2ff0-75a1-4442-b74e-014d8f3ffed2'
2026-02-10 18:53:25.026 INFO  [ main -> org.tasktide.itemstore.mutex.strategy.ElectionStrategy.evaluateLeaderTtl ]: Leader passed TTL check-in:	'/mnt/c/Users/Brendan Kenna/GitHub/TaskTide/tasktide/itemstore/ItemStore-Mutex/Queue/1770749598591.127-0-1-1_c3c67d8b-9c76-45f3-ba75-d4d621129dd2_d968201b-93d2-4964-86c8-5a7a06e020b2.lock'
2026-02-10 18:53:25.028 INFO  [ main -> org.tasktide.itemstore.mutex.strategy.ElectionStrategy.waitUntilLeader ]: Resetting predecessor:	'84139ab3-ec85-4a3d-8bf5-4114599bb2c2'
2026-02-10 18:53:25.116 INFO  [ main -> org.tasktide.itemstore.mutex.strategy.ElectionStrategy.evaluateLeaderTtl ]: Leader passed TTL check-in:	'/mnt/c/Users/Brendan Kenna/GitHub/TaskTide/tasktide/itemstore/ItemStore-Mutex/Queue/1770749598591.127-0-1-1_c3c67d8b-9c76-45f3-ba75-d4d621129dd2_d968201b-93d2-4964-86c8-5a7a06e020b2.lock'
2026-02-10 18:53:25.117 INFO  [ main -> org.tasktide.itemstore.mutex.strategy.ElectionStrategy.waitUntilLeader ]: Resetting predecessor:	'31cdf384-541d-4cc9-8496-fce1088b0ae8'
2026-02-10 18:53:25.157 INFO  [ main -> org.tasktide.itemstore.mutex.strategy.ElectionStrategy.evaluateLeaderTtl ]: Leader passed TTL check-in:	'/mnt/c/Users/Brendan Kenna/GitHub/TaskTide/tasktide/itemstore/ItemStore-Mutex/Queue/1770749598591.127-0-1-1_c3c67d8b-9c76-45f3-ba75-d4d621129dd2_d968201b-93d2-4964-86c8-5a7a06e020b2.lock'
2026-02-10 18:53:25.159 INFO  [ main -> org.tasktide.itemstore.mutex.strategy.ElectionStrategy.waitUntilLeader ]: Resetting predecessor:	'f255fe3b-128a-4f3a-b02e-0d9de0ef33d1'
2026-02-10 18:53:25.209 INFO  [ main -> org.tasktide.itemstore.mutex.strategy.ElectionStrategy.evaluateLeaderTtl ]: Leader passed TTL check-in:	'/mnt/c/Users/Brendan Kenna/GitHub/TaskTide/tasktide/itemstore/ItemStore-Mutex/Queue/1770749598591.127-0-1-1_c3c67d8b-9c76-45f3-ba75-d4d621129dd2_d968201b-93d2-4964-86c8-5a7a06e020b2.lock'
2026-02-10 18:53:25.212 INFO  [ main -> org.tasktide.itemstore.mutex.strategy.ElectionStrategy.waitUntilLeader ]: Resetting predecessor:	'84139ab3-ec85-4a3d-8bf5-4114599bb2c2'
2026-02-10 18:53:25.297 INFO  [ main -> org.tasktide.itemstore.mutex.orchestrator.MutexOrchestrator.confirmLeader ]: Leadership confirmed:	'd968201b-93d2-4964-86c8-5a7a06e020b2'
2026-02-10 18:53:25.301 INFO  [ main -> org.tasktide.itemstore.mutex.orchestrator.MutexOrchestrator.performLock ]: Leadership confirmed:	'd968201b-93d2-4964-86c8-5a7a06e020b2'
2026-02-10 18:53:25.305 INFO  [ main -> org.tasktide.itemstore.mutex.orchestrator.MutexOrchestrator.performLock ]: Waiting for FileChannel lock for:	'd968201b-93d2-4964-86c8-5a7a06e020b2'
2026-02-10 18:53:25.375 INFO  [ main -> org.tasktide.itemstore.mutex.strategy.ElectionStrategy.evaluateLeaderTtl ]: Leader passed TTL check-in:	'/mnt/c/Users/Brendan Kenna/GitHub/TaskTide/tasktide/itemstore/ItemStore-Mutex/Queue/1770749598591.127-0-1-1_c3c67d8b-9c76-45f3-ba75-d4d621129dd2_d968201b-93d2-4964-86c8-5a7a06e020b2.lock'
2026-02-10 18:53:25.376 INFO  [ main -> org.tasktide.itemstore.mutex.strategy.ElectionStrategy.waitUntilLeader ]: Resetting predecessor:	'f255fe3b-128a-4f3a-b02e-0d9de0ef33d1'
2026-02-10 18:53:25.384 INFO  [ main -> org.tasktide.itemstore.mutex.strategy.ElectionStrategy.evaluateLeaderTtl ]: Leader passed TTL check-in:	'/mnt/c/Users/Brendan Kenna/GitHub/TaskTide/tasktide/itemstore/ItemStore-Mutex/Queue/1770749598591.127-0-1-1_c3c67d8b-9c76-45f3-ba75-d4d621129dd2_d968201b-93d2-4964-86c8-5a7a06e020b2.lock'
2026-02-10 18:53:25.384 INFO  [ main -> org.tasktide.itemstore.mutex.strategy.ElectionStrategy.waitUntilLeader ]: Resetting predecessor:	'31cdf384-541d-4cc9-8496-fce1088b0ae8'
2026-02-10 18:53:25.405 INFO  [ main -> org.tasktide.itemstore.mutex.strategy.ElectionStrategy.evaluateLeaderTtl ]: Leader passed TTL check-in:	'/mnt/c/Users/Brendan Kenna/GitHub/TaskTide/tasktide/itemstore/ItemStore-Mutex/Queue/1770749598591.127-0-1-1_c3c67d8b-9c76-45f3-ba75-d4d621129dd2_d968201b-93d2-4964-86c8-5a7a06e020b2.lock'
2026-02-10 18:53:25.406 INFO  [ main -> org.tasktide.itemstore.mutex.strategy.ElectionStrategy.waitUntilLeader ]: Resetting predecessor:	'84139ab3-ec85-4a3d-8bf5-4114599bb2c2'
2026-02-10 18:53:25.605 INFO  [ main -> org.tasktide.itemstore.mutex.strategy.ElectionStrategy.evaluateLeaderTtl ]: Leader passed TTL check-in:	'/mnt/c/Users/Brendan Kenna/GitHub/TaskTide/tasktide/itemstore/ItemStore-Mutex/Queue/1770749598591.127-0-1-1_c3c67d8b-9c76-45f3-ba75-d4d621129dd2_d968201b-93d2-4964-86c8-5a7a06e020b2.lock'
2026-02-10 18:53:25.606 INFO  [ main -> org.tasktide.itemstore.mutex.strategy.ElectionStrategy.waitUntilLeader ]: Resetting predecessor:	'f255fe3b-128a-4f3a-b02e-0d9de0ef33d1'
2026-02-10 18:53:25.607 INFO  [ main -> org.tasktide.itemstore.mutex.strategy.ElectionStrategy.evaluateLeaderTtl ]: Leader passed TTL check-in:	'/mnt/c/Users/Brendan Kenna/GitHub/TaskTide/tasktide/itemstore/ItemStore-Mutex/Queue/1770749598591.127-0-1-1_c3c67d8b-9c76-45f3-ba75-d4d621129dd2_d968201b-93d2-4964-86c8-5a7a06e020b2.lock'
2026-02-10 18:53:25.608 INFO  [ main -> org.tasktide.itemstore.mutex.strategy.ElectionStrategy.waitUntilLeader ]: Resetting predecessor:	'84139ab3-ec85-4a3d-8bf5-4114599bb2c2'
2026-02-10 18:53:25.655 INFO  [ main -> org.tasktide.itemstore.mutex.strategy.ElectionStrategy.evaluateLeaderTtl ]: Leader passed TTL check-in:	'/mnt/c/Users/Brendan Kenna/GitHub/TaskTide/tasktide/itemstore/ItemStore-Mutex/Queue/1770749598591.127-0-1-1_c3c67d8b-9c76-45f3-ba75-d4d621129dd2_d968201b-93d2-4964-86c8-5a7a06e020b2.lock'
2026-02-10 18:53:25.656 INFO  [ main -> org.tasktide.itemstore.mutex.strategy.ElectionStrategy.waitUntilLeader ]: Resetting predecessor:	'31cdf384-541d-4cc9-8496-fce1088b0ae8'
2026-02-10 18:53:25.738 INFO  [ main -> org.tasktide.itemstore.mutex.strategy.ElectionStrategy.evaluateLeaderTtl ]: Leader passed TTL check-in:	'/mnt/c/Users/Brendan Kenna/GitHub/TaskTide/tasktide/itemstore/ItemStore-Mutex/Queue/1770749598591.127-0-1-1_c3c67d8b-9c76-45f3-ba75-d4d621129dd2_d968201b-93d2-4964-86c8-5a7a06e020b2.lock'
2026-02-10 18:53:25.740 INFO  [ main -> org.tasktide.itemstore.mutex.strategy.ElectionStrategy.waitUntilLeader ]: Resetting predecessor:	'f255fe3b-128a-4f3a-b02e-0d9de0ef33d1'
2026-02-10 18:53:25.788 INFO  [ main -> org.tasktide.itemstore.mutex.strategy.ElectionStrategy.evaluateLeaderTtl ]: Leader passed TTL check-in:	'/mnt/c/Users/Brendan Kenna/GitHub/TaskTide/tasktide/itemstore/ItemStore-Mutex/Queue/1770749598591.127-0-1-1_c3c67d8b-9c76-45f3-ba75-d4d621129dd2_d968201b-93d2-4964-86c8-5a7a06e020b2.lock'
2026-02-10 18:53:25.789 INFO  [ main -> org.tasktide.itemstore.mutex.strategy.ElectionStrategy.waitUntilLeader ]: Resetting predecessor:	'84139ab3-ec85-4a3d-8bf5-4114599bb2c2'
2026-02-10 18:53:25.919 INFO  [ main -> org.tasktide.itemstore.mutex.strategy.ElectionStrategy.evaluateLeaderTtl ]: Leader passed TTL check-in:	'/mnt/c/Users/Brendan Kenna/GitHub/TaskTide/tasktide/itemstore/ItemStore-Mutex/Queue/1770749598591.127-0-1-1_c3c67d8b-9c76-45f3-ba75-d4d621129dd2_d968201b-93d2-4964-86c8-5a7a06e020b2.lock'
2026-02-10 18:53:25.921 INFO  [ main -> org.tasktide.itemstore.mutex.strategy.ElectionStrategy.waitUntilLeader ]: Resetting predecessor:	'31cdf384-541d-4cc9-8496-fce1088b0ae8'
2026-02-10 18:53:25.946 INFO  [ main -> org.tasktide.itemstore.mutex.strategy.ElectionStrategy.evaluateLeaderTtl ]: Leader passed TTL check-in:	'/mnt/c/Users/Brendan Kenna/GitHub/TaskTide/tasktide/itemstore/ItemStore-Mutex/Queue/1770749598591.127-0-1-1_c3c67d8b-9c76-45f3-ba75-d4d621129dd2_d968201b-93d2-4964-86c8-5a7a06e020b2.lock'
2026-02-10 18:53:25.950 INFO  [ main -> org.tasktide.itemstore.mutex.strategy.ElectionStrategy.waitUntilLeader ]: Resetting predecessor:	'f255fe3b-128a-4f3a-b02e-0d9de0ef33d1'
2026-02-10 18:53:25.972 INFO  [ main -> org.tasktide.itemstore.mutex.strategy.ElectionStrategy.evaluateLeaderTtl ]: Leader passed TTL check-in:	'/mnt/c/Users/Brendan Kenna/GitHub/TaskTide/tasktide/itemstore/ItemStore-Mutex/Queue/1770749598591.127-0-1-1_c3c67d8b-9c76-45f3-ba75-d4d621129dd2_d968201b-93d2-4964-86c8-5a7a06e020b2.lock'
2026-02-10 18:53:25.973 INFO  [ main -> org.tasktide.itemstore.mutex.strategy.ElectionStrategy.waitUntilLeader ]: Resetting predecessor:	'84139ab3-ec85-4a3d-8bf5-4114599bb2c2'
2026-02-10 18:53:26.098 INFO  [ main -> org.tasktide.itemstore.mutex.strategy.ElectionStrategy.evaluateLeaderTtl ]: Leader passed TTL check-in:	'/mnt/c/Users/Brendan Kenna/GitHub/TaskTide/tasktide/itemstore/ItemStore-Mutex/Queue/1770749598591.127-0-1-1_c3c67d8b-9c76-45f3-ba75-d4d621129dd2_d968201b-93d2-4964-86c8-5a7a06e020b2.lock'
2026-02-10 18:53:26.099 INFO  [ main -> org.tasktide.itemstore.mutex.strategy.ElectionStrategy.waitUntilLeader ]: Resetting predecessor:	'f255fe3b-128a-4f3a-b02e-0d9de0ef33d1'
2026-02-10 18:53:26.147 INFO  [ main -> org.tasktide.itemstore.mutex.strategy.ElectionStrategy.evaluateLeaderTtl ]: Leader passed TTL check-in:	'/mnt/c/Users/Brendan Kenna/GitHub/TaskTide/tasktide/itemstore/ItemStore-Mutex/Queue/1770749598591.127-0-1-1_c3c67d8b-9c76-45f3-ba75-d4d621129dd2_d968201b-93d2-4964-86c8-5a7a06e020b2.lock'
2026-02-10 18:53:26.148 INFO  [ main -> org.tasktide.itemstore.mutex.strategy.ElectionStrategy.waitUntilLeader ]: Resetting predecessor:	'84139ab3-ec85-4a3d-8bf5-4114599bb2c2'
2026-02-10 18:53:26.217 INFO  [ main -> org.tasktide.itemstore.mutex.strategy.ElectionStrategy.evaluateLeaderTtl ]: Leader passed TTL check-in:	'/mnt/c/Users/Brendan Kenna/GitHub/TaskTide/tasktide/itemstore/ItemStore-Mutex/Queue/1770749598591.127-0-1-1_c3c67d8b-9c76-45f3-ba75-d4d621129dd2_d968201b-93d2-4964-86c8-5a7a06e020b2.lock'
2026-02-10 18:53:26.219 INFO  [ main -> org.tasktide.itemstore.mutex.strategy.ElectionStrategy.waitUntilLeader ]: Resetting predecessor:	'31cdf384-541d-4cc9-8496-fce1088b0ae8'
2026-02-10 18:53:26.290 INFO  [ main -> org.tasktide.itemstore.mutex.strategy.ElectionStrategy.evaluateLeaderTtl ]: Leader passed TTL check-in:	'/mnt/c/Users/Brendan Kenna/GitHub/TaskTide/tasktide/itemstore/ItemStore-Mutex/Queue/1770749598591.127-0-1-1_c3c67d8b-9c76-45f3-ba75-d4d621129dd2_d968201b-93d2-4964-86c8-5a7a06e020b2.lock'
2026-02-10 18:53:26.291 INFO  [ main -> org.tasktide.itemstore.mutex.strategy.ElectionStrategy.waitUntilLeader ]: Resetting predecessor:	'f255fe3b-128a-4f3a-b02e-0d9de0ef33d1'
2026-02-10 18:53:26.321 INFO  [ main -> org.tasktide.itemstore.mutex.strategy.ElectionStrategy.evaluateLeaderTtl ]: Leader passed TTL check-in:	'/mnt/c/Users/Brendan Kenna/GitHub/TaskTide/tasktide/itemstore/ItemStore-Mutex/Queue/1770749598591.127-0-1-1_c3c67d8b-9c76-45f3-ba75-d4d621129dd2_d968201b-93d2-4964-86c8-5a7a06e020b2.lock'
2026-02-10 18:53:26.322 INFO  [ main -> org.tasktide.itemstore.mutex.strategy.ElectionStrategy.waitUntilLeader ]: Resetting predecessor:	'84139ab3-ec85-4a3d-8bf5-4114599bb2c2'
2026-02-10 18:53:26.392 INFO  [ main -> org.tasktide.itemstore.mutex.orchestrator.MutexOrchestrator.performLock ]: File Channel Lock acquired for:	'd968201b-93d2-4964-86c8-5a7a06e020b2'
2026-02-10 18:53:26.394 INFO  [ main -> org.tasktide.itemstore.mutex.orchestrator.MutexOrchestrator.performLock ]: Lock successful for:	'd968201b-93d2-4964-86c8-5a7a06e020b2'
2026-02-10 18:53:26.395 INFO  [ main -> org.tasktide.itemstore.mutex.orchestrator.MutexOrchestrator.tryAcquireUntilSuccess ]: Process-1195 Completed with counter value:	'2'
2026-02-10 18:53:26.397 INFO  [ main -> org.tasktide.itemstore.mutex.orchestrator.MutexOrchestrator.tryAcquireUntilSuccess ]: Process-1195 Loop terminating with done = 'true', and counter = '2'
2026-02-10 18:53:26.408 INFO  [ main -> org.tasktide.itemstore.mutex.LockActionReleaseApp.main ]: APP-Writing '24' to data file:	'/mnt/c/Users/Brendan Kenna/GitHub/TaskTide/tasktide/itemstore/ItemStore-Mutex/multi-process.txt'
2026-02-10 18:53:26.416 INFO  [ main -> org.tasktide.itemstore.mutex.LockActionReleaseApp.main ]: APP-Record written, releasing lock
2026-02-10 18:53:26.418 INFO  [ main -> org.tasktide.itemstore.mutex.orchestrator.MutexOrchestrator.releaseLock ]: Releasing active lock
2026-02-10 18:53:26.419 INFO  [ main -> org.tasktide.itemstore.mutex.orchestrator.MutexOrchestrator.releaseActiveLock ]: Releasing FileChannel mutex
2026-02-10 18:53:26.431 INFO  [ main -> org.tasktide.itemstore.mutex.strategy.ElectionStrategy.evaluateLeaderTtl ]: Leader passed TTL check-in:	'/mnt/c/Users/Brendan Kenna/GitHub/TaskTide/tasktide/itemstore/ItemStore-Mutex/Queue/1770749598591.127-0-1-1_c3c67d8b-9c76-45f3-ba75-d4d621129dd2_d968201b-93d2-4964-86c8-5a7a06e020b2.lock'
2026-02-10 18:53:26.433 INFO  [ main -> org.tasktide.itemstore.mutex.strategy.ElectionStrategy.waitUntilLeader ]: Resetting predecessor:	'31cdf384-541d-4cc9-8496-fce1088b0ae8'
2026-02-10 18:53:26.447 INFO  [ main -> org.tasktide.itemstore.mutex.strategy.ElectionStrategy.evaluateLeaderTtl ]: Leader passed TTL check-in:	'/mnt/c/Users/Brendan Kenna/GitHub/TaskTide/tasktide/itemstore/ItemStore-Mutex/Queue/1770749598591.127-0-1-1_c3c67d8b-9c76-45f3-ba75-d4d621129dd2_d968201b-93d2-4964-86c8-5a7a06e020b2.lock'
2026-02-10 18:53:26.448 INFO  [ main -> org.tasktide.itemstore.mutex.strategy.ElectionStrategy.waitUntilLeader ]: Resetting predecessor:	'f255fe3b-128a-4f3a-b02e-0d9de0ef33d1'
2026-02-10 18:53:26.514 INFO  [ main -> org.tasktide.itemstore.mutex.strategy.ElectionStrategy.evaluateLeaderTtl ]: Leader passed TTL check-in:	'/mnt/c/Users/Brendan Kenna/GitHub/TaskTide/tasktide/itemstore/ItemStore-Mutex/Queue/1770749598591.127-0-1-1_c3c67d8b-9c76-45f3-ba75-d4d621129dd2_d968201b-93d2-4964-86c8-5a7a06e020b2.lock'
2026-02-10 18:53:26.518 INFO  [ main -> org.tasktide.itemstore.mutex.strategy.ElectionStrategy.waitUntilLeader ]: Resetting predecessor:	'84139ab3-ec85-4a3d-8bf5-4114599bb2c2'
2026-02-10 18:53:26.587 INFO  [ main -> org.tasktide.itemstore.mutex.strategy.ElectionStrategy.evaluateLeaderTtl ]: Leader passed TTL check-in:	'/mnt/c/Users/Brendan Kenna/GitHub/TaskTide/tasktide/itemstore/ItemStore-Mutex/Queue/1770749598591.127-0-1-1_c3c67d8b-9c76-45f3-ba75-d4d621129dd2_d968201b-93d2-4964-86c8-5a7a06e020b2.lock'
2026-02-10 18:53:26.589 INFO  [ main -> org.tasktide.itemstore.mutex.strategy.ElectionStrategy.waitUntilLeader ]: Resetting predecessor:	'f255fe3b-128a-4f3a-b02e-0d9de0ef33d1'
2026-02-10 18:53:26.705 INFO  [ main -> org.tasktide.itemstore.mutex.strategy.ElectionStrategy.evaluateLeaderTtl ]: Leader passed TTL check-in:	'/mnt/c/Users/Brendan Kenna/GitHub/TaskTide/tasktide/itemstore/ItemStore-Mutex/Queue/1770749598591.127-0-1-1_c3c67d8b-9c76-45f3-ba75-d4d621129dd2_d968201b-93d2-4964-86c8-5a7a06e020b2.lock'
2026-02-10 18:53:26.707 INFO  [ main -> org.tasktide.itemstore.mutex.strategy.ElectionStrategy.waitUntilLeader ]: Resetting predecessor:	'31cdf384-541d-4cc9-8496-fce1088b0ae8'
2026-02-10 18:53:26.713 INFO  [ main -> org.tasktide.itemstore.mutex.strategy.ElectionStrategy.evaluateLeaderTtl ]: Leader passed TTL check-in:	'/mnt/c/Users/Brendan Kenna/GitHub/TaskTide/tasktide/itemstore/ItemStore-Mutex/Queue/1770749598591.127-0-1-1_c3c67d8b-9c76-45f3-ba75-d4d621129dd2_d968201b-93d2-4964-86c8-5a7a06e020b2.lock'
2026-02-10 18:53:26.715 INFO  [ main -> org.tasktide.itemstore.mutex.strategy.ElectionStrategy.waitUntilLeader ]: Resetting predecessor:	'84139ab3-ec85-4a3d-8bf5-4114599bb2c2'
2026-02-10 18:53:26.772 INFO  [ main -> org.tasktide.itemstore.mutex.strategy.ElectionStrategy.evaluateLeaderTtl ]: Leader passed TTL check-in:	'/mnt/c/Users/Brendan Kenna/GitHub/TaskTide/tasktide/itemstore/ItemStore-Mutex/Queue/1770749598591.127-0-1-1_c3c67d8b-9c76-45f3-ba75-d4d621129dd2_d968201b-93d2-4964-86c8-5a7a06e020b2.lock'
2026-02-10 18:53:26.774 INFO  [ main -> org.tasktide.itemstore.mutex.strategy.ElectionStrategy.waitUntilLeader ]: Resetting predecessor:	'f255fe3b-128a-4f3a-b02e-0d9de0ef33d1'
2026-02-10 18:53:26.827 INFO  [ main -> org.tasktide.itemstore.mutex.orchestrator.MutexOrchestrator.releaseActiveLock ]: Releasing NFS mutex:
'{
    "Election File": "/mnt/c/Users/Brendan Kenna/GitHub/TaskTide/tasktide/itemstore/ItemStore-Mutex/Queue/1770749598591.127-0-1-1_c3c67d8b-9c76-45f3-ba75-d4d621129dd2_d968201b-93d2-4964-86c8-5a7a06e020b2.lock",
    "End Jitter": "PT0.411S",
    "Host File": "/mnt/c/Users/Brendan Kenna/GitHub/TaskTide/tasktide/itemstore/ItemStore-Mutex/Host-Lock/1770749598591.127-0-1-1_c3c67d8b-9c76-45f3-ba75-d4d621129dd2.lock",
    "Id": "d968201b-93d2-4964-86c8-5a7a06e020b2",
    "Lock Dir": "/mnt/c/Users/Brendan Kenna/GitHub/TaskTide/tasktide/itemstore/ItemStore-Mutex",
    "Lock File": "/mnt/c/Users/Brendan Kenna/GitHub/TaskTide/tasktide/itemstore/ItemStore-Mutex/lock-file.lock",
    "Mutex State": "LOCKED",
    "Retry Interval": "PT0.077S",
    "Stale File Threshold": "PT10S",
    "Start Jitter": "PT0.319S",
    "Timestamp": 1770749598591
}'
2026-02-10 18:53:26.835 INFO  [ main -> org.tasktide.itemstore.mutex.LockActionReleaseApp.main ]: APP-Lock released, test complete
2026-02-10 18:53:26.893 INFO  [ main -> org.tasktide.itemstore.mutex.strategy.ElectionStrategy.evaluateLeaderTtl ]: Leader passed TTL check-in:	'/mnt/c/Users/Brendan Kenna/GitHub/TaskTide/tasktide/itemstore/ItemStore-Mutex/Queue/1770749603499.127-0-1-1_fff8708e-50e1-4078-96a0-683768a220f7_f6cfa4e0-38c6-4af9-ade6-50df7164c6ac.lock'
2026-02-10 18:53:26.895 INFO  [ main -> org.tasktide.itemstore.mutex.strategy.ElectionStrategy.waitUntilLeader ]: Resetting predecessor:	'84139ab3-ec85-4a3d-8bf5-4114599bb2c2'
2026-02-10 18:53:26.923 INFO  [ main -> org.tasktide.itemstore.mutex.strategy.ElectionStrategy.waitUntilLeader ]: Leadership acquired:	'31cdf384-541d-4cc9-8496-fce1088b0ae8'
2026-02-10 18:53:26.925 INFO  [ main -> org.tasktide.itemstore.mutex.strategy.ElectionStrategy.waitUntilLeader ]: Verifying leadership:	'31cdf384-541d-4cc9-8496-fce1088b0ae8'
2026-02-10 18:53:26.936 INFO  [ main -> org.tasktide.itemstore.mutex.strategy.ElectionStrategy.evaluateLeaderTtl ]: Leader passed TTL check-in:	'/mnt/c/Users/Brendan Kenna/GitHub/TaskTide/tasktide/itemstore/ItemStore-Mutex/Queue/1770749603499.127-0-1-1_fff8708e-50e1-4078-96a0-683768a220f7_f6cfa4e0-38c6-4af9-ade6-50df7164c6ac.lock'
2026-02-10 18:53:26.936 INFO  [ main -> org.tasktide.itemstore.mutex.strategy.ElectionStrategy.evaluateLeaderTtl ]: Leader passed TTL check-in:	'/mnt/c/Users/Brendan Kenna/GitHub/TaskTide/tasktide/itemstore/ItemStore-Mutex/Queue/1770749603499.127-0-1-1_fff8708e-50e1-4078-96a0-683768a220f7_f6cfa4e0-38c6-4af9-ade6-50df7164c6ac.lock'
2026-02-10 18:53:26.939 INFO  [ main -> org.tasktide.itemstore.mutex.strategy.ElectionStrategy.waitUntilLeader ]: Resetting predecessor:	'f84a2ff0-75a1-4442-b74e-014d8f3ffed2'
2026-02-10 18:53:26.939 INFO  [ main -> org.tasktide.itemstore.mutex.strategy.ElectionStrategy.waitUntilLeader ]: Resetting predecessor:	'f255fe3b-128a-4f3a-b02e-0d9de0ef33d1'
2026-02-10 18:53:27.061 INFO  [ main -> org.tasktide.itemstore.mutex.strategy.ElectionStrategy.waitUntilLeader ]: Recasting ballot:	'84139ab3-ec85-4a3d-8bf5-4114599bb2c2'
2026-02-10 18:53:27.120 INFO  [ main -> org.tasktide.itemstore.mutex.strategy.ElectionStrategy.evaluateLeaderTtl ]: Leader passed TTL check-in:	'/mnt/c/Users/Brendan Kenna/GitHub/TaskTide/tasktide/itemstore/ItemStore-Mutex/Queue/1770749603499.127-0-1-1_fff8708e-50e1-4078-96a0-683768a220f7_f6cfa4e0-38c6-4af9-ade6-50df7164c6ac.lock'
2026-02-10 18:53:27.121 INFO  [ main -> org.tasktide.itemstore.mutex.strategy.ElectionStrategy.waitUntilLeader ]: Resetting predecessor:	'f255fe3b-128a-4f3a-b02e-0d9de0ef33d1'
2026-02-10 18:53:27.167 INFO  [ main -> org.tasktide.itemstore.mutex.strategy.ElectionStrategy.waitUntilLeader ]: Leadership verified:	'31cdf384-541d-4cc9-8496-fce1088b0ae8'
2026-02-10 18:53:27.168 DEBUG [ main -> org.tasktide.itemstore.mutex.strategy.ElectionStrategy.apply ]: Active leader with Id:	'31cdf384-541d-4cc9-8496-fce1088b0ae8'
2026-02-10 18:53:27.169 DEBUG [ main -> org.tasktide.itemstore.mutex.strategy.ElectionStrategy.apply ]: State set, writing mutex for:	'31cdf384-541d-4cc9-8496-fce1088b0ae8'
2026-02-10 18:53:27.200 INFO  [ main -> org.tasktide.itemstore.mutex.strategy.ElectionStrategy.evaluateLeaderTtl ]: Leader passed TTL check-in:	'/mnt/c/Users/Brendan Kenna/GitHub/TaskTide/tasktide/itemstore/ItemStore-Mutex/Queue/1770749604949.127-0-1-1_7762bd3e-b029-4e2b-9720-976147edc697_01a47627-5d7a-45ce-b5a0-bc24e4a26986.lock'
2026-02-10 18:53:27.202 INFO  [ main -> org.tasktide.itemstore.mutex.strategy.ElectionStrategy.waitUntilLeader ]: Resetting predecessor:	'f84a2ff0-75a1-4442-b74e-014d8f3ffed2'
2026-02-10 18:53:27.220 DEBUG [ main -> org.tasktide.itemstore.mutex.strategy.ElectionStrategy.apply ]: Mutex written for:	'31cdf384-541d-4cc9-8496-fce1088b0ae8'
2026-02-10 18:53:27.271 INFO  [ main -> org.tasktide.itemstore.mutex.orchestrator.MutexOrchestrator.performLock ]: NFS Lock acquired for:	'31cdf384-541d-4cc9-8496-fce1088b0ae8'
2026-02-10 18:53:27.273 INFO  [ main -> org.tasktide.itemstore.mutex.orchestrator.MutexOrchestrator.performLock ]: Confirming leadership:	'31cdf384-541d-4cc9-8496-fce1088b0ae8'
2026-02-10 18:53:27.310 INFO  [ main -> org.tasktide.itemstore.mutex.strategy.ElectionStrategy.evaluateLeaderTtl ]: Leader passed TTL check-in:	'/mnt/c/Users/Brendan Kenna/GitHub/TaskTide/tasktide/itemstore/ItemStore-Mutex/Queue/1770749603499.127-0-1-1_fff8708e-50e1-4078-96a0-683768a220f7_f6cfa4e0-38c6-4af9-ade6-50df7164c6ac.lock'
2026-02-10 18:53:27.312 INFO  [ main -> org.tasktide.itemstore.mutex.strategy.ElectionStrategy.waitUntilLeader ]: Resetting predecessor:	'84139ab3-ec85-4a3d-8bf5-4114599bb2c2'
2026-02-10 18:53:27.321 INFO  [ main -> org.tasktide.itemstore.mutex.strategy.ElectionStrategy.evaluateLeaderTtl ]: Leader passed TTL check-in:	'/mnt/c/Users/Brendan Kenna/GitHub/TaskTide/tasktide/itemstore/ItemStore-Mutex/Queue/1770749603499.127-0-1-1_fff8708e-50e1-4078-96a0-683768a220f7_f6cfa4e0-38c6-4af9-ade6-50df7164c6ac.lock'
2026-02-10 18:53:27.323 INFO  [ main -> org.tasktide.itemstore.mutex.strategy.ElectionStrategy.waitUntilLeader ]: Resetting predecessor:	'f255fe3b-128a-4f3a-b02e-0d9de0ef33d1'
2026-02-10 18:53:27.400 INFO  [ main -> org.tasktide.itemstore.mutex.strategy.ElectionStrategy.evaluateLeaderTtl ]: Leader passed TTL check-in:	'/mnt/c/Users/Brendan Kenna/GitHub/TaskTide/tasktide/itemstore/ItemStore-Mutex/Queue/1770749603499.127-0-1-1_fff8708e-50e1-4078-96a0-683768a220f7_f6cfa4e0-38c6-4af9-ade6-50df7164c6ac.lock'
2026-02-10 18:53:27.401 INFO  [ main -> org.tasktide.itemstore.mutex.strategy.ElectionStrategy.waitUntilLeader ]: Resetting predecessor:	'f84a2ff0-75a1-4442-b74e-014d8f3ffed2'
2026-02-10 18:53:27.498 INFO  [ main -> org.tasktide.itemstore.mutex.strategy.ElectionStrategy.evaluateLeaderTtl ]: Leader passed TTL check-in:	'/mnt/c/Users/Brendan Kenna/GitHub/TaskTide/tasktide/itemstore/ItemStore-Mutex/Queue/1770749603499.127-0-1-1_fff8708e-50e1-4078-96a0-683768a220f7_f6cfa4e0-38c6-4af9-ade6-50df7164c6ac.lock'
2026-02-10 18:53:27.500 INFO  [ main -> org.tasktide.itemstore.mutex.strategy.ElectionStrategy.waitUntilLeader ]: Resetting predecessor:	'84139ab3-ec85-4a3d-8bf5-4114599bb2c2'
2026-02-10 18:53:27.527 INFO  [ main -> org.tasktide.itemstore.mutex.strategy.ElectionStrategy.evaluateLeaderTtl ]: Leader passed TTL check-in:	'/mnt/c/Users/Brendan Kenna/GitHub/TaskTide/tasktide/itemstore/ItemStore-Mutex/Queue/1770749603499.127-0-1-1_fff8708e-50e1-4078-96a0-683768a220f7_f6cfa4e0-38c6-4af9-ade6-50df7164c6ac.lock'
2026-02-10 18:53:27.529 INFO  [ main -> org.tasktide.itemstore.mutex.strategy.ElectionStrategy.waitUntilLeader ]: Resetting predecessor:	'f255fe3b-128a-4f3a-b02e-0d9de0ef33d1'
2026-02-10 18:53:27.696 INFO  [ main -> org.tasktide.itemstore.mutex.strategy.ElectionStrategy.evaluateLeaderTtl ]: Leader passed TTL check-in:	'/mnt/c/Users/Brendan Kenna/GitHub/TaskTide/tasktide/itemstore/ItemStore-Mutex/Queue/1770749603499.127-0-1-1_fff8708e-50e1-4078-96a0-683768a220f7_f6cfa4e0-38c6-4af9-ade6-50df7164c6ac.lock'
2026-02-10 18:53:27.700 INFO  [ main -> org.tasktide.itemstore.mutex.strategy.ElectionStrategy.waitUntilLeader ]: Resetting predecessor:	'84139ab3-ec85-4a3d-8bf5-4114599bb2c2'
2026-02-10 18:53:27.739 INFO  [ main -> org.tasktide.itemstore.mutex.strategy.ElectionStrategy.waitUntilLeader ]: Recasting ballot:	'f255fe3b-128a-4f3a-b02e-0d9de0ef33d1'
2026-02-10 18:53:27.757 INFO  [ main -> org.tasktide.itemstore.mutex.strategy.ElectionStrategy.waitUntilLeader ]: Resetting predecessor:	'f84a2ff0-75a1-4442-b74e-014d8f3ffed2'
2026-02-10 18:53:27.859 INFO  [ main -> org.tasktide.itemstore.mutex.orchestrator.MutexOrchestrator.confirmLeader ]: Leadership confirmed:	'31cdf384-541d-4cc9-8496-fce1088b0ae8'
2026-02-10 18:53:27.861 INFO  [ main -> org.tasktide.itemstore.mutex.orchestrator.MutexOrchestrator.performLock ]: Leadership confirmed:	'31cdf384-541d-4cc9-8496-fce1088b0ae8'
2026-02-10 18:53:27.862 INFO  [ main -> org.tasktide.itemstore.mutex.orchestrator.MutexOrchestrator.performLock ]: Waiting for FileChannel lock for:	'31cdf384-541d-4cc9-8496-fce1088b0ae8'
2026-02-10 18:53:27.908 INFO  [ main -> org.tasktide.itemstore.mutex.strategy.ElectionStrategy.evaluateLeaderTtl ]: Leader passed TTL check-in:	'/mnt/c/Users/Brendan Kenna/GitHub/TaskTide/tasktide/itemstore/ItemStore-Mutex/Queue/1770749603499.127-0-1-1_fff8708e-50e1-4078-96a0-683768a220f7_f6cfa4e0-38c6-4af9-ade6-50df7164c6ac.lock'
2026-02-10 18:53:27.910 INFO  [ main -> org.tasktide.itemstore.mutex.strategy.ElectionStrategy.waitUntilLeader ]: Resetting predecessor:	'84139ab3-ec85-4a3d-8bf5-4114599bb2c2'
2026-02-10 18:53:27.987 INFO  [ main -> org.tasktide.itemstore.mutex.strategy.ElectionStrategy.evaluateLeaderTtl ]: Leader passed TTL check-in:	'/mnt/c/Users/Brendan Kenna/GitHub/TaskTide/tasktide/itemstore/ItemStore-Mutex/Queue/1770749603499.127-0-1-1_fff8708e-50e1-4078-96a0-683768a220f7_f6cfa4e0-38c6-4af9-ade6-50df7164c6ac.lock'
2026-02-10 18:53:27.990 INFO  [ main -> org.tasktide.itemstore.mutex.strategy.ElectionStrategy.waitUntilLeader ]: Resetting predecessor:	'f255fe3b-128a-4f3a-b02e-0d9de0ef33d1'
2026-02-10 18:53:28.091 INFO  [ main -> org.tasktide.itemstore.mutex.strategy.ElectionStrategy.evaluateLeaderTtl ]: Leader passed TTL check-in:	'/mnt/c/Users/Brendan Kenna/GitHub/TaskTide/tasktide/itemstore/ItemStore-Mutex/Queue/1770749603499.127-0-1-1_fff8708e-50e1-4078-96a0-683768a220f7_f6cfa4e0-38c6-4af9-ade6-50df7164c6ac.lock'
2026-02-10 18:53:28.093 INFO  [ main -> org.tasktide.itemstore.mutex.strategy.ElectionStrategy.waitUntilLeader ]: Resetting predecessor:	'f84a2ff0-75a1-4442-b74e-014d8f3ffed2'
2026-02-10 18:53:28.104 INFO  [ main -> org.tasktide.itemstore.mutex.strategy.ElectionStrategy.evaluateLeaderTtl ]: Leader passed TTL check-in:	'/mnt/c/Users/Brendan Kenna/GitHub/TaskTide/tasktide/itemstore/ItemStore-Mutex/Queue/1770749603499.127-0-1-1_fff8708e-50e1-4078-96a0-683768a220f7_f6cfa4e0-38c6-4af9-ade6-50df7164c6ac.lock'
2026-02-10 18:53:28.107 INFO  [ main -> org.tasktide.itemstore.mutex.strategy.ElectionStrategy.waitUntilLeader ]: Resetting predecessor:	'84139ab3-ec85-4a3d-8bf5-4114599bb2c2'
2026-02-10 18:53:28.147 INFO  [ main -> org.tasktide.itemstore.mutex.strategy.ElectionStrategy.evaluateLeaderTtl ]: Leader passed TTL check-in:	'/mnt/c/Users/Brendan Kenna/GitHub/TaskTide/tasktide/itemstore/ItemStore-Mutex/Queue/1770749603499.127-0-1-1_fff8708e-50e1-4078-96a0-683768a220f7_f6cfa4e0-38c6-4af9-ade6-50df7164c6ac.lock'
2026-02-10 18:53:28.148 INFO  [ main -> org.tasktide.itemstore.mutex.strategy.ElectionStrategy.waitUntilLeader ]: Resetting predecessor:	'f255fe3b-128a-4f3a-b02e-0d9de0ef33d1'
2026-02-10 18:53:28.275 INFO  [ main -> org.tasktide.itemstore.mutex.strategy.ElectionStrategy.evaluateLeaderTtl ]: Leader passed TTL check-in:	'/mnt/c/Users/Brendan Kenna/GitHub/TaskTide/tasktide/itemstore/ItemStore-Mutex/Queue/1770749603499.127-0-1-1_fff8708e-50e1-4078-96a0-683768a220f7_f6cfa4e0-38c6-4af9-ade6-50df7164c6ac.lock'
2026-02-10 18:53:28.277 INFO  [ main -> org.tasktide.itemstore.mutex.strategy.ElectionStrategy.waitUntilLeader ]: Resetting predecessor:	'84139ab3-ec85-4a3d-8bf5-4114599bb2c2'
2026-02-10 18:53:28.352 INFO  [ main -> org.tasktide.itemstore.mutex.strategy.ElectionStrategy.evaluateLeaderTtl ]: Leader passed TTL check-in:	'/mnt/c/Users/Brendan Kenna/GitHub/TaskTide/tasktide/itemstore/ItemStore-Mutex/Queue/1770749603499.127-0-1-1_fff8708e-50e1-4078-96a0-683768a220f7_f6cfa4e0-38c6-4af9-ade6-50df7164c6ac.lock'
2026-02-10 18:53:28.353 INFO  [ main -> org.tasktide.itemstore.mutex.strategy.ElectionStrategy.waitUntilLeader ]: Resetting predecessor:	'f255fe3b-128a-4f3a-b02e-0d9de0ef33d1'
2026-02-10 18:53:28.354 INFO  [ main -> org.tasktide.itemstore.mutex.strategy.ElectionStrategy.evaluateLeaderTtl ]: Leader passed TTL check-in:	'/mnt/c/Users/Brendan Kenna/GitHub/TaskTide/tasktide/itemstore/ItemStore-Mutex/Queue/1770749603499.127-0-1-1_fff8708e-50e1-4078-96a0-683768a220f7_f6cfa4e0-38c6-4af9-ade6-50df7164c6ac.lock'
2026-02-10 18:53:28.355 INFO  [ main -> org.tasktide.itemstore.mutex.strategy.ElectionStrategy.waitUntilLeader ]: Resetting predecessor:	'f84a2ff0-75a1-4442-b74e-014d8f3ffed2'
2026-02-10 18:53:28.458 INFO  [ main -> org.tasktide.itemstore.mutex.strategy.ElectionStrategy.evaluateLeaderTtl ]: Leader passed TTL check-in:	'/mnt/c/Users/Brendan Kenna/GitHub/TaskTide/tasktide/itemstore/ItemStore-Mutex/Queue/1770749603499.127-0-1-1_fff8708e-50e1-4078-96a0-683768a220f7_f6cfa4e0-38c6-4af9-ade6-50df7164c6ac.lock'
2026-02-10 18:53:28.460 INFO  [ main -> org.tasktide.itemstore.mutex.strategy.ElectionStrategy.waitUntilLeader ]: Resetting predecessor:	'84139ab3-ec85-4a3d-8bf5-4114599bb2c2'
2026-02-10 18:53:28.556 INFO  [ main -> org.tasktide.itemstore.mutex.strategy.ElectionStrategy.evaluateLeaderTtl ]: Leader passed TTL check-in:	'/mnt/c/Users/Brendan Kenna/GitHub/TaskTide/tasktide/itemstore/ItemStore-Mutex/Queue/1770749603499.127-0-1-1_fff8708e-50e1-4078-96a0-683768a220f7_f6cfa4e0-38c6-4af9-ade6-50df7164c6ac.lock'
2026-02-10 18:53:28.558 INFO  [ main -> org.tasktide.itemstore.mutex.strategy.ElectionStrategy.waitUntilLeader ]: Resetting predecessor:	'f255fe3b-128a-4f3a-b02e-0d9de0ef33d1'
2026-02-10 18:53:28.602 INFO  [ main -> org.tasktide.itemstore.mutex.orchestrator.MutexOrchestrator.performLock ]: File Channel Lock acquired for:	'31cdf384-541d-4cc9-8496-fce1088b0ae8'
2026-02-10 18:53:28.603 INFO  [ main -> org.tasktide.itemstore.mutex.orchestrator.MutexOrchestrator.performLock ]: Lock successful for:	'31cdf384-541d-4cc9-8496-fce1088b0ae8'
2026-02-10 18:53:28.605 INFO  [ main -> org.tasktide.itemstore.mutex.orchestrator.MutexOrchestrator.tryAcquireUntilSuccess ]: Process-1134 Completed with counter value:	'1'
2026-02-10 18:53:28.606 INFO  [ main -> org.tasktide.itemstore.mutex.orchestrator.MutexOrchestrator.tryAcquireUntilSuccess ]: Process-1134 Loop terminating with done = 'true', and counter = '1'
2026-02-10 18:53:28.618 INFO  [ main -> org.tasktide.itemstore.mutex.LockActionReleaseApp.main ]: APP-Writing '25' to data file:	'/mnt/c/Users/Brendan Kenna/GitHub/TaskTide/tasktide/itemstore/ItemStore-Mutex/multi-process.txt'
2026-02-10 18:53:28.623 INFO  [ main -> org.tasktide.itemstore.mutex.strategy.ElectionStrategy.evaluateLeaderTtl ]: Leader passed TTL check-in:	'/mnt/c/Users/Brendan Kenna/GitHub/TaskTide/tasktide/itemstore/ItemStore-Mutex/Queue/1770749603499.127-0-1-1_fff8708e-50e1-4078-96a0-683768a220f7_f6cfa4e0-38c6-4af9-ade6-50df7164c6ac.lock'
2026-02-10 18:53:28.626 INFO  [ main -> org.tasktide.itemstore.mutex.strategy.ElectionStrategy.evaluateLeaderTtl ]: Leader passed TTL check-in:	'/mnt/c/Users/Brendan Kenna/GitHub/TaskTide/tasktide/itemstore/ItemStore-Mutex/Queue/1770749603499.127-0-1-1_fff8708e-50e1-4078-96a0-683768a220f7_f6cfa4e0-38c6-4af9-ade6-50df7164c6ac.lock'
2026-02-10 18:53:28.626 INFO  [ main -> org.tasktide.itemstore.mutex.strategy.ElectionStrategy.waitUntilLeader ]: Resetting predecessor:	'f84a2ff0-75a1-4442-b74e-014d8f3ffed2'
2026-02-10 18:53:28.628 INFO  [ main -> org.tasktide.itemstore.mutex.strategy.ElectionStrategy.waitUntilLeader ]: Resetting predecessor:	'84139ab3-ec85-4a3d-8bf5-4114599bb2c2'
2026-02-10 18:53:28.631 INFO  [ main -> org.tasktide.itemstore.mutex.LockActionReleaseApp.main ]: APP-Record written, releasing lock
2026-02-10 18:53:28.633 INFO  [ main -> org.tasktide.itemstore.mutex.orchestrator.MutexOrchestrator.releaseLock ]: Releasing active lock
2026-02-10 18:53:28.635 INFO  [ main -> org.tasktide.itemstore.mutex.orchestrator.MutexOrchestrator.releaseActiveLock ]: Releasing FileChannel mutex
2026-02-10 18:53:28.718 INFO  [ main -> org.tasktide.itemstore.mutex.strategy.ElectionStrategy.evaluateLeaderTtl ]: Leader passed TTL check-in:	'/mnt/c/Users/Brendan Kenna/GitHub/TaskTide/tasktide/itemstore/ItemStore-Mutex/Queue/1770749603499.127-0-1-1_fff8708e-50e1-4078-96a0-683768a220f7_f6cfa4e0-38c6-4af9-ade6-50df7164c6ac.lock'
2026-02-10 18:53:28.719 INFO  [ main -> org.tasktide.itemstore.mutex.strategy.ElectionStrategy.waitUntilLeader ]: Resetting predecessor:	'f255fe3b-128a-4f3a-b02e-0d9de0ef33d1'
2026-02-10 18:53:28.782 INFO  [ main -> org.tasktide.itemstore.mutex.strategy.ElectionStrategy.evaluateLeaderTtl ]: Leader passed TTL check-in:	'/mnt/c/Users/Brendan Kenna/GitHub/TaskTide/tasktide/itemstore/ItemStore-Mutex/Queue/1770749603499.127-0-1-1_fff8708e-50e1-4078-96a0-683768a220f7_f6cfa4e0-38c6-4af9-ade6-50df7164c6ac.lock'
2026-02-10 18:53:28.782 INFO  [ main -> org.tasktide.itemstore.mutex.strategy.ElectionStrategy.waitUntilLeader ]: Resetting predecessor:	'84139ab3-ec85-4a3d-8bf5-4114599bb2c2'
2026-02-10 18:53:28.803 INFO  [ main -> org.tasktide.itemstore.mutex.strategy.ElectionStrategy.waitUntilLeader ]: Recasting ballot:	'f84a2ff0-75a1-4442-b74e-014d8f3ffed2'
2026-02-10 18:53:28.879 INFO  [ main -> org.tasktide.itemstore.mutex.strategy.ElectionStrategy.evaluateLeaderTtl ]: Leader passed TTL check-in:	'/mnt/c/Users/Brendan Kenna/GitHub/TaskTide/tasktide/itemstore/ItemStore-Mutex/Queue/1770749603499.127-0-1-1_fff8708e-50e1-4078-96a0-683768a220f7_f6cfa4e0-38c6-4af9-ade6-50df7164c6ac.lock'
2026-02-10 18:53:28.880 INFO  [ main -> org.tasktide.itemstore.mutex.strategy.ElectionStrategy.waitUntilLeader ]: Resetting predecessor:	'f255fe3b-128a-4f3a-b02e-0d9de0ef33d1'
2026-02-10 18:53:28.916 INFO  [ main -> org.tasktide.itemstore.mutex.orchestrator.MutexOrchestrator.releaseActiveLock ]: Releasing NFS mutex:
'{
    "Election File": "/mnt/c/Users/Brendan Kenna/GitHub/TaskTide/tasktide/itemstore/ItemStore-Mutex/Queue/1770749603499.127-0-1-1_fff8708e-50e1-4078-96a0-683768a220f7_f6cfa4e0-38c6-4af9-ade6-50df7164c6ac.lock",
    "End Jitter": "PT0.262S",
    "Host File": "/mnt/c/Users/Brendan Kenna/GitHub/TaskTide/tasktide/itemstore/ItemStore-Mutex/Host-Lock/1770749527891.127-0-1-1_fff8708e-50e1-4078-96a0-683768a220f7.lock",
    "Id": "31cdf384-541d-4cc9-8496-fce1088b0ae8",
    "Lock Dir": "/mnt/c/Users/Brendan Kenna/GitHub/TaskTide/tasktide/itemstore/ItemStore-Mutex",
    "Lock File": "/mnt/c/Users/Brendan Kenna/GitHub/TaskTide/tasktide/itemstore/ItemStore-Mutex/lock-file.lock",
    "Mutex State": "LOCKED",
    "Retry Interval": "PT0.021S",
    "Stale File Threshold": "PT10S",
    "Start Jitter": "PT0.186S",
    "Timestamp": 1770749603499
}'
2026-02-10 18:53:28.930 INFO  [ main -> org.tasktide.itemstore.mutex.LockActionReleaseApp.main ]: APP-Lock released, test complete
2026-02-10 18:53:28.939 INFO  [ main -> org.tasktide.itemstore.mutex.strategy.ElectionStrategy.waitUntilLeader ]: Leadership acquired:	'84139ab3-ec85-4a3d-8bf5-4114599bb2c2'
2026-02-10 18:53:28.941 INFO  [ main -> org.tasktide.itemstore.mutex.strategy.ElectionStrategy.waitUntilLeader ]: Verifying leadership:	'84139ab3-ec85-4a3d-8bf5-4114599bb2c2'
2026-02-10 18:53:29.084 INFO  [ main -> org.tasktide.itemstore.mutex.strategy.ElectionStrategy.waitUntilLeader ]: Leadership verified:	'84139ab3-ec85-4a3d-8bf5-4114599bb2c2'
2026-02-10 18:53:29.085 DEBUG [ main -> org.tasktide.itemstore.mutex.strategy.ElectionStrategy.apply ]: Active leader with Id:	'84139ab3-ec85-4a3d-8bf5-4114599bb2c2'
2026-02-10 18:53:29.085 INFO  [ main -> org.tasktide.itemstore.mutex.strategy.ElectionStrategy.evaluateLeaderTtl ]: Leader passed TTL check-in:	'/mnt/c/Users/Brendan Kenna/GitHub/TaskTide/tasktide/itemstore/ItemStore-Mutex/Queue/1770749607068.127-0-1-1_2d9bfa2b-20d2-4839-898b-60eeb5030d10_cf655a34-3346-4938-9239-514c6402f75d.lock'
2026-02-10 18:53:29.086 DEBUG [ main -> org.tasktide.itemstore.mutex.strategy.ElectionStrategy.apply ]: State set, writing mutex for:	'84139ab3-ec85-4a3d-8bf5-4114599bb2c2'
2026-02-10 18:53:29.086 INFO  [ main -> org.tasktide.itemstore.mutex.strategy.ElectionStrategy.waitUntilLeader ]: Resetting predecessor:	'f255fe3b-128a-4f3a-b02e-0d9de0ef33d1'
2026-02-10 18:53:29.132 DEBUG [ main -> org.tasktide.itemstore.mutex.strategy.ElectionStrategy.apply ]: Mutex written for:	'84139ab3-ec85-4a3d-8bf5-4114599bb2c2'
2026-02-10 18:53:29.182 INFO  [ main -> org.tasktide.itemstore.mutex.orchestrator.MutexOrchestrator.performLock ]: NFS Lock acquired for:	'84139ab3-ec85-4a3d-8bf5-4114599bb2c2'
2026-02-10 18:53:29.183 INFO  [ main -> org.tasktide.itemstore.mutex.orchestrator.MutexOrchestrator.performLock ]: Confirming leadership:	'84139ab3-ec85-4a3d-8bf5-4114599bb2c2'
2026-02-10 18:53:29.188 INFO  [ main -> org.tasktide.itemstore.mutex.strategy.ElectionStrategy.evaluateLeaderTtl ]: Leader passed TTL check-in:	'/mnt/c/Users/Brendan Kenna/GitHub/TaskTide/tasktide/itemstore/ItemStore-Mutex/Queue/1770749607068.127-0-1-1_2d9bfa2b-20d2-4839-898b-60eeb5030d10_cf655a34-3346-4938-9239-514c6402f75d.lock'
2026-02-10 18:53:29.189 INFO  [ main -> org.tasktide.itemstore.mutex.strategy.ElectionStrategy.waitUntilLeader ]: Resetting predecessor:	'f84a2ff0-75a1-4442-b74e-014d8f3ffed2'
2026-02-10 18:53:29.258 INFO  [ main -> org.tasktide.itemstore.mutex.strategy.ElectionStrategy.evaluateLeaderTtl ]: Leader passed TTL check-in:	'/mnt/c/Users/Brendan Kenna/GitHub/TaskTide/tasktide/itemstore/ItemStore-Mutex/Queue/1770749607068.127-0-1-1_2d9bfa2b-20d2-4839-898b-60eeb5030d10_cf655a34-3346-4938-9239-514c6402f75d.lock'
2026-02-10 18:53:29.259 INFO  [ main -> org.tasktide.itemstore.mutex.strategy.ElectionStrategy.waitUntilLeader ]: Resetting predecessor:	'f255fe3b-128a-4f3a-b02e-0d9de0ef33d1'
2026-02-10 18:53:29.479 INFO  [ main -> org.tasktide.itemstore.mutex.strategy.ElectionStrategy.evaluateLeaderTtl ]: Leader passed TTL check-in:	'/mnt/c/Users/Brendan Kenna/GitHub/TaskTide/tasktide/itemstore/ItemStore-Mutex/Queue/1770749607068.127-0-1-1_2d9bfa2b-20d2-4839-898b-60eeb5030d10_cf655a34-3346-4938-9239-514c6402f75d.lock'
2026-02-10 18:53:29.480 INFO  [ main -> org.tasktide.itemstore.mutex.strategy.ElectionStrategy.evaluateLeaderTtl ]: Leader passed TTL check-in:	'/mnt/c/Users/Brendan Kenna/GitHub/TaskTide/tasktide/itemstore/ItemStore-Mutex/Queue/1770749607068.127-0-1-1_2d9bfa2b-20d2-4839-898b-60eeb5030d10_cf655a34-3346-4938-9239-514c6402f75d.lock'
2026-02-10 18:53:29.480 INFO  [ main -> org.tasktide.itemstore.mutex.strategy.ElectionStrategy.waitUntilLeader ]: Resetting predecessor:	'f255fe3b-128a-4f3a-b02e-0d9de0ef33d1'
2026-02-10 18:53:29.481 INFO  [ main -> org.tasktide.itemstore.mutex.strategy.ElectionStrategy.waitUntilLeader ]: Resetting predecessor:	'f84a2ff0-75a1-4442-b74e-014d8f3ffed2'
2026-02-10 18:53:29.627 INFO  [ main -> org.tasktide.itemstore.mutex.strategy.ElectionStrategy.evaluateLeaderTtl ]: Leader passed TTL check-in:	'/mnt/c/Users/Brendan Kenna/GitHub/TaskTide/tasktide/itemstore/ItemStore-Mutex/Queue/1770749607068.127-0-1-1_2d9bfa2b-20d2-4839-898b-60eeb5030d10_cf655a34-3346-4938-9239-514c6402f75d.lock'
2026-02-10 18:53:29.630 INFO  [ main -> org.tasktide.itemstore.mutex.strategy.ElectionStrategy.waitUntilLeader ]: Resetting predecessor:	'f255fe3b-128a-4f3a-b02e-0d9de0ef33d1'
2026-02-10 18:53:29.630 INFO  [ main -> org.tasktide.itemstore.mutex.orchestrator.MutexOrchestrator.confirmLeader ]: Leadership confirmed:	'84139ab3-ec85-4a3d-8bf5-4114599bb2c2'
2026-02-10 18:53:29.632 INFO  [ main -> org.tasktide.itemstore.mutex.orchestrator.MutexOrchestrator.performLock ]: Leadership confirmed:	'84139ab3-ec85-4a3d-8bf5-4114599bb2c2'
2026-02-10 18:53:29.634 INFO  [ main -> org.tasktide.itemstore.mutex.orchestrator.MutexOrchestrator.performLock ]: Waiting for FileChannel lock for:	'84139ab3-ec85-4a3d-8bf5-4114599bb2c2'
2026-02-10 18:53:29.642 INFO  [ main -> org.tasktide.itemstore.mutex.strategy.ElectionStrategy.evaluateLeaderTtl ]: Leader passed TTL check-in:	'/mnt/c/Users/Brendan Kenna/GitHub/TaskTide/tasktide/itemstore/ItemStore-Mutex/Queue/1770749607068.127-0-1-1_2d9bfa2b-20d2-4839-898b-60eeb5030d10_cf655a34-3346-4938-9239-514c6402f75d.lock'
2026-02-10 18:53:29.643 INFO  [ main -> org.tasktide.itemstore.mutex.strategy.ElectionStrategy.waitUntilLeader ]: Resetting predecessor:	'f84a2ff0-75a1-4442-b74e-014d8f3ffed2'
2026-02-10 18:53:29.840 INFO  [ main -> org.tasktide.itemstore.mutex.strategy.ElectionStrategy.evaluateLeaderTtl ]: Leader passed TTL check-in:	'/mnt/c/Users/Brendan Kenna/GitHub/TaskTide/tasktide/itemstore/ItemStore-Mutex/Queue/1770749607068.127-0-1-1_2d9bfa2b-20d2-4839-898b-60eeb5030d10_cf655a34-3346-4938-9239-514c6402f75d.lock'
2026-02-10 18:53:29.841 INFO  [ main -> org.tasktide.itemstore.mutex.strategy.ElectionStrategy.waitUntilLeader ]: Resetting predecessor:	'f255fe3b-128a-4f3a-b02e-0d9de0ef33d1'
2026-02-10 18:53:29.916 INFO  [ main -> org.tasktide.itemstore.mutex.strategy.ElectionStrategy.evaluateLeaderTtl ]: Leader passed TTL check-in:	'/mnt/c/Users/Brendan Kenna/GitHub/TaskTide/tasktide/itemstore/ItemStore-Mutex/Queue/1770749607068.127-0-1-1_2d9bfa2b-20d2-4839-898b-60eeb5030d10_cf655a34-3346-4938-9239-514c6402f75d.lock'
2026-02-10 18:53:29.918 INFO  [ main -> org.tasktide.itemstore.mutex.strategy.ElectionStrategy.waitUntilLeader ]: Resetting predecessor:	'f84a2ff0-75a1-4442-b74e-014d8f3ffed2'
2026-02-10 18:53:30.054 INFO  [ main -> org.tasktide.itemstore.mutex.strategy.ElectionStrategy.evaluateLeaderTtl ]: Leader passed TTL check-in:	'/mnt/c/Users/Brendan Kenna/GitHub/TaskTide/tasktide/itemstore/ItemStore-Mutex/Queue/1770749607068.127-0-1-1_2d9bfa2b-20d2-4839-898b-60eeb5030d10_cf655a34-3346-4938-9239-514c6402f75d.lock'
2026-02-10 18:53:30.055 INFO  [ main -> org.tasktide.itemstore.mutex.strategy.ElectionStrategy.waitUntilLeader ]: Resetting predecessor:	'f255fe3b-128a-4f3a-b02e-0d9de0ef33d1'
2026-02-10 18:53:30.120 INFO  [ main -> org.tasktide.itemstore.mutex.strategy.ElectionStrategy.evaluateLeaderTtl ]: Leader passed TTL check-in:	'/mnt/c/Users/Brendan Kenna/GitHub/TaskTide/tasktide/itemstore/ItemStore-Mutex/Queue/1770749607068.127-0-1-1_2d9bfa2b-20d2-4839-898b-60eeb5030d10_cf655a34-3346-4938-9239-514c6402f75d.lock'
2026-02-10 18:53:30.124 INFO  [ main -> org.tasktide.itemstore.mutex.strategy.ElectionStrategy.waitUntilLeader ]: Resetting predecessor:	'f84a2ff0-75a1-4442-b74e-014d8f3ffed2'
2026-02-10 18:53:30.146 INFO  [ main -> org.tasktide.itemstore.mutex.orchestrator.MutexOrchestrator.performLock ]: File Channel Lock acquired for:	'84139ab3-ec85-4a3d-8bf5-4114599bb2c2'
2026-02-10 18:53:30.147 INFO  [ main -> org.tasktide.itemstore.mutex.orchestrator.MutexOrchestrator.performLock ]: Lock successful for:	'84139ab3-ec85-4a3d-8bf5-4114599bb2c2'
2026-02-10 18:53:30.230 INFO  [ main -> org.tasktide.itemstore.mutex.strategy.ElectionStrategy.evaluateLeaderTtl ]: Leader passed TTL check-in:	'/mnt/c/Users/Brendan Kenna/GitHub/TaskTide/tasktide/itemstore/ItemStore-Mutex/Queue/1770749607068.127-0-1-1_2d9bfa2b-20d2-4839-898b-60eeb5030d10_cf655a34-3346-4938-9239-514c6402f75d.lock'
2026-02-10 18:53:30.232 INFO  [ main -> org.tasktide.itemstore.mutex.strategy.ElectionStrategy.waitUntilLeader ]: Resetting predecessor:	'f255fe3b-128a-4f3a-b02e-0d9de0ef33d1'
2026-02-10 18:53:30.394 INFO  [ main -> org.tasktide.itemstore.mutex.strategy.ElectionStrategy.evaluateLeaderTtl ]: Leader passed TTL check-in:	'/mnt/c/Users/Brendan Kenna/GitHub/TaskTide/tasktide/itemstore/ItemStore-Mutex/Queue/1770749607068.127-0-1-1_2d9bfa2b-20d2-4839-898b-60eeb5030d10_cf655a34-3346-4938-9239-514c6402f75d.lock'
2026-02-10 18:53:30.396 INFO  [ main -> org.tasktide.itemstore.mutex.strategy.ElectionStrategy.evaluateLeaderTtl ]: Leader passed TTL check-in:	'/mnt/c/Users/Brendan Kenna/GitHub/TaskTide/tasktide/itemstore/ItemStore-Mutex/Queue/1770749607068.127-0-1-1_2d9bfa2b-20d2-4839-898b-60eeb5030d10_cf655a34-3346-4938-9239-514c6402f75d.lock'
2026-02-10 18:53:30.396 INFO  [ main -> org.tasktide.itemstore.mutex.strategy.ElectionStrategy.waitUntilLeader ]: Resetting predecessor:	'f84a2ff0-75a1-4442-b74e-014d8f3ffed2'
2026-02-10 18:53:30.398 INFO  [ main -> org.tasktide.itemstore.mutex.strategy.ElectionStrategy.waitUntilLeader ]: Resetting predecessor:	'f255fe3b-128a-4f3a-b02e-0d9de0ef33d1'
2026-02-10 18:53:30.580 INFO  [ main -> org.tasktide.itemstore.mutex.strategy.ElectionStrategy.waitUntilLeader ]: Recasting ballot:	'f255fe3b-128a-4f3a-b02e-0d9de0ef33d1'
2026-02-10 18:53:30.674 INFO  [ main -> org.tasktide.itemstore.mutex.strategy.ElectionStrategy.evaluateLeaderTtl ]: Leader passed TTL check-in:	'/mnt/c/Users/Brendan Kenna/GitHub/TaskTide/tasktide/itemstore/ItemStore-Mutex/Queue/1770749607068.127-0-1-1_2d9bfa2b-20d2-4839-898b-60eeb5030d10_cf655a34-3346-4938-9239-514c6402f75d.lock'
2026-02-10 18:53:30.676 INFO  [ main -> org.tasktide.itemstore.mutex.strategy.ElectionStrategy.waitUntilLeader ]: Resetting predecessor:	'f84a2ff0-75a1-4442-b74e-014d8f3ffed2'
2026-02-10 18:53:30.686 INFO  [ main -> org.tasktide.itemstore.mutex.orchestrator.MutexOrchestrator.tryAcquireUntilSuccess ]: Process-1435 Completed with counter value:	'0'
2026-02-10 18:53:30.687 INFO  [ main -> org.tasktide.itemstore.mutex.orchestrator.MutexOrchestrator.tryAcquireUntilSuccess ]: Process-1435 Loop terminating with done = 'true', and counter = '0'
2026-02-10 18:53:30.698 INFO  [ main -> org.tasktide.itemstore.mutex.LockActionReleaseApp.main ]: APP-Writing '26' to data file:	'/mnt/c/Users/Brendan Kenna/GitHub/TaskTide/tasktide/itemstore/ItemStore-Mutex/multi-process.txt'
2026-02-10 18:53:30.709 INFO  [ main -> org.tasktide.itemstore.mutex.LockActionReleaseApp.main ]: APP-Record written, releasing lock
2026-02-10 18:53:30.712 INFO  [ main -> org.tasktide.itemstore.mutex.orchestrator.MutexOrchestrator.releaseLock ]: Releasing active lock
2026-02-10 18:53:30.716 INFO  [ main -> org.tasktide.itemstore.mutex.orchestrator.MutexOrchestrator.releaseActiveLock ]: Releasing FileChannel mutex
2026-02-10 18:53:30.834 INFO  [ main -> org.tasktide.itemstore.mutex.strategy.ElectionStrategy.evaluateLeaderTtl ]: Leader passed TTL check-in:	'/mnt/c/Users/Brendan Kenna/GitHub/TaskTide/tasktide/itemstore/ItemStore-Mutex/Queue/1770749607068.127-0-1-1_2d9bfa2b-20d2-4839-898b-60eeb5030d10_cf655a34-3346-4938-9239-514c6402f75d.lock'
2026-02-10 18:53:30.837 INFO  [ main -> org.tasktide.itemstore.mutex.strategy.ElectionStrategy.waitUntilLeader ]: Resetting predecessor:	'f255fe3b-128a-4f3a-b02e-0d9de0ef33d1'
2026-02-10 18:53:30.923 INFO  [ main -> org.tasktide.itemstore.mutex.orchestrator.MutexOrchestrator.releaseActiveLock ]: Releasing NFS mutex:
'{
    "Election File": "/mnt/c/Users/Brendan Kenna/GitHub/TaskTide/tasktide/itemstore/ItemStore-Mutex/Queue/1770749607068.127-0-1-1_2d9bfa2b-20d2-4839-898b-60eeb5030d10_cf655a34-3346-4938-9239-514c6402f75d.lock",
    "End Jitter": "PT0.158S",
    "Host File": "/mnt/c/Users/Brendan Kenna/GitHub/TaskTide/tasktide/itemstore/ItemStore-Mutex/Host-Lock/1770749502076.127-0-1-1_2d9bfa2b-20d2-4839-898b-60eeb5030d10.lock",
    "Id": "84139ab3-ec85-4a3d-8bf5-4114599bb2c2",
    "Lock Dir": "/mnt/c/Users/Brendan Kenna/GitHub/TaskTide/tasktide/itemstore/ItemStore-Mutex",
    "Lock File": "/mnt/c/Users/Brendan Kenna/GitHub/TaskTide/tasktide/itemstore/ItemStore-Mutex/lock-file.lock",
    "Mutex State": "LOCKED",
    "Retry Interval": "PT0.197S",
    "Stale File Threshold": "PT10S",
    "Start Jitter": "PT0.136S",
    "Timestamp": 1770749607068
}'
2026-02-10 18:53:30.935 INFO  [ main -> org.tasktide.itemstore.mutex.LockActionReleaseApp.main ]: APP-Lock released, test complete
2026-02-10 18:53:30.944 WARN  [ main -> org.tasktide.itemstore.mutex.strategy.ElectionStrategy.evaluateLeaderTtl ]: Error verifiying leader TTL:	'/mnt/c/Users/Brendan Kenna/GitHub/TaskTide/tasktide/itemstore/ItemStore-Mutex/Queue/1770749607068.127-0-1-1_2d9bfa2b-20d2-4839-898b-60eeb5030d10_cf655a34-3346-4938-9239-514c6402f75d.lock'
'java.util.NoSuchElementException: No value present'
2026-02-10 18:53:31.026 INFO  [ main -> org.tasktide.itemstore.mutex.strategy.ElectionStrategy.evaluateLeaderTtl ]: Leader passed TTL check-in:	'/mnt/c/Users/Brendan Kenna/GitHub/TaskTide/tasktide/itemstore/ItemStore-Mutex/Queue/1770749608808.127-0-1-1_a01a59fe-62f8-445e-ae31-76f4c296d4ed_e2d739e4-4f2f-4206-a130-3c045cdb06a4.lock'
2026-02-10 18:53:31.028 INFO  [ main -> org.tasktide.itemstore.mutex.strategy.ElectionStrategy.waitUntilLeader ]: Resetting predecessor:	'f255fe3b-128a-4f3a-b02e-0d9de0ef33d1'
2026-02-10 18:53:31.141 INFO  [ main -> org.tasktide.itemstore.mutex.strategy.ElectionStrategy.waitUntilLeader ]: Leadership acquired:	'f84a2ff0-75a1-4442-b74e-014d8f3ffed2'
2026-02-10 18:53:31.143 INFO  [ main -> org.tasktide.itemstore.mutex.strategy.ElectionStrategy.waitUntilLeader ]: Verifying leadership:	'f84a2ff0-75a1-4442-b74e-014d8f3ffed2'
2026-02-10 18:53:31.241 INFO  [ main -> org.tasktide.itemstore.mutex.strategy.ElectionStrategy.evaluateLeaderTtl ]: Leader passed TTL check-in:	'/mnt/c/Users/Brendan Kenna/GitHub/TaskTide/tasktide/itemstore/ItemStore-Mutex/Queue/1770749608808.127-0-1-1_a01a59fe-62f8-445e-ae31-76f4c296d4ed_e2d739e4-4f2f-4206-a130-3c045cdb06a4.lock'
2026-02-10 18:53:31.243 INFO  [ main -> org.tasktide.itemstore.mutex.strategy.ElectionStrategy.waitUntilLeader ]: Resetting predecessor:	'f255fe3b-128a-4f3a-b02e-0d9de0ef33d1'
2026-02-10 18:53:31.349 INFO  [ main -> org.tasktide.itemstore.mutex.strategy.ElectionStrategy.waitUntilLeader ]: Leadership verified:	'f84a2ff0-75a1-4442-b74e-014d8f3ffed2'
2026-02-10 18:53:31.351 DEBUG [ main -> org.tasktide.itemstore.mutex.strategy.ElectionStrategy.apply ]: Active leader with Id:	'f84a2ff0-75a1-4442-b74e-014d8f3ffed2'
2026-02-10 18:53:31.352 DEBUG [ main -> org.tasktide.itemstore.mutex.strategy.ElectionStrategy.apply ]: State set, writing mutex for:	'f84a2ff0-75a1-4442-b74e-014d8f3ffed2'
2026-02-10 18:53:31.415 INFO  [ main -> org.tasktide.itemstore.mutex.strategy.ElectionStrategy.waitUntilLeader ]: Leadership acquired:	'f255fe3b-128a-4f3a-b02e-0d9de0ef33d1'
2026-02-10 18:53:31.417 INFO  [ main -> org.tasktide.itemstore.mutex.strategy.ElectionStrategy.waitUntilLeader ]: Verifying leadership:	'f255fe3b-128a-4f3a-b02e-0d9de0ef33d1'
2026-02-10 18:53:31.429 DEBUG [ main -> org.tasktide.itemstore.mutex.strategy.ElectionStrategy.apply ]: Mutex written for:	'f84a2ff0-75a1-4442-b74e-014d8f3ffed2'
2026-02-10 18:53:31.494 INFO  [ main -> org.tasktide.itemstore.mutex.orchestrator.MutexOrchestrator.performLock ]: NFS Lock acquired for:	'f84a2ff0-75a1-4442-b74e-014d8f3ffed2'
2026-02-10 18:53:31.495 INFO  [ main -> org.tasktide.itemstore.mutex.orchestrator.MutexOrchestrator.performLock ]: Confirming leadership:	'f84a2ff0-75a1-4442-b74e-014d8f3ffed2'
2026-02-10 18:53:31.537 WARN  [ main -> org.tasktide.itemstore.mutex.strategy.ElectionStrategy.waitUntilLeader ]: Unable to verifiy leadership:	'f255fe3b-128a-4f3a-b02e-0d9de0ef33d1'
2026-02-10 18:53:31.747 INFO  [ main -> org.tasktide.itemstore.mutex.strategy.ElectionStrategy.evaluateLeaderTtl ]: Leader passed TTL check-in:	'/mnt/c/Users/Brendan Kenna/GitHub/TaskTide/tasktide/itemstore/ItemStore-Mutex/Queue/1770749608808.127-0-1-1_a01a59fe-62f8-445e-ae31-76f4c296d4ed_e2d739e4-4f2f-4206-a130-3c045cdb06a4.lock'
2026-02-10 18:53:31.747 INFO  [ main -> org.tasktide.itemstore.mutex.strategy.ElectionStrategy.waitUntilLeader ]: Resetting predecessor:	'f255fe3b-128a-4f3a-b02e-0d9de0ef33d1'
2026-02-10 18:53:31.978 INFO  [ main -> org.tasktide.itemstore.mutex.strategy.ElectionStrategy.evaluateLeaderTtl ]: Leader passed TTL check-in:	'/mnt/c/Users/Brendan Kenna/GitHub/TaskTide/tasktide/itemstore/ItemStore-Mutex/Queue/1770749608808.127-0-1-1_a01a59fe-62f8-445e-ae31-76f4c296d4ed_e2d739e4-4f2f-4206-a130-3c045cdb06a4.lock'
2026-02-10 18:53:31.981 INFO  [ main -> org.tasktide.itemstore.mutex.strategy.ElectionStrategy.waitUntilLeader ]: Resetting predecessor:	'f255fe3b-128a-4f3a-b02e-0d9de0ef33d1'
2026-02-10 18:53:32.089 INFO  [ main -> org.tasktide.itemstore.mutex.orchestrator.MutexOrchestrator.confirmLeader ]: Leadership confirmed:	'f84a2ff0-75a1-4442-b74e-014d8f3ffed2'
2026-02-10 18:53:32.091 INFO  [ main -> org.tasktide.itemstore.mutex.orchestrator.MutexOrchestrator.performLock ]: Leadership confirmed:	'f84a2ff0-75a1-4442-b74e-014d8f3ffed2'
2026-02-10 18:53:32.093 INFO  [ main -> org.tasktide.itemstore.mutex.orchestrator.MutexOrchestrator.performLock ]: Waiting for FileChannel lock for:	'f84a2ff0-75a1-4442-b74e-014d8f3ffed2'
2026-02-10 18:53:32.143 INFO  [ main -> org.tasktide.itemstore.mutex.strategy.ElectionStrategy.evaluateLeaderTtl ]: Leader passed TTL check-in:	'/mnt/c/Users/Brendan Kenna/GitHub/TaskTide/tasktide/itemstore/ItemStore-Mutex/Queue/1770749608808.127-0-1-1_a01a59fe-62f8-445e-ae31-76f4c296d4ed_e2d739e4-4f2f-4206-a130-3c045cdb06a4.lock'
2026-02-10 18:53:32.145 INFO  [ main -> org.tasktide.itemstore.mutex.strategy.ElectionStrategy.waitUntilLeader ]: Resetting predecessor:	'f255fe3b-128a-4f3a-b02e-0d9de0ef33d1'
2026-02-10 18:53:32.316 INFO  [ main -> org.tasktide.itemstore.mutex.strategy.ElectionStrategy.evaluateLeaderTtl ]: Leader passed TTL check-in:	'/mnt/c/Users/Brendan Kenna/GitHub/TaskTide/tasktide/itemstore/ItemStore-Mutex/Queue/1770749608808.127-0-1-1_a01a59fe-62f8-445e-ae31-76f4c296d4ed_e2d739e4-4f2f-4206-a130-3c045cdb06a4.lock'
2026-02-10 18:53:32.318 INFO  [ main -> org.tasktide.itemstore.mutex.strategy.ElectionStrategy.waitUntilLeader ]: Resetting predecessor:	'f255fe3b-128a-4f3a-b02e-0d9de0ef33d1'
2026-02-10 18:53:32.526 INFO  [ main -> org.tasktide.itemstore.mutex.strategy.ElectionStrategy.evaluateLeaderTtl ]: Leader passed TTL check-in:	'/mnt/c/Users/Brendan Kenna/GitHub/TaskTide/tasktide/itemstore/ItemStore-Mutex/Queue/1770749608808.127-0-1-1_a01a59fe-62f8-445e-ae31-76f4c296d4ed_e2d739e4-4f2f-4206-a130-3c045cdb06a4.lock'
2026-02-10 18:53:32.528 INFO  [ main -> org.tasktide.itemstore.mutex.strategy.ElectionStrategy.waitUntilLeader ]: Resetting predecessor:	'f255fe3b-128a-4f3a-b02e-0d9de0ef33d1'
2026-02-10 18:53:32.710 INFO  [ main -> org.tasktide.itemstore.mutex.strategy.ElectionStrategy.evaluateLeaderTtl ]: Leader passed TTL check-in:	'/mnt/c/Users/Brendan Kenna/GitHub/TaskTide/tasktide/itemstore/ItemStore-Mutex/Queue/1770749608808.127-0-1-1_a01a59fe-62f8-445e-ae31-76f4c296d4ed_e2d739e4-4f2f-4206-a130-3c045cdb06a4.lock'
2026-02-10 18:53:32.713 INFO  [ main -> org.tasktide.itemstore.mutex.strategy.ElectionStrategy.waitUntilLeader ]: Resetting predecessor:	'f255fe3b-128a-4f3a-b02e-0d9de0ef33d1'
2026-02-10 18:53:32.768 INFO  [ main -> org.tasktide.itemstore.mutex.orchestrator.MutexOrchestrator.performLock ]: File Channel Lock acquired for:	'f84a2ff0-75a1-4442-b74e-014d8f3ffed2'
2026-02-10 18:53:32.770 INFO  [ main -> org.tasktide.itemstore.mutex.orchestrator.MutexOrchestrator.performLock ]: Lock successful for:	'f84a2ff0-75a1-4442-b74e-014d8f3ffed2'
2026-02-10 18:53:32.771 INFO  [ main -> org.tasktide.itemstore.mutex.orchestrator.MutexOrchestrator.tryAcquireUntilSuccess ]: Process-1338 Completed with counter value:	'1'
2026-02-10 18:53:32.773 INFO  [ main -> org.tasktide.itemstore.mutex.orchestrator.MutexOrchestrator.tryAcquireUntilSuccess ]: Process-1338 Loop terminating with done = 'true', and counter = '1'
2026-02-10 18:53:32.793 INFO  [ main -> org.tasktide.itemstore.mutex.LockActionReleaseApp.main ]: APP-Writing '27' to data file:	'/mnt/c/Users/Brendan Kenna/GitHub/TaskTide/tasktide/itemstore/ItemStore-Mutex/multi-process.txt'
2026-02-10 18:53:32.805 INFO  [ main -> org.tasktide.itemstore.mutex.LockActionReleaseApp.main ]: APP-Record written, releasing lock
2026-02-10 18:53:32.806 INFO  [ main -> org.tasktide.itemstore.mutex.orchestrator.MutexOrchestrator.releaseLock ]: Releasing active lock
2026-02-10 18:53:32.807 INFO  [ main -> org.tasktide.itemstore.mutex.orchestrator.MutexOrchestrator.releaseActiveLock ]: Releasing FileChannel mutex
2026-02-10 18:53:32.857 INFO  [ main -> org.tasktide.itemstore.mutex.strategy.ElectionStrategy.evaluateLeaderTtl ]: Leader passed TTL check-in:	'/mnt/c/Users/Brendan Kenna/GitHub/TaskTide/tasktide/itemstore/ItemStore-Mutex/Queue/1770749608808.127-0-1-1_a01a59fe-62f8-445e-ae31-76f4c296d4ed_e2d739e4-4f2f-4206-a130-3c045cdb06a4.lock'
2026-02-10 18:53:32.858 INFO  [ main -> org.tasktide.itemstore.mutex.strategy.ElectionStrategy.waitUntilLeader ]: Resetting predecessor:	'f255fe3b-128a-4f3a-b02e-0d9de0ef33d1'
2026-02-10 18:53:33.021 INFO  [ main -> org.tasktide.itemstore.mutex.orchestrator.MutexOrchestrator.releaseActiveLock ]: Releasing NFS mutex:
'{
    "Election File": "/mnt/c/Users/Brendan Kenna/GitHub/TaskTide/tasktide/itemstore/ItemStore-Mutex/Queue/1770749608808.127-0-1-1_a01a59fe-62f8-445e-ae31-76f4c296d4ed_e2d739e4-4f2f-4206-a130-3c045cdb06a4.lock",
    "End Jitter": "PT0.305S",
    "Host File": "/mnt/c/Users/Brendan Kenna/GitHub/TaskTide/tasktide/itemstore/ItemStore-Mutex/Host-Lock/1770749528512.127-0-1-1_a01a59fe-62f8-445e-ae31-76f4c296d4ed.lock",
    "Id": "f84a2ff0-75a1-4442-b74e-014d8f3ffed2",
    "Lock Dir": "/mnt/c/Users/Brendan Kenna/GitHub/TaskTide/tasktide/itemstore/ItemStore-Mutex",
    "Lock File": "/mnt/c/Users/Brendan Kenna/GitHub/TaskTide/tasktide/itemstore/ItemStore-Mutex/lock-file.lock",
    "Mutex State": "LOCKED",
    "Retry Interval": "PT0.285S",
    "Stale File Threshold": "PT10S",
    "Start Jitter": "PT0.118S",
    "Timestamp": 1770749608808
}'
2026-02-10 18:53:33.032 INFO  [ main -> org.tasktide.itemstore.mutex.LockActionReleaseApp.main ]: APP-Lock released, test complete
2026-02-10 18:53:33.035 INFO  [ main -> org.tasktide.itemstore.mutex.strategy.ElectionStrategy.evaluateLeaderTtl ]: Leader passed TTL check-in:	'/mnt/c/Users/Brendan Kenna/GitHub/TaskTide/tasktide/itemstore/ItemStore-Mutex/Queue/1770749608808.127-0-1-1_a01a59fe-62f8-445e-ae31-76f4c296d4ed_e2d739e4-4f2f-4206-a130-3c045cdb06a4.lock'
2026-02-10 18:53:33.036 INFO  [ main -> org.tasktide.itemstore.mutex.strategy.ElectionStrategy.waitUntilLeader ]: Resetting predecessor:	'f255fe3b-128a-4f3a-b02e-0d9de0ef33d1'
2026-02-10 18:53:33.186 INFO  [ main -> org.tasktide.itemstore.mutex.strategy.ElectionStrategy.waitUntilLeader ]: Leadership acquired:	'f255fe3b-128a-4f3a-b02e-0d9de0ef33d1'
2026-02-10 18:53:33.189 INFO  [ main -> org.tasktide.itemstore.mutex.strategy.ElectionStrategy.waitUntilLeader ]: Verifying leadership:	'f255fe3b-128a-4f3a-b02e-0d9de0ef33d1'
2026-02-10 18:53:33.375 INFO  [ main -> org.tasktide.itemstore.mutex.strategy.ElectionStrategy.waitUntilLeader ]: Leadership verified:	'f255fe3b-128a-4f3a-b02e-0d9de0ef33d1'
2026-02-10 18:53:33.377 DEBUG [ main -> org.tasktide.itemstore.mutex.strategy.ElectionStrategy.apply ]: Active leader with Id:	'f255fe3b-128a-4f3a-b02e-0d9de0ef33d1'
2026-02-10 18:53:33.379 DEBUG [ main -> org.tasktide.itemstore.mutex.strategy.ElectionStrategy.apply ]: State set, writing mutex for:	'f255fe3b-128a-4f3a-b02e-0d9de0ef33d1'
2026-02-10 18:53:33.466 DEBUG [ main -> org.tasktide.itemstore.mutex.strategy.ElectionStrategy.apply ]: Mutex written for:	'f255fe3b-128a-4f3a-b02e-0d9de0ef33d1'
2026-02-10 18:53:33.543 INFO  [ main -> org.tasktide.itemstore.mutex.orchestrator.MutexOrchestrator.performLock ]: NFS Lock acquired for:	'f255fe3b-128a-4f3a-b02e-0d9de0ef33d1'
2026-02-10 18:53:33.545 INFO  [ main -> org.tasktide.itemstore.mutex.orchestrator.MutexOrchestrator.performLock ]: Confirming leadership:	'f255fe3b-128a-4f3a-b02e-0d9de0ef33d1'
2026-02-10 18:53:33.945 INFO  [ main -> org.tasktide.itemstore.mutex.orchestrator.MutexOrchestrator.confirmLeader ]: Leadership confirmed:	'f255fe3b-128a-4f3a-b02e-0d9de0ef33d1'
2026-02-10 18:53:33.947 INFO  [ main -> org.tasktide.itemstore.mutex.orchestrator.MutexOrchestrator.performLock ]: Leadership confirmed:	'f255fe3b-128a-4f3a-b02e-0d9de0ef33d1'
2026-02-10 18:53:33.948 INFO  [ main -> org.tasktide.itemstore.mutex.orchestrator.MutexOrchestrator.performLock ]: Waiting for FileChannel lock for:	'f255fe3b-128a-4f3a-b02e-0d9de0ef33d1'
2026-02-10 18:53:34.434 INFO  [ main -> org.tasktide.itemstore.mutex.orchestrator.MutexOrchestrator.performLock ]: File Channel Lock acquired for:	'f255fe3b-128a-4f3a-b02e-0d9de0ef33d1'
2026-02-10 18:53:34.437 INFO  [ main -> org.tasktide.itemstore.mutex.orchestrator.MutexOrchestrator.performLock ]: Lock successful for:	'f255fe3b-128a-4f3a-b02e-0d9de0ef33d1'
2026-02-10 18:53:35.019 INFO  [ main -> org.tasktide.itemstore.mutex.orchestrator.MutexOrchestrator.tryAcquireUntilSuccess ]: Process-1251 Completed with counter value:	'0'
2026-02-10 18:53:35.021 INFO  [ main -> org.tasktide.itemstore.mutex.orchestrator.MutexOrchestrator.tryAcquireUntilSuccess ]: Process-1251 Loop terminating with done = 'true', and counter = '0'
2026-02-10 18:53:35.040 INFO  [ main -> org.tasktide.itemstore.mutex.LockActionReleaseApp.main ]: APP-Writing '28' to data file:	'/mnt/c/Users/Brendan Kenna/GitHub/TaskTide/tasktide/itemstore/ItemStore-Mutex/multi-process.txt'
2026-02-10 18:53:35.048 INFO  [ main -> org.tasktide.itemstore.mutex.LockActionReleaseApp.main ]: APP-Record written, releasing lock
2026-02-10 18:53:35.049 INFO  [ main -> org.tasktide.itemstore.mutex.orchestrator.MutexOrchestrator.releaseLock ]: Releasing active lock
2026-02-10 18:53:35.050 INFO  [ main -> org.tasktide.itemstore.mutex.orchestrator.MutexOrchestrator.releaseActiveLock ]: Releasing FileChannel mutex
2026-02-10 18:53:35.266 INFO  [ main -> org.tasktide.itemstore.mutex.orchestrator.MutexOrchestrator.releaseActiveLock ]: Releasing NFS mutex:
'{
    "Election File": "/mnt/c/Users/Brendan Kenna/GitHub/TaskTide/tasktide/itemstore/ItemStore-Mutex/Queue/1770749610592.127-0-1-1_7762bd3e-b029-4e2b-9720-976147edc697_1089d02f-e85f-43d4-9af2-7ebfb430df98.lock",
    "End Jitter": "PT0.183S",
    "Host File": "/mnt/c/Users/Brendan Kenna/GitHub/TaskTide/tasktide/itemstore/ItemStore-Mutex/Host-Lock/1770749502078.127-0-1-1_7762bd3e-b029-4e2b-9720-976147edc697.lock",
    "Id": "f255fe3b-128a-4f3a-b02e-0d9de0ef33d1",
    "Lock Dir": "/mnt/c/Users/Brendan Kenna/GitHub/TaskTide/tasktide/itemstore/ItemStore-Mutex",
    "Lock File": "/mnt/c/Users/Brendan Kenna/GitHub/TaskTide/tasktide/itemstore/ItemStore-Mutex/lock-file.lock",
    "Mutex State": "LOCKED",
    "Retry Interval": "PT0.138S",
    "Stale File Threshold": "PT10S",
    "Start Jitter": "PT0.1S",
    "Timestamp": 1770749610592
}'
2026-02-10 18:53:35.281 INFO  [ main -> org.tasktide.itemstore.mutex.LockActionReleaseApp.main ]: APP-Lock released, test complete
