2026-02-17 17:18:50 INFO  [ main -> org.tasktide.tasktide.TaskTide.main ]: Configuring the CDI Container Provider
2026-02-17 17:18:51 INFO  [ main -> org.tasktide.tasktide.client.TaskTideClientUtility.configureCdiInstance ]: Starting 'Weld' container
2026-02-17 17:19:18 INFO  [ main -> org.tasktide.tasktide.TaskTide.main ]: Fetching TaskTide configs
2026-02-17 17:19:18 DEBUG [ main -> org.tasktide.tasktide.client.config.GlobalConfig.filePath ]: Argument is configured as:
'Argument{value=sqliteDbStore, refClass=class java.lang.String, name=File Path, shortFlag=-fp, longFlag=--file-path, description=Specifies the file path for RocksDB/Json repository, argType=GLOBAL}'
2026-02-17 17:19:18 DEBUG [ main -> org.tasktide.parser.CliParser.parse ]: Parsing global arguments:	N = '14'
2026-02-17 17:19:18 DEBUG [ main -> org.tasktide.parser.CliParser.parseFromMap ]: Parsing argument data:
'Argument{value=null, refClass=class java.lang.String, name=NoSQL Host:Port, shortFlag=-nsh, longFlag=--nosql-host, description=Specifies the backend NoSQL-DB host:port to use, argType=ACTION}'
2026-02-17 17:19:18 DEBUG [ main -> org.tasktide.parser.CliParser.parseFromMap ]: Fetched raw value of 'null'
2026-02-17 17:19:18 DEBUG [ main -> org.tasktide.parser.CliParser.parseFromMap ]: Parsing argument data:
'Argument{value=4, refClass=class java.lang.Integer, name=Token Expiration, shortFlag=-te, longFlag=--token-expiration, description=Specifies the token expiration limit, default is 4 days, argType=GLOBAL}'
2026-02-17 17:19:18 DEBUG [ main -> org.tasktide.parser.CliParser.parseFromMap ]: Fetched raw value of 'null'
2026-02-17 17:19:18 DEBUG [ main -> org.tasktide.parser.CliParser.parseFromMap ]: Parsing argument data:
'Argument{value=false, refClass=class java.lang.Boolean, name=Help, shortFlag=-h, longFlag=--help, description=Displays command-line documentation, argType=GLOBAL}'
2026-02-17 17:19:18 DEBUG [ main -> org.tasktide.parser.CliParser.parseFromMap ]: Fetched raw value of 'null'
2026-02-17 17:19:18 DEBUG [ main -> org.tasktide.parser.CliParser.parseFromMap ]: Parsing argument data:
'Argument{value=null, refClass=class java.lang.String, name=NoSQL Database Type, shortFlag=-dbt, longFlag=--nosql-database-type, description=Specifies the NoSQL Database Type: Document, KeyValue, Column, Graph, argType=ACTION}'
2026-02-17 17:19:18 DEBUG [ main -> org.tasktide.parser.CliParser.parseFromMap ]: Fetched raw value of 'null'
2026-02-17 17:19:18 DEBUG [ main -> org.tasktide.parser.CliParser.parseFromMap ]: Parsing argument data:
'Argument{value=, refClass=class java.lang.String, name=WorkItem Name, shortFlag=-win, longFlag=--work-item-collection-name, description=Specifies the WorkItem Collection Name to use, argType=GLOBAL}'
2026-02-17 17:19:18 DEBUG [ main -> org.tasktide.parser.CliParser.parseFromMap ]: Fetched raw value of 'null'
2026-02-17 17:19:18 DEBUG [ main -> org.tasktide.parser.CliParser.parseFromMap ]: Parsing argument data:
'Argument{value=null, refClass=class java.lang.String, name=NoSQL Database Provider, shortFlag=-dbt, longFlag=--nosql-database-provider, description=Specifies the NoSQL Software Name: Mongo, CouchDB etc, argType=ACTION}'
2026-02-17 17:19:18 DEBUG [ main -> org.tasktide.parser.CliParser.parseFromMap ]: Fetched raw value of 'null'
2026-02-17 17:19:18 DEBUG [ main -> org.tasktide.parser.CliParser.parseFromMap ]: Parsing argument data:
'Argument{value=Arbitrary, refClass=class java.lang.String, name=Workflow Name, shortFlag=-wn, longFlag=--workflow-name, description=Specifies the workflow name to use, argType=GLOBAL}'
2026-02-17 17:19:18 DEBUG [ main -> org.tasktide.parser.CliParser.parseFromMap ]: Fetched raw value of 'null'
2026-02-17 17:19:18 DEBUG [ main -> org.tasktide.parser.CliParser.parseFromMap ]: Parsing argument data:
'Argument{value=Arbitrary, refClass=class java.lang.String, name=Step Name, shortFlag=-sn, longFlag=--step-name, description=Specifies the step name to use, argType=GLOBAL}'
2026-02-17 17:19:18 DEBUG [ main -> org.tasktide.parser.CliParser.fetchRawValue ]: Parsing on next recod is data
2026-02-17 17:19:18 DEBUG [ main -> org.tasktide.parser.CliParser.parseFromMap ]: Fetched raw value of 'PingTest'
2026-02-17 17:19:18 DEBUG [ main -> org.tasktide.parser.CliParser.parseFromMap ]: Parsing argument data:
'Argument{value=dd/MM/yy HH:mm:ss, refClass=class java.lang.String, name=Date Format, shortFlag=-df, longFlag=--date-format, description=Specifies date format to use. Default is 'dd/MM/yy HH:mm:ss', argType=GLOBAL}'
2026-02-17 17:19:18 DEBUG [ main -> org.tasktide.parser.CliParser.parseFromMap ]: Fetched raw value of 'null'
2026-02-17 17:19:18 DEBUG [ main -> org.tasktide.parser.CliParser.parseFromMap ]: Parsing argument data:
'Argument{value=null, refClass=class java.lang.String, name=NoSQL Password, shortFlag=-nsp, longFlag=--nosql-password, description=Specifies the backend NoSQL-DB password to use, argType=ACTION}'
2026-02-17 17:19:18 DEBUG [ main -> org.tasktide.parser.CliParser.parseFromMap ]: Fetched raw value of 'null'
2026-02-17 17:19:18 DEBUG [ main -> org.tasktide.parser.CliParser.parseFromMap ]: Parsing argument data:
'Argument{value=null, refClass=class java.lang.String, name=NoSQL Provider Class, shortFlag=-nspc, longFlag=--nosql-provider-class, description=Specifies the backend NoSQL-DB Provider Class, argType=ACTION}'
2026-02-17 17:19:18 DEBUG [ main -> org.tasktide.parser.CliParser.parseFromMap ]: Fetched raw value of 'null'
2026-02-17 17:19:18 DEBUG [ main -> org.tasktide.parser.CliParser.parseFromMap ]: Parsing argument data:
'Argument{value=null, refClass=class java.lang.String, name=NoSQL User, shortFlag=-nsu, longFlag=--nosql-user, description=Specifies the backend NoSQL-DB Username to use, argType=ACTION}'
2026-02-17 17:19:18 DEBUG [ main -> org.tasktide.parser.CliParser.parseFromMap ]: Fetched raw value of 'null'
2026-02-17 17:19:18 DEBUG [ main -> org.tasktide.parser.CliParser.parseFromMap ]: Parsing argument data:
'Argument{value=sqliteDbStore, refClass=class java.lang.String, name=File Path, shortFlag=-fp, longFlag=--file-path, description=Specifies the file path for RocksDB/Json repository, argType=GLOBAL}'
2026-02-17 17:19:18 DEBUG [ main -> org.tasktide.parser.CliParser.fetchRawValue ]: Parsing on next recod is data
2026-02-17 17:19:18 DEBUG [ main -> org.tasktide.parser.CliParser.parseFromMap ]: Fetched raw value of './ItemStoreRepo/sqlite'
2026-02-17 17:19:18 DEBUG [ main -> org.tasktide.parser.CliParser.parseFromMap ]: Parsing argument data:
'Argument{value=sqlite, refClass=class java.lang.String, name=Repository Type, shortFlag=-rt, longFlag=--repository-type, description=Specifies the backend repository type: RocksDB, NoSQL, Json, argType=GLOBAL}'
2026-02-17 17:19:18 DEBUG [ main -> org.tasktide.parser.CliParser.fetchRawValue ]: Parsing on next recod is data
2026-02-17 17:19:18 DEBUG [ main -> org.tasktide.parser.CliParser.parseFromMap ]: Fetched raw value of 'sqlite'
2026-02-17 17:19:18 DEBUG [ main -> org.tasktide.parser.CliParser.parse ]: Parsing action arguments for:	'manager'
2026-02-17 17:19:18 DEBUG [ main -> org.tasktide.parser.CliParser.parseFromMap ]: Parsing argument data:
'Argument{value=, refClass=class java.lang.String, name=Target, shortFlag=-tgt, longFlag=--target, description=Target for manager action, argType=ACTION}'
2026-02-17 17:19:18 DEBUG [ main -> org.tasktide.parser.CliParser.fetchRawValue ]: Parsing on next recod is data
2026-02-17 17:19:18 DEBUG [ main -> org.tasktide.parser.CliParser.parseFromMap ]: Fetched raw value of 'WORKITEM'
2026-02-17 17:19:18 DEBUG [ main -> org.tasktide.parser.CliParser.parseFromMap ]: Parsing argument data:
'Argument{value=false, refClass=class java.lang.Boolean, name=Help, shortFlag=-h, longFlag=--help, description=Displays command-line documentation, argType=ACTION}'
2026-02-17 17:19:18 DEBUG [ main -> org.tasktide.parser.CliParser.parseFromMap ]: Fetched raw value of 'null'
2026-02-17 17:19:18 DEBUG [ main -> org.tasktide.parser.CliParser.parseFromMap ]: Parsing argument data:
'Argument{value=|, refClass=class java.lang.String, name=Delimiter, shortFlag=-d, longFlag=--delimiter, description=Defines the delimiter to use for im/export, argType=ACTION}'
2026-02-17 17:19:18 DEBUG [ main -> org.tasktide.parser.CliParser.fetchRawValue ]: Parsing on next recod is data
2026-02-17 17:19:18 DEBUG [ main -> org.tasktide.parser.CliParser.parseFromMap ]: Fetched raw value of '|'
2026-02-17 17:19:18 DEBUG [ main -> org.tasktide.parser.CliParser.parseFromMap ]: Parsing argument data:
'Argument{value=, refClass=class java.lang.String, name=Query String, shortFlag=-qs, longFlag=--query-string, description=JSON formatted string:	 '{'Field': 'Value'}', argType=ACTION}'
2026-02-17 17:19:18 DEBUG [ main -> org.tasktide.parser.CliParser.parseFromMap ]: Fetched raw value of 'null'
2026-02-17 17:19:18 DEBUG [ main -> org.tasktide.parser.CliParser.parseFromMap ]: Parsing argument data:
'Argument{value=, refClass=class java.lang.String, name=Target File, shortFlag=-f, longFlag=--target-file, description=Defines the full file path for import, argType=ACTION}'
2026-02-17 17:19:18 DEBUG [ main -> org.tasktide.parser.CliParser.fetchRawValue ]: Parsing on next recod is data
2026-02-17 17:19:18 DEBUG [ main -> org.tasktide.parser.CliParser.parseFromMap ]: Fetched raw value of '../../../tasktide/tasktide/src/test/resources/singleTaskImports.txt'
2026-02-17 17:19:18 DEBUG [ main -> org.tasktide.parser.CliParser.parseFromMap ]: Parsing argument data:
'Argument{value=import, refClass=class java.lang.String, name=Method, shortFlag=-m, longFlag=--method, description=Whether to run import or export, argType=ACTION}'
2026-02-17 17:19:18 DEBUG [ main -> org.tasktide.parser.CliParser.fetchRawValue ]: Parsing on next recod is data
2026-02-17 17:19:18 DEBUG [ main -> org.tasktide.parser.CliParser.parseFromMap ]: Fetched raw value of 'Import'
2026-02-17 17:19:18 DEBUG [ main -> org.tasktide.parser.CliParser.parseFromMap ]: Parsing argument data:
'Argument{value=, refClass=class java.lang.String, name=ItemId, shortFlag=-ii, longFlag=--itemId, description=ItemId over which the required ManagerAction is taken, argType=ACTION}'
2026-02-17 17:19:18 DEBUG [ main -> org.tasktide.parser.CliParser.parseFromMap ]: Fetched raw value of 'null'
2026-02-17 17:19:18 DEBUG [ main -> org.tasktide.parser.CliParser.parseFromMap ]: Parsing argument data:
'Argument{value=, refClass=class java.lang.String, name=Nested Delimiter, shortFlag=-nd, longFlag=--nested-delimiter, description=Defines the ItemTask delimiter if required, argType=ACTION}'
2026-02-17 17:19:18 DEBUG [ main -> org.tasktide.parser.CliParser.parseFromMap ]: Fetched raw value of 'null'
2026-02-17 17:19:18 DEBUG [ main -> org.tasktide.tasktide.client.ClientConfigMap.whichClient ]: Evaluating client module for:	'manager'
2026-02-17 17:19:18 INFO  [ main -> org.tasktide.tasktide.client.TaskTideClientUtility.fetchRepoType ]: Querying configured repo type:	'sqlite'
2026-02-17 17:19:18 INFO  [ main -> org.tasktide.tasktide.TaskTide.main ]: Fetching the TaskTideServiceManager for 'Item Store' Repository
2026-02-17 17:19:18 INFO  [ main -> org.tasktide.tasktide.client.TaskTideClientUtility.initServiceManager ]: Configuring ItemStore ServiceManager
2026-02-17 17:19:18 DEBUG [ main -> org.tasktide.tasktide.client.TaskTideClientUtility.initItemStoreServiceManager ]: Repository FilePath is:	'./ItemStoreRepo/sqlite'
2026-02-17 17:19:18 INFO  [ main -> org.tasktide.core.repository.itemstore_repo.ItemStoreRepositoryUtility.fetchItemStoreMap ]: Prcessing ItemStore from under:	'./ItemStoreRepo/sqlite'
2026-02-17 17:19:18 DEBUG [ main -> org.tasktide.core.repository.itemstore_repo.ItemStoreRepositoryUtility.fetchItemStore ]: ItemStore Directory created under:	'./ItemStoreRepo/sqlite/WORKITEM'
2026-02-17 17:19:18 INFO  [ main -> org.tasktide.itemstore.SqliteStore.initItemStore ]: Initializing DB
2026-02-17 17:19:18 DEBUG [ main -> org.tasktide.itemstore.AbstractItemStore.waitForLock ]: Waiting for
2026-02-17 17:19:18 INFO  [ main -> org.tasktide.itemstore.AbstractItemStore.waitForMutex ]: Acquiring mutex
2026-02-17 17:19:22 INFO  [ main -> org.tasktide.itemstore.AbstractItemStore.waitForMutex ]: Mutex acquired
2026-02-17 17:19:23 INFO  [ main -> org.tasktide.itemstore.AbstractItemStore.releaseMutex ]: Releasing mutex
2026-02-17 17:19:23 INFO  [ main -> org.tasktide.itemstore.AbstractItemStore.releaseMutex ]: Released mutex
2026-02-17 17:19:23 DEBUG [ main -> org.tasktide.core.repository.itemstore_repo.ItemStoreRepositoryUtility.fetchItemStore ]: ItemStore Directory created under:	'./ItemStoreRepo/sqlite/STEP'
2026-02-17 17:19:23 WARN  [ main -> org.tasktide.itemstore.AbstractItemStore.<init> ]: Mutex already configured
2026-02-17 17:19:23 INFO  [ main -> org.tasktide.itemstore.SqliteStore.initItemStore ]: Initializing DB under active mutex
2026-02-17 17:19:23 DEBUG [ main -> org.tasktide.core.repository.itemstore_repo.ItemStoreRepositoryUtility.fetchItemStore ]: ItemStore Directory created under:	'./ItemStoreRepo/sqlite/WORKFLOW'
2026-02-17 17:19:23 WARN  [ main -> org.tasktide.itemstore.AbstractItemStore.<init> ]: Mutex already configured
2026-02-17 17:19:23 INFO  [ main -> org.tasktide.itemstore.SqliteStore.initItemStore ]: Initializing DB under active mutex
2026-02-17 17:19:23 DEBUG [ main -> org.tasktide.core.repository.itemstore_repo.ItemStoreRepositoryUtility.fetchItemStore ]: ItemStore Directory created under:	'./ItemStoreRepo/sqlite/JOB_ENVIRONMENT'
2026-02-17 17:19:23 WARN  [ main -> org.tasktide.itemstore.AbstractItemStore.<init> ]: Mutex already configured
2026-02-17 17:19:23 INFO  [ main -> org.tasktide.itemstore.SqliteStore.initItemStore ]: Initializing DB under active mutex
2026-02-17 17:19:23 DEBUG [ main -> org.tasktide.core.repository.itemstore_repo.ItemStoreRepositoryUtility.fetchItemStore ]: ItemStore Directory created under:	'./ItemStoreRepo/sqlite/METRIC_DATA'
2026-02-17 17:19:23 WARN  [ main -> org.tasktide.itemstore.AbstractItemStore.<init> ]: Mutex already configured
2026-02-17 17:19:23 INFO  [ main -> org.tasktide.itemstore.SqliteStore.initItemStore ]: Initializing DB under active mutex
2026-02-17 17:19:24 DEBUG [ main -> org.tasktide.core.repository.itemstore_repo.ItemStoreRepositoryUtility.fetchItemStore ]: ItemStore Directory created under:	'./ItemStoreRepo/sqlite/METRIC_PROFILE'
2026-02-17 17:19:24 WARN  [ main -> org.tasktide.itemstore.AbstractItemStore.<init> ]: Mutex already configured
2026-02-17 17:19:24 INFO  [ main -> org.tasktide.itemstore.SqliteStore.initItemStore ]: Initializing DB under active mutex
2026-02-17 17:19:24 INFO  [ main -> org.tasktide.itemstore.AbstractItemStore.releaseMutex ]: Releasing mutex
2026-02-17 17:19:24 INFO  [ main -> org.tasktide.itemstore.AbstractItemStore.releaseMutex ]: Released mutex
2026-02-17 17:19:24 DEBUG [ main -> org.tasktide.core.repository.itemstore_repo.ItemStoreRepositoryUtility.initServiceManager ]: Displaying configured service manager:
'{
    "METRIC_PROFILE": {
        "configured": true,
        "repo": {
            "collectionName": "MetricProfile",
            "repositoryMetaData": {
                "Collection Name": "MetricProfile",
                "Model Class": "MetricProfile",
                "Repository Type": "Item Store"
            }
        }
    },
    "STEP": {
        "configured": true,
        "repo": {
            "collectionName": "Step-Service",
            "repositoryMetaData": {
                "Collection Name": "Step-Service",
                "Model Class": "Step",
                "Repository Type": "Item Store"
            }
        }
    },
    "WORKFLOW": {
        "configured": true,
        "repo": {
            "collectionName": "Workflow-Service",
            "repositoryMetaData": {
                "Collection Name": "Workflow-Service",
                "Model Class": "Workflow",
                "Repository Type": "Item Store"
            }
        }
    },
    "JOB_ENVIRONMENT": {
        "configured": true,
        "repo": {
            "collectionName": "JobEnvironment",
            "repositoryMetaData": {
                "Collection Name": "JobEnvironment",
                "Model Class": "JobEnvironment",
                "Repository Type": "Item Store"
            }
        }
    },
    "WORKITEM": {
        "configured": true,
        "lockWaitTime": 4,
        "repo": {
            "collectionName": "WorkItem-Service",
            "repositoryMetaData": {
                "Collection Name": "WorkItem-Service",
                "Model Class": "WorkItem",
                "Repository Type": "Item Store"
            }
        }
    },
    "METRIC_DATA": {
        "configured": true,
        "repo": {
            "collectionName": "MetricData",
            "repositoryMetaData": {
                "Collection Name": "MetricData",
                "Model Class": "MetricData",
                "Repository Type": "Item Store"
            }
        }
    }
}'
2026-02-17 17:19:24 INFO  [ main -> org.tasktide.tasktide.TaskTide.main ]: ServiceManager state is now:	'true'
2026-02-17 17:19:24 INFO  [ main -> org.tasktide.tasktide.TaskTide.main ]: Constructing client:	'Manager'
2026-02-17 17:19:24 INFO  [ main -> org.tasktide.tasktide.client.TaskTideManagerClient.performClientTask ]: Executing ManagerCommand:
'{
    "Command Spec": {
        "File Path": "../../../tasktide/tasktide/src/test/resources/singleTaskImports.txt",
        "Options": {
            "Item Id": "",
            "Delimiter": "|",
            "Step Name": "PingTest",
            "Nested Delimiter": ""
        },
        "Query String": ""
    },
    "Command Type": "BATCH_CREATE",
    "Manager Action": "IMPORT",
    "Manager Target": "WORKITEM"
}'
2026-02-17 17:19:24 INFO  [ main -> org.tasktide.core.manager.command.commands.ImportCommand.importFile ]: Evaluating nested delimiter of value ''
2026-02-17 17:19:24 INFO  [ main -> org.tasktide.core.manager.command.commands.ImportCommand.importFile ]: No nested delimiter detected, importing as single tasks
2026-02-17 17:19:24 INFO  [ main -> org.tasktide.core.manager.file_handler.ImportCommandRecordProcessor.recordProcessor ]: Fetching StepId for Step Name:	'PingTest'
2026-02-17 17:19:24 DEBUG [ main -> org.tasktide.itemstore.AbstractItemStore.waitForLock ]: Waiting for
2026-02-17 17:19:24 INFO  [ main -> org.tasktide.itemstore.AbstractItemStore.waitForMutex ]: Acquiring mutex
2026-02-17 17:19:27 INFO  [ main -> org.tasktide.itemstore.AbstractItemStore.waitForMutex ]: Mutex acquired
2026-02-17 17:19:27 INFO  [ main -> org.tasktide.itemstore.AbstractItemStore.releaseMutex ]: Releasing mutex
2026-02-17 17:19:27 INFO  [ main -> org.tasktide.itemstore.AbstractItemStore.releaseMutex ]: Released mutex
2026-02-17 17:19:27 INFO  [ main -> org.tasktide.core.manager.TaskTideManagerUtility.fetchStepId ]: No step detected, begining creation for:
'PingTest'
2026-02-17 17:19:27 INFO  [ main -> org.tasktide.core.manager.TaskTideManagerUtility.handleWorkflowForStep ]: No workflow assigned to step, proceeding with StepName:
'{
    "StepCount": 0,
    "StepId": "Step-82c69546-61c0-413f-9e9b-c68f99ca12cf",
    "StepName": "PingTest",
    "StepState": "PENDING",
    "StepsDone": 0,
    "StepsError": 0,
    "StepsLocked": 0,
    "StepsToDo": 0,
    "annotations": {
        "Annotations": {
        },
        "id": "CustomAnnotation-688eb5ae-ded4-42c0-8a4a-c9c938ccd152"
    }
}'
2026-02-17 17:19:27 DEBUG [ main -> org.tasktide.itemstore.AbstractItemStore.waitForLock ]: Waiting for
2026-02-17 17:19:27 INFO  [ main -> org.tasktide.itemstore.AbstractItemStore.waitForMutex ]: Acquiring mutex
2026-02-17 17:19:30 INFO  [ main -> org.tasktide.itemstore.AbstractItemStore.waitForMutex ]: Mutex acquired
2026-02-17 17:19:30 INFO  [ main -> org.tasktide.itemstore.AbstractItemStore.releaseMutex ]: Releasing mutex
2026-02-17 17:19:31 INFO  [ main -> org.tasktide.itemstore.AbstractItemStore.releaseMutex ]: Released mutex
2026-02-17 17:19:31 INFO  [ main -> org.tasktide.core.manager.TaskTideManagerUtility.handleWorkflowForStep ]: No workflow detected, configuring for:	'PingTest'
2026-02-17 17:19:31 INFO  [ main -> org.tasktide.core.manager.TaskTideManagerUtility.fetchWorkflowId ]: Fetching workflow for query:	'PingTest'
2026-02-17 17:19:31 DEBUG [ main -> org.tasktide.itemstore.AbstractItemStore.waitForLock ]: Waiting for
2026-02-17 17:19:31 INFO  [ main -> org.tasktide.itemstore.AbstractItemStore.waitForMutex ]: Acquiring mutex
2026-02-17 17:19:34 INFO  [ main -> org.tasktide.itemstore.AbstractItemStore.waitForMutex ]: Mutex acquired
2026-02-17 17:19:34 INFO  [ main -> org.tasktide.itemstore.AbstractItemStore.releaseMutex ]: Releasing mutex
2026-02-17 17:19:35 INFO  [ main -> org.tasktide.itemstore.AbstractItemStore.releaseMutex ]: Released mutex
2026-02-17 17:19:35 INFO  [ main -> org.tasktide.core.manager.TaskTideManagerUtility.fetchWorkflowId ]: No workflow detected, configuring:	'PingTest'
2026-02-17 17:19:35 DEBUG [ main -> org.tasktide.itemstore.AbstractItemStore.waitForLock ]: Waiting for
2026-02-17 17:19:35 INFO  [ main -> org.tasktide.itemstore.AbstractItemStore.waitForMutex ]: Acquiring mutex
2026-02-17 17:19:38 INFO  [ main -> org.tasktide.itemstore.AbstractItemStore.waitForMutex ]: Mutex acquired
2026-02-17 17:19:38 INFO  [ main -> org.tasktide.itemstore.AbstractItemStore.releaseMutex ]: Releasing mutex
2026-02-17 17:19:38 INFO  [ main -> org.tasktide.itemstore.AbstractItemStore.releaseMutex ]: Released mutex
2026-02-17 17:19:38 DEBUG [ main -> org.tasktide.itemstore.AbstractItemStore.waitForLock ]: Waiting for
2026-02-17 17:19:38 INFO  [ main -> org.tasktide.itemstore.AbstractItemStore.waitForMutex ]: Acquiring mutex
2026-02-17 17:19:42 INFO  [ main -> org.tasktide.itemstore.AbstractItemStore.waitForMutex ]: Mutex acquired
2026-02-17 17:19:42 INFO  [ main -> org.tasktide.itemstore.AbstractItemStore.releaseMutex ]: Releasing mutex
2026-02-17 17:19:42 INFO  [ main -> org.tasktide.itemstore.AbstractItemStore.releaseMutex ]: Released mutex
2026-02-17 17:19:42 DEBUG [ main -> org.tasktide.itemstore.AbstractItemStore.waitForLock ]: Waiting for
2026-02-17 17:19:42 INFO  [ main -> org.tasktide.itemstore.AbstractItemStore.waitForMutex ]: Acquiring mutex
2026-02-17 17:19:46 INFO  [ main -> org.tasktide.itemstore.AbstractItemStore.waitForMutex ]: Mutex acquired
2026-02-17 17:19:46 INFO  [ main -> org.tasktide.itemstore.AbstractItemStore.releaseMutex ]: Releasing mutex
2026-02-17 17:19:46 INFO  [ main -> org.tasktide.itemstore.AbstractItemStore.releaseMutex ]: Released mutex
2026-02-17 17:19:46 DEBUG [ main -> org.tasktide.itemstore.AbstractItemStore.waitForLock ]: Waiting for
2026-02-17 17:19:46 INFO  [ main -> org.tasktide.itemstore.AbstractItemStore.waitForMutex ]: Acquiring mutex
2026-02-17 17:19:49 INFO  [ main -> org.tasktide.itemstore.AbstractItemStore.waitForMutex ]: Mutex acquired
2026-02-17 17:19:49 INFO  [ main -> org.tasktide.itemstore.AbstractItemStore.releaseMutex ]: Releasing mutex
2026-02-17 17:19:50 INFO  [ main -> org.tasktide.itemstore.AbstractItemStore.releaseMutex ]: Released mutex
2026-02-17 17:19:50 DEBUG [ main -> org.tasktide.itemstore.AbstractItemStore.waitForLock ]: Waiting for
2026-02-17 17:19:50 INFO  [ main -> org.tasktide.itemstore.AbstractItemStore.waitForMutex ]: Acquiring mutex
2026-02-17 17:19:53 INFO  [ main -> org.tasktide.itemstore.AbstractItemStore.waitForMutex ]: Mutex acquired
2026-02-17 17:19:53 INFO  [ main -> org.tasktide.itemstore.AbstractItemStore.releaseMutex ]: Releasing mutex
2026-02-17 17:19:54 INFO  [ main -> org.tasktide.itemstore.AbstractItemStore.releaseMutex ]: Released mutex
2026-02-17 17:19:54 INFO  [ main -> org.tasktide.tasktide.client.TaskTideManagerClient.performClientTask ]: Displaying results:	'true'
2026-02-17 17:19:54 INFO  [ main -> org.tasktide.tasktide.TaskTide.main ]: TaskTideClient completed, tearing down container
2026-02-17 17:21:27 INFO  [ main -> org.tasktide.tasktide.TaskTide.main ]: Configuring the CDI Container Provider
2026-02-17 17:21:28 INFO  [ main -> org.tasktide.tasktide.client.TaskTideClientUtility.configureCdiInstance ]: Starting 'Weld' container
2026-02-17 17:21:51 INFO  [ main -> org.tasktide.tasktide.TaskTide.main ]: Fetching TaskTide configs
2026-02-17 17:21:51 DEBUG [ main -> org.tasktide.tasktide.client.config.GlobalConfig.filePath ]: Argument is configured as:
'Argument{value=sqliteDbStore, refClass=class java.lang.String, name=File Path, shortFlag=-fp, longFlag=--file-path, description=Specifies the file path for RocksDB/Json repository, argType=GLOBAL}'
2026-02-17 17:21:51 DEBUG [ main -> org.tasktide.parser.CliParser.parse ]: Parsing global arguments:	N = '14'
2026-02-17 17:21:51 DEBUG [ main -> org.tasktide.parser.CliParser.parseFromMap ]: Parsing argument data:
'Argument{value=null, refClass=class java.lang.String, name=NoSQL Host:Port, shortFlag=-nsh, longFlag=--nosql-host, description=Specifies the backend NoSQL-DB host:port to use, argType=ACTION}'
2026-02-17 17:21:51 DEBUG [ main -> org.tasktide.parser.CliParser.parseFromMap ]: Fetched raw value of 'null'
2026-02-17 17:21:51 DEBUG [ main -> org.tasktide.parser.CliParser.parseFromMap ]: Parsing argument data:
'Argument{value=4, refClass=class java.lang.Integer, name=Token Expiration, shortFlag=-te, longFlag=--token-expiration, description=Specifies the token expiration limit, default is 4 days, argType=GLOBAL}'
2026-02-17 17:21:51 DEBUG [ main -> org.tasktide.parser.CliParser.parseFromMap ]: Fetched raw value of 'null'
2026-02-17 17:21:51 DEBUG [ main -> org.tasktide.parser.CliParser.parseFromMap ]: Parsing argument data:
'Argument{value=false, refClass=class java.lang.Boolean, name=Help, shortFlag=-h, longFlag=--help, description=Displays command-line documentation, argType=GLOBAL}'
2026-02-17 17:21:51 DEBUG [ main -> org.tasktide.parser.CliParser.parseFromMap ]: Fetched raw value of 'null'
2026-02-17 17:21:51 DEBUG [ main -> org.tasktide.parser.CliParser.parseFromMap ]: Parsing argument data:
'Argument{value=null, refClass=class java.lang.String, name=NoSQL Database Type, shortFlag=-dbt, longFlag=--nosql-database-type, description=Specifies the NoSQL Database Type: Document, KeyValue, Column, Graph, argType=ACTION}'
2026-02-17 17:21:51 DEBUG [ main -> org.tasktide.parser.CliParser.parseFromMap ]: Fetched raw value of 'null'
2026-02-17 17:21:51 DEBUG [ main -> org.tasktide.parser.CliParser.parseFromMap ]: Parsing argument data:
'Argument{value=, refClass=class java.lang.String, name=WorkItem Name, shortFlag=-win, longFlag=--work-item-collection-name, description=Specifies the WorkItem Collection Name to use, argType=GLOBAL}'
2026-02-17 17:21:51 DEBUG [ main -> org.tasktide.parser.CliParser.parseFromMap ]: Fetched raw value of 'null'
2026-02-17 17:21:51 DEBUG [ main -> org.tasktide.parser.CliParser.parseFromMap ]: Parsing argument data:
'Argument{value=null, refClass=class java.lang.String, name=NoSQL Database Provider, shortFlag=-dbt, longFlag=--nosql-database-provider, description=Specifies the NoSQL Software Name: Mongo, CouchDB etc, argType=ACTION}'
2026-02-17 17:21:51 DEBUG [ main -> org.tasktide.parser.CliParser.parseFromMap ]: Fetched raw value of 'null'
2026-02-17 17:21:51 DEBUG [ main -> org.tasktide.parser.CliParser.parseFromMap ]: Parsing argument data:
'Argument{value=Arbitrary, refClass=class java.lang.String, name=Workflow Name, shortFlag=-wn, longFlag=--workflow-name, description=Specifies the workflow name to use, argType=GLOBAL}'
2026-02-17 17:21:51 DEBUG [ main -> org.tasktide.parser.CliParser.parseFromMap ]: Fetched raw value of 'null'
2026-02-17 17:21:51 DEBUG [ main -> org.tasktide.parser.CliParser.parseFromMap ]: Parsing argument data:
'Argument{value=Arbitrary, refClass=class java.lang.String, name=Step Name, shortFlag=-sn, longFlag=--step-name, description=Specifies the step name to use, argType=GLOBAL}'
2026-02-17 17:21:51 DEBUG [ main -> org.tasktide.parser.CliParser.fetchRawValue ]: Parsing on next recod is data
2026-02-17 17:21:51 DEBUG [ main -> org.tasktide.parser.CliParser.parseFromMap ]: Fetched raw value of 'PingTest'
2026-02-17 17:21:51 DEBUG [ main -> org.tasktide.parser.CliParser.parseFromMap ]: Parsing argument data:
'Argument{value=dd/MM/yy HH:mm:ss, refClass=class java.lang.String, name=Date Format, shortFlag=-df, longFlag=--date-format, description=Specifies date format to use. Default is 'dd/MM/yy HH:mm:ss', argType=GLOBAL}'
2026-02-17 17:21:51 DEBUG [ main -> org.tasktide.parser.CliParser.parseFromMap ]: Fetched raw value of 'null'
2026-02-17 17:21:51 DEBUG [ main -> org.tasktide.parser.CliParser.parseFromMap ]: Parsing argument data:
'Argument{value=null, refClass=class java.lang.String, name=NoSQL Password, shortFlag=-nsp, longFlag=--nosql-password, description=Specifies the backend NoSQL-DB password to use, argType=ACTION}'
2026-02-17 17:21:51 DEBUG [ main -> org.tasktide.parser.CliParser.parseFromMap ]: Fetched raw value of 'null'
2026-02-17 17:21:51 DEBUG [ main -> org.tasktide.parser.CliParser.parseFromMap ]: Parsing argument data:
'Argument{value=null, refClass=class java.lang.String, name=NoSQL Provider Class, shortFlag=-nspc, longFlag=--nosql-provider-class, description=Specifies the backend NoSQL-DB Provider Class, argType=ACTION}'
2026-02-17 17:21:51 DEBUG [ main -> org.tasktide.parser.CliParser.parseFromMap ]: Fetched raw value of 'null'
2026-02-17 17:21:51 DEBUG [ main -> org.tasktide.parser.CliParser.parseFromMap ]: Parsing argument data:
'Argument{value=null, refClass=class java.lang.String, name=NoSQL User, shortFlag=-nsu, longFlag=--nosql-user, description=Specifies the backend NoSQL-DB Username to use, argType=ACTION}'
2026-02-17 17:21:51 DEBUG [ main -> org.tasktide.parser.CliParser.parseFromMap ]: Fetched raw value of 'null'
2026-02-17 17:21:51 DEBUG [ main -> org.tasktide.parser.CliParser.parseFromMap ]: Parsing argument data:
'Argument{value=sqliteDbStore, refClass=class java.lang.String, name=File Path, shortFlag=-fp, longFlag=--file-path, description=Specifies the file path for RocksDB/Json repository, argType=GLOBAL}'
2026-02-17 17:21:51 DEBUG [ main -> org.tasktide.parser.CliParser.fetchRawValue ]: Parsing on next recod is data
2026-02-17 17:21:51 DEBUG [ main -> org.tasktide.parser.CliParser.parseFromMap ]: Fetched raw value of './ItemStoreRepo/sqlite'
2026-02-17 17:21:51 DEBUG [ main -> org.tasktide.parser.CliParser.parseFromMap ]: Parsing argument data:
'Argument{value=sqlite, refClass=class java.lang.String, name=Repository Type, shortFlag=-rt, longFlag=--repository-type, description=Specifies the backend repository type: RocksDB, NoSQL, Json, argType=GLOBAL}'
2026-02-17 17:21:51 DEBUG [ main -> org.tasktide.parser.CliParser.fetchRawValue ]: Parsing on next recod is data
2026-02-17 17:21:51 DEBUG [ main -> org.tasktide.parser.CliParser.parseFromMap ]: Fetched raw value of 'sqlite'
2026-02-17 17:21:51 DEBUG [ main -> org.tasktide.parser.CliParser.parse ]: Parsing action arguments for:	'engine'
2026-02-17 17:21:51 DEBUG [ main -> org.tasktide.parser.CliParser.parseFromMap ]: Parsing argument data:
'Argument{value=false, refClass=class java.lang.Boolean, name=Help, shortFlag=-h, longFlag=--help, description=Displays command-line documentation, argType=ACTION}'
2026-02-17 17:21:51 DEBUG [ main -> org.tasktide.parser.CliParser.parseFromMap ]: Fetched raw value of 'null'
2026-02-17 17:21:51 DEBUG [ main -> org.tasktide.parser.CliParser.parseFromMap ]: Parsing argument data:
'Argument{value=, refClass=class java.lang.String, name=Pilot Label Annotation, shortFlag=-pla, longFlag=--pilot-label-annotation, description=For early task binding to pilot job, argType=ACTION}'
2026-02-17 17:21:51 DEBUG [ main -> org.tasktide.parser.CliParser.parseFromMap ]: Fetched raw value of 'null'
2026-02-17 17:21:51 DEBUG [ main -> org.tasktide.parser.CliParser.parseFromMap ]: Parsing argument data:
'Argument{value=1, refClass=class java.lang.Integer, name=WorkItem SubTasking Threshold, shortFlag=-ws, longFlag=--work-item-sub-task-threshold, description=Defines the numbers of WorkItems which are processed as a workload by its ThreadPool, argType=ACTION}'
2026-02-17 17:21:51 DEBUG [ main -> org.tasktide.parser.CliParser.parseFromMap ]: Fetched raw value of 'null'
2026-02-17 17:21:51 DEBUG [ main -> org.tasktide.parser.CliParser.parseFromMap ]: Parsing argument data:
'Argument{value=batch, refClass=class java.lang.String, name=Execution Policy, shortFlag=-ep, longFlag=--execution-policy, description=Execution policy of engine:	Batch (Default), Service, argType=ACTION}'
2026-02-17 17:21:51 DEBUG [ main -> org.tasktide.parser.CliParser.fetchRawValue ]: Parsing on next recod is data
2026-02-17 17:21:51 DEBUG [ main -> org.tasktide.parser.CliParser.parseFromMap ]: Fetched raw value of 'service'
2026-02-17 17:21:51 DEBUG [ main -> org.tasktide.parser.CliParser.parseFromMap ]: Parsing argument data:
'Argument{value=1, refClass=class java.lang.Integer, name=ItemTask Threads, shortFlag=-i, longFlag=--item-task-threads, description=Defines the number of threads that item task processing can be distributed to, argType=ACTION}'
2026-02-17 17:21:51 DEBUG [ main -> org.tasktide.parser.CliParser.parseFromMap ]: Fetched raw value of 'null'
2026-02-17 17:21:51 DEBUG [ main -> org.tasktide.parser.CliParser.parseFromMap ]: Parsing argument data:
'Argument{value=1000000, refClass=class java.lang.Integer, name=TimeKeeper Wall Time, shortFlag=-t, longFlag=--max-wall-time, description=Configures the max wall-time for task processing in __, argType=ACTION}'
2026-02-17 17:21:51 DEBUG [ main -> org.tasktide.parser.CliParser.parseFromMap ]: Fetched raw value of 'null'
2026-02-17 17:21:51 DEBUG [ main -> org.tasktide.parser.CliParser.parseFromMap ]: Parsing argument data:
'Argument{value=1, refClass=class java.lang.Integer, name=WorkItem Threads, shortFlag=-w, longFlag=--work-item-threads, description=Defines the number of threads that work item processing can be distributed to, argType=ACTION}'
2026-02-17 17:21:51 DEBUG [ main -> org.tasktide.parser.CliParser.fetchRawValue ]: Parsing on next recod is data
2026-02-17 17:21:51 DEBUG [ main -> org.tasktide.parser.CliParser.parseFromMap ]: Fetched raw value of '5'
2026-02-17 17:21:51 DEBUG [ main -> org.tasktide.parser.CliParser.parseFromMap ]: Parsing argument data:
'Argument{value=1, refClass=class java.lang.Integer, name=ItemTask SubTasking Threshold, shortFlag=-is, longFlag=--item-task-sub-task-threshold, description=Defines the numbers of ItemTasks which are processed as a workload by its ThreadPool, argType=ACTION}'
2026-02-17 17:21:51 DEBUG [ main -> org.tasktide.parser.CliParser.parseFromMap ]: Fetched raw value of 'null'
2026-02-17 17:21:51 DEBUG [ main -> org.tasktide.parser.CliParser.parseFromMap ]: Parsing argument data:
'Argument{value=, refClass=class java.lang.String, name=Pilot Label Key, shortFlag=-plk, longFlag=--pilot-label-key, description=For early task binding to pilot job, argType=ACTION}'
2026-02-17 17:21:51 DEBUG [ main -> org.tasktide.parser.CliParser.parseFromMap ]: Fetched raw value of 'null'
2026-02-17 17:21:51 DEBUG [ main -> org.tasktide.parser.CliParser.parseFromMap ]: Parsing argument data:
'Argument{value=, refClass=class java.lang.String, name=Pilot Label Value, shortFlag=-plv, longFlag=--pilot-label-value, description=For early task binding to pilot job, argType=ACTION}'
2026-02-17 17:21:51 DEBUG [ main -> org.tasktide.parser.CliParser.parseFromMap ]: Fetched raw value of 'null'
2026-02-17 17:21:51 DEBUG [ main -> org.tasktide.tasktide.client.ClientConfigMap.whichClient ]: Evaluating client module for:	'engine'
2026-02-17 17:21:51 INFO  [ main -> org.tasktide.tasktide.client.TaskTideClientUtility.fetchRepoType ]: Querying configured repo type:	'sqlite'
2026-02-17 17:21:51 INFO  [ main -> org.tasktide.tasktide.TaskTide.main ]: Fetching the TaskTideServiceManager for 'Item Store' Repository
2026-02-17 17:21:51 INFO  [ main -> org.tasktide.tasktide.client.TaskTideClientUtility.initServiceManager ]: Configuring ItemStore ServiceManager
2026-02-17 17:21:51 DEBUG [ main -> org.tasktide.tasktide.client.TaskTideClientUtility.initItemStoreServiceManager ]: Repository FilePath is:	'./ItemStoreRepo/sqlite'
2026-02-17 17:21:51 INFO  [ main -> org.tasktide.core.repository.itemstore_repo.ItemStoreRepositoryUtility.fetchItemStoreMap ]: Prcessing ItemStore from under:	'./ItemStoreRepo/sqlite'
2026-02-17 17:21:51 DEBUG [ main -> org.tasktide.core.repository.itemstore_repo.ItemStoreRepositoryUtility.fetchItemStore ]: ItemStore Directory created under:	'./ItemStoreRepo/sqlite/WORKITEM'
2026-02-17 17:21:52 INFO  [ main -> org.tasktide.itemstore.SqliteStore.initItemStore ]: Initializing DB
2026-02-17 17:21:52 DEBUG [ main -> org.tasktide.itemstore.AbstractItemStore.waitForLock ]: Waiting for
2026-02-17 17:21:52 INFO  [ main -> org.tasktide.itemstore.AbstractItemStore.waitForMutex ]: Acquiring mutex
2026-02-17 17:21:56 INFO  [ main -> org.tasktide.itemstore.AbstractItemStore.waitForMutex ]: Mutex acquired
2026-02-17 17:21:57 INFO  [ main -> org.tasktide.itemstore.AbstractItemStore.releaseMutex ]: Releasing mutex
2026-02-17 17:21:57 INFO  [ main -> org.tasktide.itemstore.AbstractItemStore.releaseMutex ]: Released mutex
2026-02-17 17:21:57 DEBUG [ main -> org.tasktide.core.repository.itemstore_repo.ItemStoreRepositoryUtility.fetchItemStore ]: ItemStore Directory created under:	'./ItemStoreRepo/sqlite/STEP'
2026-02-17 17:21:57 WARN  [ main -> org.tasktide.itemstore.AbstractItemStore.<init> ]: Mutex already configured
2026-02-17 17:21:57 INFO  [ main -> org.tasktide.itemstore.SqliteStore.initItemStore ]: Initializing DB under active mutex
2026-02-17 17:21:58 DEBUG [ main -> org.tasktide.core.repository.itemstore_repo.ItemStoreRepositoryUtility.fetchItemStore ]: ItemStore Directory created under:	'./ItemStoreRepo/sqlite/WORKFLOW'
2026-02-17 17:21:58 WARN  [ main -> org.tasktide.itemstore.AbstractItemStore.<init> ]: Mutex already configured
2026-02-17 17:21:58 INFO  [ main -> org.tasktide.itemstore.SqliteStore.initItemStore ]: Initializing DB under active mutex
2026-02-17 17:21:58 DEBUG [ main -> org.tasktide.core.repository.itemstore_repo.ItemStoreRepositoryUtility.fetchItemStore ]: ItemStore Directory created under:	'./ItemStoreRepo/sqlite/JOB_ENVIRONMENT'
2026-02-17 17:21:58 WARN  [ main -> org.tasktide.itemstore.AbstractItemStore.<init> ]: Mutex already configured
2026-02-17 17:21:58 INFO  [ main -> org.tasktide.itemstore.SqliteStore.initItemStore ]: Initializing DB under active mutex
2026-02-17 17:21:58 DEBUG [ main -> org.tasktide.core.repository.itemstore_repo.ItemStoreRepositoryUtility.fetchItemStore ]: ItemStore Directory created under:	'./ItemStoreRepo/sqlite/METRIC_DATA'
2026-02-17 17:21:58 WARN  [ main -> org.tasktide.itemstore.AbstractItemStore.<init> ]: Mutex already configured
2026-02-17 17:21:58 INFO  [ main -> org.tasktide.itemstore.SqliteStore.initItemStore ]: Initializing DB under active mutex
2026-02-17 17:21:58 DEBUG [ main -> org.tasktide.core.repository.itemstore_repo.ItemStoreRepositoryUtility.fetchItemStore ]: ItemStore Directory created under:	'./ItemStoreRepo/sqlite/METRIC_PROFILE'
2026-02-17 17:21:58 WARN  [ main -> org.tasktide.itemstore.AbstractItemStore.<init> ]: Mutex already configured
2026-02-17 17:21:58 INFO  [ main -> org.tasktide.itemstore.SqliteStore.initItemStore ]: Initializing DB under active mutex
2026-02-17 17:21:58 INFO  [ main -> org.tasktide.itemstore.AbstractItemStore.releaseMutex ]: Releasing mutex
2026-02-17 17:21:58 INFO  [ main -> org.tasktide.itemstore.AbstractItemStore.releaseMutex ]: Released mutex
2026-02-17 17:21:58 DEBUG [ main -> org.tasktide.core.repository.itemstore_repo.ItemStoreRepositoryUtility.initServiceManager ]: Displaying configured service manager:
'{
    "STEP": {
        "configured": true,
        "repo": {
            "collectionName": "Step-Service",
            "repositoryMetaData": {
                "Collection Name": "Step-Service",
                "Model Class": "Step",
                "Repository Type": "Item Store"
            }
        }
    },
    "WORKFLOW": {
        "configured": true,
        "repo": {
            "collectionName": "Workflow-Service",
            "repositoryMetaData": {
                "Collection Name": "Workflow-Service",
                "Model Class": "Workflow",
                "Repository Type": "Item Store"
            }
        }
    },
    "METRIC_PROFILE": {
        "configured": true,
        "repo": {
            "collectionName": "MetricProfile",
            "repositoryMetaData": {
                "Collection Name": "MetricProfile",
                "Model Class": "MetricProfile",
                "Repository Type": "Item Store"
            }
        }
    },
    "JOB_ENVIRONMENT": {
        "configured": true,
        "repo": {
            "collectionName": "JobEnvironment",
            "repositoryMetaData": {
                "Collection Name": "JobEnvironment",
                "Model Class": "JobEnvironment",
                "Repository Type": "Item Store"
            }
        }
    },
    "METRIC_DATA": {
        "configured": true,
        "repo": {
            "collectionName": "MetricData",
            "repositoryMetaData": {
                "Collection Name": "MetricData",
                "Model Class": "MetricData",
                "Repository Type": "Item Store"
            }
        }
    },
    "WORKITEM": {
        "configured": true,
        "lockWaitTime": 4,
        "repo": {
            "collectionName": "WorkItem-Service",
            "repositoryMetaData": {
                "Collection Name": "WorkItem-Service",
                "Model Class": "WorkItem",
                "Repository Type": "Item Store"
            }
        }
    }
}'
2026-02-17 17:21:58 INFO  [ main -> org.tasktide.tasktide.TaskTide.main ]: ServiceManager state is now:	'true'
2026-02-17 17:21:58 INFO  [ main -> org.tasktide.tasktide.TaskTide.main ]: Constructing client:	'Engine'
2026-02-17 17:21:59 DEBUG [ main -> org.tasktide.itemstore.AbstractItemStore.waitForLock ]: Waiting for
2026-02-17 17:21:59 INFO  [ main -> org.tasktide.itemstore.AbstractItemStore.waitForMutex ]: Acquiring mutex
2026-02-17 17:22:02 INFO  [ main -> org.tasktide.itemstore.AbstractItemStore.waitForMutex ]: Mutex acquired
2026-02-17 17:22:03 INFO  [ main -> org.tasktide.itemstore.AbstractItemStore.releaseMutex ]: Releasing mutex
2026-02-17 17:22:03 INFO  [ main -> org.tasktide.itemstore.AbstractItemStore.releaseMutex ]: Released mutex
2026-02-17 17:22:03 DEBUG [ main -> org.tasktide.itemstore.AbstractItemStore.waitForLock ]: Waiting for
2026-02-17 17:22:03 INFO  [ main -> org.tasktide.itemstore.AbstractItemStore.waitForMutex ]: Acquiring mutex
2026-02-17 17:22:07 INFO  [ main -> org.tasktide.itemstore.AbstractItemStore.waitForMutex ]: Mutex acquired
2026-02-17 17:22:07 INFO  [ main -> org.tasktide.itemstore.AbstractItemStore.releaseMutex ]: Releasing mutex
2026-02-17 17:22:08 INFO  [ main -> org.tasktide.itemstore.AbstractItemStore.releaseMutex ]: Released mutex
2026-02-17 17:22:08 INFO  [ main -> org.tasktide.tasktide.client.TaskTideEngineClient.performClientTask ]: Determining engine execution policy
2026-02-17 17:22:08 INFO  [ main -> org.tasktide.tasktide.client.TaskTideEngineClient.performClientTask ]: Operating as a service
2026-02-17 17:22:08 INFO  [ main -> org.tasktide.tasktide.client.TaskTideEngineClient.fetchAndRun ]: Determing how to process workload
2026-02-17 17:22:08 INFO  [ main -> org.tasktide.tasktide.client.TaskTideEngineClient.fetchAndRun ]: Processing single step:	'PingTest'
2026-02-17 17:22:08 INFO  [ main -> org.tasktide.tasktide.client.TaskTideEngineClient.fetchWorkload ]: No pilot label provided, processing all tasks
2026-02-17 17:22:08 DEBUG [ main -> org.tasktide.itemstore.AbstractItemStore.waitForLock ]: Waiting for
2026-02-17 17:22:08 INFO  [ main -> org.tasktide.itemstore.AbstractItemStore.waitForMutex ]: Acquiring mutex
2026-02-17 17:22:12 INFO  [ main -> org.tasktide.itemstore.AbstractItemStore.waitForMutex ]: Mutex acquired
2026-02-17 17:22:12 INFO  [ main -> org.tasktide.itemstore.AbstractItemStore.releaseMutex ]: Releasing mutex
2026-02-17 17:22:12 INFO  [ main -> org.tasktide.itemstore.AbstractItemStore.releaseMutex ]: Released mutex
2026-02-17 17:22:12 INFO  [ main -> org.tasktide.tasktide.client.TaskTideEngineClient.processWorkload ]: Processing workload of size:	'4'
2026-02-17 17:22:12 INFO  [ main -> org.tasktide.engine.worker.processor.TaskTideProcessor.processChunks ]: Shuffling, and grouping workload for ExecutorService for ProcessorType:	'WorkItemProcessor'
2026-02-17 17:22:12 INFO  [ main -> org.tasktide.engine.worker.processor.WorkItemProcessor.parallelChunks ]: Fetching N = '5' batches of size '1' for WorkItem workload
2026-02-17 17:22:12 INFO  [ main -> org.tasktide.engine.worker.processor.TaskTideProcessor.processChunks ]: Submitting 'WorkItemProcessor' workload of size:	'4'
2026-02-17 17:22:12 INFO  [ main -> org.tasktide.engine.worker.processor.TaskTideProcessor.submitParallelChunks ]: Submitting sub-workload of size:	'1'
2026-02-17 17:22:12 INFO  [ pool-2-thread-1 -> org.tasktide.engine.worker.executor.TaskTideExecutor.runTasks ]: Begining workload processing of N = '1' tasks
2026-02-17 17:22:12 INFO  [ pool-2-thread-1 -> org.tasktide.engine.observer.worker.TimeKeeperObserver.evaluateStart ]: TimeKeeper evaluating starting of task 'WorkItem-7fcbf121-b4c6-4820-84f2-c06f15674235'
2026-02-17 17:22:12 INFO  [ pool-2-thread-1 -> org.tasktide.engine.observer.worker.TimeKeeperObserver.evaluateStart ]: Atomic TimeKeeper for task 'WorkItem-7fcbf121-b4c6-4820-84f2-c06f15674235' set on thread 'pool-2-thread-1'
2026-02-17 17:22:12 INFO  [ pool-2-thread-1 -> org.tasktide.engine.observer.worker.TimeKeeperObserver.onTaskStart ]: TimeKeeper evaluated time left for processing as 'true' for ItemTask:	'WorkItem-7fcbf121-b4c6-4820-84f2-c06f15674235'
2026-02-17 17:22:12 INFO  [ main -> org.tasktide.engine.worker.processor.TaskTideProcessor.submitParallelChunks ]: Submitting sub-workload of size:	'1'
2026-02-17 17:22:12 INFO  [ main -> org.tasktide.engine.worker.processor.TaskTideProcessor.submitParallelChunks ]: Submitting sub-workload of size:	'1'
2026-02-17 17:22:12 INFO  [ pool-2-thread-2 -> org.tasktide.engine.worker.executor.TaskTideExecutor.runTasks ]: Begining workload processing of N = '1' tasks
2026-02-17 17:22:12 INFO  [ main -> org.tasktide.engine.worker.processor.TaskTideProcessor.submitParallelChunks ]: Submitting sub-workload of size:	'1'
2026-02-17 17:22:12 INFO  [ pool-2-thread-3 -> org.tasktide.engine.worker.executor.TaskTideExecutor.runTasks ]: Begining workload processing of N = '1' tasks
2026-02-17 17:22:12 INFO  [ pool-2-thread-2 -> org.tasktide.engine.observer.worker.TimeKeeperObserver.evaluateStart ]: TimeKeeper evaluating starting of task 'WorkItem-58c4f48c-dfcd-4f1c-b387-c4cc528c0808'
2026-02-17 17:22:12 INFO  [ pool-2-thread-4 -> org.tasktide.engine.worker.executor.TaskTideExecutor.runTasks ]: Begining workload processing of N = '1' tasks
2026-02-17 17:22:12 INFO  [ pool-2-thread-3 -> org.tasktide.engine.observer.worker.TimeKeeperObserver.evaluateStart ]: TimeKeeper evaluating starting of task 'WorkItem-68860522-51d1-4bb5-8a5c-752cbf83897d'
2026-02-17 17:22:12 INFO  [ main -> org.tasktide.engine.worker.processor.TaskTideProcessor.processChunks ]: Submitted N = '4' items for workload 'WorkItemProcessor'
2026-02-17 17:22:12 INFO  [ pool-2-thread-4 -> org.tasktide.engine.observer.worker.TimeKeeperObserver.evaluateStart ]: TimeKeeper evaluating starting of task 'WorkItem-4b6fdf9a-e5d1-4729-9559-9da528597dc3'
2026-02-17 17:22:12 INFO  [ pool-2-thread-3 -> org.tasktide.engine.observer.worker.TimeKeeperObserver.evaluateStart ]: Atomic TimeKeeper for task 'WorkItem-68860522-51d1-4bb5-8a5c-752cbf83897d' set on thread 'pool-2-thread-3'
2026-02-17 17:22:12 INFO  [ pool-2-thread-2 -> org.tasktide.engine.observer.worker.TimeKeeperObserver.evaluateStart ]: Atomic TimeKeeper for task 'WorkItem-58c4f48c-dfcd-4f1c-b387-c4cc528c0808' set on thread 'pool-2-thread-2'
2026-02-17 17:22:12 INFO  [ main -> org.tasktide.engine.TaskTideEngineUtility.waitOnExecutorTrackerWorkItem ]: Begining state monitoring of ExecutorServiceTracker:	N tasks = '4'
2026-02-17 17:22:12 INFO  [ pool-2-thread-2 -> org.tasktide.engine.observer.worker.TimeKeeperObserver.onTaskStart ]: TimeKeeper evaluated time left for processing as 'true' for ItemTask:	'WorkItem-58c4f48c-dfcd-4f1c-b387-c4cc528c0808'
2026-02-17 17:22:12 INFO  [ pool-2-thread-3 -> org.tasktide.engine.observer.worker.TimeKeeperObserver.onTaskStart ]: TimeKeeper evaluated time left for processing as 'true' for ItemTask:	'WorkItem-68860522-51d1-4bb5-8a5c-752cbf83897d'
2026-02-17 17:22:12 INFO  [ main -> org.tasktide.engine.TaskTideEngineUtility.waitOnExecutorTrackerWorkItem ]: Letting '10000'ms elapse for state monitoring of ExecutorServiceTracker:	'4'
2026-02-17 17:22:12 INFO  [ pool-2-thread-4 -> org.tasktide.engine.observer.worker.TimeKeeperObserver.evaluateStart ]: Atomic TimeKeeper for task 'WorkItem-4b6fdf9a-e5d1-4729-9559-9da528597dc3' set on thread 'pool-2-thread-4'
2026-02-17 17:22:12 INFO  [ pool-2-thread-4 -> org.tasktide.engine.observer.worker.TimeKeeperObserver.onTaskStart ]: TimeKeeper evaluated time left for processing as 'true' for ItemTask:	'WorkItem-4b6fdf9a-e5d1-4729-9559-9da528597dc3'
2026-02-17 17:22:12 DEBUG [ pool-2-thread-1 -> org.tasktide.itemstore.AbstractItemStore.waitForLock ]: Waiting for
2026-02-17 17:22:12 INFO  [ pool-2-thread-1 -> org.tasktide.itemstore.AbstractItemStore.waitForMutex ]: Acquiring mutex
2026-02-17 17:22:16 INFO  [ pool-2-thread-1 -> org.tasktide.itemstore.AbstractItemStore.waitForMutex ]: Mutex acquired
2026-02-17 17:22:16 INFO  [ pool-2-thread-1 -> org.tasktide.itemstore.AbstractItemStore.releaseMutex ]: Releasing mutex
2026-02-17 17:22:16 INFO  [ pool-2-thread-1 -> org.tasktide.itemstore.AbstractItemStore.releaseMutex ]: Released mutex
2026-02-17 17:22:16 DEBUG [ pool-2-thread-1 -> org.tasktide.itemstore.AbstractItemStore.waitForLock ]: Waiting for
2026-02-17 17:22:16 INFO  [ pool-2-thread-1 -> org.tasktide.itemstore.AbstractItemStore.waitForMutex ]: Acquiring mutex
2026-02-17 17:22:20 INFO  [ pool-2-thread-1 -> org.tasktide.itemstore.AbstractItemStore.waitForMutex ]: Mutex acquired
2026-02-17 17:22:20 INFO  [ pool-2-thread-1 -> org.tasktide.itemstore.AbstractItemStore.releaseMutex ]: Releasing mutex
2026-02-17 17:22:21 INFO  [ pool-2-thread-1 -> org.tasktide.itemstore.AbstractItemStore.releaseMutex ]: Released mutex
2026-02-17 17:22:21 DEBUG [ pool-2-thread-1 -> org.tasktide.itemstore.AbstractItemStore.waitForLock ]: Waiting for
2026-02-17 17:22:21 INFO  [ pool-2-thread-1 -> org.tasktide.itemstore.AbstractItemStore.waitForMutex ]: Acquiring mutex
2026-02-17 17:22:22 INFO  [ main -> org.tasktide.engine.TaskTideEngineUtility.waitOnExecutorTrackerWorkItem ]: Displaying Iter-'0' StateSummary of ExecutorServiceTracker:

Total='4', Remaining='4', Done='0', Expected='4'
2026-02-17 17:22:22 INFO  [ main -> org.tasktide.engine.TaskTideEngineUtility.waitOnExecutorTrackerWorkItem ]: Letting '10000'ms elapse for state monitoring of ExecutorServiceTracker:	'4'
2026-02-17 17:22:25 INFO  [ pool-2-thread-1 -> org.tasktide.itemstore.AbstractItemStore.waitForMutex ]: Mutex acquired
2026-02-17 17:22:25 INFO  [ pool-2-thread-1 -> org.tasktide.itemstore.AbstractItemStore.releaseMutex ]: Releasing mutex
2026-02-17 17:22:25 INFO  [ pool-2-thread-1 -> org.tasktide.itemstore.AbstractItemStore.releaseMutex ]: Released mutex
2026-02-17 17:22:25 DEBUG [ pool-2-thread-3 -> org.tasktide.itemstore.AbstractItemStore.waitForLock ]: Waiting for
2026-02-17 17:22:25 INFO  [ pool-2-thread-3 -> org.tasktide.itemstore.AbstractItemStore.waitForMutex ]: Acquiring mutex
2026-02-17 17:22:29 INFO  [ pool-2-thread-3 -> org.tasktide.itemstore.AbstractItemStore.waitForMutex ]: Mutex acquired
2026-02-17 17:22:29 INFO  [ pool-2-thread-3 -> org.tasktide.itemstore.AbstractItemStore.releaseMutex ]: Releasing mutex
2026-02-17 17:22:30 INFO  [ pool-2-thread-3 -> org.tasktide.itemstore.AbstractItemStore.releaseMutex ]: Released mutex
2026-02-17 17:22:30 DEBUG [ pool-2-thread-3 -> org.tasktide.itemstore.AbstractItemStore.waitForLock ]: Waiting for
2026-02-17 17:22:30 INFO  [ pool-2-thread-3 -> org.tasktide.itemstore.AbstractItemStore.waitForMutex ]: Acquiring mutex
2026-02-17 17:22:30 INFO  [ main -> org.tasktide.tasktide.TaskTide.main ]: Configuring the CDI Container Provider
2026-02-17 17:22:31 INFO  [ main -> org.tasktide.tasktide.client.TaskTideClientUtility.configureCdiInstance ]: Starting 'Weld' container
2026-02-17 17:22:32 INFO  [ main -> org.tasktide.engine.TaskTideEngineUtility.waitOnExecutorTrackerWorkItem ]: Displaying Iter-'1' StateSummary of ExecutorServiceTracker:

Total='4', Remaining='4', Done='0', Expected='4'
2026-02-17 17:22:32 INFO  [ main -> org.tasktide.engine.TaskTideEngineUtility.waitOnExecutorTrackerWorkItem ]: Letting '10000'ms elapse for state monitoring of ExecutorServiceTracker:	'4'
2026-02-17 17:22:33 INFO  [ pool-2-thread-3 -> org.tasktide.itemstore.AbstractItemStore.waitForMutex ]: Mutex acquired
2026-02-17 17:22:33 INFO  [ pool-2-thread-3 -> org.tasktide.itemstore.AbstractItemStore.releaseMutex ]: Releasing mutex
2026-02-17 17:22:34 INFO  [ pool-2-thread-3 -> org.tasktide.itemstore.AbstractItemStore.releaseMutex ]: Released mutex
2026-02-17 17:22:34 DEBUG [ pool-2-thread-3 -> org.tasktide.itemstore.AbstractItemStore.waitForLock ]: Waiting for
2026-02-17 17:22:34 INFO  [ pool-2-thread-3 -> org.tasktide.itemstore.AbstractItemStore.waitForMutex ]: Acquiring mutex
2026-02-17 17:22:38 INFO  [ pool-2-thread-3 -> org.tasktide.itemstore.AbstractItemStore.waitForMutex ]: Mutex acquired
2026-02-17 17:22:38 INFO  [ pool-2-thread-3 -> org.tasktide.itemstore.AbstractItemStore.releaseMutex ]: Releasing mutex
2026-02-17 17:22:39 INFO  [ pool-2-thread-3 -> org.tasktide.itemstore.AbstractItemStore.releaseMutex ]: Released mutex
2026-02-17 17:22:39 DEBUG [ pool-2-thread-2 -> org.tasktide.itemstore.AbstractItemStore.waitForLock ]: Waiting for
2026-02-17 17:22:39 INFO  [ pool-2-thread-2 -> org.tasktide.itemstore.AbstractItemStore.waitForMutex ]: Acquiring mutex
2026-02-17 17:22:42 INFO  [ main -> org.tasktide.engine.TaskTideEngineUtility.waitOnExecutorTrackerWorkItem ]: Displaying Iter-'2' StateSummary of ExecutorServiceTracker:

Total='4', Remaining='4', Done='0', Expected='4'
2026-02-17 17:22:42 INFO  [ main -> org.tasktide.engine.TaskTideEngineUtility.waitOnExecutorTrackerWorkItem ]: Letting '10000'ms elapse for state monitoring of ExecutorServiceTracker:	'4'
2026-02-17 17:22:43 INFO  [ pool-2-thread-2 -> org.tasktide.itemstore.AbstractItemStore.waitForMutex ]: Mutex acquired
2026-02-17 17:22:43 INFO  [ pool-2-thread-2 -> org.tasktide.itemstore.AbstractItemStore.releaseMutex ]: Releasing mutex
2026-02-17 17:22:44 INFO  [ pool-2-thread-2 -> org.tasktide.itemstore.AbstractItemStore.releaseMutex ]: Released mutex
2026-02-17 17:22:44 DEBUG [ pool-2-thread-2 -> org.tasktide.itemstore.AbstractItemStore.waitForLock ]: Waiting for
2026-02-17 17:22:44 INFO  [ pool-2-thread-2 -> org.tasktide.itemstore.AbstractItemStore.waitForMutex ]: Acquiring mutex
2026-02-17 17:22:48 INFO  [ pool-2-thread-2 -> org.tasktide.itemstore.AbstractItemStore.waitForMutex ]: Mutex acquired
2026-02-17 17:22:48 INFO  [ pool-2-thread-2 -> org.tasktide.itemstore.AbstractItemStore.releaseMutex ]: Releasing mutex
2026-02-17 17:22:49 INFO  [ pool-2-thread-2 -> org.tasktide.itemstore.AbstractItemStore.releaseMutex ]: Released mutex
2026-02-17 17:22:49 DEBUG [ pool-2-thread-2 -> org.tasktide.itemstore.AbstractItemStore.waitForLock ]: Waiting for
2026-02-17 17:22:49 INFO  [ pool-2-thread-2 -> org.tasktide.itemstore.AbstractItemStore.waitForMutex ]: Acquiring mutex
2026-02-17 17:22:52 INFO  [ main -> org.tasktide.engine.TaskTideEngineUtility.waitOnExecutorTrackerWorkItem ]: Displaying Iter-'3' StateSummary of ExecutorServiceTracker:

Total='4', Remaining='4', Done='0', Expected='4'
2026-02-17 17:22:52 INFO  [ main -> org.tasktide.engine.TaskTideEngineUtility.waitOnExecutorTrackerWorkItem ]: Letting '8000'ms elapse for state monitoring of ExecutorServiceTracker:	'4'
2026-02-17 17:22:53 INFO  [ pool-2-thread-2 -> org.tasktide.itemstore.AbstractItemStore.waitForMutex ]: Mutex acquired
2026-02-17 17:22:53 INFO  [ pool-2-thread-2 -> org.tasktide.itemstore.AbstractItemStore.releaseMutex ]: Releasing mutex
2026-02-17 17:22:53 INFO  [ pool-2-thread-2 -> org.tasktide.itemstore.AbstractItemStore.releaseMutex ]: Released mutex
2026-02-17 17:22:53 DEBUG [ pool-2-thread-4 -> org.tasktide.itemstore.AbstractItemStore.waitForLock ]: Waiting for
2026-02-17 17:22:53 INFO  [ pool-2-thread-4 -> org.tasktide.itemstore.AbstractItemStore.waitForMutex ]: Acquiring mutex
2026-02-17 17:22:54 INFO  [ main -> org.tasktide.tasktide.TaskTide.main ]: Fetching TaskTide configs
2026-02-17 17:22:54 DEBUG [ main -> org.tasktide.tasktide.client.config.GlobalConfig.filePath ]: Argument is configured as:
'Argument{value=sqliteDbStore, refClass=class java.lang.String, name=File Path, shortFlag=-fp, longFlag=--file-path, description=Specifies the file path for RocksDB/Json repository, argType=GLOBAL}'
2026-02-17 17:22:54 DEBUG [ main -> org.tasktide.parser.CliParser.parse ]: Parsing global arguments:	N = '14'
2026-02-17 17:22:54 DEBUG [ main -> org.tasktide.parser.CliParser.parseFromMap ]: Parsing argument data:
'Argument{value=null, refClass=class java.lang.String, name=NoSQL Host:Port, shortFlag=-nsh, longFlag=--nosql-host, description=Specifies the backend NoSQL-DB host:port to use, argType=ACTION}'
2026-02-17 17:22:54 DEBUG [ main -> org.tasktide.parser.CliParser.parseFromMap ]: Fetched raw value of 'null'
2026-02-17 17:22:54 DEBUG [ main -> org.tasktide.parser.CliParser.parseFromMap ]: Parsing argument data:
'Argument{value=4, refClass=class java.lang.Integer, name=Token Expiration, shortFlag=-te, longFlag=--token-expiration, description=Specifies the token expiration limit, default is 4 days, argType=GLOBAL}'
2026-02-17 17:22:54 DEBUG [ main -> org.tasktide.parser.CliParser.parseFromMap ]: Fetched raw value of 'null'
2026-02-17 17:22:54 DEBUG [ main -> org.tasktide.parser.CliParser.parseFromMap ]: Parsing argument data:
'Argument{value=false, refClass=class java.lang.Boolean, name=Help, shortFlag=-h, longFlag=--help, description=Displays command-line documentation, argType=GLOBAL}'
2026-02-17 17:22:54 DEBUG [ main -> org.tasktide.parser.CliParser.parseFromMap ]: Fetched raw value of 'null'
2026-02-17 17:22:54 DEBUG [ main -> org.tasktide.parser.CliParser.parseFromMap ]: Parsing argument data:
'Argument{value=null, refClass=class java.lang.String, name=NoSQL Database Type, shortFlag=-dbt, longFlag=--nosql-database-type, description=Specifies the NoSQL Database Type: Document, KeyValue, Column, Graph, argType=ACTION}'
2026-02-17 17:22:54 DEBUG [ main -> org.tasktide.parser.CliParser.parseFromMap ]: Fetched raw value of 'null'
2026-02-17 17:22:54 DEBUG [ main -> org.tasktide.parser.CliParser.parseFromMap ]: Parsing argument data:
'Argument{value=, refClass=class java.lang.String, name=WorkItem Name, shortFlag=-win, longFlag=--work-item-collection-name, description=Specifies the WorkItem Collection Name to use, argType=GLOBAL}'
2026-02-17 17:22:54 DEBUG [ main -> org.tasktide.parser.CliParser.parseFromMap ]: Fetched raw value of 'null'
2026-02-17 17:22:54 DEBUG [ main -> org.tasktide.parser.CliParser.parseFromMap ]: Parsing argument data:
'Argument{value=null, refClass=class java.lang.String, name=NoSQL Database Provider, shortFlag=-dbt, longFlag=--nosql-database-provider, description=Specifies the NoSQL Software Name: Mongo, CouchDB etc, argType=ACTION}'
2026-02-17 17:22:54 DEBUG [ main -> org.tasktide.parser.CliParser.parseFromMap ]: Fetched raw value of 'null'
2026-02-17 17:22:54 DEBUG [ main -> org.tasktide.parser.CliParser.parseFromMap ]: Parsing argument data:
'Argument{value=Arbitrary, refClass=class java.lang.String, name=Workflow Name, shortFlag=-wn, longFlag=--workflow-name, description=Specifies the workflow name to use, argType=GLOBAL}'
2026-02-17 17:22:54 DEBUG [ main -> org.tasktide.parser.CliParser.parseFromMap ]: Fetched raw value of 'null'
2026-02-17 17:22:54 DEBUG [ main -> org.tasktide.parser.CliParser.parseFromMap ]: Parsing argument data:
'Argument{value=Arbitrary, refClass=class java.lang.String, name=Step Name, shortFlag=-sn, longFlag=--step-name, description=Specifies the step name to use, argType=GLOBAL}'
2026-02-17 17:22:54 DEBUG [ main -> org.tasktide.parser.CliParser.fetchRawValue ]: Parsing on next recod is data
2026-02-17 17:22:54 DEBUG [ main -> org.tasktide.parser.CliParser.parseFromMap ]: Fetched raw value of 'PingTest'
2026-02-17 17:22:54 DEBUG [ main -> org.tasktide.parser.CliParser.parseFromMap ]: Parsing argument data:
'Argument{value=dd/MM/yy HH:mm:ss, refClass=class java.lang.String, name=Date Format, shortFlag=-df, longFlag=--date-format, description=Specifies date format to use. Default is 'dd/MM/yy HH:mm:ss', argType=GLOBAL}'
2026-02-17 17:22:54 DEBUG [ main -> org.tasktide.parser.CliParser.parseFromMap ]: Fetched raw value of 'null'
2026-02-17 17:22:54 DEBUG [ main -> org.tasktide.parser.CliParser.parseFromMap ]: Parsing argument data:
'Argument{value=null, refClass=class java.lang.String, name=NoSQL Password, shortFlag=-nsp, longFlag=--nosql-password, description=Specifies the backend NoSQL-DB password to use, argType=ACTION}'
2026-02-17 17:22:54 DEBUG [ main -> org.tasktide.parser.CliParser.parseFromMap ]: Fetched raw value of 'null'
2026-02-17 17:22:54 DEBUG [ main -> org.tasktide.parser.CliParser.parseFromMap ]: Parsing argument data:
'Argument{value=null, refClass=class java.lang.String, name=NoSQL Provider Class, shortFlag=-nspc, longFlag=--nosql-provider-class, description=Specifies the backend NoSQL-DB Provider Class, argType=ACTION}'
2026-02-17 17:22:54 DEBUG [ main -> org.tasktide.parser.CliParser.parseFromMap ]: Fetched raw value of 'null'
2026-02-17 17:22:54 DEBUG [ main -> org.tasktide.parser.CliParser.parseFromMap ]: Parsing argument data:
'Argument{value=null, refClass=class java.lang.String, name=NoSQL User, shortFlag=-nsu, longFlag=--nosql-user, description=Specifies the backend NoSQL-DB Username to use, argType=ACTION}'
2026-02-17 17:22:54 DEBUG [ main -> org.tasktide.parser.CliParser.parseFromMap ]: Fetched raw value of 'null'
2026-02-17 17:22:54 DEBUG [ main -> org.tasktide.parser.CliParser.parseFromMap ]: Parsing argument data:
'Argument{value=sqliteDbStore, refClass=class java.lang.String, name=File Path, shortFlag=-fp, longFlag=--file-path, description=Specifies the file path for RocksDB/Json repository, argType=GLOBAL}'
2026-02-17 17:22:54 DEBUG [ main -> org.tasktide.parser.CliParser.fetchRawValue ]: Parsing on next recod is data
2026-02-17 17:22:54 DEBUG [ main -> org.tasktide.parser.CliParser.parseFromMap ]: Fetched raw value of './ItemStoreRepo/sqlite'
2026-02-17 17:22:54 DEBUG [ main -> org.tasktide.parser.CliParser.parseFromMap ]: Parsing argument data:
'Argument{value=sqlite, refClass=class java.lang.String, name=Repository Type, shortFlag=-rt, longFlag=--repository-type, description=Specifies the backend repository type: RocksDB, NoSQL, Json, argType=GLOBAL}'
2026-02-17 17:22:54 DEBUG [ main -> org.tasktide.parser.CliParser.fetchRawValue ]: Parsing on next recod is data
2026-02-17 17:22:54 DEBUG [ main -> org.tasktide.parser.CliParser.parseFromMap ]: Fetched raw value of 'sqlite'
2026-02-17 17:22:54 DEBUG [ main -> org.tasktide.parser.CliParser.parse ]: Parsing action arguments for:	'manager'
2026-02-17 17:22:54 DEBUG [ main -> org.tasktide.parser.CliParser.parseFromMap ]: Parsing argument data:
'Argument{value=, refClass=class java.lang.String, name=Target, shortFlag=-tgt, longFlag=--target, description=Target for manager action, argType=ACTION}'
2026-02-17 17:22:54 DEBUG [ main -> org.tasktide.parser.CliParser.fetchRawValue ]: Parsing on next recod is data
2026-02-17 17:22:54 DEBUG [ main -> org.tasktide.parser.CliParser.parseFromMap ]: Fetched raw value of 'WORKITEM'
2026-02-17 17:22:54 DEBUG [ main -> org.tasktide.parser.CliParser.parseFromMap ]: Parsing argument data:
'Argument{value=false, refClass=class java.lang.Boolean, name=Help, shortFlag=-h, longFlag=--help, description=Displays command-line documentation, argType=ACTION}'
2026-02-17 17:22:54 DEBUG [ main -> org.tasktide.parser.CliParser.parseFromMap ]: Fetched raw value of 'null'
2026-02-17 17:22:54 DEBUG [ main -> org.tasktide.parser.CliParser.parseFromMap ]: Parsing argument data:
'Argument{value=|, refClass=class java.lang.String, name=Delimiter, shortFlag=-d, longFlag=--delimiter, description=Defines the delimiter to use for im/export, argType=ACTION}'
2026-02-17 17:22:54 DEBUG [ main -> org.tasktide.parser.CliParser.fetchRawValue ]: Parsing on next recod is data
2026-02-17 17:22:54 DEBUG [ main -> org.tasktide.parser.CliParser.parseFromMap ]: Fetched raw value of '|'
2026-02-17 17:22:54 DEBUG [ main -> org.tasktide.parser.CliParser.parseFromMap ]: Parsing argument data:
'Argument{value=, refClass=class java.lang.String, name=Query String, shortFlag=-qs, longFlag=--query-string, description=JSON formatted string:	 '{'Field': 'Value'}', argType=ACTION}'
2026-02-17 17:22:54 DEBUG [ main -> org.tasktide.parser.CliParser.parseFromMap ]: Fetched raw value of 'null'
2026-02-17 17:22:54 DEBUG [ main -> org.tasktide.parser.CliParser.parseFromMap ]: Parsing argument data:
'Argument{value=, refClass=class java.lang.String, name=Target File, shortFlag=-f, longFlag=--target-file, description=Defines the full file path for import, argType=ACTION}'
2026-02-17 17:22:54 DEBUG [ main -> org.tasktide.parser.CliParser.fetchRawValue ]: Parsing on next recod is data
2026-02-17 17:22:54 DEBUG [ main -> org.tasktide.parser.CliParser.parseFromMap ]: Fetched raw value of '../../../tasktide/tasktide/src/test/resources/singleTaskImports.txt'
2026-02-17 17:22:54 DEBUG [ main -> org.tasktide.parser.CliParser.parseFromMap ]: Parsing argument data:
'Argument{value=import, refClass=class java.lang.String, name=Method, shortFlag=-m, longFlag=--method, description=Whether to run import or export, argType=ACTION}'
2026-02-17 17:22:54 DEBUG [ main -> org.tasktide.parser.CliParser.fetchRawValue ]: Parsing on next recod is data
2026-02-17 17:22:54 DEBUG [ main -> org.tasktide.parser.CliParser.parseFromMap ]: Fetched raw value of 'Import'
2026-02-17 17:22:54 DEBUG [ main -> org.tasktide.parser.CliParser.parseFromMap ]: Parsing argument data:
'Argument{value=, refClass=class java.lang.String, name=ItemId, shortFlag=-ii, longFlag=--itemId, description=ItemId over which the required ManagerAction is taken, argType=ACTION}'
2026-02-17 17:22:54 DEBUG [ main -> org.tasktide.parser.CliParser.parseFromMap ]: Fetched raw value of 'null'
2026-02-17 17:22:54 DEBUG [ main -> org.tasktide.parser.CliParser.parseFromMap ]: Parsing argument data:
'Argument{value=, refClass=class java.lang.String, name=Nested Delimiter, shortFlag=-nd, longFlag=--nested-delimiter, description=Defines the ItemTask delimiter if required, argType=ACTION}'
2026-02-17 17:22:54 DEBUG [ main -> org.tasktide.parser.CliParser.parseFromMap ]: Fetched raw value of 'null'
2026-02-17 17:22:54 DEBUG [ main -> org.tasktide.tasktide.client.ClientConfigMap.whichClient ]: Evaluating client module for:	'manager'
2026-02-17 17:22:54 INFO  [ main -> org.tasktide.tasktide.client.TaskTideClientUtility.fetchRepoType ]: Querying configured repo type:	'sqlite'
2026-02-17 17:22:54 INFO  [ main -> org.tasktide.tasktide.TaskTide.main ]: Fetching the TaskTideServiceManager for 'Item Store' Repository
2026-02-17 17:22:54 INFO  [ main -> org.tasktide.tasktide.client.TaskTideClientUtility.initServiceManager ]: Configuring ItemStore ServiceManager
2026-02-17 17:22:54 DEBUG [ main -> org.tasktide.tasktide.client.TaskTideClientUtility.initItemStoreServiceManager ]: Repository FilePath is:	'./ItemStoreRepo/sqlite'
2026-02-17 17:22:54 INFO  [ main -> org.tasktide.core.repository.itemstore_repo.ItemStoreRepositoryUtility.fetchItemStoreMap ]: Prcessing ItemStore from under:	'./ItemStoreRepo/sqlite'
2026-02-17 17:22:54 DEBUG [ main -> org.tasktide.core.repository.itemstore_repo.ItemStoreRepositoryUtility.fetchItemStore ]: ItemStore Directory created under:	'./ItemStoreRepo/sqlite/WORKITEM'
2026-02-17 17:22:55 INFO  [ main -> org.tasktide.itemstore.SqliteStore.initItemStore ]: Initializing DB
2026-02-17 17:22:55 DEBUG [ main -> org.tasktide.itemstore.AbstractItemStore.waitForLock ]: Waiting for
2026-02-17 17:22:55 INFO  [ main -> org.tasktide.itemstore.AbstractItemStore.waitForMutex ]: Acquiring mutex
2026-02-17 17:22:57 INFO  [ pool-2-thread-4 -> org.tasktide.itemstore.AbstractItemStore.waitForMutex ]: Mutex acquired
2026-02-17 17:22:57 INFO  [ pool-2-thread-4 -> org.tasktide.itemstore.AbstractItemStore.releaseMutex ]: Releasing mutex
2026-02-17 17:22:58 INFO  [ pool-2-thread-4 -> org.tasktide.itemstore.AbstractItemStore.releaseMutex ]: Released mutex
2026-02-17 17:22:58 DEBUG [ pool-2-thread-4 -> org.tasktide.itemstore.AbstractItemStore.waitForLock ]: Waiting for
2026-02-17 17:22:58 INFO  [ pool-2-thread-4 -> org.tasktide.itemstore.AbstractItemStore.waitForMutex ]: Acquiring mutex
2026-02-17 17:23:00 INFO  [ main -> org.tasktide.engine.TaskTideEngineUtility.waitOnExecutorTrackerWorkItem ]: Displaying Iter-'4' StateSummary of ExecutorServiceTracker:

Total='4', Remaining='4', Done='0', Expected='4'
2026-02-17 17:23:00 INFO  [ main -> org.tasktide.engine.TaskTideEngineUtility.waitOnExecutorTrackerWorkItem ]: Letting '16000'ms elapse for state monitoring of ExecutorServiceTracker:	'4'
2026-02-17 17:23:00 INFO  [ main -> org.tasktide.itemstore.AbstractItemStore.waitForMutex ]: Mutex acquired
2026-02-17 17:23:01 INFO  [ main -> org.tasktide.itemstore.AbstractItemStore.releaseMutex ]: Releasing mutex
2026-02-17 17:23:01 INFO  [ main -> org.tasktide.itemstore.AbstractItemStore.releaseMutex ]: Released mutex
2026-02-17 17:23:01 DEBUG [ main -> org.tasktide.core.repository.itemstore_repo.ItemStoreRepositoryUtility.fetchItemStore ]: ItemStore Directory created under:	'./ItemStoreRepo/sqlite/STEP'
2026-02-17 17:23:01 WARN  [ main -> org.tasktide.itemstore.AbstractItemStore.<init> ]: Mutex already configured
2026-02-17 17:23:01 INFO  [ main -> org.tasktide.itemstore.SqliteStore.initItemStore ]: Initializing DB under active mutex
2026-02-17 17:23:02 DEBUG [ main -> org.tasktide.core.repository.itemstore_repo.ItemStoreRepositoryUtility.fetchItemStore ]: ItemStore Directory created under:	'./ItemStoreRepo/sqlite/WORKFLOW'
2026-02-17 17:23:02 WARN  [ main -> org.tasktide.itemstore.AbstractItemStore.<init> ]: Mutex already configured
2026-02-17 17:23:02 INFO  [ main -> org.tasktide.itemstore.SqliteStore.initItemStore ]: Initializing DB under active mutex
2026-02-17 17:23:02 DEBUG [ main -> org.tasktide.core.repository.itemstore_repo.ItemStoreRepositoryUtility.fetchItemStore ]: ItemStore Directory created under:	'./ItemStoreRepo/sqlite/JOB_ENVIRONMENT'
2026-02-17 17:23:02 WARN  [ main -> org.tasktide.itemstore.AbstractItemStore.<init> ]: Mutex already configured
2026-02-17 17:23:02 INFO  [ main -> org.tasktide.itemstore.SqliteStore.initItemStore ]: Initializing DB under active mutex
2026-02-17 17:23:02 DEBUG [ main -> org.tasktide.core.repository.itemstore_repo.ItemStoreRepositoryUtility.fetchItemStore ]: ItemStore Directory created under:	'./ItemStoreRepo/sqlite/METRIC_DATA'
2026-02-17 17:23:02 WARN  [ main -> org.tasktide.itemstore.AbstractItemStore.<init> ]: Mutex already configured
2026-02-17 17:23:02 INFO  [ main -> org.tasktide.itemstore.SqliteStore.initItemStore ]: Initializing DB under active mutex
2026-02-17 17:23:02 DEBUG [ main -> org.tasktide.core.repository.itemstore_repo.ItemStoreRepositoryUtility.fetchItemStore ]: ItemStore Directory created under:	'./ItemStoreRepo/sqlite/METRIC_PROFILE'
2026-02-17 17:23:02 WARN  [ main -> org.tasktide.itemstore.AbstractItemStore.<init> ]: Mutex already configured
2026-02-17 17:23:02 INFO  [ main -> org.tasktide.itemstore.SqliteStore.initItemStore ]: Initializing DB under active mutex
2026-02-17 17:23:02 INFO  [ main -> org.tasktide.itemstore.AbstractItemStore.releaseMutex ]: Releasing mutex
2026-02-17 17:23:02 INFO  [ main -> org.tasktide.itemstore.AbstractItemStore.releaseMutex ]: Released mutex
2026-02-17 17:23:02 DEBUG [ main -> org.tasktide.core.repository.itemstore_repo.ItemStoreRepositoryUtility.initServiceManager ]: Displaying configured service manager:
'{
    "METRIC_DATA": {
        "configured": true,
        "repo": {
            "collectionName": "MetricData",
            "repositoryMetaData": {
                "Collection Name": "MetricData",
                "Model Class": "MetricData",
                "Repository Type": "Item Store"
            }
        }
    },
    "STEP": {
        "configured": true,
        "repo": {
            "collectionName": "Step-Service",
            "repositoryMetaData": {
                "Collection Name": "Step-Service",
                "Model Class": "Step",
                "Repository Type": "Item Store"
            }
        }
    },
    "WORKFLOW": {
        "configured": true,
        "repo": {
            "collectionName": "Workflow-Service",
            "repositoryMetaData": {
                "Collection Name": "Workflow-Service",
                "Model Class": "Workflow",
                "Repository Type": "Item Store"
            }
        }
    },
    "WORKITEM": {
        "configured": true,
        "lockWaitTime": 4,
        "repo": {
            "collectionName": "WorkItem-Service",
            "repositoryMetaData": {
                "Collection Name": "WorkItem-Service",
                "Model Class": "WorkItem",
                "Repository Type": "Item Store"
            }
        }
    },
    "JOB_ENVIRONMENT": {
        "configured": true,
        "repo": {
            "collectionName": "JobEnvironment",
            "repositoryMetaData": {
                "Collection Name": "JobEnvironment",
                "Model Class": "JobEnvironment",
                "Repository Type": "Item Store"
            }
        }
    },
    "METRIC_PROFILE": {
        "configured": true,
        "repo": {
            "collectionName": "MetricProfile",
            "repositoryMetaData": {
                "Collection Name": "MetricProfile",
                "Model Class": "MetricProfile",
                "Repository Type": "Item Store"
            }
        }
    }
}'
2026-02-17 17:23:02 INFO  [ main -> org.tasktide.tasktide.TaskTide.main ]: ServiceManager state is now:	'true'
2026-02-17 17:23:02 INFO  [ main -> org.tasktide.tasktide.TaskTide.main ]: Constructing client:	'Manager'
2026-02-17 17:23:03 INFO  [ main -> org.tasktide.tasktide.client.TaskTideManagerClient.performClientTask ]: Executing ManagerCommand:
'{
    "Command Spec": {
        "File Path": "../../../tasktide/tasktide/src/test/resources/singleTaskImports.txt",
        "Options": {
            "Item Id": "",
            "Delimiter": "|",
            "Step Name": "PingTest",
            "Nested Delimiter": ""
        },
        "Query String": ""
    },
    "Command Type": "BATCH_CREATE",
    "Manager Action": "IMPORT",
    "Manager Target": "WORKITEM"
}'
2026-02-17 17:23:03 INFO  [ main -> org.tasktide.core.manager.command.commands.ImportCommand.importFile ]: Evaluating nested delimiter of value ''
2026-02-17 17:23:03 INFO  [ main -> org.tasktide.core.manager.command.commands.ImportCommand.importFile ]: No nested delimiter detected, importing as single tasks
2026-02-17 17:23:03 INFO  [ main -> org.tasktide.core.manager.file_handler.ImportCommandRecordProcessor.recordProcessor ]: Fetching StepId for Step Name:	'PingTest'
2026-02-17 17:23:03 DEBUG [ main -> org.tasktide.itemstore.AbstractItemStore.waitForLock ]: Waiting for
2026-02-17 17:23:03 INFO  [ main -> org.tasktide.itemstore.AbstractItemStore.waitForMutex ]: Acquiring mutex
2026-02-17 17:23:04 INFO  [ pool-2-thread-4 -> org.tasktide.itemstore.AbstractItemStore.waitForMutex ]: Mutex acquired
2026-02-17 17:23:04 INFO  [ pool-2-thread-4 -> org.tasktide.itemstore.AbstractItemStore.releaseMutex ]: Releasing mutex
2026-02-17 17:23:05 INFO  [ pool-2-thread-4 -> org.tasktide.itemstore.AbstractItemStore.releaseMutex ]: Released mutex
2026-02-17 17:23:05 DEBUG [ pool-2-thread-4 -> org.tasktide.itemstore.AbstractItemStore.waitForLock ]: Waiting for
2026-02-17 17:23:05 INFO  [ pool-2-thread-4 -> org.tasktide.itemstore.AbstractItemStore.waitForMutex ]: Acquiring mutex
2026-02-17 17:23:07 INFO  [ main -> org.tasktide.itemstore.AbstractItemStore.waitForMutex ]: Mutex acquired
2026-02-17 17:23:07 INFO  [ main -> org.tasktide.itemstore.AbstractItemStore.releaseMutex ]: Releasing mutex
2026-02-17 17:23:08 INFO  [ main -> org.tasktide.itemstore.AbstractItemStore.releaseMutex ]: Released mutex
2026-02-17 17:23:08 DEBUG [ main -> org.tasktide.itemstore.AbstractItemStore.waitForLock ]: Waiting for
2026-02-17 17:23:08 INFO  [ main -> org.tasktide.itemstore.AbstractItemStore.waitForMutex ]: Acquiring mutex
2026-02-17 17:23:10 INFO  [ pool-2-thread-4 -> org.tasktide.itemstore.AbstractItemStore.waitForMutex ]: Mutex acquired
2026-02-17 17:23:10 INFO  [ pool-2-thread-4 -> org.tasktide.itemstore.AbstractItemStore.releaseMutex ]: Releasing mutex
2026-02-17 17:23:11 INFO  [ pool-2-thread-4 -> org.tasktide.itemstore.AbstractItemStore.releaseMutex ]: Released mutex
2026-02-17 17:23:11 DEBUG [ pool-2-thread-2 -> org.tasktide.itemstore.AbstractItemStore.waitForLock ]: Waiting for
2026-02-17 17:23:11 INFO  [ pool-2-thread-2 -> org.tasktide.itemstore.AbstractItemStore.waitForMutex ]: Acquiring mutex
2026-02-17 17:23:13 INFO  [ main -> org.tasktide.itemstore.AbstractItemStore.waitForMutex ]: Mutex acquired
2026-02-17 17:23:14 INFO  [ main -> org.tasktide.itemstore.AbstractItemStore.releaseMutex ]: Releasing mutex
2026-02-17 17:23:14 INFO  [ main -> org.tasktide.itemstore.AbstractItemStore.releaseMutex ]: Released mutex
2026-02-17 17:23:14 INFO  [ main -> org.tasktide.tasktide.client.TaskTideManagerClient.performClientTask ]: Displaying results:	'true'
2026-02-17 17:23:14 INFO  [ main -> org.tasktide.tasktide.TaskTide.main ]: TaskTideClient completed, tearing down container
2026-02-17 17:23:16 INFO  [ main -> org.tasktide.engine.TaskTideEngineUtility.waitOnExecutorTrackerWorkItem ]: Displaying Iter-'5' StateSummary of ExecutorServiceTracker:

Total='4', Remaining='4', Done='0', Expected='4'
2026-02-17 17:23:16 INFO  [ main -> org.tasktide.engine.TaskTideEngineUtility.waitOnExecutorTrackerWorkItem ]: Letting '32000'ms elapse for state monitoring of ExecutorServiceTracker:	'4'
2026-02-17 17:23:17 INFO  [ pool-2-thread-2 -> org.tasktide.itemstore.AbstractItemStore.waitForMutex ]: Mutex acquired
2026-02-17 17:23:17 INFO  [ pool-2-thread-2 -> org.tasktide.itemstore.AbstractItemStore.releaseMutex ]: Releasing mutex
2026-02-17 17:23:17 INFO  [ pool-2-thread-2 -> org.tasktide.itemstore.AbstractItemStore.releaseMutex ]: Released mutex
2026-02-17 17:23:17 DEBUG [ pool-2-thread-3 -> org.tasktide.itemstore.AbstractItemStore.waitForLock ]: Waiting for
2026-02-17 17:23:17 INFO  [ pool-2-thread-2 -> org.tasktide.engine.worker.executor.WorkItemExecutor.executeTask ]: Configuring ItemTaskProcessor for Workload of size '1' on thread 'pool-2-thread-2' for WorkItem:	'WorkItem-58c4f48c-dfcd-4f1c-b387-c4cc528c0808'
2026-02-17 17:23:17 INFO  [ pool-2-thread-3 -> org.tasktide.itemstore.AbstractItemStore.waitForMutex ]: Acquiring mutex
2026-02-17 17:23:17 INFO  [ pool-2-thread-2 -> org.tasktide.engine.worker.executor.WorkItemExecutor.executeTask ]: Processor configured, processing workload for WorkItem:	'WorkItem-58c4f48c-dfcd-4f1c-b387-c4cc528c0808'
2026-02-17 17:23:17 INFO  [ pool-2-thread-2 -> org.tasktide.engine.worker.processor.TaskTideProcessor.process ]: Processing tasks of workload thread:	'pool-2-thread-2', Size='1', First ItemId = 'ItemTask-ccaec95a-feab-4a57-89f7-6e1f236a402d'
2026-02-17 17:23:17 WARN  [ pool-2-thread-2 -> org.tasktide.engine.worker.processor.TaskTideProcessor.process ]: Warning, workload size '1' < threshold '2' at start-up. Enqueing all tasks
2026-02-17 17:23:17 INFO  [ pool-2-thread-2 -> org.tasktide.engine.worker.executor.WorkItemExecutor.executeTask ]: ExecutorObserver polling ItemTaskStateSummary for WorkItem:	'WorkItem-58c4f48c-dfcd-4f1c-b387-c4cc528c0808'
2026-02-17 17:23:17 INFO  [ pool-2-thread-2 -> org.tasktide.engine.observer.worker.executor.WorkItemExecutorObserver.pollUntilDone ]: Begining state monitoring of WorkItem:	'WorkItem-58c4f48c-dfcd-4f1c-b387-c4cc528c0808'
2026-02-17 17:23:17 INFO  [ pool-2-thread-2 -> org.tasktide.engine.observer.worker.executor.WorkItemExecutorObserver.pollUntilDone ]: Letting '10000'ms elapse for state monitoring of WorkItem:	'WorkItem-58c4f48c-dfcd-4f1c-b387-c4cc528c0808'
2026-02-17 17:23:17 INFO  [ pool-3-thread-1 -> org.tasktide.engine.worker.processor.TaskTideProcessor.process ]: Processing tasks of workload thread:	'pool-3-thread-1', Size='1', First ItemId = 'ItemTask-ccaec95a-feab-4a57-89f7-6e1f236a402d'
2026-02-17 17:23:17 INFO  [ pool-3-thread-1 -> org.tasktide.engine.worker.executor.TaskTideExecutor.runTasks ]: Begining workload processing of N = '1' tasks
2026-02-17 17:23:17 INFO  [ pool-3-thread-1 -> org.tasktide.engine.observer.worker.TimeKeeperObserver.evaluateStart ]: TimeKeeper evaluating starting of task 'ItemTask-ccaec95a-feab-4a57-89f7-6e1f236a402d'
2026-02-17 17:23:17 INFO  [ pool-3-thread-1 -> org.tasktide.engine.observer.worker.TimeKeeperObserver.evaluateStart ]: Atomic TimeKeeper for task 'ItemTask-ccaec95a-feab-4a57-89f7-6e1f236a402d' set on thread 'pool-3-thread-1'
2026-02-17 17:23:17 INFO  [ pool-3-thread-1 -> org.tasktide.engine.observer.worker.TimeKeeperObserver.onTaskStart ]: TimeKeeper evaluated time left for processing as 'true' for ItemTask:	'ItemTask-ccaec95a-feab-4a57-89f7-6e1f236a402d'
2026-02-17 17:23:17 INFO  [ pool-3-thread-1 -> org.tasktide.engine.worker.executor.ItemTaskExecutor.executeTask ]: Executing task on thread 'pool-3-thread-1':ping -c 4 dcu.ie
2026-02-17 17:23:21 INFO  [ pool-2-thread-3 -> org.tasktide.itemstore.AbstractItemStore.waitForMutex ]: Mutex acquired
2026-02-17 17:23:21 INFO  [ pool-2-thread-3 -> org.tasktide.itemstore.AbstractItemStore.releaseMutex ]: Releasing mutex
2026-02-17 17:23:22 INFO  [ pool-2-thread-3 -> org.tasktide.itemstore.AbstractItemStore.releaseMutex ]: Released mutex
2026-02-17 17:23:22 INFO  [ pool-2-thread-3 -> org.tasktide.engine.worker.executor.WorkItemExecutor.executeTask ]: Configuring ItemTaskProcessor for Workload of size '1' on thread 'pool-2-thread-3' for WorkItem:	'WorkItem-68860522-51d1-4bb5-8a5c-752cbf83897d'
2026-02-17 17:23:22 DEBUG [ pool-2-thread-1 -> org.tasktide.itemstore.AbstractItemStore.waitForLock ]: Waiting for
2026-02-17 17:23:22 INFO  [ pool-2-thread-3 -> org.tasktide.engine.worker.executor.WorkItemExecutor.executeTask ]: Processor configured, processing workload for WorkItem:	'WorkItem-68860522-51d1-4bb5-8a5c-752cbf83897d'
2026-02-17 17:23:22 INFO  [ pool-2-thread-1 -> org.tasktide.itemstore.AbstractItemStore.waitForMutex ]: Acquiring mutex
2026-02-17 17:23:22 INFO  [ pool-2-thread-3 -> org.tasktide.engine.worker.processor.TaskTideProcessor.process ]: Processing tasks of workload thread:	'pool-2-thread-3', Size='1', First ItemId = 'ItemTask-17f2d03e-ca9c-432f-a84c-6976a0a0ca5c'
2026-02-17 17:23:22 WARN  [ pool-2-thread-3 -> org.tasktide.engine.worker.processor.TaskTideProcessor.process ]: Warning, workload size '1' < threshold '2' at start-up. Enqueing all tasks
2026-02-17 17:23:22 INFO  [ pool-2-thread-3 -> org.tasktide.engine.worker.executor.WorkItemExecutor.executeTask ]: ExecutorObserver polling ItemTaskStateSummary for WorkItem:	'WorkItem-68860522-51d1-4bb5-8a5c-752cbf83897d'
2026-02-17 17:23:22 INFO  [ pool-2-thread-3 -> org.tasktide.engine.observer.worker.executor.WorkItemExecutorObserver.pollUntilDone ]: Begining state monitoring of WorkItem:	'WorkItem-68860522-51d1-4bb5-8a5c-752cbf83897d'
2026-02-17 17:23:22 INFO  [ pool-2-thread-3 -> org.tasktide.engine.observer.worker.executor.WorkItemExecutorObserver.pollUntilDone ]: Letting '10000'ms elapse for state monitoring of WorkItem:	'WorkItem-68860522-51d1-4bb5-8a5c-752cbf83897d'
2026-02-17 17:23:26 INFO  [ pool-2-thread-1 -> org.tasktide.itemstore.AbstractItemStore.waitForMutex ]: Mutex acquired
2026-02-17 17:23:26 INFO  [ pool-2-thread-1 -> org.tasktide.itemstore.AbstractItemStore.releaseMutex ]: Releasing mutex
2026-02-17 17:23:26 INFO  [ pool-2-thread-1 -> org.tasktide.itemstore.AbstractItemStore.releaseMutex ]: Released mutex
2026-02-17 17:23:26 DEBUG [ pool-3-thread-1 -> org.tasktide.itemstore.AbstractItemStore.waitForLock ]: Waiting for
2026-02-17 17:23:26 INFO  [ pool-2-thread-1 -> org.tasktide.engine.worker.executor.WorkItemExecutor.executeTask ]: Configuring ItemTaskProcessor for Workload of size '1' on thread 'pool-2-thread-1' for WorkItem:	'WorkItem-7fcbf121-b4c6-4820-84f2-c06f15674235'
2026-02-17 17:23:26 INFO  [ pool-3-thread-1 -> org.tasktide.itemstore.AbstractItemStore.waitForMutex ]: Acquiring mutex
2026-02-17 17:23:26 INFO  [ pool-2-thread-1 -> org.tasktide.engine.worker.executor.WorkItemExecutor.executeTask ]: Processor configured, processing workload for WorkItem:	'WorkItem-7fcbf121-b4c6-4820-84f2-c06f15674235'
2026-02-17 17:23:26 INFO  [ pool-2-thread-1 -> org.tasktide.engine.worker.processor.TaskTideProcessor.process ]: Processing tasks of workload thread:	'pool-2-thread-1', Size='1', First ItemId = 'ItemTask-94beba91-cea4-49ac-8d45-3a2aeec579e2'
2026-02-17 17:23:26 WARN  [ pool-2-thread-1 -> org.tasktide.engine.worker.processor.TaskTideProcessor.process ]: Warning, workload size '1' < threshold '2' at start-up. Enqueing all tasks
2026-02-17 17:23:26 INFO  [ pool-2-thread-1 -> org.tasktide.engine.worker.executor.WorkItemExecutor.executeTask ]: ExecutorObserver polling ItemTaskStateSummary for WorkItem:	'WorkItem-7fcbf121-b4c6-4820-84f2-c06f15674235'
2026-02-17 17:23:26 INFO  [ pool-2-thread-1 -> org.tasktide.engine.observer.worker.executor.WorkItemExecutorObserver.pollUntilDone ]: Begining state monitoring of WorkItem:	'WorkItem-7fcbf121-b4c6-4820-84f2-c06f15674235'
2026-02-17 17:23:26 INFO  [ pool-2-thread-1 -> org.tasktide.engine.observer.worker.executor.WorkItemExecutorObserver.pollUntilDone ]: Letting '10000'ms elapse for state monitoring of WorkItem:	'WorkItem-7fcbf121-b4c6-4820-84f2-c06f15674235'
2026-02-17 17:23:27 INFO  [ pool-2-thread-2 -> org.tasktide.engine.observer.worker.executor.WorkItemExecutorObserver.pollUntilDone ]: Displaying Iter-'0' StateSummary of WorkItem:	'WorkItem-58c4f48c-dfcd-4f1c-b387-c4cc528c0808'

{
    "State Summary": {
        "LOCKED": 1,
        "TODO": 0,
        "DONE": 0,
        "ERROR": 0,
        "FOR_UNLOCK": 0
    }
}


2026-02-17 17:23:27 INFO  [ pool-2-thread-2 -> org.tasktide.engine.observer.worker.executor.WorkItemExecutorObserver.pollUntilDone ]: Letting '10000'ms elapse for state monitoring of WorkItem:	'WorkItem-58c4f48c-dfcd-4f1c-b387-c4cc528c0808'
2026-02-17 17:23:30 INFO  [ pool-3-thread-1 -> org.tasktide.itemstore.AbstractItemStore.waitForMutex ]: Mutex acquired
2026-02-17 17:23:30 INFO  [ pool-3-thread-1 -> org.tasktide.itemstore.AbstractItemStore.releaseMutex ]: Releasing mutex
2026-02-17 17:23:31 INFO  [ pool-3-thread-1 -> org.tasktide.itemstore.AbstractItemStore.releaseMutex ]: Released mutex
2026-02-17 17:23:31 DEBUG [ pool-3-thread-1 -> org.tasktide.itemstore.AbstractItemStore.waitForLock ]: Waiting for
2026-02-17 17:23:31 INFO  [ pool-3-thread-1 -> org.tasktide.itemstore.AbstractItemStore.waitForMutex ]: Acquiring mutex
2026-02-17 17:23:32 INFO  [ pool-2-thread-3 -> org.tasktide.engine.observer.worker.executor.WorkItemExecutorObserver.pollUntilDone ]: Displaying Iter-'0' StateSummary of WorkItem:	'WorkItem-68860522-51d1-4bb5-8a5c-752cbf83897d'

{
    "State Summary": {
        "LOCKED": 0,
        "TODO": 1,
        "DONE": 0,
        "ERROR": 0,
        "FOR_UNLOCK": 0
    }
}


2026-02-17 17:23:32 INFO  [ pool-2-thread-3 -> org.tasktide.engine.observer.worker.executor.WorkItemExecutorObserver.pollUntilDone ]: Letting '10000'ms elapse for state monitoring of WorkItem:	'WorkItem-68860522-51d1-4bb5-8a5c-752cbf83897d'
2026-02-17 17:23:34 INFO  [ pool-3-thread-1 -> org.tasktide.itemstore.AbstractItemStore.waitForMutex ]: Mutex acquired
2026-02-17 17:23:35 INFO  [ pool-3-thread-1 -> org.tasktide.itemstore.AbstractItemStore.releaseMutex ]: Releasing mutex
2026-02-17 17:23:35 INFO  [ pool-3-thread-1 -> org.tasktide.itemstore.AbstractItemStore.releaseMutex ]: Released mutex
2026-02-17 17:23:35 DEBUG [ pool-3-thread-1 -> org.tasktide.itemstore.AbstractItemStore.waitForLock ]: Waiting for
2026-02-17 17:23:35 INFO  [ pool-3-thread-1 -> org.tasktide.itemstore.AbstractItemStore.waitForMutex ]: Acquiring mutex
2026-02-17 17:23:36 INFO  [ pool-2-thread-1 -> org.tasktide.engine.observer.worker.executor.WorkItemExecutorObserver.pollUntilDone ]: Displaying Iter-'0' StateSummary of WorkItem:	'WorkItem-7fcbf121-b4c6-4820-84f2-c06f15674235'

{
    "State Summary": {
        "LOCKED": 0,
        "TODO": 1,
        "DONE": 0,
        "ERROR": 0,
        "FOR_UNLOCK": 0
    }
}


2026-02-17 17:23:36 INFO  [ pool-2-thread-1 -> org.tasktide.engine.observer.worker.executor.WorkItemExecutorObserver.pollUntilDone ]: Letting '10000'ms elapse for state monitoring of WorkItem:	'WorkItem-7fcbf121-b4c6-4820-84f2-c06f15674235'
2026-02-17 17:23:37 INFO  [ pool-2-thread-2 -> org.tasktide.engine.observer.worker.executor.WorkItemExecutorObserver.pollUntilDone ]: Displaying Iter-'1' StateSummary of WorkItem:	'WorkItem-58c4f48c-dfcd-4f1c-b387-c4cc528c0808'

{
    "State Summary": {
        "LOCKED": 1,
        "TODO": 0,
        "DONE": 0,
        "ERROR": 0,
        "FOR_UNLOCK": 0
    }
}


2026-02-17 17:23:37 INFO  [ pool-2-thread-2 -> org.tasktide.engine.observer.worker.executor.WorkItemExecutorObserver.pollUntilDone ]: Letting '10000'ms elapse for state monitoring of WorkItem:	'WorkItem-58c4f48c-dfcd-4f1c-b387-c4cc528c0808'
2026-02-17 17:23:39 INFO  [ pool-3-thread-1 -> org.tasktide.itemstore.AbstractItemStore.waitForMutex ]: Mutex acquired
2026-02-17 17:23:39 INFO  [ pool-3-thread-1 -> org.tasktide.itemstore.AbstractItemStore.releaseMutex ]: Releasing mutex
2026-02-17 17:23:39 INFO  [ pool-3-thread-1 -> org.tasktide.itemstore.AbstractItemStore.releaseMutex ]: Released mutex
2026-02-17 17:23:39 DEBUG [ pool-3-thread-1 -> org.tasktide.itemstore.AbstractItemStore.waitForLock ]: Waiting for
2026-02-17 17:23:39 INFO  [ pool-3-thread-1 -> org.tasktide.itemstore.AbstractItemStore.waitForMutex ]: Acquiring mutex
2026-02-17 17:23:42 INFO  [ pool-2-thread-3 -> org.tasktide.engine.observer.worker.executor.WorkItemExecutorObserver.pollUntilDone ]: Displaying Iter-'1' StateSummary of WorkItem:	'WorkItem-68860522-51d1-4bb5-8a5c-752cbf83897d'

{
    "State Summary": {
        "LOCKED": 0,
        "TODO": 1,
        "DONE": 0,
        "ERROR": 0,
        "FOR_UNLOCK": 0
    }
}


2026-02-17 17:23:42 INFO  [ pool-2-thread-3 -> org.tasktide.engine.observer.worker.executor.WorkItemExecutorObserver.pollUntilDone ]: Letting '10000'ms elapse for state monitoring of WorkItem:	'WorkItem-68860522-51d1-4bb5-8a5c-752cbf83897d'
2026-02-17 17:23:43 INFO  [ pool-3-thread-1 -> org.tasktide.itemstore.AbstractItemStore.waitForMutex ]: Mutex acquired
2026-02-17 17:23:43 INFO  [ pool-3-thread-1 -> org.tasktide.itemstore.AbstractItemStore.releaseMutex ]: Releasing mutex
2026-02-17 17:23:44 INFO  [ pool-3-thread-1 -> org.tasktide.itemstore.AbstractItemStore.releaseMutex ]: Released mutex
2026-02-17 17:23:44 DEBUG [ pool-2-thread-4 -> org.tasktide.itemstore.AbstractItemStore.waitForLock ]: Waiting for
2026-02-17 17:23:44 DEBUG [ pool-3-thread-1 -> org.tasktide.engine.worker.executor.ProcessExecutor.execute ]: Beginning execution of task:	ping -c 4 dcu.ie
2026-02-17 17:23:44 INFO  [ pool-2-thread-4 -> org.tasktide.itemstore.AbstractItemStore.waitForMutex ]: Acquiring mutex
2026-02-17 17:23:46 INFO  [ pool-2-thread-1 -> org.tasktide.engine.observer.worker.executor.WorkItemExecutorObserver.pollUntilDone ]: Displaying Iter-'1' StateSummary of WorkItem:	'WorkItem-7fcbf121-b4c6-4820-84f2-c06f15674235'

{
    "State Summary": {
        "LOCKED": 0,
        "TODO": 1,
        "DONE": 0,
        "ERROR": 0,
        "FOR_UNLOCK": 0
    }
}


2026-02-17 17:23:46 INFO  [ pool-2-thread-1 -> org.tasktide.engine.observer.worker.executor.WorkItemExecutorObserver.pollUntilDone ]: Letting '10000'ms elapse for state monitoring of WorkItem:	'WorkItem-7fcbf121-b4c6-4820-84f2-c06f15674235'
2026-02-17 17:23:47 DEBUG [ pool-3-thread-1 -> org.tasktide.engine.worker.executor.ProcessExecutor.execute ]: Execution complete for task:	ping -c 4 dcu.ie
2026-02-17 17:23:47 DEBUG [ pool-3-thread-1 -> org.tasktide.engine.worker.executor.ProcessExecutor.execute ]: Building ProcessLog for task:	ping -c 4 dcu.ie
2026-02-17 17:23:47 DEBUG [ pool-3-thread-1 -> org.tasktide.engine.worker.executor.ProcessExecutor.execute ]: Displaying TaskLogging:
{
    "CPU Duration": 0,
    "End Time": 1771349027649,
    "Exit Code": 0,
    "Process Id": 9340,
    "Process Log": {
        "Stderr": [
            "PING dcu.ie (99.80.221.0) 56(84) bytes of data.",
            "64 bytes from ec2-99-80-221-0.eu-west-1.compute.amazonaws.com (99.80.221.0): icmp_seq=1 ttl=55 time=25.1 ms",
            "64 bytes from ec2-99-80-221-0.eu-west-1.compute.amazonaws.com (99.80.221.0): icmp_seq=2 ttl=55 time=31.1 ms",
            "64 bytes from ec2-99-80-221-0.eu-west-1.compute.amazonaws.com (99.80.221.0): icmp_seq=3 ttl=55 time=40.1 ms",
            "64 bytes from ec2-99-80-221-0.eu-west-1.compute.amazonaws.com (99.80.221.0): icmp_seq=4 ttl=55 time=36.8 ms",
            "",
            "--- dcu.ie ping statistics ---",
            "4 packets transmitted, 4 received, 0% packet loss, time 3016ms",
            "rtt min/avg/max/mdev = 25.105/33.274/40.091/5.718 ms"
        ],
        "Stdout": [
            "PING dcu.ie (99.80.221.0) 56(84) bytes of data.",
            "64 bytes from ec2-99-80-221-0.eu-west-1.compute.amazonaws.com (99.80.221.0): icmp_seq=1 ttl=55 time=25.1 ms",
            "64 bytes from ec2-99-80-221-0.eu-west-1.compute.amazonaws.com (99.80.221.0): icmp_seq=2 ttl=55 time=31.1 ms",
            "64 bytes from ec2-99-80-221-0.eu-west-1.compute.amazonaws.com (99.80.221.0): icmp_seq=3 ttl=55 time=40.1 ms",
            "64 bytes from ec2-99-80-221-0.eu-west-1.compute.amazonaws.com (99.80.221.0): icmp_seq=4 ttl=55 time=36.8 ms",
            "",
            "--- dcu.ie ping statistics ---",
            "4 packets transmitted, 4 received, 0% packet loss, time 3016ms",
            "rtt min/avg/max/mdev = 25.105/33.274/40.091/5.718 ms"
        ],
        "id": "ProcessLog-8e17d353-f088-49bb-87a7-1fc956d8fc84"
    },
    "Start Time": 1771349024270,
    "Thread Name": "pool-3-thread-1",
    "id": "TaskLogging-1e4f137a-59d5-496c-91ef-542f83cb7c2c"
}
2026-02-17 17:23:47 INFO  [ pool-3-thread-1 -> org.tasktide.engine.worker.executor.ProcessExecutor.execute ]: Successful execution of task:	ping -c 4 dcu.ie
2026-02-17 17:23:47 INFO  [ pool-3-thread-1 -> org.tasktide.engine.worker.executor.ItemTaskExecutor.executeTask ]: Task 'Ping_Test_2' successful on thread 'pool-3-thread-1' with exit code 0

2026-02-17 17:23:47 DEBUG [ pool-3-thread-1 -> org.tasktide.engine.worker.executor.ItemTaskExecutor.executeTask ]: Determining whether to apply results annotation
2026-02-17 17:23:47 DEBUG [ pool-3-thread-1 -> org.tasktide.engine.worker.executor.ItemTaskExecutor.annotateResults ]: No 'Results Path' annotation detected for task:
'ItemTask-ccaec95a-feab-4a57-89f7-6e1f236a402d'
2026-02-17 17:23:47 INFO  [ pool-3-thread-1 -> org.tasktide.engine.worker.executor.TaskTideExecutor.runTasks ]: Completed task 'ItemTask-ccaec95a-feab-4a57-89f7-6e1f236a402d', global count: 1
2026-02-17 17:23:47 INFO  [ pool-2-thread-2 -> org.tasktide.engine.observer.worker.executor.WorkItemExecutorObserver.pollUntilDone ]: Displaying Iter-'2' StateSummary of WorkItem:	'WorkItem-58c4f48c-dfcd-4f1c-b387-c4cc528c0808'

{
    "State Summary": {
        "LOCKED": 0,
        "TODO": 0,
        "DONE": 1,
        "ERROR": 0,
        "FOR_UNLOCK": 0
    }
}


2026-02-17 17:23:47 INFO  [ pool-2-thread-2 -> org.tasktide.engine.observer.worker.executor.WorkItemExecutorObserver.pollUntilDone ]: Completed processing of '1' WorkItems with '1'
2026-02-17 17:23:47 INFO  [ pool-2-thread-2 -> org.tasktide.engine.worker.executor.WorkItemExecutor.executeTask ]: Task processing complete on WorkItem:	'WorkItem-58c4f48c-dfcd-4f1c-b387-c4cc528c0808'
2026-02-17 17:23:47 INFO  [ pool-2-thread-2 -> org.tasktide.engine.worker.executor.TaskTideExecutor.runTasks ]: Completed task 'WorkItem-58c4f48c-dfcd-4f1c-b387-c4cc528c0808', global count: 2
2026-02-17 17:23:47 INFO  [ pool-2-thread-2 -> org.tasktide.engine.observer.worker.TimeKeeperObserver.onTaskEnd ]: Measuring the elapsed time of task 'WorkItem-58c4f48c-dfcd-4f1c-b387-c4cc528c0808',
2026-02-17 17:23:47 INFO  [ pool-2-thread-2 -> org.tasktide.engine.observer.worker.TimeKeeperObserver.onTaskEnd ]: Task 'WorkItem-58c4f48c-dfcd-4f1c-b387-c4cc528c0808' completed in 95266ms
2026-02-17 17:23:47 DEBUG [ pool-2-thread-2 -> org.tasktide.engine.observer.worker.TimeKeeperObserver.measureTime ]: Mean duration = '95266ms', Expected Next = '1771349123101ms', Max End '1771349032569ms', Is time = 'false'
2026-02-17 17:23:47 WARN  [ pool-2-thread-2 -> org.tasktide.engine.observer.worker.TimeKeeperObserver.evaluateDuration ]: Warning not enough estimated time for next task to run
2026-02-17 17:23:47 INFO  [ pool-2-thread-2 -> org.tasktide.engine.observer.worker.TimeKeeperObserver.onTaskEnd ]: TimeKeeper evaluated time left next 'false' with ItemTask:	'WorkItem-58c4f48c-dfcd-4f1c-b387-c4cc528c0808'
2026-02-17 17:23:48 INFO  [ pool-2-thread-4 -> org.tasktide.itemstore.AbstractItemStore.waitForMutex ]: Mutex acquired
2026-02-17 17:23:48 INFO  [ pool-2-thread-4 -> org.tasktide.itemstore.AbstractItemStore.releaseMutex ]: Releasing mutex
2026-02-17 17:23:48 INFO  [ pool-2-thread-4 -> org.tasktide.itemstore.AbstractItemStore.releaseMutex ]: Released mutex
2026-02-17 17:23:48 INFO  [ main -> org.tasktide.engine.TaskTideEngineUtility.waitOnExecutorTrackerWorkItem ]: Displaying Iter-'6' StateSummary of ExecutorServiceTracker:

Total='4', Remaining='4', Done='0', Expected='4'
2026-02-17 17:23:48 INFO  [ main -> org.tasktide.engine.TaskTideEngineUtility.waitOnExecutorTrackerWorkItem ]: Letting '64000'ms elapse for state monitoring of ExecutorServiceTracker:	'4'
2026-02-17 17:23:48 INFO  [ pool-2-thread-4 -> org.tasktide.engine.worker.executor.WorkItemExecutor.executeTask ]: Configuring ItemTaskProcessor for Workload of size '1' on thread 'pool-2-thread-4' for WorkItem:	'WorkItem-4b6fdf9a-e5d1-4729-9559-9da528597dc3'
2026-02-17 17:23:48 INFO  [ pool-2-thread-4 -> org.tasktide.engine.worker.executor.WorkItemExecutor.executeTask ]: Processor configured, processing workload for WorkItem:	'WorkItem-4b6fdf9a-e5d1-4729-9559-9da528597dc3'
2026-02-17 17:23:48 INFO  [ pool-2-thread-4 -> org.tasktide.engine.worker.processor.TaskTideProcessor.process ]: Processing tasks of workload thread:	'pool-2-thread-4', Size='1', First ItemId = 'ItemTask-0e08b21d-68bf-49ee-b405-51dc1e3476b4'
2026-02-17 17:23:48 WARN  [ pool-2-thread-4 -> org.tasktide.engine.worker.processor.TaskTideProcessor.process ]: Warning, workload size '1' < threshold '2' at start-up. Enqueing all tasks
2026-02-17 17:23:48 INFO  [ pool-2-thread-4 -> org.tasktide.engine.worker.executor.WorkItemExecutor.executeTask ]: ExecutorObserver polling ItemTaskStateSummary for WorkItem:	'WorkItem-4b6fdf9a-e5d1-4729-9559-9da528597dc3'
2026-02-17 17:23:48 INFO  [ pool-2-thread-4 -> org.tasktide.engine.observer.worker.executor.WorkItemExecutorObserver.pollUntilDone ]: Begining state monitoring of WorkItem:	'WorkItem-4b6fdf9a-e5d1-4729-9559-9da528597dc3'
2026-02-17 17:23:48 INFO  [ pool-2-thread-4 -> org.tasktide.engine.observer.worker.executor.WorkItemExecutorObserver.pollUntilDone ]: Letting '10000'ms elapse for state monitoring of WorkItem:	'WorkItem-4b6fdf9a-e5d1-4729-9559-9da528597dc3'
2026-02-17 17:23:48 DEBUG [ pool-2-thread-2 -> org.tasktide.itemstore.AbstractItemStore.waitForLock ]: Waiting for
2026-02-17 17:23:48 INFO  [ pool-2-thread-2 -> org.tasktide.itemstore.AbstractItemStore.waitForMutex ]: Acquiring mutex
2026-02-17 17:23:52 INFO  [ pool-2-thread-3 -> org.tasktide.engine.observer.worker.executor.WorkItemExecutorObserver.pollUntilDone ]: Displaying Iter-'2' StateSummary of WorkItem:	'WorkItem-68860522-51d1-4bb5-8a5c-752cbf83897d'

{
    "State Summary": {
        "LOCKED": 0,
        "TODO": 1,
        "DONE": 0,
        "ERROR": 0,
        "FOR_UNLOCK": 0
    }
}


2026-02-17 17:23:52 INFO  [ pool-2-thread-3 -> org.tasktide.engine.observer.worker.executor.WorkItemExecutorObserver.pollUntilDone ]: Letting '10000'ms elapse for state monitoring of WorkItem:	'WorkItem-68860522-51d1-4bb5-8a5c-752cbf83897d'
2026-02-17 17:23:52 INFO  [ pool-2-thread-2 -> org.tasktide.itemstore.AbstractItemStore.waitForMutex ]: Mutex acquired
2026-02-17 17:23:52 INFO  [ pool-2-thread-2 -> org.tasktide.itemstore.AbstractItemStore.releaseMutex ]: Releasing mutex
2026-02-17 17:23:52 INFO  [ pool-2-thread-2 -> org.tasktide.itemstore.AbstractItemStore.releaseMutex ]: Released mutex
2026-02-17 17:23:52 DEBUG [ pool-2-thread-2 -> org.tasktide.itemstore.AbstractItemStore.waitForLock ]: Waiting for
2026-02-17 17:23:52 INFO  [ pool-2-thread-2 -> org.tasktide.itemstore.AbstractItemStore.waitForMutex ]: Acquiring mutex
2026-02-17 17:23:56 INFO  [ pool-2-thread-1 -> org.tasktide.engine.observer.worker.executor.WorkItemExecutorObserver.pollUntilDone ]: Displaying Iter-'2' StateSummary of WorkItem:	'WorkItem-7fcbf121-b4c6-4820-84f2-c06f15674235'

{
    "State Summary": {
        "LOCKED": 0,
        "TODO": 1,
        "DONE": 0,
        "ERROR": 0,
        "FOR_UNLOCK": 0
    }
}


2026-02-17 17:23:56 INFO  [ pool-2-thread-1 -> org.tasktide.engine.observer.worker.executor.WorkItemExecutorObserver.pollUntilDone ]: Letting '10000'ms elapse for state monitoring of WorkItem:	'WorkItem-7fcbf121-b4c6-4820-84f2-c06f15674235'
2026-02-17 17:23:56 INFO  [ pool-2-thread-2 -> org.tasktide.itemstore.AbstractItemStore.waitForMutex ]: Mutex acquired
2026-02-17 17:23:57 INFO  [ pool-2-thread-2 -> org.tasktide.itemstore.AbstractItemStore.releaseMutex ]: Releasing mutex
2026-02-17 17:23:57 INFO  [ pool-2-thread-2 -> org.tasktide.itemstore.AbstractItemStore.releaseMutex ]: Released mutex
2026-02-17 17:23:57 DEBUG [ pool-2-thread-2 -> org.tasktide.itemstore.AbstractItemStore.waitForLock ]: Waiting for
2026-02-17 17:23:57 INFO  [ pool-2-thread-2 -> org.tasktide.itemstore.AbstractItemStore.waitForMutex ]: Acquiring mutex
2026-02-17 17:23:58 INFO  [ pool-2-thread-4 -> org.tasktide.engine.observer.worker.executor.WorkItemExecutorObserver.pollUntilDone ]: Displaying Iter-'0' StateSummary of WorkItem:	'WorkItem-4b6fdf9a-e5d1-4729-9559-9da528597dc3'

{
    "State Summary": {
        "LOCKED": 0,
        "TODO": 1,
        "DONE": 0,
        "ERROR": 0,
        "FOR_UNLOCK": 0
    }
}


2026-02-17 17:23:58 INFO  [ pool-2-thread-4 -> org.tasktide.engine.observer.worker.executor.WorkItemExecutorObserver.pollUntilDone ]: Letting '10000'ms elapse for state monitoring of WorkItem:	'WorkItem-4b6fdf9a-e5d1-4729-9559-9da528597dc3'
2026-02-17 17:24:01 INFO  [ pool-2-thread-2 -> org.tasktide.itemstore.AbstractItemStore.waitForMutex ]: Mutex acquired
2026-02-17 17:24:01 INFO  [ pool-2-thread-2 -> org.tasktide.itemstore.AbstractItemStore.releaseMutex ]: Releasing mutex
2026-02-17 17:24:01 INFO  [ pool-2-thread-2 -> org.tasktide.itemstore.AbstractItemStore.releaseMutex ]: Released mutex
2026-02-17 17:24:01 INFO  [ pool-2-thread-2 -> org.tasktide.engine.observer.worker.executor.WorkItemExecutorObserver.onTaskEnd ]: Unlocked N = '0' sub tasks for WorkItem:	'WorkItem-58c4f48c-dfcd-4f1c-b387-c4cc528c0808'
2026-02-17 17:24:01 DEBUG [ pool-3-thread-1 -> org.tasktide.itemstore.AbstractItemStore.waitForLock ]: Waiting for
2026-02-17 17:24:01 INFO  [ pool-2-thread-2 -> org.tasktide.engine.worker.executor.TaskTideExecutor.runTasks ]: 

Workload processing complete, displaying summary:
Thread Total = '1', Thread Done = '0', Done = '2', Failed = '0', Skipped = '0'
2026-02-17 17:24:01 INFO  [ pool-3-thread-1 -> org.tasktide.itemstore.AbstractItemStore.waitForMutex ]: Acquiring mutex
2026-02-17 17:24:02 INFO  [ pool-2-thread-3 -> org.tasktide.engine.observer.worker.executor.WorkItemExecutorObserver.pollUntilDone ]: Displaying Iter-'3' StateSummary of WorkItem:	'WorkItem-68860522-51d1-4bb5-8a5c-752cbf83897d'

{
    "State Summary": {
        "LOCKED": 0,
        "TODO": 1,
        "DONE": 0,
        "ERROR": 0,
        "FOR_UNLOCK": 0
    }
}


2026-02-17 17:24:02 INFO  [ pool-2-thread-3 -> org.tasktide.engine.observer.worker.executor.WorkItemExecutorObserver.pollUntilDone ]: Letting '8000'ms elapse for state monitoring of WorkItem:	'WorkItem-68860522-51d1-4bb5-8a5c-752cbf83897d'
2026-02-17 17:24:05 INFO  [ pool-3-thread-1 -> org.tasktide.itemstore.AbstractItemStore.waitForMutex ]: Mutex acquired
2026-02-17 17:24:06 INFO  [ pool-3-thread-1 -> org.tasktide.itemstore.AbstractItemStore.releaseMutex ]: Releasing mutex
2026-02-17 17:24:06 INFO  [ pool-3-thread-1 -> org.tasktide.itemstore.AbstractItemStore.releaseMutex ]: Released mutex
2026-02-17 17:24:06 DEBUG [ pool-3-thread-1 -> org.tasktide.itemstore.AbstractItemStore.waitForLock ]: Waiting for
2026-02-17 17:24:06 INFO  [ pool-3-thread-1 -> org.tasktide.itemstore.AbstractItemStore.waitForMutex ]: Acquiring mutex
2026-02-17 17:24:06 INFO  [ pool-2-thread-1 -> org.tasktide.engine.observer.worker.executor.WorkItemExecutorObserver.pollUntilDone ]: Displaying Iter-'3' StateSummary of WorkItem:	'WorkItem-7fcbf121-b4c6-4820-84f2-c06f15674235'

{
    "State Summary": {
        "LOCKED": 0,
        "TODO": 1,
        "DONE": 0,
        "ERROR": 0,
        "FOR_UNLOCK": 0
    }
}


2026-02-17 17:24:06 INFO  [ pool-2-thread-1 -> org.tasktide.engine.observer.worker.executor.WorkItemExecutorObserver.pollUntilDone ]: Letting '8000'ms elapse for state monitoring of WorkItem:	'WorkItem-7fcbf121-b4c6-4820-84f2-c06f15674235'
2026-02-17 17:24:08 INFO  [ pool-2-thread-4 -> org.tasktide.engine.observer.worker.executor.WorkItemExecutorObserver.pollUntilDone ]: Displaying Iter-'1' StateSummary of WorkItem:	'WorkItem-4b6fdf9a-e5d1-4729-9559-9da528597dc3'

{
    "State Summary": {
        "LOCKED": 0,
        "TODO": 1,
        "DONE": 0,
        "ERROR": 0,
        "FOR_UNLOCK": 0
    }
}


2026-02-17 17:24:08 INFO  [ pool-2-thread-4 -> org.tasktide.engine.observer.worker.executor.WorkItemExecutorObserver.pollUntilDone ]: Letting '10000'ms elapse for state monitoring of WorkItem:	'WorkItem-4b6fdf9a-e5d1-4729-9559-9da528597dc3'
2026-02-17 17:24:10 INFO  [ pool-3-thread-1 -> org.tasktide.itemstore.AbstractItemStore.waitForMutex ]: Mutex acquired
2026-02-17 17:24:10 INFO  [ pool-3-thread-1 -> org.tasktide.itemstore.AbstractItemStore.releaseMutex ]: Releasing mutex
2026-02-17 17:24:10 INFO  [ pool-2-thread-3 -> org.tasktide.engine.observer.worker.executor.WorkItemExecutorObserver.pollUntilDone ]: Displaying Iter-'4' StateSummary of WorkItem:	'WorkItem-68860522-51d1-4bb5-8a5c-752cbf83897d'

{
    "State Summary": {
        "LOCKED": 0,
        "TODO": 1,
        "DONE": 0,
        "ERROR": 0,
        "FOR_UNLOCK": 0
    }
}


2026-02-17 17:24:10 INFO  [ pool-2-thread-3 -> org.tasktide.engine.observer.worker.executor.WorkItemExecutorObserver.pollUntilDone ]: Letting '16000'ms elapse for state monitoring of WorkItem:	'WorkItem-68860522-51d1-4bb5-8a5c-752cbf83897d'
2026-02-17 17:24:10 INFO  [ pool-3-thread-1 -> org.tasktide.itemstore.AbstractItemStore.releaseMutex ]: Released mutex
2026-02-17 17:24:10 DEBUG [ pool-3-thread-1 -> org.tasktide.itemstore.AbstractItemStore.waitForLock ]: Waiting for
2026-02-17 17:24:10 INFO  [ pool-3-thread-1 -> org.tasktide.itemstore.AbstractItemStore.waitForMutex ]: Acquiring mutex
2026-02-17 17:24:14 INFO  [ pool-3-thread-1 -> org.tasktide.itemstore.AbstractItemStore.waitForMutex ]: Mutex acquired
2026-02-17 17:24:14 INFO  [ pool-3-thread-1 -> org.tasktide.itemstore.AbstractItemStore.releaseMutex ]: Releasing mutex
2026-02-17 17:24:14 INFO  [ pool-2-thread-1 -> org.tasktide.engine.observer.worker.executor.WorkItemExecutorObserver.pollUntilDone ]: Displaying Iter-'4' StateSummary of WorkItem:	'WorkItem-7fcbf121-b4c6-4820-84f2-c06f15674235'

{
    "State Summary": {
        "LOCKED": 0,
        "TODO": 1,
        "DONE": 0,
        "ERROR": 0,
        "FOR_UNLOCK": 0
    }
}


2026-02-17 17:24:14 INFO  [ pool-2-thread-1 -> org.tasktide.engine.observer.worker.executor.WorkItemExecutorObserver.pollUntilDone ]: Letting '16000'ms elapse for state monitoring of WorkItem:	'WorkItem-7fcbf121-b4c6-4820-84f2-c06f15674235'
2026-02-17 17:24:15 INFO  [ pool-3-thread-1 -> org.tasktide.itemstore.AbstractItemStore.releaseMutex ]: Released mutex
2026-02-17 17:24:15 DEBUG [ pool-3-thread-1 -> org.tasktide.itemstore.AbstractItemStore.waitForLock ]: Waiting for
2026-02-17 17:24:15 INFO  [ pool-3-thread-1 -> org.tasktide.itemstore.AbstractItemStore.waitForMutex ]: Acquiring mutex
2026-02-17 17:24:18 INFO  [ pool-2-thread-4 -> org.tasktide.engine.observer.worker.executor.WorkItemExecutorObserver.pollUntilDone ]: Displaying Iter-'2' StateSummary of WorkItem:	'WorkItem-4b6fdf9a-e5d1-4729-9559-9da528597dc3'

{
    "State Summary": {
        "LOCKED": 0,
        "TODO": 1,
        "DONE": 0,
        "ERROR": 0,
        "FOR_UNLOCK": 0
    }
}


2026-02-17 17:24:18 INFO  [ pool-2-thread-4 -> org.tasktide.engine.observer.worker.executor.WorkItemExecutorObserver.pollUntilDone ]: Letting '10000'ms elapse for state monitoring of WorkItem:	'WorkItem-4b6fdf9a-e5d1-4729-9559-9da528597dc3'
2026-02-17 17:24:19 INFO  [ pool-3-thread-1 -> org.tasktide.itemstore.AbstractItemStore.waitForMutex ]: Mutex acquired
2026-02-17 17:24:19 INFO  [ pool-3-thread-1 -> org.tasktide.itemstore.AbstractItemStore.releaseMutex ]: Releasing mutex
2026-02-17 17:24:19 INFO  [ pool-3-thread-1 -> org.tasktide.itemstore.AbstractItemStore.releaseMutex ]: Released mutex
2026-02-17 17:24:19 INFO  [ pool-3-thread-1 -> org.tasktide.engine.observer.worker.TimeKeeperObserver.onTaskEnd ]: Measuring the elapsed time of task 'ItemTask-ccaec95a-feab-4a57-89f7-6e1f236a402d',
2026-02-17 17:24:19 INFO  [ pool-3-thread-1 -> org.tasktide.engine.observer.worker.TimeKeeperObserver.onTaskEnd ]: Task 'ItemTask-ccaec95a-feab-4a57-89f7-6e1f236a402d' completed in 61799ms
2026-02-17 17:24:19 DEBUG [ pool-3-thread-1 -> org.tasktide.engine.observer.worker.TimeKeeperObserver.measureTime ]: Mean duration = '61799ms', Expected Next = '1771349121355ms', Max End '1771349097757ms', Is time = 'false'
2026-02-17 17:24:19 WARN  [ pool-3-thread-1 -> org.tasktide.engine.observer.worker.TimeKeeperObserver.evaluateDuration ]: Warning not enough estimated time for next task to run
2026-02-17 17:24:19 INFO  [ pool-3-thread-1 -> org.tasktide.engine.observer.worker.TimeKeeperObserver.onTaskEnd ]: TimeKeeper evaluated time left next 'false' with ItemTask:	'ItemTask-ccaec95a-feab-4a57-89f7-6e1f236a402d'
2026-02-17 17:24:19 INFO  [ pool-3-thread-1 -> org.tasktide.engine.worker.executor.TaskTideExecutor.runTasks ]: 

Workload processing complete, displaying summary:
Thread Total = '1', Thread Done = '0', Done = '2', Failed = '0', Skipped = '0'
2026-02-17 17:24:19 INFO  [ pool-3-thread-1 -> org.tasktide.engine.worker.processor.TaskTideProcessor.process ]: Processing tasks of workload thread:	'pool-3-thread-1', Size='1', First ItemId = 'ItemTask-17f2d03e-ca9c-432f-a84c-6976a0a0ca5c'
2026-02-17 17:24:19 INFO  [ pool-3-thread-1 -> org.tasktide.engine.worker.executor.TaskTideExecutor.runTasks ]: Begining workload processing of N = '1' tasks
2026-02-17 17:24:19 INFO  [ pool-3-thread-1 -> org.tasktide.engine.observer.worker.TimeKeeperObserver.evaluateStart ]: TimeKeeper evaluating starting of task 'ItemTask-17f2d03e-ca9c-432f-a84c-6976a0a0ca5c'
2026-02-17 17:24:19 INFO  [ pool-3-thread-1 -> org.tasktide.engine.observer.worker.TimeKeeperObserver.evaluateStart ]: Atomic TimeKeeper for task 'ItemTask-17f2d03e-ca9c-432f-a84c-6976a0a0ca5c' set on thread 'pool-3-thread-1'
2026-02-17 17:24:19 INFO  [ pool-3-thread-1 -> org.tasktide.engine.observer.worker.TimeKeeperObserver.onTaskStart ]: TimeKeeper evaluated time left for processing as 'true' for ItemTask:	'ItemTask-17f2d03e-ca9c-432f-a84c-6976a0a0ca5c'
2026-02-17 17:24:19 INFO  [ pool-3-thread-1 -> org.tasktide.engine.worker.executor.ItemTaskExecutor.executeTask ]: Executing task on thread 'pool-3-thread-1':ping -c 4 ucd.ie
2026-02-17 17:24:19 DEBUG [ pool-3-thread-1 -> org.tasktide.itemstore.AbstractItemStore.waitForLock ]: Waiting for
2026-02-17 17:24:19 INFO  [ pool-3-thread-1 -> org.tasktide.itemstore.AbstractItemStore.waitForMutex ]: Acquiring mutex
2026-02-17 17:24:23 INFO  [ pool-3-thread-1 -> org.tasktide.itemstore.AbstractItemStore.waitForMutex ]: Mutex acquired
2026-02-17 17:24:23 INFO  [ pool-3-thread-1 -> org.tasktide.itemstore.AbstractItemStore.releaseMutex ]: Releasing mutex
2026-02-17 17:24:23 INFO  [ pool-3-thread-1 -> org.tasktide.itemstore.AbstractItemStore.releaseMutex ]: Released mutex
2026-02-17 17:24:23 DEBUG [ pool-3-thread-1 -> org.tasktide.itemstore.AbstractItemStore.waitForLock ]: Waiting for
2026-02-17 17:24:23 INFO  [ pool-3-thread-1 -> org.tasktide.itemstore.AbstractItemStore.waitForMutex ]: Acquiring mutex
2026-02-17 17:24:26 INFO  [ pool-2-thread-3 -> org.tasktide.engine.observer.worker.executor.WorkItemExecutorObserver.pollUntilDone ]: Displaying Iter-'5' StateSummary of WorkItem:	'WorkItem-68860522-51d1-4bb5-8a5c-752cbf83897d'

{
    "State Summary": {
        "LOCKED": 1,
        "TODO": 0,
        "DONE": 0,
        "ERROR": 0,
        "FOR_UNLOCK": 0
    }
}


2026-02-17 17:24:26 INFO  [ pool-2-thread-3 -> org.tasktide.engine.observer.worker.executor.WorkItemExecutorObserver.pollUntilDone ]: Letting '32000'ms elapse for state monitoring of WorkItem:	'WorkItem-68860522-51d1-4bb5-8a5c-752cbf83897d'
2026-02-17 17:24:27 INFO  [ pool-3-thread-1 -> org.tasktide.itemstore.AbstractItemStore.waitForMutex ]: Mutex acquired
2026-02-17 17:24:27 INFO  [ pool-3-thread-1 -> org.tasktide.itemstore.AbstractItemStore.releaseMutex ]: Releasing mutex
2026-02-17 17:24:28 INFO  [ pool-3-thread-1 -> org.tasktide.itemstore.AbstractItemStore.releaseMutex ]: Released mutex
2026-02-17 17:24:28 DEBUG [ pool-3-thread-1 -> org.tasktide.itemstore.AbstractItemStore.waitForLock ]: Waiting for
2026-02-17 17:24:28 INFO  [ pool-3-thread-1 -> org.tasktide.itemstore.AbstractItemStore.waitForMutex ]: Acquiring mutex
2026-02-17 17:24:28 INFO  [ pool-2-thread-4 -> org.tasktide.engine.observer.worker.executor.WorkItemExecutorObserver.pollUntilDone ]: Displaying Iter-'3' StateSummary of WorkItem:	'WorkItem-4b6fdf9a-e5d1-4729-9559-9da528597dc3'

{
    "State Summary": {
        "LOCKED": 0,
        "TODO": 1,
        "DONE": 0,
        "ERROR": 0,
        "FOR_UNLOCK": 0
    }
}


2026-02-17 17:24:28 INFO  [ pool-2-thread-4 -> org.tasktide.engine.observer.worker.executor.WorkItemExecutorObserver.pollUntilDone ]: Letting '8000'ms elapse for state monitoring of WorkItem:	'WorkItem-4b6fdf9a-e5d1-4729-9559-9da528597dc3'
2026-02-17 17:24:30 INFO  [ pool-2-thread-1 -> org.tasktide.engine.observer.worker.executor.WorkItemExecutorObserver.pollUntilDone ]: Displaying Iter-'5' StateSummary of WorkItem:	'WorkItem-7fcbf121-b4c6-4820-84f2-c06f15674235'

{
    "State Summary": {
        "LOCKED": 0,
        "TODO": 1,
        "DONE": 0,
        "ERROR": 0,
        "FOR_UNLOCK": 0
    }
}


2026-02-17 17:24:30 INFO  [ pool-2-thread-1 -> org.tasktide.engine.observer.worker.executor.WorkItemExecutorObserver.pollUntilDone ]: Letting '32000'ms elapse for state monitoring of WorkItem:	'WorkItem-7fcbf121-b4c6-4820-84f2-c06f15674235'
2026-02-17 17:24:31 INFO  [ pool-3-thread-1 -> org.tasktide.itemstore.AbstractItemStore.waitForMutex ]: Mutex acquired
2026-02-17 17:24:32 INFO  [ pool-3-thread-1 -> org.tasktide.itemstore.AbstractItemStore.releaseMutex ]: Releasing mutex
2026-02-17 17:24:32 INFO  [ pool-3-thread-1 -> org.tasktide.itemstore.AbstractItemStore.releaseMutex ]: Released mutex
2026-02-17 17:24:32 DEBUG [ pool-3-thread-1 -> org.tasktide.itemstore.AbstractItemStore.waitForLock ]: Waiting for
2026-02-17 17:24:32 INFO  [ pool-3-thread-1 -> org.tasktide.itemstore.AbstractItemStore.waitForMutex ]: Acquiring mutex
2026-02-17 17:24:36 INFO  [ pool-3-thread-1 -> org.tasktide.itemstore.AbstractItemStore.waitForMutex ]: Mutex acquired
2026-02-17 17:24:36 INFO  [ pool-3-thread-1 -> org.tasktide.itemstore.AbstractItemStore.releaseMutex ]: Releasing mutex
2026-02-17 17:24:36 INFO  [ pool-3-thread-1 -> org.tasktide.itemstore.AbstractItemStore.releaseMutex ]: Released mutex
2026-02-17 17:24:36 DEBUG [ pool-3-thread-1 -> org.tasktide.engine.worker.executor.ProcessExecutor.execute ]: Beginning execution of task:	ping -c 4 ucd.ie
2026-02-17 17:24:36 INFO  [ pool-2-thread-4 -> org.tasktide.engine.observer.worker.executor.WorkItemExecutorObserver.pollUntilDone ]: Displaying Iter-'4' StateSummary of WorkItem:	'WorkItem-4b6fdf9a-e5d1-4729-9559-9da528597dc3'

{
    "State Summary": {
        "LOCKED": 0,
        "TODO": 1,
        "DONE": 0,
        "ERROR": 0,
        "FOR_UNLOCK": 0
    }
}


2026-02-17 17:24:36 INFO  [ pool-2-thread-4 -> org.tasktide.engine.observer.worker.executor.WorkItemExecutorObserver.pollUntilDone ]: Letting '16000'ms elapse for state monitoring of WorkItem:	'WorkItem-4b6fdf9a-e5d1-4729-9559-9da528597dc3'
2026-02-17 17:24:39 DEBUG [ pool-3-thread-1 -> org.tasktide.engine.worker.executor.ProcessExecutor.execute ]: Execution complete for task:	ping -c 4 ucd.ie
2026-02-17 17:24:39 DEBUG [ pool-3-thread-1 -> org.tasktide.engine.worker.executor.ProcessExecutor.execute ]: Building ProcessLog for task:	ping -c 4 ucd.ie
2026-02-17 17:24:39 DEBUG [ pool-3-thread-1 -> org.tasktide.engine.worker.executor.ProcessExecutor.execute ]: Displaying TaskLogging:
{
    "CPU Duration": 0,
    "End Time": 1771349079882,
    "Exit Code": 0,
    "Process Id": 9345,
    "Process Log": {
        "Stderr": [
            "PING ucd.ie (166.117.236.203) 56(84) bytes of data.",
            "64 bytes from aba869c6c803a4ae0.awsglobalaccelerator.com (166.117.236.203): icmp_seq=1 ttl=248 time=29.6 ms",
            "64 bytes from aba869c6c803a4ae0.awsglobalaccelerator.com (166.117.236.203): icmp_seq=2 ttl=248 time=35.7 ms",
            "64 bytes from aba869c6c803a4ae0.awsglobalaccelerator.com (166.117.236.203): icmp_seq=3 ttl=248 time=35.2 ms",
            "64 bytes from aba869c6c803a4ae0.awsglobalaccelerator.com (166.117.236.203): icmp_seq=4 ttl=248 time=31.2 ms",
            "",
            "--- ucd.ie ping statistics ---",
            "4 packets transmitted, 4 received, 0% packet loss, time 3002ms",
            "rtt min/avg/max/mdev = 29.626/32.916/35.653/2.571 ms"
        ],
        "Stdout": [
            "PING ucd.ie (166.117.236.203) 56(84) bytes of data.",
            "64 bytes from aba869c6c803a4ae0.awsglobalaccelerator.com (166.117.236.203): icmp_seq=1 ttl=248 time=29.6 ms",
            "64 bytes from aba869c6c803a4ae0.awsglobalaccelerator.com (166.117.236.203): icmp_seq=2 ttl=248 time=35.7 ms",
            "64 bytes from aba869c6c803a4ae0.awsglobalaccelerator.com (166.117.236.203): icmp_seq=3 ttl=248 time=35.2 ms",
            "64 bytes from aba869c6c803a4ae0.awsglobalaccelerator.com (166.117.236.203): icmp_seq=4 ttl=248 time=31.2 ms",
            "",
            "--- ucd.ie ping statistics ---",
            "4 packets transmitted, 4 received, 0% packet loss, time 3002ms",
            "rtt min/avg/max/mdev = 29.626/32.916/35.653/2.571 ms"
        ],
        "id": "ProcessLog-ccdf4f5b-16b3-41d5-86df-252a399040c5"
    },
    "Start Time": 1771349076715,
    "Thread Name": "pool-3-thread-1",
    "id": "TaskLogging-65b029ca-beb5-43c0-98c2-5e19cb3e86f1"
}
2026-02-17 17:24:39 INFO  [ pool-3-thread-1 -> org.tasktide.engine.worker.executor.ProcessExecutor.execute ]: Successful execution of task:	ping -c 4 ucd.ie
2026-02-17 17:24:39 INFO  [ pool-3-thread-1 -> org.tasktide.engine.worker.executor.ItemTaskExecutor.executeTask ]: Task 'Ping_Test_3' successful on thread 'pool-3-thread-1' with exit code 0

2026-02-17 17:24:39 DEBUG [ pool-3-thread-1 -> org.tasktide.engine.worker.executor.ItemTaskExecutor.executeTask ]: Determining whether to apply results annotation
2026-02-17 17:24:39 DEBUG [ pool-3-thread-1 -> org.tasktide.engine.worker.executor.ItemTaskExecutor.annotateResults ]: No 'Results Path' annotation detected for task:
'ItemTask-17f2d03e-ca9c-432f-a84c-6976a0a0ca5c'
2026-02-17 17:24:39 INFO  [ pool-3-thread-1 -> org.tasktide.engine.worker.executor.TaskTideExecutor.runTasks ]: Completed task 'ItemTask-17f2d03e-ca9c-432f-a84c-6976a0a0ca5c', global count: 3
2026-02-17 17:24:39 DEBUG [ pool-3-thread-1 -> org.tasktide.itemstore.AbstractItemStore.waitForLock ]: Waiting for
2026-02-17 17:24:39 INFO  [ pool-3-thread-1 -> org.tasktide.itemstore.AbstractItemStore.waitForMutex ]: Acquiring mutex
2026-02-17 17:24:43 INFO  [ pool-3-thread-1 -> org.tasktide.itemstore.AbstractItemStore.waitForMutex ]: Mutex acquired
2026-02-17 17:24:43 INFO  [ pool-3-thread-1 -> org.tasktide.itemstore.AbstractItemStore.releaseMutex ]: Releasing mutex
2026-02-17 17:24:44 INFO  [ pool-3-thread-1 -> org.tasktide.itemstore.AbstractItemStore.releaseMutex ]: Released mutex
2026-02-17 17:24:44 DEBUG [ pool-3-thread-1 -> org.tasktide.itemstore.AbstractItemStore.waitForLock ]: Waiting for
2026-02-17 17:24:44 INFO  [ pool-3-thread-1 -> org.tasktide.itemstore.AbstractItemStore.waitForMutex ]: Acquiring mutex
2026-02-17 17:24:47 INFO  [ pool-3-thread-1 -> org.tasktide.itemstore.AbstractItemStore.waitForMutex ]: Mutex acquired
2026-02-17 17:24:48 INFO  [ pool-3-thread-1 -> org.tasktide.itemstore.AbstractItemStore.releaseMutex ]: Releasing mutex
2026-02-17 17:24:48 INFO  [ pool-3-thread-1 -> org.tasktide.itemstore.AbstractItemStore.releaseMutex ]: Released mutex
2026-02-17 17:24:48 DEBUG [ pool-3-thread-1 -> org.tasktide.itemstore.AbstractItemStore.waitForLock ]: Waiting for
2026-02-17 17:24:48 INFO  [ pool-3-thread-1 -> org.tasktide.itemstore.AbstractItemStore.waitForMutex ]: Acquiring mutex
2026-02-17 17:24:52 INFO  [ pool-3-thread-1 -> org.tasktide.itemstore.AbstractItemStore.waitForMutex ]: Mutex acquired
2026-02-17 17:24:52 INFO  [ pool-3-thread-1 -> org.tasktide.itemstore.AbstractItemStore.releaseMutex ]: Releasing mutex
2026-02-17 17:24:52 INFO  [ main -> org.tasktide.engine.TaskTideEngineUtility.waitOnExecutorTrackerWorkItem ]: Displaying Iter-'7' StateSummary of ExecutorServiceTracker:

Total='4', Remaining='3', Done='1', Expected='4'
2026-02-17 17:24:52 INFO  [ main -> org.tasktide.engine.TaskTideEngineUtility.waitOnExecutorTrackerWorkItem ]: Letting '85000'ms elapse for state monitoring of ExecutorServiceTracker:	'4'
2026-02-17 17:24:52 INFO  [ pool-2-thread-4 -> org.tasktide.engine.observer.worker.executor.WorkItemExecutorObserver.pollUntilDone ]: Displaying Iter-'5' StateSummary of WorkItem:	'WorkItem-4b6fdf9a-e5d1-4729-9559-9da528597dc3'

{
    "State Summary": {
        "LOCKED": 0,
        "TODO": 1,
        "DONE": 0,
        "ERROR": 0,
        "FOR_UNLOCK": 0
    }
}


2026-02-17 17:24:52 INFO  [ pool-2-thread-4 -> org.tasktide.engine.observer.worker.executor.WorkItemExecutorObserver.pollUntilDone ]: Letting '32000'ms elapse for state monitoring of WorkItem:	'WorkItem-4b6fdf9a-e5d1-4729-9559-9da528597dc3'
2026-02-17 17:24:52 INFO  [ pool-3-thread-1 -> org.tasktide.itemstore.AbstractItemStore.releaseMutex ]: Released mutex
2026-02-17 17:24:52 DEBUG [ pool-3-thread-1 -> org.tasktide.itemstore.AbstractItemStore.waitForLock ]: Waiting for
2026-02-17 17:24:52 INFO  [ pool-3-thread-1 -> org.tasktide.itemstore.AbstractItemStore.waitForMutex ]: Acquiring mutex
2026-02-17 17:24:56 INFO  [ pool-3-thread-1 -> org.tasktide.itemstore.AbstractItemStore.waitForMutex ]: Mutex acquired
2026-02-17 17:24:56 INFO  [ pool-3-thread-1 -> org.tasktide.itemstore.AbstractItemStore.releaseMutex ]: Releasing mutex
2026-02-17 17:24:57 INFO  [ pool-3-thread-1 -> org.tasktide.itemstore.AbstractItemStore.releaseMutex ]: Released mutex
2026-02-17 17:24:57 INFO  [ pool-3-thread-1 -> org.tasktide.engine.observer.worker.TimeKeeperObserver.onTaskEnd ]: Measuring the elapsed time of task 'ItemTask-17f2d03e-ca9c-432f-a84c-6976a0a0ca5c',
2026-02-17 17:24:57 INFO  [ pool-3-thread-1 -> org.tasktide.engine.observer.worker.TimeKeeperObserver.onTaskEnd ]: Task 'ItemTask-17f2d03e-ca9c-432f-a84c-6976a0a0ca5c' completed in 37705ms
2026-02-17 17:24:57 DEBUG [ pool-3-thread-1 -> org.tasktide.engine.observer.worker.TimeKeeperObserver.measureTime ]: Mean duration = '37705ms', Expected Next = '1771349134974ms', Max End '1771349159564ms', Is time = 'true'
2026-02-17 17:24:57 INFO  [ pool-3-thread-1 -> org.tasktide.engine.observer.worker.TimeKeeperObserver.evaluateDuration ]: TimeKeeper evaluated enough time left for next task
2026-02-17 17:24:57 INFO  [ pool-3-thread-1 -> org.tasktide.engine.observer.worker.TimeKeeperObserver.onTaskEnd ]: TimeKeeper evaluated time left next 'true' with ItemTask:	'ItemTask-17f2d03e-ca9c-432f-a84c-6976a0a0ca5c'
2026-02-17 17:24:57 INFO  [ pool-3-thread-1 -> org.tasktide.engine.worker.executor.TaskTideExecutor.runTasks ]: 

Workload processing complete, displaying summary:
Thread Total = '1', Thread Done = '0', Done = '3', Failed = '0', Skipped = '0'
2026-02-17 17:24:57 INFO  [ pool-3-thread-1 -> org.tasktide.engine.worker.processor.TaskTideProcessor.process ]: Processing tasks of workload thread:	'pool-3-thread-1', Size='1', First ItemId = 'ItemTask-94beba91-cea4-49ac-8d45-3a2aeec579e2'
2026-02-17 17:24:57 INFO  [ pool-3-thread-1 -> org.tasktide.engine.worker.executor.TaskTideExecutor.runTasks ]: Begining workload processing of N = '1' tasks
2026-02-17 17:24:57 INFO  [ pool-3-thread-1 -> org.tasktide.engine.observer.worker.TimeKeeperObserver.evaluateStart ]: TimeKeeper evaluating starting of task 'ItemTask-94beba91-cea4-49ac-8d45-3a2aeec579e2'
2026-02-17 17:24:57 INFO  [ pool-3-thread-1 -> org.tasktide.engine.observer.worker.TimeKeeperObserver.evaluateStart ]: Atomic TimeKeeper for task 'ItemTask-94beba91-cea4-49ac-8d45-3a2aeec579e2' set on thread 'pool-3-thread-1'
2026-02-17 17:24:57 INFO  [ pool-3-thread-1 -> org.tasktide.engine.observer.worker.TimeKeeperObserver.onTaskStart ]: TimeKeeper evaluated time left for processing as 'true' for ItemTask:	'ItemTask-94beba91-cea4-49ac-8d45-3a2aeec579e2'
2026-02-17 17:24:57 INFO  [ pool-3-thread-1 -> org.tasktide.engine.worker.executor.ItemTaskExecutor.executeTask ]: Executing task on thread 'pool-3-thread-1':ping -c 4 google.com
2026-02-17 17:24:57 DEBUG [ pool-3-thread-1 -> org.tasktide.itemstore.AbstractItemStore.waitForLock ]: Waiting for
2026-02-17 17:24:57 INFO  [ pool-3-thread-1 -> org.tasktide.itemstore.AbstractItemStore.waitForMutex ]: Acquiring mutex
2026-02-17 17:24:58 INFO  [ pool-2-thread-3 -> org.tasktide.engine.observer.worker.executor.WorkItemExecutorObserver.pollUntilDone ]: Displaying Iter-'6' StateSummary of WorkItem:	'WorkItem-68860522-51d1-4bb5-8a5c-752cbf83897d'

{
    "State Summary": {
        "LOCKED": 0,
        "TODO": 0,
        "DONE": 1,
        "ERROR": 0,
        "FOR_UNLOCK": 0
    }
}


2026-02-17 17:24:58 INFO  [ pool-2-thread-3 -> org.tasktide.engine.observer.worker.executor.WorkItemExecutorObserver.pollUntilDone ]: Completed processing of '1' WorkItems with '1'
2026-02-17 17:24:58 INFO  [ pool-2-thread-3 -> org.tasktide.engine.worker.executor.WorkItemExecutor.executeTask ]: Task processing complete on WorkItem:	'WorkItem-68860522-51d1-4bb5-8a5c-752cbf83897d'
2026-02-17 17:24:58 INFO  [ pool-2-thread-3 -> org.tasktide.engine.worker.executor.TaskTideExecutor.runTasks ]: Completed task 'WorkItem-68860522-51d1-4bb5-8a5c-752cbf83897d', global count: 4
2026-02-17 17:24:58 INFO  [ pool-2-thread-3 -> org.tasktide.engine.observer.worker.TimeKeeperObserver.onTaskEnd ]: Measuring the elapsed time of task 'WorkItem-68860522-51d1-4bb5-8a5c-752cbf83897d',
2026-02-17 17:24:58 INFO  [ pool-2-thread-3 -> org.tasktide.engine.observer.worker.TimeKeeperObserver.onTaskEnd ]: Task 'WorkItem-68860522-51d1-4bb5-8a5c-752cbf83897d' completed in 165958ms
2026-02-17 17:24:58 WARN  [ pool-2-thread-3 -> org.tasktide.engine.observer.worker.TimeKeeperObserver.evaluateDuration ]: Warning task excution time '100000ms' breached by '65958ms'
2026-02-17 17:24:58 INFO  [ pool-2-thread-3 -> org.tasktide.engine.observer.worker.TimeKeeperObserver.onTaskEnd ]: TimeKeeper evaluated time left next 'false' with ItemTask:	'WorkItem-68860522-51d1-4bb5-8a5c-752cbf83897d'
2026-02-17 17:25:01 INFO  [ pool-3-thread-1 -> org.tasktide.itemstore.AbstractItemStore.waitForMutex ]: Mutex acquired
2026-02-17 17:25:01 INFO  [ pool-3-thread-1 -> org.tasktide.itemstore.AbstractItemStore.releaseMutex ]: Releasing mutex
2026-02-17 17:25:01 INFO  [ pool-3-thread-1 -> org.tasktide.itemstore.AbstractItemStore.releaseMutex ]: Released mutex
2026-02-17 17:25:01 DEBUG [ pool-2-thread-3 -> org.tasktide.itemstore.AbstractItemStore.waitForLock ]: Waiting for
2026-02-17 17:25:01 INFO  [ pool-2-thread-3 -> org.tasktide.itemstore.AbstractItemStore.waitForMutex ]: Acquiring mutex
2026-02-17 17:25:02 INFO  [ pool-2-thread-1 -> org.tasktide.engine.observer.worker.executor.WorkItemExecutorObserver.pollUntilDone ]: Displaying Iter-'6' StateSummary of WorkItem:	'WorkItem-7fcbf121-b4c6-4820-84f2-c06f15674235'

{
    "State Summary": {
        "LOCKED": 1,
        "TODO": 0,
        "DONE": 0,
        "ERROR": 0,
        "FOR_UNLOCK": 0
    }
}


2026-02-17 17:25:02 INFO  [ pool-2-thread-1 -> org.tasktide.engine.observer.worker.executor.WorkItemExecutorObserver.pollUntilDone ]: Letting '64000'ms elapse for state monitoring of WorkItem:	'WorkItem-7fcbf121-b4c6-4820-84f2-c06f15674235'
2026-02-17 17:25:05 INFO  [ pool-2-thread-3 -> org.tasktide.itemstore.AbstractItemStore.waitForMutex ]: Mutex acquired
2026-02-17 17:25:05 INFO  [ pool-2-thread-3 -> org.tasktide.itemstore.AbstractItemStore.releaseMutex ]: Releasing mutex
2026-02-17 17:25:06 INFO  [ pool-2-thread-3 -> org.tasktide.itemstore.AbstractItemStore.releaseMutex ]: Released mutex
2026-02-17 17:25:06 DEBUG [ pool-2-thread-3 -> org.tasktide.itemstore.AbstractItemStore.waitForLock ]: Waiting for
2026-02-17 17:25:06 INFO  [ pool-2-thread-3 -> org.tasktide.itemstore.AbstractItemStore.waitForMutex ]: Acquiring mutex
2026-02-17 17:25:09 INFO  [ pool-2-thread-3 -> org.tasktide.itemstore.AbstractItemStore.waitForMutex ]: Mutex acquired
2026-02-17 17:25:10 INFO  [ pool-2-thread-3 -> org.tasktide.itemstore.AbstractItemStore.releaseMutex ]: Releasing mutex
2026-02-17 17:25:10 INFO  [ pool-2-thread-3 -> org.tasktide.itemstore.AbstractItemStore.releaseMutex ]: Released mutex
2026-02-17 17:25:10 DEBUG [ pool-2-thread-3 -> org.tasktide.itemstore.AbstractItemStore.waitForLock ]: Waiting for
2026-02-17 17:25:10 INFO  [ pool-2-thread-3 -> org.tasktide.itemstore.AbstractItemStore.waitForMutex ]: Acquiring mutex
2026-02-17 17:25:14 INFO  [ pool-2-thread-3 -> org.tasktide.itemstore.AbstractItemStore.waitForMutex ]: Mutex acquired
2026-02-17 17:25:14 INFO  [ pool-2-thread-3 -> org.tasktide.itemstore.AbstractItemStore.releaseMutex ]: Releasing mutex
2026-02-17 17:25:15 INFO  [ pool-2-thread-3 -> org.tasktide.itemstore.AbstractItemStore.releaseMutex ]: Released mutex
2026-02-17 17:25:15 INFO  [ pool-2-thread-3 -> org.tasktide.engine.observer.worker.executor.WorkItemExecutorObserver.onTaskEnd ]: Unlocked N = '0' sub tasks for WorkItem:	'WorkItem-68860522-51d1-4bb5-8a5c-752cbf83897d'
2026-02-17 17:25:15 INFO  [ pool-2-thread-3 -> org.tasktide.engine.worker.executor.TaskTideExecutor.runTasks ]: 

Workload processing complete, displaying summary:
Thread Total = '1', Thread Done = '0', Done = '4', Failed = '0', Skipped = '0'
2026-02-17 17:25:15 DEBUG [ pool-3-thread-1 -> org.tasktide.itemstore.AbstractItemStore.waitForLock ]: Waiting for
2026-02-17 17:25:15 INFO  [ pool-3-thread-1 -> org.tasktide.itemstore.AbstractItemStore.waitForMutex ]: Acquiring mutex
2026-02-17 17:25:19 INFO  [ pool-3-thread-1 -> org.tasktide.itemstore.AbstractItemStore.waitForMutex ]: Mutex acquired
2026-02-17 17:25:19 INFO  [ pool-3-thread-1 -> org.tasktide.itemstore.AbstractItemStore.releaseMutex ]: Releasing mutex
2026-02-17 17:25:19 INFO  [ pool-3-thread-1 -> org.tasktide.itemstore.AbstractItemStore.releaseMutex ]: Released mutex
2026-02-17 17:25:19 DEBUG [ pool-3-thread-1 -> org.tasktide.itemstore.AbstractItemStore.waitForLock ]: Waiting for
2026-02-17 17:25:19 INFO  [ pool-3-thread-1 -> org.tasktide.itemstore.AbstractItemStore.waitForMutex ]: Acquiring mutex
2026-02-17 17:25:23 INFO  [ pool-3-thread-1 -> org.tasktide.itemstore.AbstractItemStore.waitForMutex ]: Mutex acquired
2026-02-17 17:25:23 INFO  [ pool-3-thread-1 -> org.tasktide.itemstore.AbstractItemStore.releaseMutex ]: Releasing mutex
2026-02-17 17:25:24 INFO  [ pool-3-thread-1 -> org.tasktide.itemstore.AbstractItemStore.releaseMutex ]: Released mutex
2026-02-17 17:25:24 DEBUG [ pool-3-thread-1 -> org.tasktide.itemstore.AbstractItemStore.waitForLock ]: Waiting for
2026-02-17 17:25:24 INFO  [ pool-3-thread-1 -> org.tasktide.itemstore.AbstractItemStore.waitForMutex ]: Acquiring mutex
2026-02-17 17:25:24 INFO  [ pool-2-thread-4 -> org.tasktide.engine.observer.worker.executor.WorkItemExecutorObserver.pollUntilDone ]: Displaying Iter-'6' StateSummary of WorkItem:	'WorkItem-4b6fdf9a-e5d1-4729-9559-9da528597dc3'

{
    "State Summary": {
        "LOCKED": 0,
        "TODO": 1,
        "DONE": 0,
        "ERROR": 0,
        "FOR_UNLOCK": 0
    }
}


2026-02-17 17:25:24 INFO  [ pool-2-thread-4 -> org.tasktide.engine.observer.worker.executor.WorkItemExecutorObserver.pollUntilDone ]: Letting '64000'ms elapse for state monitoring of WorkItem:	'WorkItem-4b6fdf9a-e5d1-4729-9559-9da528597dc3'
2026-02-17 17:25:27 INFO  [ pool-3-thread-1 -> org.tasktide.itemstore.AbstractItemStore.waitForMutex ]: Mutex acquired
2026-02-17 17:25:27 INFO  [ pool-3-thread-1 -> org.tasktide.itemstore.AbstractItemStore.releaseMutex ]: Releasing mutex
2026-02-17 17:25:28 INFO  [ pool-3-thread-1 -> org.tasktide.itemstore.AbstractItemStore.releaseMutex ]: Released mutex
2026-02-17 17:25:28 DEBUG [ pool-3-thread-1 -> org.tasktide.engine.worker.executor.ProcessExecutor.execute ]: Beginning execution of task:	ping -c 4 google.com
2026-02-17 17:25:31 DEBUG [ pool-3-thread-1 -> org.tasktide.engine.worker.executor.ProcessExecutor.execute ]: Execution complete for task:	ping -c 4 google.com
2026-02-17 17:25:31 DEBUG [ pool-3-thread-1 -> org.tasktide.engine.worker.executor.ProcessExecutor.execute ]: Building ProcessLog for task:	ping -c 4 google.com
2026-02-17 17:25:31 DEBUG [ pool-3-thread-1 -> org.tasktide.engine.worker.executor.ProcessExecutor.execute ]: Displaying TaskLogging:
{
    "CPU Duration": 0,
    "End Time": 1771349131513,
    "Exit Code": 0,
    "Process Id": 9349,
    "Process Log": {
        "Stderr": [
            "PING google.com (74.125.193.101) 56(84) bytes of data.",
            "64 bytes from di-in-f101.1e100.net (74.125.193.101): icmp_seq=1 ttl=107 time=29.5 ms",
            "64 bytes from di-in-f101.1e100.net (74.125.193.101): icmp_seq=2 ttl=107 time=34.1 ms",
            "64 bytes from di-in-f101.1e100.net (74.125.193.101): icmp_seq=3 ttl=107 time=35.9 ms",
            "64 bytes from di-in-f101.1e100.net (74.125.193.101): icmp_seq=4 ttl=107 time=29.3 ms",
            "",
            "--- google.com ping statistics ---",
            "4 packets transmitted, 4 received, 0% packet loss, time 3020ms",
            "rtt min/avg/max/mdev = 29.270/32.170/35.877/2.874 ms"
        ],
        "Stdout": [
            "PING google.com (74.125.193.101) 56(84) bytes of data.",
            "64 bytes from di-in-f101.1e100.net (74.125.193.101): icmp_seq=1 ttl=107 time=29.5 ms",
            "64 bytes from di-in-f101.1e100.net (74.125.193.101): icmp_seq=2 ttl=107 time=34.1 ms",
            "64 bytes from di-in-f101.1e100.net (74.125.193.101): icmp_seq=3 ttl=107 time=35.9 ms",
            "64 bytes from di-in-f101.1e100.net (74.125.193.101): icmp_seq=4 ttl=107 time=29.3 ms",
            "",
            "--- google.com ping statistics ---",
            "4 packets transmitted, 4 received, 0% packet loss, time 3020ms",
            "rtt min/avg/max/mdev = 29.270/32.170/35.877/2.874 ms"
        ],
        "id": "ProcessLog-074b9fef-2c63-4ea1-86c0-d8d87c42fbfc"
    },
    "Start Time": 1771349128295,
    "Thread Name": "pool-3-thread-1",
    "id": "TaskLogging-b884cd30-cb2c-45fc-9eaf-231afd122d33"
}
2026-02-17 17:25:31 INFO  [ pool-3-thread-1 -> org.tasktide.engine.worker.executor.ProcessExecutor.execute ]: Successful execution of task:	ping -c 4 google.com
2026-02-17 17:25:31 INFO  [ pool-3-thread-1 -> org.tasktide.engine.worker.executor.ItemTaskExecutor.executeTask ]: Task 'Ping_Test_1' successful on thread 'pool-3-thread-1' with exit code 0

2026-02-17 17:25:31 DEBUG [ pool-3-thread-1 -> org.tasktide.engine.worker.executor.ItemTaskExecutor.executeTask ]: Determining whether to apply results annotation
2026-02-17 17:25:31 DEBUG [ pool-3-thread-1 -> org.tasktide.engine.worker.executor.ItemTaskExecutor.annotateResults ]: No 'Results Path' annotation detected for task:
'ItemTask-94beba91-cea4-49ac-8d45-3a2aeec579e2'
2026-02-17 17:25:31 INFO  [ pool-3-thread-1 -> org.tasktide.engine.worker.executor.TaskTideExecutor.runTasks ]: Completed task 'ItemTask-94beba91-cea4-49ac-8d45-3a2aeec579e2', global count: 5
2026-02-17 17:25:31 DEBUG [ pool-3-thread-1 -> org.tasktide.itemstore.AbstractItemStore.waitForLock ]: Waiting for
2026-02-17 17:25:31 INFO  [ pool-3-thread-1 -> org.tasktide.itemstore.AbstractItemStore.waitForMutex ]: Acquiring mutex
2026-02-17 17:25:35 INFO  [ pool-3-thread-1 -> org.tasktide.itemstore.AbstractItemStore.waitForMutex ]: Mutex acquired
2026-02-17 17:25:35 INFO  [ pool-3-thread-1 -> org.tasktide.itemstore.AbstractItemStore.releaseMutex ]: Releasing mutex
2026-02-17 17:25:36 INFO  [ pool-3-thread-1 -> org.tasktide.itemstore.AbstractItemStore.releaseMutex ]: Released mutex
2026-02-17 17:25:36 DEBUG [ pool-3-thread-1 -> org.tasktide.itemstore.AbstractItemStore.waitForLock ]: Waiting for
2026-02-17 17:25:36 INFO  [ pool-3-thread-1 -> org.tasktide.itemstore.AbstractItemStore.waitForMutex ]: Acquiring mutex
2026-02-17 17:25:40 INFO  [ pool-3-thread-1 -> org.tasktide.itemstore.AbstractItemStore.waitForMutex ]: Mutex acquired
2026-02-17 17:25:40 INFO  [ pool-3-thread-1 -> org.tasktide.itemstore.AbstractItemStore.releaseMutex ]: Releasing mutex
2026-02-17 17:25:40 INFO  [ pool-3-thread-1 -> org.tasktide.itemstore.AbstractItemStore.releaseMutex ]: Released mutex
2026-02-17 17:25:40 DEBUG [ pool-3-thread-1 -> org.tasktide.itemstore.AbstractItemStore.waitForLock ]: Waiting for
2026-02-17 17:25:40 INFO  [ pool-3-thread-1 -> org.tasktide.itemstore.AbstractItemStore.waitForMutex ]: Acquiring mutex
2026-02-17 17:25:44 INFO  [ pool-3-thread-1 -> org.tasktide.itemstore.AbstractItemStore.waitForMutex ]: Mutex acquired
2026-02-17 17:25:44 INFO  [ pool-3-thread-1 -> org.tasktide.itemstore.AbstractItemStore.releaseMutex ]: Releasing mutex
2026-02-17 17:25:45 INFO  [ pool-3-thread-1 -> org.tasktide.itemstore.AbstractItemStore.releaseMutex ]: Released mutex
2026-02-17 17:25:45 DEBUG [ pool-3-thread-1 -> org.tasktide.itemstore.AbstractItemStore.waitForLock ]: Waiting for
2026-02-17 17:25:45 INFO  [ pool-3-thread-1 -> org.tasktide.itemstore.AbstractItemStore.waitForMutex ]: Acquiring mutex
2026-02-17 17:25:49 INFO  [ pool-3-thread-1 -> org.tasktide.itemstore.AbstractItemStore.waitForMutex ]: Mutex acquired
2026-02-17 17:25:49 INFO  [ pool-3-thread-1 -> org.tasktide.itemstore.AbstractItemStore.releaseMutex ]: Releasing mutex
2026-02-17 17:25:49 INFO  [ pool-3-thread-1 -> org.tasktide.itemstore.AbstractItemStore.releaseMutex ]: Released mutex
2026-02-17 17:25:49 INFO  [ pool-3-thread-1 -> org.tasktide.engine.observer.worker.TimeKeeperObserver.onTaskEnd ]: Measuring the elapsed time of task 'ItemTask-94beba91-cea4-49ac-8d45-3a2aeec579e2',
2026-02-17 17:25:49 INFO  [ pool-3-thread-1 -> org.tasktide.engine.observer.worker.TimeKeeperObserver.onTaskEnd ]: Task 'ItemTask-94beba91-cea4-49ac-8d45-3a2aeec579e2' completed in 52343ms
2026-02-17 17:25:49 DEBUG [ pool-3-thread-1 -> org.tasktide.engine.observer.worker.TimeKeeperObserver.measureTime ]: Mean duration = '52343ms', Expected Next = '1771349201961ms', Max End '1771349197275ms', Is time = 'false'
2026-02-17 17:25:49 WARN  [ pool-3-thread-1 -> org.tasktide.engine.observer.worker.TimeKeeperObserver.evaluateDuration ]: Warning not enough estimated time for next task to run
2026-02-17 17:25:49 INFO  [ pool-3-thread-1 -> org.tasktide.engine.observer.worker.TimeKeeperObserver.onTaskEnd ]: TimeKeeper evaluated time left next 'false' with ItemTask:	'ItemTask-94beba91-cea4-49ac-8d45-3a2aeec579e2'
2026-02-17 17:25:49 INFO  [ pool-3-thread-1 -> org.tasktide.engine.worker.executor.TaskTideExecutor.runTasks ]: 

Workload processing complete, displaying summary:
Thread Total = '1', Thread Done = '0', Done = '5', Failed = '0', Skipped = '0'
2026-02-17 17:25:49 INFO  [ pool-3-thread-1 -> org.tasktide.engine.worker.processor.TaskTideProcessor.process ]: Processing tasks of workload thread:	'pool-3-thread-1', Size='1', First ItemId = 'ItemTask-0e08b21d-68bf-49ee-b405-51dc1e3476b4'
2026-02-17 17:25:49 INFO  [ pool-3-thread-1 -> org.tasktide.engine.worker.executor.TaskTideExecutor.runTasks ]: Begining workload processing of N = '1' tasks
2026-02-17 17:25:49 INFO  [ pool-3-thread-1 -> org.tasktide.engine.observer.worker.TimeKeeperObserver.evaluateStart ]: TimeKeeper evaluating starting of task 'ItemTask-0e08b21d-68bf-49ee-b405-51dc1e3476b4'
2026-02-17 17:25:49 INFO  [ pool-3-thread-1 -> org.tasktide.engine.observer.worker.TimeKeeperObserver.evaluateStart ]: Atomic TimeKeeper for task 'ItemTask-0e08b21d-68bf-49ee-b405-51dc1e3476b4' set on thread 'pool-3-thread-1'
2026-02-17 17:25:49 INFO  [ pool-3-thread-1 -> org.tasktide.engine.observer.worker.TimeKeeperObserver.onTaskStart ]: TimeKeeper evaluated time left for processing as 'true' for ItemTask:	'ItemTask-0e08b21d-68bf-49ee-b405-51dc1e3476b4'
2026-02-17 17:25:49 INFO  [ pool-3-thread-1 -> org.tasktide.engine.worker.executor.ItemTaskExecutor.executeTask ]: Executing task on thread 'pool-3-thread-1':ping -c 4 tcd.ie
2026-02-17 17:25:49 DEBUG [ pool-3-thread-1 -> org.tasktide.itemstore.AbstractItemStore.waitForLock ]: Waiting for
2026-02-17 17:25:49 INFO  [ pool-3-thread-1 -> org.tasktide.itemstore.AbstractItemStore.waitForMutex ]: Acquiring mutex
2026-02-17 17:25:53 INFO  [ pool-3-thread-1 -> org.tasktide.itemstore.AbstractItemStore.waitForMutex ]: Mutex acquired
2026-02-17 17:25:53 INFO  [ pool-3-thread-1 -> org.tasktide.itemstore.AbstractItemStore.releaseMutex ]: Releasing mutex
2026-02-17 17:25:53 INFO  [ pool-3-thread-1 -> org.tasktide.itemstore.AbstractItemStore.releaseMutex ]: Released mutex
2026-02-17 17:25:53 DEBUG [ pool-3-thread-1 -> org.tasktide.itemstore.AbstractItemStore.waitForLock ]: Waiting for
2026-02-17 17:25:53 INFO  [ pool-3-thread-1 -> org.tasktide.itemstore.AbstractItemStore.waitForMutex ]: Acquiring mutex
2026-02-17 17:25:58 INFO  [ pool-3-thread-1 -> org.tasktide.itemstore.AbstractItemStore.waitForMutex ]: Mutex acquired
2026-02-17 17:25:58 INFO  [ pool-3-thread-1 -> org.tasktide.itemstore.AbstractItemStore.releaseMutex ]: Releasing mutex
2026-02-17 17:25:58 INFO  [ pool-3-thread-1 -> org.tasktide.itemstore.AbstractItemStore.releaseMutex ]: Released mutex
2026-02-17 17:25:58 DEBUG [ pool-3-thread-1 -> org.tasktide.itemstore.AbstractItemStore.waitForLock ]: Waiting for
2026-02-17 17:25:58 INFO  [ pool-3-thread-1 -> org.tasktide.itemstore.AbstractItemStore.waitForMutex ]: Acquiring mutex
2026-02-17 17:26:02 INFO  [ pool-3-thread-1 -> org.tasktide.itemstore.AbstractItemStore.waitForMutex ]: Mutex acquired
2026-02-17 17:26:02 INFO  [ pool-3-thread-1 -> org.tasktide.itemstore.AbstractItemStore.releaseMutex ]: Releasing mutex
2026-02-17 17:26:03 INFO  [ pool-3-thread-1 -> org.tasktide.itemstore.AbstractItemStore.releaseMutex ]: Released mutex
2026-02-17 17:26:03 DEBUG [ pool-3-thread-1 -> org.tasktide.itemstore.AbstractItemStore.waitForLock ]: Waiting for
2026-02-17 17:26:03 INFO  [ pool-3-thread-1 -> org.tasktide.itemstore.AbstractItemStore.waitForMutex ]: Acquiring mutex
2026-02-17 17:26:06 INFO  [ pool-3-thread-1 -> org.tasktide.itemstore.AbstractItemStore.waitForMutex ]: Mutex acquired
2026-02-17 17:26:06 INFO  [ pool-3-thread-1 -> org.tasktide.itemstore.AbstractItemStore.releaseMutex ]: Releasing mutex
2026-02-17 17:26:06 INFO  [ pool-2-thread-1 -> org.tasktide.engine.observer.worker.executor.WorkItemExecutorObserver.pollUntilDone ]: Displaying Iter-'7' StateSummary of WorkItem:	'WorkItem-7fcbf121-b4c6-4820-84f2-c06f15674235'

{
    "State Summary": {
        "LOCKED": 0,
        "TODO": 0,
        "DONE": 1,
        "ERROR": 0,
        "FOR_UNLOCK": 0
    }
}


2026-02-17 17:26:06 INFO  [ pool-2-thread-1 -> org.tasktide.engine.observer.worker.executor.WorkItemExecutorObserver.pollUntilDone ]: Completed processing of '1' WorkItems with '1'
2026-02-17 17:26:06 INFO  [ pool-2-thread-1 -> org.tasktide.engine.worker.executor.WorkItemExecutor.executeTask ]: Task processing complete on WorkItem:	'WorkItem-7fcbf121-b4c6-4820-84f2-c06f15674235'
2026-02-17 17:26:06 INFO  [ pool-2-thread-1 -> org.tasktide.engine.worker.executor.TaskTideExecutor.runTasks ]: Completed task 'WorkItem-7fcbf121-b4c6-4820-84f2-c06f15674235', global count: 6
2026-02-17 17:26:06 INFO  [ pool-2-thread-1 -> org.tasktide.engine.observer.worker.TimeKeeperObserver.onTaskEnd ]: Measuring the elapsed time of task 'WorkItem-7fcbf121-b4c6-4820-84f2-c06f15674235',
2026-02-17 17:26:06 INFO  [ pool-2-thread-1 -> org.tasktide.engine.observer.worker.TimeKeeperObserver.onTaskEnd ]: Task 'WorkItem-7fcbf121-b4c6-4820-84f2-c06f15674235' completed in 234432ms
2026-02-17 17:26:07 WARN  [ pool-2-thread-1 -> org.tasktide.engine.observer.worker.TimeKeeperObserver.evaluateDuration ]: Warning task excution time '100000ms' breached by '134432ms'
2026-02-17 17:26:07 INFO  [ pool-2-thread-1 -> org.tasktide.engine.observer.worker.TimeKeeperObserver.onTaskEnd ]: TimeKeeper evaluated time left next 'false' with ItemTask:	'WorkItem-7fcbf121-b4c6-4820-84f2-c06f15674235'
2026-02-17 17:26:07 INFO  [ pool-3-thread-1 -> org.tasktide.itemstore.AbstractItemStore.releaseMutex ]: Released mutex
2026-02-17 17:26:07 DEBUG [ pool-3-thread-1 -> org.tasktide.engine.worker.executor.ProcessExecutor.execute ]: Beginning execution of task:	ping -c 4 tcd.ie
2026-02-17 17:26:07 DEBUG [ pool-2-thread-1 -> org.tasktide.itemstore.AbstractItemStore.waitForLock ]: Waiting for
2026-02-17 17:26:07 INFO  [ pool-2-thread-1 -> org.tasktide.itemstore.AbstractItemStore.waitForMutex ]: Acquiring mutex
2026-02-17 17:26:10 DEBUG [ pool-3-thread-1 -> org.tasktide.engine.worker.executor.ProcessExecutor.execute ]: Execution complete for task:	ping -c 4 tcd.ie
2026-02-17 17:26:10 DEBUG [ pool-3-thread-1 -> org.tasktide.engine.worker.executor.ProcessExecutor.execute ]: Building ProcessLog for task:	ping -c 4 tcd.ie
2026-02-17 17:26:10 DEBUG [ pool-3-thread-1 -> org.tasktide.engine.worker.executor.ProcessExecutor.execute ]: Displaying TaskLogging:
{
    "CPU Duration": 0,
    "End Time": 1771349170569,
    "Exit Code": 0,
    "Process Id": 9351,
    "Process Log": {
        "Stderr": [
            "PING tcd.ie (3.33.249.246) 56(84) bytes of data.",
            "64 bytes from afef5696a78b683ae.awsglobalaccelerator.com (3.33.249.246): icmp_seq=1 ttl=247 time=32.0 ms",
            "64 bytes from afef5696a78b683ae.awsglobalaccelerator.com (3.33.249.246): icmp_seq=2 ttl=247 time=32.7 ms",
            "64 bytes from afef5696a78b683ae.awsglobalaccelerator.com (3.33.249.246): icmp_seq=3 ttl=247 time=32.2 ms",
            "64 bytes from afef5696a78b683ae.awsglobalaccelerator.com (3.33.249.246): icmp_seq=4 ttl=247 time=33.5 ms",
            "",
            "--- tcd.ie ping statistics ---",
            "4 packets transmitted, 4 received, 0% packet loss, time 2997ms",
            "rtt min/avg/max/mdev = 32.046/32.619/33.468/0.547 ms"
        ],
        "Stdout": [
            "PING tcd.ie (3.33.249.246) 56(84) bytes of data.",
            "64 bytes from afef5696a78b683ae.awsglobalaccelerator.com (3.33.249.246): icmp_seq=1 ttl=247 time=32.0 ms",
            "64 bytes from afef5696a78b683ae.awsglobalaccelerator.com (3.33.249.246): icmp_seq=2 ttl=247 time=32.7 ms",
            "64 bytes from afef5696a78b683ae.awsglobalaccelerator.com (3.33.249.246): icmp_seq=3 ttl=247 time=32.2 ms",
            "64 bytes from afef5696a78b683ae.awsglobalaccelerator.com (3.33.249.246): icmp_seq=4 ttl=247 time=33.5 ms",
            "",
            "--- tcd.ie ping statistics ---",
            "4 packets transmitted, 4 received, 0% packet loss, time 2997ms",
            "rtt min/avg/max/mdev = 32.046/32.619/33.468/0.547 ms"
        ],
        "id": "ProcessLog-a35b222a-2289-41b4-a74c-f66e9deb293c"
    },
    "Start Time": 1771349167319,
    "Thread Name": "pool-3-thread-1",
    "id": "TaskLogging-ddba6807-bd46-43ab-87d4-075e58789971"
}
2026-02-17 17:26:10 INFO  [ pool-3-thread-1 -> org.tasktide.engine.worker.executor.ProcessExecutor.execute ]: Successful execution of task:	ping -c 4 tcd.ie
2026-02-17 17:26:10 INFO  [ pool-3-thread-1 -> org.tasktide.engine.worker.executor.ItemTaskExecutor.executeTask ]: Task 'Ping_Test_4' successful on thread 'pool-3-thread-1' with exit code 0

2026-02-17 17:26:10 DEBUG [ pool-3-thread-1 -> org.tasktide.engine.worker.executor.ItemTaskExecutor.executeTask ]: Determining whether to apply results annotation
2026-02-17 17:26:10 DEBUG [ pool-3-thread-1 -> org.tasktide.engine.worker.executor.ItemTaskExecutor.annotateResults ]: No 'Results Path' annotation detected for task:
'ItemTask-0e08b21d-68bf-49ee-b405-51dc1e3476b4'
2026-02-17 17:26:10 INFO  [ pool-3-thread-1 -> org.tasktide.engine.worker.executor.TaskTideExecutor.runTasks ]: Completed task 'ItemTask-0e08b21d-68bf-49ee-b405-51dc1e3476b4', global count: 7
2026-02-17 17:26:11 INFO  [ pool-2-thread-1 -> org.tasktide.itemstore.AbstractItemStore.waitForMutex ]: Mutex acquired
2026-02-17 17:26:11 INFO  [ pool-2-thread-1 -> org.tasktide.itemstore.AbstractItemStore.releaseMutex ]: Releasing mutex
2026-02-17 17:26:11 INFO  [ pool-2-thread-1 -> org.tasktide.itemstore.AbstractItemStore.releaseMutex ]: Released mutex
2026-02-17 17:26:11 DEBUG [ pool-2-thread-1 -> org.tasktide.itemstore.AbstractItemStore.waitForLock ]: Waiting for
2026-02-17 17:26:11 INFO  [ pool-2-thread-1 -> org.tasktide.itemstore.AbstractItemStore.waitForMutex ]: Acquiring mutex
2026-02-17 17:26:15 INFO  [ pool-2-thread-1 -> org.tasktide.itemstore.AbstractItemStore.waitForMutex ]: Mutex acquired
2026-02-17 17:26:15 INFO  [ pool-2-thread-1 -> org.tasktide.itemstore.AbstractItemStore.releaseMutex ]: Releasing mutex
2026-02-17 17:26:15 INFO  [ pool-2-thread-1 -> org.tasktide.itemstore.AbstractItemStore.releaseMutex ]: Released mutex
2026-02-17 17:26:15 DEBUG [ pool-2-thread-1 -> org.tasktide.itemstore.AbstractItemStore.waitForLock ]: Waiting for
2026-02-17 17:26:15 INFO  [ pool-2-thread-1 -> org.tasktide.itemstore.AbstractItemStore.waitForMutex ]: Acquiring mutex
2026-02-17 17:26:17 INFO  [ main -> org.tasktide.engine.TaskTideEngineUtility.waitOnExecutorTrackerWorkItem ]: Displaying Iter-'8' StateSummary of ExecutorServiceTracker:

Total='4', Remaining='2', Done='2', Expected='4'
2026-02-17 17:26:17 INFO  [ main -> org.tasktide.engine.TaskTideEngineUtility.waitOnExecutorTrackerWorkItem ]: Letting '85000'ms elapse for state monitoring of ExecutorServiceTracker:	'4'
2026-02-17 17:26:19 INFO  [ pool-2-thread-1 -> org.tasktide.itemstore.AbstractItemStore.waitForMutex ]: Mutex acquired
2026-02-17 17:26:19 INFO  [ pool-2-thread-1 -> org.tasktide.itemstore.AbstractItemStore.releaseMutex ]: Releasing mutex
2026-02-17 17:26:20 INFO  [ pool-2-thread-1 -> org.tasktide.itemstore.AbstractItemStore.releaseMutex ]: Released mutex
2026-02-17 17:26:20 INFO  [ pool-2-thread-1 -> org.tasktide.engine.observer.worker.executor.WorkItemExecutorObserver.onTaskEnd ]: Unlocked N = '0' sub tasks for WorkItem:	'WorkItem-7fcbf121-b4c6-4820-84f2-c06f15674235'
2026-02-17 17:26:20 DEBUG [ pool-3-thread-1 -> org.tasktide.itemstore.AbstractItemStore.waitForLock ]: Waiting for
2026-02-17 17:26:20 INFO  [ pool-2-thread-1 -> org.tasktide.engine.worker.executor.TaskTideExecutor.runTasks ]: 

Workload processing complete, displaying summary:
Thread Total = '1', Thread Done = '0', Done = '7', Failed = '0', Skipped = '0'
2026-02-17 17:26:20 INFO  [ pool-3-thread-1 -> org.tasktide.itemstore.AbstractItemStore.waitForMutex ]: Acquiring mutex
2026-02-17 17:26:23 INFO  [ pool-3-thread-1 -> org.tasktide.itemstore.AbstractItemStore.waitForMutex ]: Mutex acquired
2026-02-17 17:26:23 INFO  [ pool-3-thread-1 -> org.tasktide.itemstore.AbstractItemStore.releaseMutex ]: Releasing mutex
2026-02-17 17:26:24 INFO  [ pool-3-thread-1 -> org.tasktide.itemstore.AbstractItemStore.releaseMutex ]: Released mutex
2026-02-17 17:26:24 DEBUG [ pool-3-thread-1 -> org.tasktide.itemstore.AbstractItemStore.waitForLock ]: Waiting for
2026-02-17 17:26:24 INFO  [ pool-3-thread-1 -> org.tasktide.itemstore.AbstractItemStore.waitForMutex ]: Acquiring mutex
2026-02-17 17:26:28 INFO  [ pool-3-thread-1 -> org.tasktide.itemstore.AbstractItemStore.waitForMutex ]: Mutex acquired
2026-02-17 17:26:28 INFO  [ pool-3-thread-1 -> org.tasktide.itemstore.AbstractItemStore.releaseMutex ]: Releasing mutex
2026-02-17 17:26:28 INFO  [ pool-2-thread-4 -> org.tasktide.engine.observer.worker.executor.WorkItemExecutorObserver.pollUntilDone ]: Displaying Iter-'7' StateSummary of WorkItem:	'WorkItem-4b6fdf9a-e5d1-4729-9559-9da528597dc3'

{
    "State Summary": {
        "LOCKED": 0,
        "TODO": 0,
        "DONE": 1,
        "ERROR": 0,
        "FOR_UNLOCK": 0
    }
}


2026-02-17 17:26:28 INFO  [ pool-2-thread-4 -> org.tasktide.engine.observer.worker.executor.WorkItemExecutorObserver.pollUntilDone ]: Completed processing of '1' WorkItems with '1'
2026-02-17 17:26:28 INFO  [ pool-2-thread-4 -> org.tasktide.engine.worker.executor.WorkItemExecutor.executeTask ]: Task processing complete on WorkItem:	'WorkItem-4b6fdf9a-e5d1-4729-9559-9da528597dc3'
2026-02-17 17:26:28 INFO  [ pool-2-thread-4 -> org.tasktide.engine.worker.executor.TaskTideExecutor.runTasks ]: Completed task 'WorkItem-4b6fdf9a-e5d1-4729-9559-9da528597dc3', global count: 8
2026-02-17 17:26:28 INFO  [ pool-2-thread-4 -> org.tasktide.engine.observer.worker.TimeKeeperObserver.onTaskEnd ]: Measuring the elapsed time of task 'WorkItem-4b6fdf9a-e5d1-4729-9559-9da528597dc3',
2026-02-17 17:26:28 INFO  [ pool-2-thread-4 -> org.tasktide.engine.observer.worker.TimeKeeperObserver.onTaskEnd ]: Task 'WorkItem-4b6fdf9a-e5d1-4729-9559-9da528597dc3' completed in 256246ms
2026-02-17 17:26:28 WARN  [ pool-2-thread-4 -> org.tasktide.engine.observer.worker.TimeKeeperObserver.evaluateDuration ]: Warning task excution time '100000ms' breached by '156246ms'
2026-02-17 17:26:28 INFO  [ pool-2-thread-4 -> org.tasktide.engine.observer.worker.TimeKeeperObserver.onTaskEnd ]: TimeKeeper evaluated time left next 'false' with ItemTask:	'WorkItem-4b6fdf9a-e5d1-4729-9559-9da528597dc3'
2026-02-17 17:26:28 INFO  [ pool-3-thread-1 -> org.tasktide.itemstore.AbstractItemStore.releaseMutex ]: Released mutex
2026-02-17 17:26:28 DEBUG [ pool-3-thread-1 -> org.tasktide.itemstore.AbstractItemStore.waitForLock ]: Waiting for
2026-02-17 17:26:28 INFO  [ pool-3-thread-1 -> org.tasktide.itemstore.AbstractItemStore.waitForMutex ]: Acquiring mutex
2026-02-17 17:26:32 INFO  [ pool-3-thread-1 -> org.tasktide.itemstore.AbstractItemStore.waitForMutex ]: Mutex acquired
2026-02-17 17:26:32 INFO  [ pool-3-thread-1 -> org.tasktide.itemstore.AbstractItemStore.releaseMutex ]: Releasing mutex
2026-02-17 17:26:32 INFO  [ pool-3-thread-1 -> org.tasktide.itemstore.AbstractItemStore.releaseMutex ]: Released mutex
2026-02-17 17:26:32 DEBUG [ pool-3-thread-1 -> org.tasktide.itemstore.AbstractItemStore.waitForLock ]: Waiting for
2026-02-17 17:26:32 INFO  [ pool-3-thread-1 -> org.tasktide.itemstore.AbstractItemStore.waitForMutex ]: Acquiring mutex
2026-02-17 17:26:36 INFO  [ pool-3-thread-1 -> org.tasktide.itemstore.AbstractItemStore.waitForMutex ]: Mutex acquired
2026-02-17 17:26:36 INFO  [ pool-3-thread-1 -> org.tasktide.itemstore.AbstractItemStore.releaseMutex ]: Releasing mutex
2026-02-17 17:26:37 INFO  [ pool-3-thread-1 -> org.tasktide.itemstore.AbstractItemStore.releaseMutex ]: Released mutex
2026-02-17 17:26:37 INFO  [ pool-3-thread-1 -> org.tasktide.engine.observer.worker.TimeKeeperObserver.onTaskEnd ]: Measuring the elapsed time of task 'ItemTask-0e08b21d-68bf-49ee-b405-51dc1e3476b4',
2026-02-17 17:26:37 INFO  [ pool-3-thread-1 -> org.tasktide.engine.observer.worker.TimeKeeperObserver.onTaskEnd ]: Task 'ItemTask-0e08b21d-68bf-49ee-b405-51dc1e3476b4' completed in 47707ms
2026-02-17 17:26:37 DEBUG [ pool-3-thread-1 -> org.tasktide.engine.observer.worker.TimeKeeperObserver.measureTime ]: Mean duration = '47707ms', Expected Next = '1771349245038ms', Max End '1771349249624ms', Is time = 'true'
2026-02-17 17:26:37 INFO  [ pool-3-thread-1 -> org.tasktide.engine.observer.worker.TimeKeeperObserver.evaluateDuration ]: TimeKeeper evaluated enough time left for next task
2026-02-17 17:26:37 INFO  [ pool-3-thread-1 -> org.tasktide.engine.observer.worker.TimeKeeperObserver.onTaskEnd ]: TimeKeeper evaluated time left next 'true' with ItemTask:	'ItemTask-0e08b21d-68bf-49ee-b405-51dc1e3476b4'
2026-02-17 17:26:37 INFO  [ pool-3-thread-1 -> org.tasktide.engine.worker.executor.TaskTideExecutor.runTasks ]: 

Workload processing complete, displaying summary:
Thread Total = '1', Thread Done = '0', Done = '8', Failed = '0', Skipped = '0'
2026-02-17 17:26:37 DEBUG [ pool-2-thread-4 -> org.tasktide.itemstore.AbstractItemStore.waitForLock ]: Waiting for
2026-02-17 17:26:37 INFO  [ pool-2-thread-4 -> org.tasktide.itemstore.AbstractItemStore.waitForMutex ]: Acquiring mutex
2026-02-17 17:26:41 INFO  [ pool-2-thread-4 -> org.tasktide.itemstore.AbstractItemStore.waitForMutex ]: Mutex acquired
2026-02-17 17:26:41 INFO  [ pool-2-thread-4 -> org.tasktide.itemstore.AbstractItemStore.releaseMutex ]: Releasing mutex
2026-02-17 17:26:41 INFO  [ pool-2-thread-4 -> org.tasktide.itemstore.AbstractItemStore.releaseMutex ]: Released mutex
2026-02-17 17:26:41 DEBUG [ pool-2-thread-4 -> org.tasktide.itemstore.AbstractItemStore.waitForLock ]: Waiting for
2026-02-17 17:26:41 INFO  [ pool-2-thread-4 -> org.tasktide.itemstore.AbstractItemStore.waitForMutex ]: Acquiring mutex
2026-02-17 17:26:45 INFO  [ pool-2-thread-4 -> org.tasktide.itemstore.AbstractItemStore.waitForMutex ]: Mutex acquired
2026-02-17 17:26:45 INFO  [ pool-2-thread-4 -> org.tasktide.itemstore.AbstractItemStore.releaseMutex ]: Releasing mutex
2026-02-17 17:26:46 INFO  [ pool-2-thread-4 -> org.tasktide.itemstore.AbstractItemStore.releaseMutex ]: Released mutex
2026-02-17 17:26:46 DEBUG [ pool-2-thread-4 -> org.tasktide.itemstore.AbstractItemStore.waitForLock ]: Waiting for
2026-02-17 17:26:46 INFO  [ pool-2-thread-4 -> org.tasktide.itemstore.AbstractItemStore.waitForMutex ]: Acquiring mutex
2026-02-17 17:26:49 INFO  [ pool-2-thread-4 -> org.tasktide.itemstore.AbstractItemStore.waitForMutex ]: Mutex acquired
2026-02-17 17:26:49 INFO  [ pool-2-thread-4 -> org.tasktide.itemstore.AbstractItemStore.releaseMutex ]: Releasing mutex
2026-02-17 17:26:50 INFO  [ pool-2-thread-4 -> org.tasktide.itemstore.AbstractItemStore.releaseMutex ]: Released mutex
2026-02-17 17:26:50 INFO  [ pool-2-thread-4 -> org.tasktide.engine.observer.worker.executor.WorkItemExecutorObserver.onTaskEnd ]: Unlocked N = '0' sub tasks for WorkItem:	'WorkItem-4b6fdf9a-e5d1-4729-9559-9da528597dc3'
2026-02-17 17:26:50 INFO  [ pool-2-thread-4 -> org.tasktide.engine.worker.executor.TaskTideExecutor.runTasks ]: 

Workload processing complete, displaying summary:
Thread Total = '1', Thread Done = '0', Done = '8', Failed = '0', Skipped = '0'
2026-02-17 17:27:42 INFO  [ main -> org.tasktide.engine.TaskTideEngineUtility.waitOnExecutorTrackerWorkItem ]: Displaying Iter-'9' StateSummary of ExecutorServiceTracker:

Total='4', Remaining='0', Done='4', Expected='4'
2026-02-17 17:27:42 INFO  [ main -> org.tasktide.tasktide.client.TaskTideEngineClient.fetchAndRun ]: Processing complete for step:	'PingTest'
2026-02-17 17:27:47 INFO  [ main -> org.tasktide.tasktide.client.TaskTideEngineClient.fetchAndRun ]: Determing how to process workload
2026-02-17 17:27:47 INFO  [ main -> org.tasktide.tasktide.client.TaskTideEngineClient.fetchAndRun ]: Processing single step:	'PingTest'
2026-02-17 17:27:47 INFO  [ main -> org.tasktide.tasktide.client.TaskTideEngineClient.fetchWorkload ]: No pilot label provided, processing all tasks
2026-02-17 17:27:47 DEBUG [ main -> org.tasktide.itemstore.AbstractItemStore.waitForLock ]: Waiting for
2026-02-17 17:27:47 INFO  [ main -> org.tasktide.itemstore.AbstractItemStore.waitForMutex ]: Acquiring mutex
2026-02-17 17:27:51 INFO  [ main -> org.tasktide.itemstore.AbstractItemStore.waitForMutex ]: Mutex acquired
2026-02-17 17:27:51 INFO  [ main -> org.tasktide.itemstore.AbstractItemStore.releaseMutex ]: Releasing mutex
2026-02-17 17:27:51 INFO  [ main -> org.tasktide.itemstore.AbstractItemStore.releaseMutex ]: Released mutex
2026-02-17 17:27:51 INFO  [ main -> org.tasktide.tasktide.client.TaskTideEngineClient.processWorkload ]: Processing workload of size:	'5'
2026-02-17 17:27:51 INFO  [ main -> org.tasktide.engine.worker.processor.TaskTideProcessor.processChunks ]: Shuffling, and grouping workload for ExecutorService for ProcessorType:	'WorkItemProcessor'
2026-02-17 17:27:51 INFO  [ main -> org.tasktide.engine.worker.processor.WorkItemProcessor.parallelChunks ]: Fetching N = '5' batches of size '1' for WorkItem workload
2026-02-17 17:27:51 INFO  [ main -> org.tasktide.engine.worker.processor.TaskTideProcessor.processChunks ]: Submitting 'WorkItemProcessor' workload of size:	'5'
2026-02-17 17:27:51 INFO  [ main -> org.tasktide.engine.worker.processor.TaskTideProcessor.submitParallelChunks ]: Submitting sub-workload of size:	'1'
2026-02-17 17:27:51 INFO  [ main -> org.tasktide.engine.worker.processor.TaskTideProcessor.submitParallelChunks ]: Submitting sub-workload of size:	'1'
2026-02-17 17:27:51 INFO  [ main -> org.tasktide.engine.worker.processor.TaskTideProcessor.submitParallelChunks ]: Submitting sub-workload of size:	'1'
2026-02-17 17:27:51 INFO  [ pool-2-thread-5 -> org.tasktide.engine.worker.executor.TaskTideExecutor.runTasks ]: Begining workload processing of N = '1' tasks
2026-02-17 17:27:51 INFO  [ pool-2-thread-2 -> org.tasktide.engine.worker.executor.TaskTideExecutor.runTasks ]: Begining workload processing of N = '1' tasks
2026-02-17 17:27:51 INFO  [ pool-2-thread-3 -> org.tasktide.engine.worker.executor.TaskTideExecutor.runTasks ]: Begining workload processing of N = '1' tasks
2026-02-17 17:27:51 INFO  [ main -> org.tasktide.engine.worker.processor.TaskTideProcessor.submitParallelChunks ]: Submitting sub-workload of size:	'1'
2026-02-17 17:27:51 INFO  [ pool-2-thread-2 -> org.tasktide.engine.observer.worker.TimeKeeperObserver.evaluateStart ]: TimeKeeper evaluating starting of task 'WorkItem-c7b97529-a09b-4f51-a02c-7249f6591124'
2026-02-17 17:27:51 INFO  [ pool-2-thread-1 -> org.tasktide.engine.worker.executor.TaskTideExecutor.runTasks ]: Begining workload processing of N = '1' tasks
2026-02-17 17:27:51 INFO  [ pool-2-thread-5 -> org.tasktide.engine.observer.worker.TimeKeeperObserver.evaluateStart ]: TimeKeeper evaluating starting of task 'WorkItem-bf571273-2592-4931-b537-cb398ad54514'
2026-02-17 17:27:51 INFO  [ pool-2-thread-2 -> org.tasktide.engine.observer.worker.TimeKeeperObserver.evaluateStart ]: Atomic TimeKeeper for task 'WorkItem-c7b97529-a09b-4f51-a02c-7249f6591124' set on thread 'pool-2-thread-2'
2026-02-17 17:27:51 INFO  [ main -> org.tasktide.engine.worker.processor.TaskTideProcessor.submitParallelChunks ]: Submitting sub-workload of size:	'1'
2026-02-17 17:27:51 INFO  [ pool-2-thread-3 -> org.tasktide.engine.observer.worker.TimeKeeperObserver.evaluateStart ]: TimeKeeper evaluating starting of task 'WorkItem-58c4f48c-dfcd-4f1c-b387-c4cc528c0808'
2026-02-17 17:27:51 INFO  [ pool-2-thread-2 -> org.tasktide.engine.observer.worker.TimeKeeperObserver.onTaskStart ]: TimeKeeper evaluated time left for processing as 'true' for ItemTask:	'WorkItem-c7b97529-a09b-4f51-a02c-7249f6591124'
2026-02-17 17:27:51 INFO  [ pool-2-thread-5 -> org.tasktide.engine.observer.worker.TimeKeeperObserver.evaluateStart ]: Atomic TimeKeeper for task 'WorkItem-bf571273-2592-4931-b537-cb398ad54514' set on thread 'pool-2-thread-5'
2026-02-17 17:27:51 INFO  [ pool-2-thread-1 -> org.tasktide.engine.observer.worker.TimeKeeperObserver.evaluateStart ]: TimeKeeper evaluating starting of task 'WorkItem-f598b208-09c3-43a4-adf6-767314353332'
2026-02-17 17:27:51 INFO  [ pool-2-thread-4 -> org.tasktide.engine.worker.executor.TaskTideExecutor.runTasks ]: Begining workload processing of N = '1' tasks
2026-02-17 17:27:51 INFO  [ pool-2-thread-3 -> org.tasktide.engine.observer.worker.TimeKeeperObserver.evaluateStart ]: Atomic TimeKeeper for task 'WorkItem-58c4f48c-dfcd-4f1c-b387-c4cc528c0808' set on thread 'pool-2-thread-3'
2026-02-17 17:27:51 INFO  [ main -> org.tasktide.engine.worker.processor.TaskTideProcessor.processChunks ]: Submitted N = '8' items for workload 'WorkItemProcessor'
2026-02-17 17:27:51 INFO  [ pool-2-thread-4 -> org.tasktide.engine.observer.worker.TimeKeeperObserver.evaluateStart ]: TimeKeeper evaluating starting of task 'WorkItem-0bacab5f-14bf-4c10-8508-8ec582ac946c'
2026-02-17 17:27:51 INFO  [ pool-2-thread-1 -> org.tasktide.engine.observer.worker.TimeKeeperObserver.evaluateStart ]: Atomic TimeKeeper for task 'WorkItem-f598b208-09c3-43a4-adf6-767314353332' set on thread 'pool-2-thread-1'
2026-02-17 17:27:51 INFO  [ pool-2-thread-5 -> org.tasktide.engine.observer.worker.TimeKeeperObserver.onTaskStart ]: TimeKeeper evaluated time left for processing as 'true' for ItemTask:	'WorkItem-bf571273-2592-4931-b537-cb398ad54514'
2026-02-17 17:27:51 INFO  [ pool-2-thread-4 -> org.tasktide.engine.observer.worker.TimeKeeperObserver.evaluateStart ]: Atomic TimeKeeper for task 'WorkItem-0bacab5f-14bf-4c10-8508-8ec582ac946c' set on thread 'pool-2-thread-4'
2026-02-17 17:27:51 INFO  [ main -> org.tasktide.engine.TaskTideEngineUtility.waitOnExecutorTrackerWorkItem ]: Begining state monitoring of ExecutorServiceTracker:	N tasks = '8'
2026-02-17 17:27:51 INFO  [ pool-2-thread-3 -> org.tasktide.engine.observer.worker.TimeKeeperObserver.onTaskStart ]: TimeKeeper evaluated time left for processing as 'true' for ItemTask:	'WorkItem-58c4f48c-dfcd-4f1c-b387-c4cc528c0808'
2026-02-17 17:27:51 INFO  [ pool-2-thread-4 -> org.tasktide.engine.observer.worker.TimeKeeperObserver.onTaskStart ]: TimeKeeper evaluated time left for processing as 'true' for ItemTask:	'WorkItem-0bacab5f-14bf-4c10-8508-8ec582ac946c'
2026-02-17 17:27:51 INFO  [ pool-2-thread-1 -> org.tasktide.engine.observer.worker.TimeKeeperObserver.onTaskStart ]: TimeKeeper evaluated time left for processing as 'true' for ItemTask:	'WorkItem-f598b208-09c3-43a4-adf6-767314353332'
2026-02-17 17:27:51 INFO  [ main -> org.tasktide.engine.TaskTideEngineUtility.waitOnExecutorTrackerWorkItem ]: Letting '10000'ms elapse for state monitoring of ExecutorServiceTracker:	'8'
2026-02-17 17:27:51 DEBUG [ pool-2-thread-2 -> org.tasktide.itemstore.AbstractItemStore.waitForLock ]: Waiting for
2026-02-17 17:27:51 INFO  [ pool-2-thread-2 -> org.tasktide.itemstore.AbstractItemStore.waitForMutex ]: Acquiring mutex
2026-02-17 17:27:55 INFO  [ pool-2-thread-2 -> org.tasktide.itemstore.AbstractItemStore.waitForMutex ]: Mutex acquired
2026-02-17 17:27:55 INFO  [ pool-2-thread-2 -> org.tasktide.itemstore.AbstractItemStore.releaseMutex ]: Releasing mutex
2026-02-17 17:27:56 INFO  [ pool-2-thread-2 -> org.tasktide.itemstore.AbstractItemStore.releaseMutex ]: Released mutex
2026-02-17 17:27:56 DEBUG [ pool-2-thread-2 -> org.tasktide.itemstore.AbstractItemStore.waitForLock ]: Waiting for
2026-02-17 17:27:56 INFO  [ pool-2-thread-2 -> org.tasktide.itemstore.AbstractItemStore.waitForMutex ]: Acquiring mutex
2026-02-17 17:28:00 INFO  [ pool-2-thread-2 -> org.tasktide.itemstore.AbstractItemStore.waitForMutex ]: Mutex acquired
2026-02-17 17:28:00 INFO  [ pool-2-thread-2 -> org.tasktide.itemstore.AbstractItemStore.releaseMutex ]: Releasing mutex
2026-02-17 17:28:00 INFO  [ pool-2-thread-2 -> org.tasktide.itemstore.AbstractItemStore.releaseMutex ]: Released mutex
2026-02-17 17:28:00 DEBUG [ pool-2-thread-2 -> org.tasktide.itemstore.AbstractItemStore.waitForLock ]: Waiting for
2026-02-17 17:28:00 INFO  [ pool-2-thread-2 -> org.tasktide.itemstore.AbstractItemStore.waitForMutex ]: Acquiring mutex
2026-02-17 17:28:01 INFO  [ main -> org.tasktide.engine.TaskTideEngineUtility.waitOnExecutorTrackerWorkItem ]: Displaying Iter-'0' StateSummary of ExecutorServiceTracker:

Total='8', Remaining='4', Done='4', Expected='5'
2026-02-17 17:28:01 INFO  [ main -> org.tasktide.engine.TaskTideEngineUtility.waitOnExecutorTrackerWorkItem ]: Letting '10000'ms elapse for state monitoring of ExecutorServiceTracker:	'8'
2026-02-17 17:28:04 INFO  [ pool-2-thread-2 -> org.tasktide.itemstore.AbstractItemStore.waitForMutex ]: Mutex acquired
2026-02-17 17:28:04 INFO  [ pool-2-thread-2 -> org.tasktide.itemstore.AbstractItemStore.releaseMutex ]: Releasing mutex
2026-02-17 17:28:05 INFO  [ pool-2-thread-2 -> org.tasktide.itemstore.AbstractItemStore.releaseMutex ]: Released mutex
2026-02-17 17:28:05 DEBUG [ pool-2-thread-1 -> org.tasktide.itemstore.AbstractItemStore.waitForLock ]: Waiting for
2026-02-17 17:28:05 INFO  [ pool-2-thread-1 -> org.tasktide.itemstore.AbstractItemStore.waitForMutex ]: Acquiring mutex
2026-02-17 17:28:09 INFO  [ pool-2-thread-1 -> org.tasktide.itemstore.AbstractItemStore.waitForMutex ]: Mutex acquired
2026-02-17 17:28:09 INFO  [ pool-2-thread-1 -> org.tasktide.itemstore.AbstractItemStore.releaseMutex ]: Releasing mutex
2026-02-17 17:28:09 INFO  [ pool-2-thread-1 -> org.tasktide.itemstore.AbstractItemStore.releaseMutex ]: Released mutex
2026-02-17 17:28:09 DEBUG [ pool-2-thread-1 -> org.tasktide.itemstore.AbstractItemStore.waitForLock ]: Waiting for
2026-02-17 17:28:09 INFO  [ pool-2-thread-1 -> org.tasktide.itemstore.AbstractItemStore.waitForMutex ]: Acquiring mutex
2026-02-17 17:28:11 INFO  [ main -> org.tasktide.engine.TaskTideEngineUtility.waitOnExecutorTrackerWorkItem ]: Displaying Iter-'1' StateSummary of ExecutorServiceTracker:

Total='8', Remaining='4', Done='4', Expected='5'
2026-02-17 17:28:11 INFO  [ main -> org.tasktide.engine.TaskTideEngineUtility.waitOnExecutorTrackerWorkItem ]: Letting '10000'ms elapse for state monitoring of ExecutorServiceTracker:	'8'
2026-02-17 17:28:13 INFO  [ pool-2-thread-1 -> org.tasktide.itemstore.AbstractItemStore.waitForMutex ]: Mutex acquired
2026-02-17 17:28:13 INFO  [ pool-2-thread-1 -> org.tasktide.itemstore.AbstractItemStore.releaseMutex ]: Releasing mutex
2026-02-17 17:28:13 INFO  [ pool-2-thread-1 -> org.tasktide.itemstore.AbstractItemStore.releaseMutex ]: Released mutex
2026-02-17 17:28:13 DEBUG [ pool-2-thread-1 -> org.tasktide.itemstore.AbstractItemStore.waitForLock ]: Waiting for
2026-02-17 17:28:13 INFO  [ pool-2-thread-1 -> org.tasktide.itemstore.AbstractItemStore.waitForMutex ]: Acquiring mutex
2026-02-17 17:28:17 INFO  [ pool-2-thread-1 -> org.tasktide.itemstore.AbstractItemStore.waitForMutex ]: Mutex acquired
2026-02-17 17:28:17 INFO  [ pool-2-thread-1 -> org.tasktide.itemstore.AbstractItemStore.releaseMutex ]: Releasing mutex
2026-02-17 17:28:17 INFO  [ pool-2-thread-1 -> org.tasktide.itemstore.AbstractItemStore.releaseMutex ]: Released mutex
2026-02-17 17:28:18 DEBUG [ pool-2-thread-4 -> org.tasktide.itemstore.AbstractItemStore.waitForLock ]: Waiting for
2026-02-17 17:28:18 INFO  [ pool-2-thread-4 -> org.tasktide.itemstore.AbstractItemStore.waitForMutex ]: Acquiring mutex
2026-02-17 17:28:21 INFO  [ pool-2-thread-4 -> org.tasktide.itemstore.AbstractItemStore.waitForMutex ]: Mutex acquired
2026-02-17 17:28:21 INFO  [ pool-2-thread-4 -> org.tasktide.itemstore.AbstractItemStore.releaseMutex ]: Releasing mutex
2026-02-17 17:28:21 INFO  [ main -> org.tasktide.engine.TaskTideEngineUtility.waitOnExecutorTrackerWorkItem ]: Displaying Iter-'2' StateSummary of ExecutorServiceTracker:

Total='8', Remaining='4', Done='4', Expected='5'
2026-02-17 17:28:21 INFO  [ main -> org.tasktide.engine.TaskTideEngineUtility.waitOnExecutorTrackerWorkItem ]: Letting '10000'ms elapse for state monitoring of ExecutorServiceTracker:	'8'
2026-02-17 17:28:22 INFO  [ pool-2-thread-4 -> org.tasktide.itemstore.AbstractItemStore.releaseMutex ]: Released mutex
2026-02-17 17:28:22 DEBUG [ pool-2-thread-4 -> org.tasktide.itemstore.AbstractItemStore.waitForLock ]: Waiting for
2026-02-17 17:28:22 INFO  [ pool-2-thread-4 -> org.tasktide.itemstore.AbstractItemStore.waitForMutex ]: Acquiring mutex
2026-02-17 17:28:25 INFO  [ pool-2-thread-4 -> org.tasktide.itemstore.AbstractItemStore.waitForMutex ]: Mutex acquired
2026-02-17 17:28:25 INFO  [ pool-2-thread-4 -> org.tasktide.itemstore.AbstractItemStore.releaseMutex ]: Releasing mutex
2026-02-17 17:28:26 INFO  [ pool-2-thread-4 -> org.tasktide.itemstore.AbstractItemStore.releaseMutex ]: Released mutex
2026-02-17 17:28:26 DEBUG [ pool-2-thread-4 -> org.tasktide.itemstore.AbstractItemStore.waitForLock ]: Waiting for
2026-02-17 17:28:26 INFO  [ pool-2-thread-4 -> org.tasktide.itemstore.AbstractItemStore.waitForMutex ]: Acquiring mutex
2026-02-17 17:28:29 INFO  [ pool-2-thread-4 -> org.tasktide.itemstore.AbstractItemStore.waitForMutex ]: Mutex acquired
2026-02-17 17:28:30 INFO  [ pool-2-thread-4 -> org.tasktide.itemstore.AbstractItemStore.releaseMutex ]: Releasing mutex
2026-02-17 17:28:30 INFO  [ pool-2-thread-4 -> org.tasktide.itemstore.AbstractItemStore.releaseMutex ]: Released mutex
2026-02-17 17:28:30 DEBUG [ pool-2-thread-3 -> org.tasktide.itemstore.AbstractItemStore.waitForLock ]: Waiting for
2026-02-17 17:28:30 INFO  [ pool-2-thread-3 -> org.tasktide.itemstore.AbstractItemStore.waitForMutex ]: Acquiring mutex
2026-02-17 17:28:31 INFO  [ main -> org.tasktide.engine.TaskTideEngineUtility.waitOnExecutorTrackerWorkItem ]: Displaying Iter-'3' StateSummary of ExecutorServiceTracker:

Total='8', Remaining='4', Done='4', Expected='5'
2026-02-17 17:28:31 INFO  [ main -> org.tasktide.engine.TaskTideEngineUtility.waitOnExecutorTrackerWorkItem ]: Letting '8000'ms elapse for state monitoring of ExecutorServiceTracker:	'8'
2026-02-17 17:28:34 INFO  [ pool-2-thread-3 -> org.tasktide.itemstore.AbstractItemStore.waitForMutex ]: Mutex acquired
2026-02-17 17:28:34 INFO  [ pool-2-thread-3 -> org.tasktide.itemstore.AbstractItemStore.releaseMutex ]: Releasing mutex
2026-02-17 17:28:34 INFO  [ pool-2-thread-3 -> org.tasktide.itemstore.AbstractItemStore.releaseMutex ]: Released mutex
2026-02-17 17:28:34 DEBUG [ pool-2-thread-3 -> org.tasktide.itemstore.AbstractItemStore.waitForLock ]: Waiting for
2026-02-17 17:28:34 INFO  [ pool-2-thread-3 -> org.tasktide.itemstore.AbstractItemStore.waitForMutex ]: Acquiring mutex
2026-02-17 17:28:38 INFO  [ pool-2-thread-3 -> org.tasktide.itemstore.AbstractItemStore.waitForMutex ]: Mutex acquired
2026-02-17 17:28:38 INFO  [ pool-2-thread-3 -> org.tasktide.itemstore.AbstractItemStore.releaseMutex ]: Releasing mutex
2026-02-17 17:28:38 INFO  [ pool-2-thread-3 -> org.tasktide.itemstore.AbstractItemStore.releaseMutex ]: Released mutex
2026-02-17 17:28:38 DEBUG [ pool-2-thread-3 -> org.tasktide.itemstore.AbstractItemStore.waitForLock ]: Waiting for
2026-02-17 17:28:38 INFO  [ pool-2-thread-3 -> org.tasktide.itemstore.AbstractItemStore.waitForMutex ]: Acquiring mutex
2026-02-17 17:28:39 INFO  [ main -> org.tasktide.engine.TaskTideEngineUtility.waitOnExecutorTrackerWorkItem ]: Displaying Iter-'4' StateSummary of ExecutorServiceTracker:

Total='8', Remaining='4', Done='4', Expected='5'
2026-02-17 17:28:39 INFO  [ main -> org.tasktide.engine.TaskTideEngineUtility.waitOnExecutorTrackerWorkItem ]: Letting '16000'ms elapse for state monitoring of ExecutorServiceTracker:	'8'
2026-02-17 17:28:42 INFO  [ pool-2-thread-3 -> org.tasktide.itemstore.AbstractItemStore.waitForMutex ]: Mutex acquired
2026-02-17 17:28:42 INFO  [ pool-2-thread-3 -> org.tasktide.itemstore.AbstractItemStore.releaseMutex ]: Releasing mutex
2026-02-17 17:28:43 INFO  [ pool-2-thread-3 -> org.tasktide.itemstore.AbstractItemStore.releaseMutex ]: Released mutex
2026-02-17 17:28:43 DEBUG [ pool-2-thread-5 -> org.tasktide.itemstore.AbstractItemStore.waitForLock ]: Waiting for
2026-02-17 17:28:43 INFO  [ pool-2-thread-5 -> org.tasktide.itemstore.AbstractItemStore.waitForMutex ]: Acquiring mutex
2026-02-17 17:28:46 INFO  [ pool-2-thread-5 -> org.tasktide.itemstore.AbstractItemStore.waitForMutex ]: Mutex acquired
2026-02-17 17:28:46 INFO  [ pool-2-thread-5 -> org.tasktide.itemstore.AbstractItemStore.releaseMutex ]: Releasing mutex
2026-02-17 17:28:47 INFO  [ pool-2-thread-5 -> org.tasktide.itemstore.AbstractItemStore.releaseMutex ]: Released mutex
2026-02-17 17:28:47 DEBUG [ pool-2-thread-5 -> org.tasktide.itemstore.AbstractItemStore.waitForLock ]: Waiting for
2026-02-17 17:28:47 INFO  [ pool-2-thread-5 -> org.tasktide.itemstore.AbstractItemStore.waitForMutex ]: Acquiring mutex
2026-02-17 17:28:51 INFO  [ pool-2-thread-5 -> org.tasktide.itemstore.AbstractItemStore.waitForMutex ]: Mutex acquired
2026-02-17 17:28:51 INFO  [ pool-2-thread-5 -> org.tasktide.itemstore.AbstractItemStore.releaseMutex ]: Releasing mutex
2026-02-17 17:28:51 INFO  [ pool-2-thread-5 -> org.tasktide.itemstore.AbstractItemStore.releaseMutex ]: Released mutex
2026-02-17 17:28:51 DEBUG [ pool-2-thread-5 -> org.tasktide.itemstore.AbstractItemStore.waitForLock ]: Waiting for
2026-02-17 17:28:51 INFO  [ pool-2-thread-5 -> org.tasktide.itemstore.AbstractItemStore.waitForMutex ]: Acquiring mutex
2026-02-17 17:28:55 INFO  [ pool-2-thread-5 -> org.tasktide.itemstore.AbstractItemStore.waitForMutex ]: Mutex acquired
2026-02-17 17:28:55 INFO  [ pool-2-thread-5 -> org.tasktide.itemstore.AbstractItemStore.releaseMutex ]: Releasing mutex
2026-02-17 17:28:55 INFO  [ main -> org.tasktide.engine.TaskTideEngineUtility.waitOnExecutorTrackerWorkItem ]: Displaying Iter-'5' StateSummary of ExecutorServiceTracker:

Total='8', Remaining='4', Done='4', Expected='5'
2026-02-17 17:28:55 INFO  [ main -> org.tasktide.engine.TaskTideEngineUtility.waitOnExecutorTrackerWorkItem ]: Letting '32000'ms elapse for state monitoring of ExecutorServiceTracker:	'8'
2026-02-17 17:28:56 INFO  [ pool-2-thread-5 -> org.tasktide.itemstore.AbstractItemStore.releaseMutex ]: Released mutex
2026-02-17 17:28:56 DEBUG [ pool-2-thread-3 -> org.tasktide.itemstore.AbstractItemStore.waitForLock ]: Waiting for
2026-02-17 17:28:56 INFO  [ pool-2-thread-3 -> org.tasktide.itemstore.AbstractItemStore.waitForMutex ]: Acquiring mutex
2026-02-17 17:28:59 INFO  [ pool-2-thread-3 -> org.tasktide.itemstore.AbstractItemStore.waitForMutex ]: Mutex acquired
2026-02-17 17:28:59 INFO  [ pool-2-thread-3 -> org.tasktide.itemstore.AbstractItemStore.releaseMutex ]: Releasing mutex
2026-02-17 17:29:00 INFO  [ pool-2-thread-3 -> org.tasktide.itemstore.AbstractItemStore.releaseMutex ]: Released mutex
2026-02-17 17:29:00 DEBUG [ pool-2-thread-4 -> org.tasktide.itemstore.AbstractItemStore.waitForLock ]: Waiting for
2026-02-17 17:29:00 WARN  [ pool-2-thread-3 -> org.tasktide.engine.observer.worker.executor.WorkItemExecutorObserver.onTaskStart ]: Warning, no open tasks detected for WorkItem:	'WorkItem-58c4f48c-dfcd-4f1c-b387-c4cc528c0808'
2026-02-17 17:29:00 INFO  [ pool-2-thread-4 -> org.tasktide.itemstore.AbstractItemStore.waitForMutex ]: Acquiring mutex
2026-02-17 17:29:00 WARN  [ pool-2-thread-3 -> org.tasktide.engine.observer.ObserverChain.onTaskStart ]: Task 'WorkItem-58c4f48c-dfcd-4f1c-b387-c4cc528c0808' failed onTaskStart Observation 'WorkItemExecutorObserver' check
2026-02-17 17:29:00 WARN  [ pool-2-thread-3 -> org.tasktide.engine.worker.executor.TaskTideExecutor.runTasks ]: Warning, skipping task failing Observer Preprocessing checks for task:	'WorkItem-58c4f48c-dfcd-4f1c-b387-c4cc528c0808'
2026-02-17 17:29:00 INFO  [ pool-2-thread-3 -> org.tasktide.engine.worker.executor.TaskTideExecutor.runTasks ]: 

Workload processing complete, displaying summary:
Thread Total = '1', Thread Done = '0', Done = '8', Failed = '0', Skipped = '1'
2026-02-17 17:29:03 INFO  [ pool-2-thread-4 -> org.tasktide.itemstore.AbstractItemStore.waitForMutex ]: Mutex acquired
2026-02-17 17:29:03 INFO  [ pool-2-thread-4 -> org.tasktide.itemstore.AbstractItemStore.releaseMutex ]: Releasing mutex
2026-02-17 17:29:04 INFO  [ pool-2-thread-4 -> org.tasktide.itemstore.AbstractItemStore.releaseMutex ]: Released mutex
2026-02-17 17:29:04 INFO  [ pool-2-thread-4 -> org.tasktide.engine.worker.executor.WorkItemExecutor.executeTask ]: Configuring ItemTaskProcessor for Workload of size '1' on thread 'pool-2-thread-4' for WorkItem:	'WorkItem-0bacab5f-14bf-4c10-8508-8ec582ac946c'
2026-02-17 17:29:04 DEBUG [ pool-2-thread-1 -> org.tasktide.itemstore.AbstractItemStore.waitForLock ]: Waiting for
2026-02-17 17:29:04 INFO  [ pool-2-thread-4 -> org.tasktide.engine.worker.executor.WorkItemExecutor.executeTask ]: Processor configured, processing workload for WorkItem:	'WorkItem-0bacab5f-14bf-4c10-8508-8ec582ac946c'
2026-02-17 17:29:04 INFO  [ pool-2-thread-1 -> org.tasktide.itemstore.AbstractItemStore.waitForMutex ]: Acquiring mutex
2026-02-17 17:29:04 INFO  [ pool-2-thread-4 -> org.tasktide.engine.worker.processor.TaskTideProcessor.process ]: Processing tasks of workload thread:	'pool-2-thread-4', Size='1', First ItemId = 'ItemTask-f139c769-9ae0-4514-a866-008fd2dccb4d'
2026-02-17 17:29:04 WARN  [ pool-2-thread-4 -> org.tasktide.engine.worker.processor.TaskTideProcessor.process ]: Warning, workload size '1' < threshold '2' at start-up. Enqueing all tasks
2026-02-17 17:29:04 INFO  [ pool-2-thread-4 -> org.tasktide.engine.worker.executor.WorkItemExecutor.executeTask ]: ExecutorObserver polling ItemTaskStateSummary for WorkItem:	'WorkItem-0bacab5f-14bf-4c10-8508-8ec582ac946c'
2026-02-17 17:29:04 INFO  [ pool-3-thread-1 -> org.tasktide.engine.worker.processor.TaskTideProcessor.process ]: Processing tasks of workload thread:	'pool-3-thread-1', Size='1', First ItemId = 'ItemTask-f139c769-9ae0-4514-a866-008fd2dccb4d'
2026-02-17 17:29:04 INFO  [ pool-2-thread-4 -> org.tasktide.engine.observer.worker.executor.WorkItemExecutorObserver.pollUntilDone ]: Begining state monitoring of WorkItem:	'WorkItem-0bacab5f-14bf-4c10-8508-8ec582ac946c'
2026-02-17 17:29:04 INFO  [ pool-2-thread-4 -> org.tasktide.engine.observer.worker.executor.WorkItemExecutorObserver.pollUntilDone ]: Letting '10000'ms elapse for state monitoring of WorkItem:	'WorkItem-0bacab5f-14bf-4c10-8508-8ec582ac946c'
2026-02-17 17:29:04 INFO  [ pool-3-thread-1 -> org.tasktide.engine.worker.executor.TaskTideExecutor.runTasks ]: Begining workload processing of N = '1' tasks
2026-02-17 17:29:04 INFO  [ pool-3-thread-1 -> org.tasktide.engine.observer.worker.TimeKeeperObserver.evaluateStart ]: TimeKeeper evaluating starting of task 'ItemTask-f139c769-9ae0-4514-a866-008fd2dccb4d'
2026-02-17 17:29:04 INFO  [ pool-3-thread-1 -> org.tasktide.engine.observer.worker.TimeKeeperObserver.evaluateStart ]: Atomic TimeKeeper for task 'ItemTask-f139c769-9ae0-4514-a866-008fd2dccb4d' set on thread 'pool-3-thread-1'
2026-02-17 17:29:04 INFO  [ pool-3-thread-1 -> org.tasktide.engine.observer.worker.TimeKeeperObserver.onTaskStart ]: TimeKeeper evaluated time left for processing as 'true' for ItemTask:	'ItemTask-f139c769-9ae0-4514-a866-008fd2dccb4d'
2026-02-17 17:29:04 INFO  [ pool-3-thread-1 -> org.tasktide.engine.worker.executor.ItemTaskExecutor.executeTask ]: Executing task on thread 'pool-3-thread-1':ping -c 4 tcd.ie
2026-02-17 17:29:08 INFO  [ pool-2-thread-1 -> org.tasktide.itemstore.AbstractItemStore.waitForMutex ]: Mutex acquired
2026-02-17 17:29:08 INFO  [ pool-2-thread-1 -> org.tasktide.itemstore.AbstractItemStore.releaseMutex ]: Releasing mutex
2026-02-17 17:29:08 INFO  [ pool-2-thread-1 -> org.tasktide.itemstore.AbstractItemStore.releaseMutex ]: Released mutex
2026-02-17 17:29:08 DEBUG [ pool-2-thread-2 -> org.tasktide.itemstore.AbstractItemStore.waitForLock ]: Waiting for
2026-02-17 17:29:08 INFO  [ pool-2-thread-1 -> org.tasktide.engine.worker.executor.WorkItemExecutor.executeTask ]: Configuring ItemTaskProcessor for Workload of size '1' on thread 'pool-2-thread-1' for WorkItem:	'WorkItem-f598b208-09c3-43a4-adf6-767314353332'
2026-02-17 17:29:08 INFO  [ pool-2-thread-2 -> org.tasktide.itemstore.AbstractItemStore.waitForMutex ]: Acquiring mutex
2026-02-17 17:29:08 INFO  [ pool-2-thread-1 -> org.tasktide.engine.worker.executor.WorkItemExecutor.executeTask ]: Processor configured, processing workload for WorkItem:	'WorkItem-f598b208-09c3-43a4-adf6-767314353332'
2026-02-17 17:29:08 INFO  [ pool-2-thread-1 -> org.tasktide.engine.worker.processor.TaskTideProcessor.process ]: Processing tasks of workload thread:	'pool-2-thread-1', Size='1', First ItemId = 'ItemTask-9101a1c5-51c7-4b16-8765-a50a26078ad1'
2026-02-17 17:29:08 WARN  [ pool-2-thread-1 -> org.tasktide.engine.worker.processor.TaskTideProcessor.process ]: Warning, workload size '1' < threshold '2' at start-up. Enqueing all tasks
2026-02-17 17:29:08 INFO  [ pool-2-thread-1 -> org.tasktide.engine.worker.executor.WorkItemExecutor.executeTask ]: ExecutorObserver polling ItemTaskStateSummary for WorkItem:	'WorkItem-f598b208-09c3-43a4-adf6-767314353332'
2026-02-17 17:29:08 INFO  [ pool-2-thread-1 -> org.tasktide.engine.observer.worker.executor.WorkItemExecutorObserver.pollUntilDone ]: Begining state monitoring of WorkItem:	'WorkItem-f598b208-09c3-43a4-adf6-767314353332'
2026-02-17 17:29:08 INFO  [ pool-2-thread-1 -> org.tasktide.engine.observer.worker.executor.WorkItemExecutorObserver.pollUntilDone ]: Letting '10000'ms elapse for state monitoring of WorkItem:	'WorkItem-f598b208-09c3-43a4-adf6-767314353332'
2026-02-17 17:29:12 INFO  [ pool-2-thread-2 -> org.tasktide.itemstore.AbstractItemStore.waitForMutex ]: Mutex acquired
2026-02-17 17:29:12 INFO  [ pool-2-thread-2 -> org.tasktide.itemstore.AbstractItemStore.releaseMutex ]: Releasing mutex
2026-02-17 17:29:12 INFO  [ pool-2-thread-2 -> org.tasktide.itemstore.AbstractItemStore.releaseMutex ]: Released mutex
2026-02-17 17:29:12 INFO  [ pool-2-thread-2 -> org.tasktide.engine.worker.executor.WorkItemExecutor.executeTask ]: Configuring ItemTaskProcessor for Workload of size '1' on thread 'pool-2-thread-2' for WorkItem:	'WorkItem-c7b97529-a09b-4f51-a02c-7249f6591124'
2026-02-17 17:29:12 DEBUG [ pool-3-thread-1 -> org.tasktide.itemstore.AbstractItemStore.waitForLock ]: Waiting for
2026-02-17 17:29:12 INFO  [ pool-2-thread-2 -> org.tasktide.engine.worker.executor.WorkItemExecutor.executeTask ]: Processor configured, processing workload for WorkItem:	'WorkItem-c7b97529-a09b-4f51-a02c-7249f6591124'
2026-02-17 17:29:12 INFO  [ pool-3-thread-1 -> org.tasktide.itemstore.AbstractItemStore.waitForMutex ]: Acquiring mutex
2026-02-17 17:29:12 INFO  [ pool-2-thread-2 -> org.tasktide.engine.worker.processor.TaskTideProcessor.process ]: Processing tasks of workload thread:	'pool-2-thread-2', Size='1', First ItemId = 'ItemTask-52176486-3702-4ed7-a242-86810ffef5ed'
2026-02-17 17:29:12 WARN  [ pool-2-thread-2 -> org.tasktide.engine.worker.processor.TaskTideProcessor.process ]: Warning, workload size '1' < threshold '2' at start-up. Enqueing all tasks
2026-02-17 17:29:12 INFO  [ pool-2-thread-2 -> org.tasktide.engine.worker.executor.WorkItemExecutor.executeTask ]: ExecutorObserver polling ItemTaskStateSummary for WorkItem:	'WorkItem-c7b97529-a09b-4f51-a02c-7249f6591124'
2026-02-17 17:29:12 INFO  [ pool-2-thread-2 -> org.tasktide.engine.observer.worker.executor.WorkItemExecutorObserver.pollUntilDone ]: Begining state monitoring of WorkItem:	'WorkItem-c7b97529-a09b-4f51-a02c-7249f6591124'
2026-02-17 17:29:12 INFO  [ pool-2-thread-2 -> org.tasktide.engine.observer.worker.executor.WorkItemExecutorObserver.pollUntilDone ]: Letting '10000'ms elapse for state monitoring of WorkItem:	'WorkItem-c7b97529-a09b-4f51-a02c-7249f6591124'
2026-02-17 17:29:14 INFO  [ pool-2-thread-4 -> org.tasktide.engine.observer.worker.executor.WorkItemExecutorObserver.pollUntilDone ]: Displaying Iter-'0' StateSummary of WorkItem:	'WorkItem-0bacab5f-14bf-4c10-8508-8ec582ac946c'

{
    "State Summary": {
        "LOCKED": 1,
        "TODO": 0,
        "DONE": 0,
        "ERROR": 0,
        "FOR_UNLOCK": 0
    }
}


2026-02-17 17:29:14 INFO  [ pool-2-thread-4 -> org.tasktide.engine.observer.worker.executor.WorkItemExecutorObserver.pollUntilDone ]: Letting '10000'ms elapse for state monitoring of WorkItem:	'WorkItem-0bacab5f-14bf-4c10-8508-8ec582ac946c'
2026-02-17 17:29:16 INFO  [ pool-3-thread-1 -> org.tasktide.itemstore.AbstractItemStore.waitForMutex ]: Mutex acquired
2026-02-17 17:29:16 INFO  [ pool-3-thread-1 -> org.tasktide.itemstore.AbstractItemStore.releaseMutex ]: Releasing mutex
2026-02-17 17:29:17 INFO  [ pool-3-thread-1 -> org.tasktide.itemstore.AbstractItemStore.releaseMutex ]: Released mutex
2026-02-17 17:29:17 DEBUG [ pool-2-thread-5 -> org.tasktide.itemstore.AbstractItemStore.waitForLock ]: Waiting for
2026-02-17 17:29:17 INFO  [ pool-2-thread-5 -> org.tasktide.itemstore.AbstractItemStore.waitForMutex ]: Acquiring mutex
2026-02-17 17:29:18 INFO  [ pool-2-thread-1 -> org.tasktide.engine.observer.worker.executor.WorkItemExecutorObserver.pollUntilDone ]: Displaying Iter-'0' StateSummary of WorkItem:	'WorkItem-f598b208-09c3-43a4-adf6-767314353332'

{
    "State Summary": {
        "LOCKED": 0,
        "TODO": 1,
        "DONE": 0,
        "ERROR": 0,
        "FOR_UNLOCK": 0
    }
}


2026-02-17 17:29:18 INFO  [ pool-2-thread-1 -> org.tasktide.engine.observer.worker.executor.WorkItemExecutorObserver.pollUntilDone ]: Letting '10000'ms elapse for state monitoring of WorkItem:	'WorkItem-f598b208-09c3-43a4-adf6-767314353332'
2026-02-17 17:29:20 INFO  [ pool-2-thread-5 -> org.tasktide.itemstore.AbstractItemStore.waitForMutex ]: Mutex acquired
2026-02-17 17:29:20 INFO  [ pool-2-thread-5 -> org.tasktide.itemstore.AbstractItemStore.releaseMutex ]: Releasing mutex
2026-02-17 17:29:21 INFO  [ pool-2-thread-5 -> org.tasktide.itemstore.AbstractItemStore.releaseMutex ]: Released mutex
2026-02-17 17:29:21 INFO  [ pool-2-thread-5 -> org.tasktide.engine.worker.executor.WorkItemExecutor.executeTask ]: Configuring ItemTaskProcessor for Workload of size '1' on thread 'pool-2-thread-5' for WorkItem:	'WorkItem-bf571273-2592-4931-b537-cb398ad54514'
2026-02-17 17:29:21 INFO  [ pool-2-thread-5 -> org.tasktide.engine.worker.executor.WorkItemExecutor.executeTask ]: Processor configured, processing workload for WorkItem:	'WorkItem-bf571273-2592-4931-b537-cb398ad54514'
2026-02-17 17:29:21 INFO  [ pool-2-thread-5 -> org.tasktide.engine.worker.processor.TaskTideProcessor.process ]: Processing tasks of workload thread:	'pool-2-thread-5', Size='1', First ItemId = 'ItemTask-f0c942ee-fda7-42eb-91a1-50ed176ddd6f'
2026-02-17 17:29:21 WARN  [ pool-2-thread-5 -> org.tasktide.engine.worker.processor.TaskTideProcessor.process ]: Warning, workload size '1' < threshold '2' at start-up. Enqueing all tasks
2026-02-17 17:29:21 INFO  [ pool-2-thread-5 -> org.tasktide.engine.worker.executor.WorkItemExecutor.executeTask ]: ExecutorObserver polling ItemTaskStateSummary for WorkItem:	'WorkItem-bf571273-2592-4931-b537-cb398ad54514'
2026-02-17 17:29:21 INFO  [ pool-2-thread-5 -> org.tasktide.engine.observer.worker.executor.WorkItemExecutorObserver.pollUntilDone ]: Begining state monitoring of WorkItem:	'WorkItem-bf571273-2592-4931-b537-cb398ad54514'
2026-02-17 17:29:21 INFO  [ pool-2-thread-5 -> org.tasktide.engine.observer.worker.executor.WorkItemExecutorObserver.pollUntilDone ]: Letting '10000'ms elapse for state monitoring of WorkItem:	'WorkItem-bf571273-2592-4931-b537-cb398ad54514'
2026-02-17 17:29:21 DEBUG [ pool-3-thread-1 -> org.tasktide.itemstore.AbstractItemStore.waitForLock ]: Waiting for
2026-02-17 17:29:21 INFO  [ pool-3-thread-1 -> org.tasktide.itemstore.AbstractItemStore.waitForMutex ]: Acquiring mutex
2026-02-17 17:29:23 INFO  [ pool-2-thread-2 -> org.tasktide.engine.observer.worker.executor.WorkItemExecutorObserver.pollUntilDone ]: Displaying Iter-'0' StateSummary of WorkItem:	'WorkItem-c7b97529-a09b-4f51-a02c-7249f6591124'

{
    "State Summary": {
        "LOCKED": 0,
        "TODO": 1,
        "DONE": 0,
        "ERROR": 0,
        "FOR_UNLOCK": 0
    }
}


2026-02-17 17:29:23 INFO  [ pool-2-thread-2 -> org.tasktide.engine.observer.worker.executor.WorkItemExecutorObserver.pollUntilDone ]: Letting '10000'ms elapse for state monitoring of WorkItem:	'WorkItem-c7b97529-a09b-4f51-a02c-7249f6591124'
2026-02-17 17:29:24 INFO  [ pool-2-thread-4 -> org.tasktide.engine.observer.worker.executor.WorkItemExecutorObserver.pollUntilDone ]: Displaying Iter-'1' StateSummary of WorkItem:	'WorkItem-0bacab5f-14bf-4c10-8508-8ec582ac946c'

{
    "State Summary": {
        "LOCKED": 1,
        "TODO": 0,
        "DONE": 0,
        "ERROR": 0,
        "FOR_UNLOCK": 0
    }
}


2026-02-17 17:29:24 INFO  [ pool-2-thread-4 -> org.tasktide.engine.observer.worker.executor.WorkItemExecutorObserver.pollUntilDone ]: Letting '10000'ms elapse for state monitoring of WorkItem:	'WorkItem-0bacab5f-14bf-4c10-8508-8ec582ac946c'
2026-02-17 17:29:25 INFO  [ pool-3-thread-1 -> org.tasktide.itemstore.AbstractItemStore.waitForMutex ]: Mutex acquired
2026-02-17 17:29:25 INFO  [ pool-3-thread-1 -> org.tasktide.itemstore.AbstractItemStore.releaseMutex ]: Releasing mutex
2026-02-17 17:29:25 INFO  [ pool-3-thread-1 -> org.tasktide.itemstore.AbstractItemStore.releaseMutex ]: Released mutex
2026-02-17 17:29:25 DEBUG [ pool-3-thread-1 -> org.tasktide.itemstore.AbstractItemStore.waitForLock ]: Waiting for
2026-02-17 17:29:25 INFO  [ pool-3-thread-1 -> org.tasktide.itemstore.AbstractItemStore.waitForMutex ]: Acquiring mutex
2026-02-17 17:29:27 INFO  [ main -> org.tasktide.engine.TaskTideEngineUtility.waitOnExecutorTrackerWorkItem ]: Displaying Iter-'6' StateSummary of ExecutorServiceTracker:

Total='8', Remaining='4', Done='4', Expected='5'
2026-02-17 17:29:27 INFO  [ main -> org.tasktide.engine.TaskTideEngineUtility.waitOnExecutorTrackerWorkItem ]: Letting '64000'ms elapse for state monitoring of ExecutorServiceTracker:	'8'
2026-02-17 17:29:28 INFO  [ pool-2-thread-1 -> org.tasktide.engine.observer.worker.executor.WorkItemExecutorObserver.pollUntilDone ]: Displaying Iter-'1' StateSummary of WorkItem:	'WorkItem-f598b208-09c3-43a4-adf6-767314353332'

{
    "State Summary": {
        "LOCKED": 0,
        "TODO": 1,
        "DONE": 0,
        "ERROR": 0,
        "FOR_UNLOCK": 0
    }
}


2026-02-17 17:29:28 INFO  [ pool-2-thread-1 -> org.tasktide.engine.observer.worker.executor.WorkItemExecutorObserver.pollUntilDone ]: Letting '10000'ms elapse for state monitoring of WorkItem:	'WorkItem-f598b208-09c3-43a4-adf6-767314353332'
2026-02-17 17:29:29 INFO  [ pool-3-thread-1 -> org.tasktide.itemstore.AbstractItemStore.waitForMutex ]: Mutex acquired
2026-02-17 17:29:29 INFO  [ pool-3-thread-1 -> org.tasktide.itemstore.AbstractItemStore.releaseMutex ]: Releasing mutex
2026-02-17 17:29:30 INFO  [ pool-3-thread-1 -> org.tasktide.itemstore.AbstractItemStore.releaseMutex ]: Released mutex
2026-02-17 17:29:30 DEBUG [ pool-3-thread-1 -> org.tasktide.itemstore.AbstractItemStore.waitForLock ]: Waiting for
2026-02-17 17:29:30 INFO  [ pool-3-thread-1 -> org.tasktide.itemstore.AbstractItemStore.waitForMutex ]: Acquiring mutex
2026-02-17 17:29:31 INFO  [ pool-2-thread-5 -> org.tasktide.engine.observer.worker.executor.WorkItemExecutorObserver.pollUntilDone ]: Displaying Iter-'0' StateSummary of WorkItem:	'WorkItem-bf571273-2592-4931-b537-cb398ad54514'

{
    "State Summary": {
        "LOCKED": 0,
        "TODO": 1,
        "DONE": 0,
        "ERROR": 0,
        "FOR_UNLOCK": 0
    }
}


2026-02-17 17:29:31 INFO  [ pool-2-thread-5 -> org.tasktide.engine.observer.worker.executor.WorkItemExecutorObserver.pollUntilDone ]: Letting '10000'ms elapse for state monitoring of WorkItem:	'WorkItem-bf571273-2592-4931-b537-cb398ad54514'
2026-02-17 17:29:33 INFO  [ pool-2-thread-2 -> org.tasktide.engine.observer.worker.executor.WorkItemExecutorObserver.pollUntilDone ]: Displaying Iter-'1' StateSummary of WorkItem:	'WorkItem-c7b97529-a09b-4f51-a02c-7249f6591124'

{
    "State Summary": {
        "LOCKED": 0,
        "TODO": 1,
        "DONE": 0,
        "ERROR": 0,
        "FOR_UNLOCK": 0
    }
}


2026-02-17 17:29:33 INFO  [ pool-2-thread-2 -> org.tasktide.engine.observer.worker.executor.WorkItemExecutorObserver.pollUntilDone ]: Letting '10000'ms elapse for state monitoring of WorkItem:	'WorkItem-c7b97529-a09b-4f51-a02c-7249f6591124'
2026-02-17 17:29:34 INFO  [ pool-3-thread-1 -> org.tasktide.itemstore.AbstractItemStore.waitForMutex ]: Mutex acquired
2026-02-17 17:29:34 INFO  [ pool-3-thread-1 -> org.tasktide.itemstore.AbstractItemStore.releaseMutex ]: Releasing mutex
2026-02-17 17:29:34 INFO  [ pool-2-thread-4 -> org.tasktide.engine.observer.worker.executor.WorkItemExecutorObserver.pollUntilDone ]: Displaying Iter-'2' StateSummary of WorkItem:	'WorkItem-0bacab5f-14bf-4c10-8508-8ec582ac946c'

{
    "State Summary": {
        "LOCKED": 1,
        "TODO": 0,
        "DONE": 0,
        "ERROR": 0,
        "FOR_UNLOCK": 0
    }
}


2026-02-17 17:29:34 INFO  [ pool-2-thread-4 -> org.tasktide.engine.observer.worker.executor.WorkItemExecutorObserver.pollUntilDone ]: Letting '10000'ms elapse for state monitoring of WorkItem:	'WorkItem-0bacab5f-14bf-4c10-8508-8ec582ac946c'
2026-02-17 17:29:34 INFO  [ pool-3-thread-1 -> org.tasktide.itemstore.AbstractItemStore.releaseMutex ]: Released mutex
2026-02-17 17:29:34 DEBUG [ pool-3-thread-1 -> org.tasktide.engine.worker.executor.ProcessExecutor.execute ]: Beginning execution of task:	ping -c 4 tcd.ie
2026-02-17 17:29:37 DEBUG [ pool-3-thread-1 -> org.tasktide.engine.worker.executor.ProcessExecutor.execute ]: Execution complete for task:	ping -c 4 tcd.ie
2026-02-17 17:29:37 DEBUG [ pool-3-thread-1 -> org.tasktide.engine.worker.executor.ProcessExecutor.execute ]: Building ProcessLog for task:	ping -c 4 tcd.ie
2026-02-17 17:29:37 DEBUG [ pool-3-thread-1 -> org.tasktide.engine.worker.executor.ProcessExecutor.execute ]: Displaying TaskLogging:
{
    "CPU Duration": 0,
    "End Time": 1771349377810,
    "Exit Code": 0,
    "Process Id": 9359,
    "Process Log": {
        "Stderr": [
            "PING tcd.ie (15.197.242.139) 56(84) bytes of data.",
            "64 bytes from afef5696a78b683ae.awsglobalaccelerator.com (15.197.242.139): icmp_seq=1 ttl=248 time=42.9 ms",
            "64 bytes from afef5696a78b683ae.awsglobalaccelerator.com (15.197.242.139): icmp_seq=2 ttl=248 time=35.9 ms",
            "64 bytes from afef5696a78b683ae.awsglobalaccelerator.com (15.197.242.139): icmp_seq=3 ttl=248 time=41.5 ms",
            "64 bytes from afef5696a78b683ae.awsglobalaccelerator.com (15.197.242.139): icmp_seq=4 ttl=248 time=49.0 ms",
            "",
            "--- tcd.ie ping statistics ---",
            "4 packets transmitted, 4 received, 0% packet loss, time 3011ms",
            "rtt min/avg/max/mdev = 35.911/42.350/49.006/4.657 ms"
        ],
        "Stdout": [
            "PING tcd.ie (15.197.242.139) 56(84) bytes of data.",
            "64 bytes from afef5696a78b683ae.awsglobalaccelerator.com (15.197.242.139): icmp_seq=1 ttl=248 time=42.9 ms",
            "64 bytes from afef5696a78b683ae.awsglobalaccelerator.com (15.197.242.139): icmp_seq=2 ttl=248 time=35.9 ms",
            "64 bytes from afef5696a78b683ae.awsglobalaccelerator.com (15.197.242.139): icmp_seq=3 ttl=248 time=41.5 ms",
            "64 bytes from afef5696a78b683ae.awsglobalaccelerator.com (15.197.242.139): icmp_seq=4 ttl=248 time=49.0 ms",
            "",
            "--- tcd.ie ping statistics ---",
            "4 packets transmitted, 4 received, 0% packet loss, time 3011ms",
            "rtt min/avg/max/mdev = 35.911/42.350/49.006/4.657 ms"
        ],
        "id": "ProcessLog-46ec6a65-6cde-4641-a8db-36796fc028eb"
    },
    "Start Time": 1771349374607,
    "Thread Name": "pool-3-thread-1",
    "id": "TaskLogging-a71f65ff-7a05-49a3-80bc-37267ad8c535"
}
2026-02-17 17:29:37 INFO  [ pool-3-thread-1 -> org.tasktide.engine.worker.executor.ProcessExecutor.execute ]: Successful execution of task:	ping -c 4 tcd.ie
2026-02-17 17:29:37 INFO  [ pool-3-thread-1 -> org.tasktide.engine.worker.executor.ItemTaskExecutor.executeTask ]: Task 'Ping_Test_4' successful on thread 'pool-3-thread-1' with exit code 0

2026-02-17 17:29:37 DEBUG [ pool-3-thread-1 -> org.tasktide.engine.worker.executor.ItemTaskExecutor.executeTask ]: Determining whether to apply results annotation
2026-02-17 17:29:37 DEBUG [ pool-3-thread-1 -> org.tasktide.engine.worker.executor.ItemTaskExecutor.annotateResults ]: No 'Results Path' annotation detected for task:
'ItemTask-f139c769-9ae0-4514-a866-008fd2dccb4d'
2026-02-17 17:29:37 INFO  [ pool-3-thread-1 -> org.tasktide.engine.worker.executor.TaskTideExecutor.runTasks ]: Completed task 'ItemTask-f139c769-9ae0-4514-a866-008fd2dccb4d', global count: 9
2026-02-17 17:29:37 DEBUG [ pool-3-thread-1 -> org.tasktide.itemstore.AbstractItemStore.waitForLock ]: Waiting for
2026-02-17 17:29:37 INFO  [ pool-3-thread-1 -> org.tasktide.itemstore.AbstractItemStore.waitForMutex ]: Acquiring mutex
2026-02-17 17:29:38 INFO  [ pool-2-thread-1 -> org.tasktide.engine.observer.worker.executor.WorkItemExecutorObserver.pollUntilDone ]: Displaying Iter-'2' StateSummary of WorkItem:	'WorkItem-f598b208-09c3-43a4-adf6-767314353332'

{
    "State Summary": {
        "LOCKED": 0,
        "TODO": 1,
        "DONE": 0,
        "ERROR": 0,
        "FOR_UNLOCK": 0
    }
}


2026-02-17 17:29:38 INFO  [ pool-2-thread-1 -> org.tasktide.engine.observer.worker.executor.WorkItemExecutorObserver.pollUntilDone ]: Letting '10000'ms elapse for state monitoring of WorkItem:	'WorkItem-f598b208-09c3-43a4-adf6-767314353332'
2026-02-17 17:29:41 INFO  [ pool-2-thread-5 -> org.tasktide.engine.observer.worker.executor.WorkItemExecutorObserver.pollUntilDone ]: Displaying Iter-'1' StateSummary of WorkItem:	'WorkItem-bf571273-2592-4931-b537-cb398ad54514'

{
    "State Summary": {
        "LOCKED": 0,
        "TODO": 1,
        "DONE": 0,
        "ERROR": 0,
        "FOR_UNLOCK": 0
    }
}


2026-02-17 17:29:41 INFO  [ pool-2-thread-5 -> org.tasktide.engine.observer.worker.executor.WorkItemExecutorObserver.pollUntilDone ]: Letting '10000'ms elapse for state monitoring of WorkItem:	'WorkItem-bf571273-2592-4931-b537-cb398ad54514'
2026-02-17 17:29:41 INFO  [ pool-3-thread-1 -> org.tasktide.itemstore.AbstractItemStore.waitForMutex ]: Mutex acquired
2026-02-17 17:29:41 INFO  [ pool-3-thread-1 -> org.tasktide.itemstore.AbstractItemStore.releaseMutex ]: Releasing mutex
2026-02-17 17:29:42 INFO  [ pool-3-thread-1 -> org.tasktide.itemstore.AbstractItemStore.releaseMutex ]: Released mutex
2026-02-17 17:29:42 DEBUG [ pool-3-thread-1 -> org.tasktide.itemstore.AbstractItemStore.waitForLock ]: Waiting for
2026-02-17 17:29:42 INFO  [ pool-3-thread-1 -> org.tasktide.itemstore.AbstractItemStore.waitForMutex ]: Acquiring mutex
2026-02-17 17:29:43 INFO  [ pool-2-thread-2 -> org.tasktide.engine.observer.worker.executor.WorkItemExecutorObserver.pollUntilDone ]: Displaying Iter-'2' StateSummary of WorkItem:	'WorkItem-c7b97529-a09b-4f51-a02c-7249f6591124'

{
    "State Summary": {
        "LOCKED": 0,
        "TODO": 1,
        "DONE": 0,
        "ERROR": 0,
        "FOR_UNLOCK": 0
    }
}


2026-02-17 17:29:43 INFO  [ pool-2-thread-2 -> org.tasktide.engine.observer.worker.executor.WorkItemExecutorObserver.pollUntilDone ]: Letting '10000'ms elapse for state monitoring of WorkItem:	'WorkItem-c7b97529-a09b-4f51-a02c-7249f6591124'
2026-02-17 17:29:44 INFO  [ pool-2-thread-4 -> org.tasktide.engine.observer.worker.executor.WorkItemExecutorObserver.pollUntilDone ]: Displaying Iter-'3' StateSummary of WorkItem:	'WorkItem-0bacab5f-14bf-4c10-8508-8ec582ac946c'

{
    "State Summary": {
        "LOCKED": 0,
        "TODO": 0,
        "DONE": 1,
        "ERROR": 0,
        "FOR_UNLOCK": 0
    }
}


2026-02-17 17:29:44 INFO  [ pool-2-thread-4 -> org.tasktide.engine.observer.worker.executor.WorkItemExecutorObserver.pollUntilDone ]: Completed processing of '1' WorkItems with '1'
2026-02-17 17:29:44 INFO  [ pool-2-thread-4 -> org.tasktide.engine.worker.executor.WorkItemExecutor.executeTask ]: Task processing complete on WorkItem:	'WorkItem-0bacab5f-14bf-4c10-8508-8ec582ac946c'
2026-02-17 17:29:44 INFO  [ pool-2-thread-4 -> org.tasktide.engine.worker.executor.TaskTideExecutor.runTasks ]: Completed task 'WorkItem-0bacab5f-14bf-4c10-8508-8ec582ac946c', global count: 10
2026-02-17 17:29:44 INFO  [ pool-2-thread-4 -> org.tasktide.engine.observer.worker.TimeKeeperObserver.onTaskEnd ]: Measuring the elapsed time of task 'WorkItem-0bacab5f-14bf-4c10-8508-8ec582ac946c',
2026-02-17 17:29:44 INFO  [ pool-2-thread-4 -> org.tasktide.engine.observer.worker.TimeKeeperObserver.onTaskEnd ]: Task 'WorkItem-0bacab5f-14bf-4c10-8508-8ec582ac946c' completed in 112576ms
2026-02-17 17:29:44 WARN  [ pool-2-thread-4 -> org.tasktide.engine.observer.worker.TimeKeeperObserver.evaluateDuration ]: Warning task excution time '100000ms' breached by '12576ms'
2026-02-17 17:29:44 INFO  [ pool-2-thread-4 -> org.tasktide.engine.observer.worker.TimeKeeperObserver.onTaskEnd ]: TimeKeeper evaluated time left next 'false' with ItemTask:	'WorkItem-0bacab5f-14bf-4c10-8508-8ec582ac946c'
2026-02-17 17:29:45 INFO  [ pool-3-thread-1 -> org.tasktide.itemstore.AbstractItemStore.waitForMutex ]: Mutex acquired
2026-02-17 17:29:45 INFO  [ pool-3-thread-1 -> org.tasktide.itemstore.AbstractItemStore.releaseMutex ]: Releasing mutex
2026-02-17 17:29:46 INFO  [ pool-3-thread-1 -> org.tasktide.itemstore.AbstractItemStore.releaseMutex ]: Released mutex
2026-02-17 17:29:46 DEBUG [ pool-3-thread-1 -> org.tasktide.itemstore.AbstractItemStore.waitForLock ]: Waiting for
2026-02-17 17:29:46 INFO  [ pool-3-thread-1 -> org.tasktide.itemstore.AbstractItemStore.waitForMutex ]: Acquiring mutex
2026-02-17 17:29:48 INFO  [ pool-2-thread-1 -> org.tasktide.engine.observer.worker.executor.WorkItemExecutorObserver.pollUntilDone ]: Displaying Iter-'3' StateSummary of WorkItem:	'WorkItem-f598b208-09c3-43a4-adf6-767314353332'

{
    "State Summary": {
        "LOCKED": 0,
        "TODO": 1,
        "DONE": 0,
        "ERROR": 0,
        "FOR_UNLOCK": 0
    }
}


2026-02-17 17:29:48 INFO  [ pool-2-thread-1 -> org.tasktide.engine.observer.worker.executor.WorkItemExecutorObserver.pollUntilDone ]: Letting '8000'ms elapse for state monitoring of WorkItem:	'WorkItem-f598b208-09c3-43a4-adf6-767314353332'
2026-02-17 17:29:49 INFO  [ pool-3-thread-1 -> org.tasktide.itemstore.AbstractItemStore.waitForMutex ]: Mutex acquired
2026-02-17 17:29:49 INFO  [ pool-3-thread-1 -> org.tasktide.itemstore.AbstractItemStore.releaseMutex ]: Releasing mutex
2026-02-17 17:29:50 INFO  [ pool-3-thread-1 -> org.tasktide.itemstore.AbstractItemStore.releaseMutex ]: Released mutex
2026-02-17 17:29:50 DEBUG [ pool-3-thread-1 -> org.tasktide.itemstore.AbstractItemStore.waitForLock ]: Waiting for
2026-02-17 17:29:50 INFO  [ pool-3-thread-1 -> org.tasktide.itemstore.AbstractItemStore.waitForMutex ]: Acquiring mutex
2026-02-17 17:29:51 INFO  [ pool-2-thread-5 -> org.tasktide.engine.observer.worker.executor.WorkItemExecutorObserver.pollUntilDone ]: Displaying Iter-'2' StateSummary of WorkItem:	'WorkItem-bf571273-2592-4931-b537-cb398ad54514'

{
    "State Summary": {
        "LOCKED": 0,
        "TODO": 1,
        "DONE": 0,
        "ERROR": 0,
        "FOR_UNLOCK": 0
    }
}


2026-02-17 17:29:51 INFO  [ pool-2-thread-5 -> org.tasktide.engine.observer.worker.executor.WorkItemExecutorObserver.pollUntilDone ]: Letting '10000'ms elapse for state monitoring of WorkItem:	'WorkItem-bf571273-2592-4931-b537-cb398ad54514'
2026-02-17 17:29:53 INFO  [ pool-2-thread-2 -> org.tasktide.engine.observer.worker.executor.WorkItemExecutorObserver.pollUntilDone ]: Displaying Iter-'3' StateSummary of WorkItem:	'WorkItem-c7b97529-a09b-4f51-a02c-7249f6591124'

{
    "State Summary": {
        "LOCKED": 0,
        "TODO": 1,
        "DONE": 0,
        "ERROR": 0,
        "FOR_UNLOCK": 0
    }
}


2026-02-17 17:29:53 INFO  [ pool-2-thread-2 -> org.tasktide.engine.observer.worker.executor.WorkItemExecutorObserver.pollUntilDone ]: Letting '8000'ms elapse for state monitoring of WorkItem:	'WorkItem-c7b97529-a09b-4f51-a02c-7249f6591124'
2026-02-17 17:29:54 INFO  [ pool-3-thread-1 -> org.tasktide.itemstore.AbstractItemStore.waitForMutex ]: Mutex acquired
2026-02-17 17:29:54 INFO  [ pool-3-thread-1 -> org.tasktide.itemstore.AbstractItemStore.releaseMutex ]: Releasing mutex
2026-02-17 17:29:54 INFO  [ pool-3-thread-1 -> org.tasktide.itemstore.AbstractItemStore.releaseMutex ]: Released mutex
2026-02-17 17:29:54 INFO  [ pool-3-thread-1 -> org.tasktide.engine.observer.worker.TimeKeeperObserver.onTaskEnd ]: Measuring the elapsed time of task 'ItemTask-f139c769-9ae0-4514-a866-008fd2dccb4d',
2026-02-17 17:29:54 INFO  [ pool-3-thread-1 -> org.tasktide.engine.observer.worker.TimeKeeperObserver.onTaskEnd ]: Task 'ItemTask-f139c769-9ae0-4514-a866-008fd2dccb4d' completed in 50547ms
2026-02-17 17:29:54 DEBUG [ pool-3-thread-1 -> org.tasktide.engine.observer.worker.TimeKeeperObserver.measureTime ]: Mean duration = '50547ms', Expected Next = '1771349445489ms', Max End '1771349444395ms', Is time = 'false'
2026-02-17 17:29:54 WARN  [ pool-3-thread-1 -> org.tasktide.engine.observer.worker.TimeKeeperObserver.evaluateDuration ]: Warning not enough estimated time for next task to run
2026-02-17 17:29:54 INFO  [ pool-3-thread-1 -> org.tasktide.engine.observer.worker.TimeKeeperObserver.onTaskEnd ]: TimeKeeper evaluated time left next 'false' with ItemTask:	'ItemTask-f139c769-9ae0-4514-a866-008fd2dccb4d'
2026-02-17 17:29:54 INFO  [ pool-3-thread-1 -> org.tasktide.engine.worker.executor.TaskTideExecutor.runTasks ]: 

Workload processing complete, displaying summary:
Thread Total = '1', Thread Done = '0', Done = '10', Failed = '0', Skipped = '0'
2026-02-17 17:29:54 INFO  [ pool-3-thread-1 -> org.tasktide.engine.worker.processor.TaskTideProcessor.process ]: Processing tasks of workload thread:	'pool-3-thread-1', Size='1', First ItemId = 'ItemTask-9101a1c5-51c7-4b16-8765-a50a26078ad1'
2026-02-17 17:29:54 INFO  [ pool-3-thread-1 -> org.tasktide.engine.worker.executor.TaskTideExecutor.runTasks ]: Begining workload processing of N = '1' tasks
2026-02-17 17:29:54 INFO  [ pool-3-thread-1 -> org.tasktide.engine.observer.worker.TimeKeeperObserver.evaluateStart ]: TimeKeeper evaluating starting of task 'ItemTask-9101a1c5-51c7-4b16-8765-a50a26078ad1'
2026-02-17 17:29:54 INFO  [ pool-3-thread-1 -> org.tasktide.engine.observer.worker.TimeKeeperObserver.evaluateStart ]: Atomic TimeKeeper for task 'ItemTask-9101a1c5-51c7-4b16-8765-a50a26078ad1' set on thread 'pool-3-thread-1'
2026-02-17 17:29:54 INFO  [ pool-3-thread-1 -> org.tasktide.engine.observer.worker.TimeKeeperObserver.onTaskStart ]: TimeKeeper evaluated time left for processing as 'true' for ItemTask:	'ItemTask-9101a1c5-51c7-4b16-8765-a50a26078ad1'
2026-02-17 17:29:54 INFO  [ pool-3-thread-1 -> org.tasktide.engine.worker.executor.ItemTaskExecutor.executeTask ]: Executing task on thread 'pool-3-thread-1':ping -c 4 google.com
2026-02-17 17:29:54 DEBUG [ pool-2-thread-4 -> org.tasktide.itemstore.AbstractItemStore.waitForLock ]: Waiting for
2026-02-17 17:29:54 INFO  [ pool-2-thread-4 -> org.tasktide.itemstore.AbstractItemStore.waitForMutex ]: Acquiring mutex
2026-02-17 17:29:56 INFO  [ pool-2-thread-1 -> org.tasktide.engine.observer.worker.executor.WorkItemExecutorObserver.pollUntilDone ]: Displaying Iter-'4' StateSummary of WorkItem:	'WorkItem-f598b208-09c3-43a4-adf6-767314353332'

{
    "State Summary": {
        "LOCKED": 1,
        "TODO": 0,
        "DONE": 0,
        "ERROR": 0,
        "FOR_UNLOCK": 0
    }
}


2026-02-17 17:29:56 INFO  [ pool-2-thread-1 -> org.tasktide.engine.observer.worker.executor.WorkItemExecutorObserver.pollUntilDone ]: Letting '16000'ms elapse for state monitoring of WorkItem:	'WorkItem-f598b208-09c3-43a4-adf6-767314353332'
2026-02-17 17:29:58 INFO  [ pool-2-thread-4 -> org.tasktide.itemstore.AbstractItemStore.waitForMutex ]: Mutex acquired
2026-02-17 17:29:58 INFO  [ pool-2-thread-4 -> org.tasktide.itemstore.AbstractItemStore.releaseMutex ]: Releasing mutex
2026-02-17 17:29:59 INFO  [ pool-2-thread-4 -> org.tasktide.itemstore.AbstractItemStore.releaseMutex ]: Released mutex
2026-02-17 17:29:59 DEBUG [ pool-2-thread-4 -> org.tasktide.itemstore.AbstractItemStore.waitForLock ]: Waiting for
2026-02-17 17:29:59 INFO  [ pool-2-thread-4 -> org.tasktide.itemstore.AbstractItemStore.waitForMutex ]: Acquiring mutex
2026-02-17 17:30:01 INFO  [ pool-2-thread-2 -> org.tasktide.engine.observer.worker.executor.WorkItemExecutorObserver.pollUntilDone ]: Displaying Iter-'4' StateSummary of WorkItem:	'WorkItem-c7b97529-a09b-4f51-a02c-7249f6591124'

{
    "State Summary": {
        "LOCKED": 0,
        "TODO": 1,
        "DONE": 0,
        "ERROR": 0,
        "FOR_UNLOCK": 0
    }
}


2026-02-17 17:30:01 INFO  [ pool-2-thread-2 -> org.tasktide.engine.observer.worker.executor.WorkItemExecutorObserver.pollUntilDone ]: Letting '16000'ms elapse for state monitoring of WorkItem:	'WorkItem-c7b97529-a09b-4f51-a02c-7249f6591124'
2026-02-17 17:30:01 INFO  [ pool-2-thread-5 -> org.tasktide.engine.observer.worker.executor.WorkItemExecutorObserver.pollUntilDone ]: Displaying Iter-'3' StateSummary of WorkItem:	'WorkItem-bf571273-2592-4931-b537-cb398ad54514'

{
    "State Summary": {
        "LOCKED": 0,
        "TODO": 1,
        "DONE": 0,
        "ERROR": 0,
        "FOR_UNLOCK": 0
    }
}


2026-02-17 17:30:01 INFO  [ pool-2-thread-5 -> org.tasktide.engine.observer.worker.executor.WorkItemExecutorObserver.pollUntilDone ]: Letting '8000'ms elapse for state monitoring of WorkItem:	'WorkItem-bf571273-2592-4931-b537-cb398ad54514'
2026-02-17 17:30:03 INFO  [ pool-2-thread-4 -> org.tasktide.itemstore.AbstractItemStore.waitForMutex ]: Mutex acquired
2026-02-17 17:30:03 INFO  [ pool-2-thread-4 -> org.tasktide.itemstore.AbstractItemStore.releaseMutex ]: Releasing mutex
2026-02-17 17:30:03 INFO  [ pool-2-thread-4 -> org.tasktide.itemstore.AbstractItemStore.releaseMutex ]: Released mutex
2026-02-17 17:30:03 DEBUG [ pool-2-thread-4 -> org.tasktide.itemstore.AbstractItemStore.waitForLock ]: Waiting for
2026-02-17 17:30:03 INFO  [ pool-2-thread-4 -> org.tasktide.itemstore.AbstractItemStore.waitForMutex ]: Acquiring mutex
2026-02-17 17:30:07 INFO  [ pool-2-thread-4 -> org.tasktide.itemstore.AbstractItemStore.waitForMutex ]: Mutex acquired
2026-02-17 17:30:07 INFO  [ pool-2-thread-4 -> org.tasktide.itemstore.AbstractItemStore.releaseMutex ]: Releasing mutex
2026-02-17 17:30:07 INFO  [ pool-2-thread-4 -> org.tasktide.itemstore.AbstractItemStore.releaseMutex ]: Released mutex
2026-02-17 17:30:07 DEBUG [ pool-3-thread-1 -> org.tasktide.itemstore.AbstractItemStore.waitForLock ]: Waiting for
2026-02-17 17:30:07 INFO  [ pool-2-thread-4 -> org.tasktide.engine.observer.worker.executor.WorkItemExecutorObserver.onTaskEnd ]: Unlocked N = '0' sub tasks for WorkItem:	'WorkItem-0bacab5f-14bf-4c10-8508-8ec582ac946c'
2026-02-17 17:30:07 INFO  [ pool-3-thread-1 -> org.tasktide.itemstore.AbstractItemStore.waitForMutex ]: Acquiring mutex
2026-02-17 17:30:07 INFO  [ pool-2-thread-4 -> org.tasktide.engine.worker.executor.TaskTideExecutor.runTasks ]: 

Workload processing complete, displaying summary:
Thread Total = '1', Thread Done = '0', Done = '10', Failed = '0', Skipped = '0'
2026-02-17 17:30:09 INFO  [ pool-2-thread-5 -> org.tasktide.engine.observer.worker.executor.WorkItemExecutorObserver.pollUntilDone ]: Displaying Iter-'4' StateSummary of WorkItem:	'WorkItem-bf571273-2592-4931-b537-cb398ad54514'

{
    "State Summary": {
        "LOCKED": 0,
        "TODO": 1,
        "DONE": 0,
        "ERROR": 0,
        "FOR_UNLOCK": 0
    }
}


2026-02-17 17:30:09 INFO  [ pool-2-thread-5 -> org.tasktide.engine.observer.worker.executor.WorkItemExecutorObserver.pollUntilDone ]: Letting '16000'ms elapse for state monitoring of WorkItem:	'WorkItem-bf571273-2592-4931-b537-cb398ad54514'
2026-02-17 17:30:11 INFO  [ pool-3-thread-1 -> org.tasktide.itemstore.AbstractItemStore.waitForMutex ]: Mutex acquired
2026-02-17 17:30:11 INFO  [ pool-3-thread-1 -> org.tasktide.itemstore.AbstractItemStore.releaseMutex ]: Releasing mutex
2026-02-17 17:30:11 INFO  [ pool-3-thread-1 -> org.tasktide.itemstore.AbstractItemStore.releaseMutex ]: Released mutex
2026-02-17 17:30:11 DEBUG [ pool-3-thread-1 -> org.tasktide.itemstore.AbstractItemStore.waitForLock ]: Waiting for
2026-02-17 17:30:11 INFO  [ pool-3-thread-1 -> org.tasktide.itemstore.AbstractItemStore.waitForMutex ]: Acquiring mutex
2026-02-17 17:30:12 INFO  [ pool-2-thread-1 -> org.tasktide.engine.observer.worker.executor.WorkItemExecutorObserver.pollUntilDone ]: Displaying Iter-'5' StateSummary of WorkItem:	'WorkItem-f598b208-09c3-43a4-adf6-767314353332'

{
    "State Summary": {
        "LOCKED": 1,
        "TODO": 0,
        "DONE": 0,
        "ERROR": 0,
        "FOR_UNLOCK": 0
    }
}


2026-02-17 17:30:12 INFO  [ pool-2-thread-1 -> org.tasktide.engine.observer.worker.executor.WorkItemExecutorObserver.pollUntilDone ]: Letting '32000'ms elapse for state monitoring of WorkItem:	'WorkItem-f598b208-09c3-43a4-adf6-767314353332'
2026-02-17 17:30:15 INFO  [ pool-3-thread-1 -> org.tasktide.itemstore.AbstractItemStore.waitForMutex ]: Mutex acquired
2026-02-17 17:30:15 INFO  [ pool-3-thread-1 -> org.tasktide.itemstore.AbstractItemStore.releaseMutex ]: Releasing mutex
2026-02-17 17:30:16 INFO  [ pool-3-thread-1 -> org.tasktide.itemstore.AbstractItemStore.releaseMutex ]: Released mutex
2026-02-17 17:30:16 DEBUG [ pool-3-thread-1 -> org.tasktide.itemstore.AbstractItemStore.waitForLock ]: Waiting for
2026-02-17 17:30:16 INFO  [ pool-3-thread-1 -> org.tasktide.itemstore.AbstractItemStore.waitForMutex ]: Acquiring mutex
2026-02-17 17:30:17 INFO  [ pool-2-thread-2 -> org.tasktide.engine.observer.worker.executor.WorkItemExecutorObserver.pollUntilDone ]: Displaying Iter-'5' StateSummary of WorkItem:	'WorkItem-c7b97529-a09b-4f51-a02c-7249f6591124'

{
    "State Summary": {
        "LOCKED": 0,
        "TODO": 1,
        "DONE": 0,
        "ERROR": 0,
        "FOR_UNLOCK": 0
    }
}


2026-02-17 17:30:17 INFO  [ pool-2-thread-2 -> org.tasktide.engine.observer.worker.executor.WorkItemExecutorObserver.pollUntilDone ]: Letting '32000'ms elapse for state monitoring of WorkItem:	'WorkItem-c7b97529-a09b-4f51-a02c-7249f6591124'
2026-02-17 17:30:19 INFO  [ pool-3-thread-1 -> org.tasktide.itemstore.AbstractItemStore.waitForMutex ]: Mutex acquired
2026-02-17 17:30:20 INFO  [ pool-3-thread-1 -> org.tasktide.itemstore.AbstractItemStore.releaseMutex ]: Releasing mutex
2026-02-17 17:30:20 INFO  [ pool-3-thread-1 -> org.tasktide.itemstore.AbstractItemStore.releaseMutex ]: Released mutex
2026-02-17 17:30:20 DEBUG [ pool-3-thread-1 -> org.tasktide.itemstore.AbstractItemStore.waitForLock ]: Waiting for
2026-02-17 17:30:20 INFO  [ pool-3-thread-1 -> org.tasktide.itemstore.AbstractItemStore.waitForMutex ]: Acquiring mutex
2026-02-17 17:30:24 INFO  [ pool-3-thread-1 -> org.tasktide.itemstore.AbstractItemStore.waitForMutex ]: Mutex acquired
2026-02-17 17:30:24 INFO  [ pool-3-thread-1 -> org.tasktide.itemstore.AbstractItemStore.releaseMutex ]: Releasing mutex
2026-02-17 17:30:25 INFO  [ pool-3-thread-1 -> org.tasktide.itemstore.AbstractItemStore.releaseMutex ]: Released mutex
2026-02-17 17:30:25 DEBUG [ pool-3-thread-1 -> org.tasktide.engine.worker.executor.ProcessExecutor.execute ]: Beginning execution of task:	ping -c 4 google.com
2026-02-17 17:30:25 INFO  [ pool-2-thread-5 -> org.tasktide.engine.observer.worker.executor.WorkItemExecutorObserver.pollUntilDone ]: Displaying Iter-'5' StateSummary of WorkItem:	'WorkItem-bf571273-2592-4931-b537-cb398ad54514'

{
    "State Summary": {
        "LOCKED": 0,
        "TODO": 1,
        "DONE": 0,
        "ERROR": 0,
        "FOR_UNLOCK": 0
    }
}


2026-02-17 17:30:25 INFO  [ pool-2-thread-5 -> org.tasktide.engine.observer.worker.executor.WorkItemExecutorObserver.pollUntilDone ]: Letting '32000'ms elapse for state monitoring of WorkItem:	'WorkItem-bf571273-2592-4931-b537-cb398ad54514'
2026-02-17 17:30:28 DEBUG [ pool-3-thread-1 -> org.tasktide.engine.worker.executor.ProcessExecutor.execute ]: Execution complete for task:	ping -c 4 google.com
2026-02-17 17:30:28 DEBUG [ pool-3-thread-1 -> org.tasktide.engine.worker.executor.ProcessExecutor.execute ]: Building ProcessLog for task:	ping -c 4 google.com
2026-02-17 17:30:28 DEBUG [ pool-3-thread-1 -> org.tasktide.engine.worker.executor.ProcessExecutor.execute ]: Displaying TaskLogging:
{
    "CPU Duration": 0,
    "End Time": 1771349428347,
    "Exit Code": 0,
    "Process Id": 9361,
    "Process Log": {
        "Stderr": [
            "PING google.com (74.125.193.101) 56(84) bytes of data.",
            "64 bytes from ig-in-f101.1e100.net (74.125.193.101): icmp_seq=1 ttl=107 time=32.7 ms",
            "64 bytes from ig-in-f101.1e100.net (74.125.193.101): icmp_seq=2 ttl=107 time=23.6 ms",
            "64 bytes from ig-in-f101.1e100.net (74.125.193.101): icmp_seq=3 ttl=107 time=34.4 ms",
            "64 bytes from ig-in-f101.1e100.net (74.125.193.101): icmp_seq=4 ttl=107 time=136 ms",
            "",
            "--- google.com ping statistics ---",
            "4 packets transmitted, 4 received, 0% packet loss, time 2997ms",
            "rtt min/avg/max/mdev = 23.574/56.545/135.556/45.801 ms"
        ],
        "Stdout": [
            "PING google.com (74.125.193.101) 56(84) bytes of data.",
            "64 bytes from ig-in-f101.1e100.net (74.125.193.101): icmp_seq=1 ttl=107 time=32.7 ms",
            "64 bytes from ig-in-f101.1e100.net (74.125.193.101): icmp_seq=2 ttl=107 time=23.6 ms",
            "64 bytes from ig-in-f101.1e100.net (74.125.193.101): icmp_seq=3 ttl=107 time=34.4 ms",
            "64 bytes from ig-in-f101.1e100.net (74.125.193.101): icmp_seq=4 ttl=107 time=136 ms",
            "",
            "--- google.com ping statistics ---",
            "4 packets transmitted, 4 received, 0% packet loss, time 2997ms",
            "rtt min/avg/max/mdev = 23.574/56.545/135.556/45.801 ms"
        ],
        "id": "ProcessLog-11628d6d-4c01-4778-ad93-e9ed252eaf12"
    },
    "Start Time": 1771349425078,
    "Thread Name": "pool-3-thread-1",
    "id": "TaskLogging-0fad27d0-bc8b-4bff-bffb-6f1c4f26f10c"
}
2026-02-17 17:30:28 INFO  [ pool-3-thread-1 -> org.tasktide.engine.worker.executor.ProcessExecutor.execute ]: Successful execution of task:	ping -c 4 google.com
2026-02-17 17:30:28 INFO  [ pool-3-thread-1 -> org.tasktide.engine.worker.executor.ItemTaskExecutor.executeTask ]: Task 'Ping_Test_1' successful on thread 'pool-3-thread-1' with exit code 0

2026-02-17 17:30:28 DEBUG [ pool-3-thread-1 -> org.tasktide.engine.worker.executor.ItemTaskExecutor.executeTask ]: Determining whether to apply results annotation
2026-02-17 17:30:28 DEBUG [ pool-3-thread-1 -> org.tasktide.engine.worker.executor.ItemTaskExecutor.annotateResults ]: No 'Results Path' annotation detected for task:
'ItemTask-9101a1c5-51c7-4b16-8765-a50a26078ad1'
2026-02-17 17:30:28 INFO  [ pool-3-thread-1 -> org.tasktide.engine.worker.executor.TaskTideExecutor.runTasks ]: Completed task 'ItemTask-9101a1c5-51c7-4b16-8765-a50a26078ad1', global count: 11
2026-02-17 17:30:28 DEBUG [ pool-3-thread-1 -> org.tasktide.itemstore.AbstractItemStore.waitForLock ]: Waiting for
2026-02-17 17:30:28 INFO  [ pool-3-thread-1 -> org.tasktide.itemstore.AbstractItemStore.waitForMutex ]: Acquiring mutex
2026-02-17 17:30:31 INFO  [ main -> org.tasktide.engine.TaskTideEngineUtility.waitOnExecutorTrackerWorkItem ]: Displaying Iter-'7' StateSummary of ExecutorServiceTracker:

Total='8', Remaining='3', Done='5', Expected='5'
2026-02-17 17:30:31 INFO  [ main -> org.tasktide.tasktide.client.TaskTideEngineClient.fetchAndRun ]: Processing complete for step:	'PingTest'
2026-02-17 17:30:32 INFO  [ pool-3-thread-1 -> org.tasktide.itemstore.AbstractItemStore.waitForMutex ]: Mutex acquired
2026-02-17 17:30:32 INFO  [ pool-3-thread-1 -> org.tasktide.itemstore.AbstractItemStore.releaseMutex ]: Releasing mutex
2026-02-17 17:30:32 INFO  [ pool-3-thread-1 -> org.tasktide.itemstore.AbstractItemStore.releaseMutex ]: Released mutex
2026-02-17 17:30:32 DEBUG [ pool-3-thread-1 -> org.tasktide.itemstore.AbstractItemStore.waitForLock ]: Waiting for
2026-02-17 17:30:32 INFO  [ pool-3-thread-1 -> org.tasktide.itemstore.AbstractItemStore.waitForMutex ]: Acquiring mutex
2026-02-17 17:30:36 INFO  [ pool-3-thread-1 -> org.tasktide.itemstore.AbstractItemStore.waitForMutex ]: Mutex acquired
2026-02-17 17:30:36 INFO  [ pool-3-thread-1 -> org.tasktide.itemstore.AbstractItemStore.releaseMutex ]: Releasing mutex
2026-02-17 17:30:37 INFO  [ pool-3-thread-1 -> org.tasktide.itemstore.AbstractItemStore.releaseMutex ]: Released mutex
2026-02-17 17:30:37 DEBUG [ pool-3-thread-1 -> org.tasktide.itemstore.AbstractItemStore.waitForLock ]: Waiting for
2026-02-17 17:30:37 INFO  [ pool-3-thread-1 -> org.tasktide.itemstore.AbstractItemStore.waitForMutex ]: Acquiring mutex
2026-02-17 17:30:38 INFO  [ main -> org.tasktide.tasktide.client.TaskTideEngineClient.fetchAndRun ]: Determing how to process workload
2026-02-17 17:30:38 INFO  [ main -> org.tasktide.tasktide.client.TaskTideEngineClient.fetchAndRun ]: Processing single step:	'PingTest'
2026-02-17 17:30:38 INFO  [ main -> org.tasktide.tasktide.client.TaskTideEngineClient.fetchWorkload ]: No pilot label provided, processing all tasks
2026-02-17 17:30:40 INFO  [ pool-3-thread-1 -> org.tasktide.itemstore.AbstractItemStore.waitForMutex ]: Mutex acquired
2026-02-17 17:30:40 INFO  [ pool-3-thread-1 -> org.tasktide.itemstore.AbstractItemStore.releaseMutex ]: Releasing mutex
2026-02-17 17:30:41 INFO  [ pool-3-thread-1 -> org.tasktide.itemstore.AbstractItemStore.releaseMutex ]: Released mutex
2026-02-17 17:30:41 DEBUG [ pool-3-thread-1 -> org.tasktide.itemstore.AbstractItemStore.waitForLock ]: Waiting for
2026-02-17 17:30:41 INFO  [ pool-3-thread-1 -> org.tasktide.itemstore.AbstractItemStore.waitForMutex ]: Acquiring mutex
2026-02-17 17:30:44 INFO  [ pool-2-thread-1 -> org.tasktide.engine.observer.worker.executor.WorkItemExecutorObserver.pollUntilDone ]: Displaying Iter-'6' StateSummary of WorkItem:	'WorkItem-f598b208-09c3-43a4-adf6-767314353332'

{
    "State Summary": {
        "LOCKED": 0,
        "TODO": 0,
        "DONE": 1,
        "ERROR": 0,
        "FOR_UNLOCK": 0
    }
}


2026-02-17 17:30:44 INFO  [ pool-2-thread-1 -> org.tasktide.engine.observer.worker.executor.WorkItemExecutorObserver.pollUntilDone ]: Completed processing of '1' WorkItems with '1'
2026-02-17 17:30:44 INFO  [ pool-2-thread-1 -> org.tasktide.engine.worker.executor.WorkItemExecutor.executeTask ]: Task processing complete on WorkItem:	'WorkItem-f598b208-09c3-43a4-adf6-767314353332'
2026-02-17 17:30:44 INFO  [ pool-2-thread-1 -> org.tasktide.engine.worker.executor.TaskTideExecutor.runTasks ]: Completed task 'WorkItem-f598b208-09c3-43a4-adf6-767314353332', global count: 12
2026-02-17 17:30:44 INFO  [ pool-2-thread-1 -> org.tasktide.engine.observer.worker.TimeKeeperObserver.onTaskEnd ]: Measuring the elapsed time of task 'WorkItem-f598b208-09c3-43a4-adf6-767314353332',
2026-02-17 17:30:44 INFO  [ pool-2-thread-1 -> org.tasktide.engine.observer.worker.TimeKeeperObserver.onTaskEnd ]: Task 'WorkItem-f598b208-09c3-43a4-adf6-767314353332' completed in 172913ms
2026-02-17 17:30:44 WARN  [ pool-2-thread-1 -> org.tasktide.engine.observer.worker.TimeKeeperObserver.evaluateDuration ]: Warning task excution time '100000ms' breached by '72913ms'
2026-02-17 17:30:44 INFO  [ pool-2-thread-1 -> org.tasktide.engine.observer.worker.TimeKeeperObserver.onTaskEnd ]: TimeKeeper evaluated time left next 'false' with ItemTask:	'WorkItem-f598b208-09c3-43a4-adf6-767314353332'
2026-02-17 17:30:45 INFO  [ pool-3-thread-1 -> org.tasktide.itemstore.AbstractItemStore.waitForMutex ]: Mutex acquired
2026-02-17 17:30:45 INFO  [ pool-3-thread-1 -> org.tasktide.itemstore.AbstractItemStore.releaseMutex ]: Releasing mutex
2026-02-17 17:30:45 INFO  [ pool-3-thread-1 -> org.tasktide.itemstore.AbstractItemStore.releaseMutex ]: Released mutex
2026-02-17 17:30:45 INFO  [ pool-3-thread-1 -> org.tasktide.engine.observer.worker.TimeKeeperObserver.onTaskEnd ]: Measuring the elapsed time of task 'ItemTask-9101a1c5-51c7-4b16-8765-a50a26078ad1',
2026-02-17 17:30:45 INFO  [ pool-3-thread-1 -> org.tasktide.engine.observer.worker.TimeKeeperObserver.onTaskEnd ]: Task 'ItemTask-9101a1c5-51c7-4b16-8765-a50a26078ad1' completed in 50630ms
2026-02-17 17:30:45 DEBUG [ pool-3-thread-1 -> org.tasktide.engine.observer.worker.TimeKeeperObserver.measureTime ]: Mean duration = '50630ms', Expected Next = '1771349496212ms', Max End '1771349494952ms', Is time = 'false'
2026-02-17 17:30:45 WARN  [ pool-3-thread-1 -> org.tasktide.engine.observer.worker.TimeKeeperObserver.evaluateDuration ]: Warning not enough estimated time for next task to run
2026-02-17 17:30:45 INFO  [ pool-3-thread-1 -> org.tasktide.engine.observer.worker.TimeKeeperObserver.onTaskEnd ]: TimeKeeper evaluated time left next 'false' with ItemTask:	'ItemTask-9101a1c5-51c7-4b16-8765-a50a26078ad1'
2026-02-17 17:30:45 INFO  [ pool-3-thread-1 -> org.tasktide.engine.worker.executor.TaskTideExecutor.runTasks ]: 

Workload processing complete, displaying summary:
Thread Total = '1', Thread Done = '0', Done = '12', Failed = '0', Skipped = '0'
2026-02-17 17:30:45 INFO  [ pool-3-thread-1 -> org.tasktide.engine.worker.processor.TaskTideProcessor.process ]: Processing tasks of workload thread:	'pool-3-thread-1', Size='1', First ItemId = 'ItemTask-52176486-3702-4ed7-a242-86810ffef5ed'
2026-02-17 17:30:45 INFO  [ pool-3-thread-1 -> org.tasktide.engine.worker.executor.TaskTideExecutor.runTasks ]: Begining workload processing of N = '1' tasks
2026-02-17 17:30:45 INFO  [ pool-3-thread-1 -> org.tasktide.engine.observer.worker.TimeKeeperObserver.evaluateStart ]: TimeKeeper evaluating starting of task 'ItemTask-52176486-3702-4ed7-a242-86810ffef5ed'
2026-02-17 17:30:45 INFO  [ pool-3-thread-1 -> org.tasktide.engine.observer.worker.TimeKeeperObserver.evaluateStart ]: Atomic TimeKeeper for task 'ItemTask-52176486-3702-4ed7-a242-86810ffef5ed' set on thread 'pool-3-thread-1'
2026-02-17 17:30:45 INFO  [ pool-3-thread-1 -> org.tasktide.engine.observer.worker.TimeKeeperObserver.onTaskStart ]: TimeKeeper evaluated time left for processing as 'true' for ItemTask:	'ItemTask-52176486-3702-4ed7-a242-86810ffef5ed'
2026-02-17 17:30:45 INFO  [ pool-3-thread-1 -> org.tasktide.engine.worker.executor.ItemTaskExecutor.executeTask ]: Executing task on thread 'pool-3-thread-1':ping -c 4 ucd.ie
2026-02-17 17:30:45 DEBUG [ pool-2-thread-1 -> org.tasktide.itemstore.AbstractItemStore.waitForLock ]: Waiting for
2026-02-17 17:30:45 INFO  [ pool-2-thread-1 -> org.tasktide.itemstore.AbstractItemStore.waitForMutex ]: Acquiring mutex
2026-02-17 17:30:49 INFO  [ pool-2-thread-2 -> org.tasktide.engine.observer.worker.executor.WorkItemExecutorObserver.pollUntilDone ]: Displaying Iter-'6' StateSummary of WorkItem:	'WorkItem-c7b97529-a09b-4f51-a02c-7249f6591124'

{
    "State Summary": {
        "LOCKED": 1,
        "TODO": 0,
        "DONE": 0,
        "ERROR": 0,
        "FOR_UNLOCK": 0
    }
}


2026-02-17 17:30:49 INFO  [ pool-2-thread-2 -> org.tasktide.engine.observer.worker.executor.WorkItemExecutorObserver.pollUntilDone ]: Letting '64000'ms elapse for state monitoring of WorkItem:	'WorkItem-c7b97529-a09b-4f51-a02c-7249f6591124'
2026-02-17 17:30:49 INFO  [ pool-2-thread-1 -> org.tasktide.itemstore.AbstractItemStore.waitForMutex ]: Mutex acquired
2026-02-17 17:30:49 INFO  [ pool-2-thread-1 -> org.tasktide.itemstore.AbstractItemStore.releaseMutex ]: Releasing mutex
2026-02-17 17:30:49 INFO  [ pool-2-thread-1 -> org.tasktide.itemstore.AbstractItemStore.releaseMutex ]: Released mutex
2026-02-17 17:30:49 DEBUG [ pool-2-thread-1 -> org.tasktide.itemstore.AbstractItemStore.waitForLock ]: Waiting for
2026-02-17 17:30:49 INFO  [ pool-2-thread-1 -> org.tasktide.itemstore.AbstractItemStore.waitForMutex ]: Acquiring mutex
2026-02-17 17:30:53 INFO  [ pool-2-thread-1 -> org.tasktide.itemstore.AbstractItemStore.waitForMutex ]: Mutex acquired
2026-02-17 17:30:53 INFO  [ pool-2-thread-1 -> org.tasktide.itemstore.AbstractItemStore.releaseMutex ]: Releasing mutex
2026-02-17 17:30:54 INFO  [ pool-2-thread-1 -> org.tasktide.itemstore.AbstractItemStore.releaseMutex ]: Released mutex
2026-02-17 17:30:54 DEBUG [ pool-2-thread-1 -> org.tasktide.itemstore.AbstractItemStore.waitForLock ]: Waiting for
2026-02-17 17:30:54 INFO  [ pool-2-thread-1 -> org.tasktide.itemstore.AbstractItemStore.waitForMutex ]: Acquiring mutex
2026-02-17 17:30:57 INFO  [ pool-2-thread-5 -> org.tasktide.engine.observer.worker.executor.WorkItemExecutorObserver.pollUntilDone ]: Displaying Iter-'6' StateSummary of WorkItem:	'WorkItem-bf571273-2592-4931-b537-cb398ad54514'

{
    "State Summary": {
        "LOCKED": 0,
        "TODO": 1,
        "DONE": 0,
        "ERROR": 0,
        "FOR_UNLOCK": 0
    }
}


2026-02-17 17:30:57 INFO  [ pool-2-thread-5 -> org.tasktide.engine.observer.worker.executor.WorkItemExecutorObserver.pollUntilDone ]: Letting '64000'ms elapse for state monitoring of WorkItem:	'WorkItem-bf571273-2592-4931-b537-cb398ad54514'
2026-02-17 17:30:58 INFO  [ pool-2-thread-1 -> org.tasktide.itemstore.AbstractItemStore.waitForMutex ]: Mutex acquired
2026-02-17 17:30:58 INFO  [ pool-2-thread-1 -> org.tasktide.itemstore.AbstractItemStore.releaseMutex ]: Releasing mutex
2026-02-17 17:30:58 INFO  [ pool-2-thread-1 -> org.tasktide.itemstore.AbstractItemStore.releaseMutex ]: Released mutex
2026-02-17 17:30:58 INFO  [ pool-2-thread-1 -> org.tasktide.engine.observer.worker.executor.WorkItemExecutorObserver.onTaskEnd ]: Unlocked N = '0' sub tasks for WorkItem:	'WorkItem-f598b208-09c3-43a4-adf6-767314353332'
2026-02-17 17:30:58 DEBUG [ main -> org.tasktide.itemstore.AbstractItemStore.waitForLock ]: Waiting for
2026-02-17 17:30:58 INFO  [ pool-2-thread-1 -> org.tasktide.engine.worker.executor.TaskTideExecutor.runTasks ]: 

Workload processing complete, displaying summary:
Thread Total = '1', Thread Done = '0', Done = '12', Failed = '0', Skipped = '0'
2026-02-17 17:30:58 INFO  [ main -> org.tasktide.itemstore.AbstractItemStore.waitForMutex ]: Acquiring mutex
2026-02-17 17:31:02 INFO  [ main -> org.tasktide.itemstore.AbstractItemStore.waitForMutex ]: Mutex acquired
2026-02-17 17:31:02 INFO  [ main -> org.tasktide.itemstore.AbstractItemStore.releaseMutex ]: Releasing mutex
2026-02-17 17:31:02 INFO  [ main -> org.tasktide.itemstore.AbstractItemStore.releaseMutex ]: Released mutex
2026-02-17 17:31:02 DEBUG [ pool-3-thread-1 -> org.tasktide.itemstore.AbstractItemStore.waitForLock ]: Waiting for
2026-02-17 17:31:02 INFO  [ pool-3-thread-1 -> org.tasktide.itemstore.AbstractItemStore.waitForMutex ]: Acquiring mutex
2026-02-17 17:31:06 INFO  [ pool-3-thread-1 -> org.tasktide.itemstore.AbstractItemStore.waitForMutex ]: Mutex acquired
2026-02-17 17:31:06 INFO  [ pool-3-thread-1 -> org.tasktide.itemstore.AbstractItemStore.releaseMutex ]: Releasing mutex
2026-02-17 17:31:07 INFO  [ pool-3-thread-1 -> org.tasktide.itemstore.AbstractItemStore.releaseMutex ]: Released mutex
2026-02-17 17:31:07 WARN  [ main -> org.tasktide.tasktide.client.TaskTideEngineClient.processWorkload ]: Warning, no ToDo tasks available for processing. Query below backend for more information

{Collection Name=WorkItem-Service, Model Class=WorkItem, Repository Type=Item Store}


2026-02-17 17:31:07 INFO  [ main -> org.tasktide.tasktide.client.TaskTideEngineClient.fetchAndRun ]: Processing complete for step:	'PingTest'
2026-02-17 17:31:07 DEBUG [ pool-3-thread-1 -> org.tasktide.itemstore.AbstractItemStore.waitForLock ]: Waiting for
2026-02-17 17:31:07 INFO  [ pool-3-thread-1 -> org.tasktide.itemstore.AbstractItemStore.waitForMutex ]: Acquiring mutex
2026-02-17 17:31:10 INFO  [ pool-3-thread-1 -> org.tasktide.itemstore.AbstractItemStore.waitForMutex ]: Mutex acquired
2026-02-17 17:31:11 INFO  [ pool-3-thread-1 -> org.tasktide.itemstore.AbstractItemStore.releaseMutex ]: Releasing mutex
2026-02-17 17:31:11 INFO  [ pool-3-thread-1 -> org.tasktide.itemstore.AbstractItemStore.releaseMutex ]: Released mutex
2026-02-17 17:31:11 DEBUG [ pool-3-thread-1 -> org.tasktide.itemstore.AbstractItemStore.waitForLock ]: Waiting for
2026-02-17 17:31:11 INFO  [ pool-3-thread-1 -> org.tasktide.itemstore.AbstractItemStore.waitForMutex ]: Acquiring mutex
2026-02-17 17:31:15 INFO  [ pool-3-thread-1 -> org.tasktide.itemstore.AbstractItemStore.waitForMutex ]: Mutex acquired
2026-02-17 17:31:15 INFO  [ main -> org.tasktide.tasktide.client.TaskTideEngineClient.fetchAndRun ]: Determing how to process workload
2026-02-17 17:31:15 INFO  [ main -> org.tasktide.tasktide.client.TaskTideEngineClient.fetchAndRun ]: Processing single step:	'PingTest'
2026-02-17 17:31:15 INFO  [ main -> org.tasktide.tasktide.client.TaskTideEngineClient.fetchWorkload ]: No pilot label provided, processing all tasks
2026-02-17 17:31:15 INFO  [ pool-3-thread-1 -> org.tasktide.itemstore.AbstractItemStore.releaseMutex ]: Releasing mutex
2026-02-17 17:31:15 INFO  [ pool-3-thread-1 -> org.tasktide.itemstore.AbstractItemStore.releaseMutex ]: Released mutex
2026-02-17 17:31:15 DEBUG [ pool-3-thread-1 -> org.tasktide.itemstore.AbstractItemStore.waitForLock ]: Waiting for
2026-02-17 17:31:15 INFO  [ pool-3-thread-1 -> org.tasktide.itemstore.AbstractItemStore.waitForMutex ]: Acquiring mutex
2026-02-17 17:31:19 INFO  [ pool-3-thread-1 -> org.tasktide.itemstore.AbstractItemStore.waitForMutex ]: Mutex acquired
2026-02-17 17:31:19 INFO  [ pool-3-thread-1 -> org.tasktide.itemstore.AbstractItemStore.releaseMutex ]: Releasing mutex
2026-02-17 17:31:19 INFO  [ pool-3-thread-1 -> org.tasktide.itemstore.AbstractItemStore.releaseMutex ]: Released mutex
2026-02-17 17:31:19 DEBUG [ main -> org.tasktide.itemstore.AbstractItemStore.waitForLock ]: Waiting for
2026-02-17 17:31:19 DEBUG [ pool-3-thread-1 -> org.tasktide.engine.worker.executor.ProcessExecutor.execute ]: Beginning execution of task:	ping -c 4 ucd.ie
2026-02-17 17:31:19 INFO  [ main -> org.tasktide.itemstore.AbstractItemStore.waitForMutex ]: Acquiring mutex
2026-02-17 17:31:23 DEBUG [ pool-3-thread-1 -> org.tasktide.engine.worker.executor.ProcessExecutor.execute ]: Execution complete for task:	ping -c 4 ucd.ie
2026-02-17 17:31:23 DEBUG [ pool-3-thread-1 -> org.tasktide.engine.worker.executor.ProcessExecutor.execute ]: Building ProcessLog for task:	ping -c 4 ucd.ie
2026-02-17 17:31:23 DEBUG [ pool-3-thread-1 -> org.tasktide.engine.worker.executor.ProcessExecutor.execute ]: Displaying TaskLogging:
{
    "CPU Duration": 0,
    "End Time": 1771349483313,
    "Exit Code": 0,
    "Process Id": 9363,
    "Process Log": {
        "Stderr": [
            "PING ucd.ie (15.197.133.170) 56(84) bytes of data.",
            "64 bytes from aba869c6c803a4ae0.awsglobalaccelerator.com (15.197.133.170): icmp_seq=1 ttl=248 time=55.7 ms",
            "64 bytes from aba869c6c803a4ae0.awsglobalaccelerator.com (15.197.133.170): icmp_seq=2 ttl=248 time=26.6 ms",
            "64 bytes from aba869c6c803a4ae0.awsglobalaccelerator.com (15.197.133.170): icmp_seq=3 ttl=248 time=58.5 ms",
            "64 bytes from aba869c6c803a4ae0.awsglobalaccelerator.com (15.197.133.170): icmp_seq=4 ttl=248 time=23.4 ms",
            "",
            "--- ucd.ie ping statistics ---",
            "4 packets transmitted, 4 received, 0% packet loss, time 3019ms",
            "rtt min/avg/max/mdev = 23.355/41.051/58.495/16.129 ms"
        ],
        "Stdout": [
            "PING ucd.ie (15.197.133.170) 56(84) bytes of data.",
            "64 bytes from aba869c6c803a4ae0.awsglobalaccelerator.com (15.197.133.170): icmp_seq=1 ttl=248 time=55.7 ms",
            "64 bytes from aba869c6c803a4ae0.awsglobalaccelerator.com (15.197.133.170): icmp_seq=2 ttl=248 time=26.6 ms",
            "64 bytes from aba869c6c803a4ae0.awsglobalaccelerator.com (15.197.133.170): icmp_seq=3 ttl=248 time=58.5 ms",
            "64 bytes from aba869c6c803a4ae0.awsglobalaccelerator.com (15.197.133.170): icmp_seq=4 ttl=248 time=23.4 ms",
            "",
            "--- ucd.ie ping statistics ---",
            "4 packets transmitted, 4 received, 0% packet loss, time 3019ms",
            "rtt min/avg/max/mdev = 23.355/41.051/58.495/16.129 ms"
        ],
        "id": "ProcessLog-494ea399-bca7-461e-a370-84190a63b3d3"
    },
    "Start Time": 1771349479965,
    "Thread Name": "pool-3-thread-1",
    "id": "TaskLogging-204315aa-5b78-4dc6-890d-ff6561c5ed66"
}
2026-02-17 17:31:23 INFO  [ pool-3-thread-1 -> org.tasktide.engine.worker.executor.ProcessExecutor.execute ]: Successful execution of task:	ping -c 4 ucd.ie
2026-02-17 17:31:23 INFO  [ pool-3-thread-1 -> org.tasktide.engine.worker.executor.ItemTaskExecutor.executeTask ]: Task 'Ping_Test_3' successful on thread 'pool-3-thread-1' with exit code 0

2026-02-17 17:31:23 DEBUG [ pool-3-thread-1 -> org.tasktide.engine.worker.executor.ItemTaskExecutor.executeTask ]: Determining whether to apply results annotation
2026-02-17 17:31:23 DEBUG [ pool-3-thread-1 -> org.tasktide.engine.worker.executor.ItemTaskExecutor.annotateResults ]: No 'Results Path' annotation detected for task:
'ItemTask-52176486-3702-4ed7-a242-86810ffef5ed'
2026-02-17 17:31:23 INFO  [ pool-3-thread-1 -> org.tasktide.engine.worker.executor.TaskTideExecutor.runTasks ]: Completed task 'ItemTask-52176486-3702-4ed7-a242-86810ffef5ed', global count: 13
2026-02-17 17:31:23 INFO  [ main -> org.tasktide.itemstore.AbstractItemStore.waitForMutex ]: Mutex acquired
2026-02-17 17:31:23 INFO  [ main -> org.tasktide.itemstore.AbstractItemStore.releaseMutex ]: Releasing mutex
2026-02-17 17:31:24 INFO  [ main -> org.tasktide.itemstore.AbstractItemStore.releaseMutex ]: Released mutex
2026-02-17 17:31:24 INFO  [ main -> org.tasktide.tasktide.client.TaskTideEngineClient.processWorkload ]: Processing workload of size:	'1'
2026-02-17 17:31:24 DEBUG [ pool-3-thread-1 -> org.tasktide.itemstore.AbstractItemStore.waitForLock ]: Waiting for
2026-02-17 17:31:24 INFO  [ main -> org.tasktide.engine.worker.processor.TaskTideProcessor.processChunks ]: Shuffling, and grouping workload for ExecutorService for ProcessorType:	'WorkItemProcessor'
2026-02-17 17:31:24 INFO  [ pool-3-thread-1 -> org.tasktide.itemstore.AbstractItemStore.waitForMutex ]: Acquiring mutex
2026-02-17 17:31:24 INFO  [ main -> org.tasktide.engine.worker.processor.WorkItemProcessor.parallelChunks ]: Fetching N = '5' batches of size '1' for WorkItem workload
2026-02-17 17:31:24 INFO  [ main -> org.tasktide.engine.worker.processor.TaskTideProcessor.processChunks ]: Submitting 'WorkItemProcessor' workload of size:	'1'
2026-02-17 17:31:24 INFO  [ main -> org.tasktide.engine.worker.processor.TaskTideProcessor.submitParallelChunks ]: Submitting sub-workload of size:	'1'
2026-02-17 17:31:24 INFO  [ main -> org.tasktide.engine.worker.processor.TaskTideProcessor.processChunks ]: Submitted N = '8' items for workload 'WorkItemProcessor'
2026-02-17 17:31:24 INFO  [ main -> org.tasktide.engine.TaskTideEngineUtility.waitOnExecutorTrackerWorkItem ]: Begining state monitoring of ExecutorServiceTracker:	N tasks = '8'
2026-02-17 17:31:24 INFO  [ pool-2-thread-3 -> org.tasktide.engine.worker.executor.TaskTideExecutor.runTasks ]: Begining workload processing of N = '1' tasks
2026-02-17 17:31:24 INFO  [ main -> org.tasktide.engine.TaskTideEngineUtility.waitOnExecutorTrackerWorkItem ]: Letting '10000'ms elapse for state monitoring of ExecutorServiceTracker:	'8'
2026-02-17 17:31:24 INFO  [ pool-2-thread-3 -> org.tasktide.engine.observer.worker.TimeKeeperObserver.evaluateStart ]: TimeKeeper evaluating starting of task 'WorkItem-c7b97529-a09b-4f51-a02c-7249f6591124'
2026-02-17 17:31:24 INFO  [ pool-2-thread-3 -> org.tasktide.engine.observer.worker.TimeKeeperObserver.evaluateStart ]: Atomic TimeKeeper for task 'WorkItem-c7b97529-a09b-4f51-a02c-7249f6591124' set on thread 'pool-2-thread-3'
2026-02-17 17:31:24 INFO  [ pool-2-thread-3 -> org.tasktide.engine.observer.worker.TimeKeeperObserver.onTaskStart ]: TimeKeeper evaluated time left for processing as 'true' for ItemTask:	'WorkItem-c7b97529-a09b-4f51-a02c-7249f6591124'
2026-02-17 17:31:27 INFO  [ pool-3-thread-1 -> org.tasktide.itemstore.AbstractItemStore.waitForMutex ]: Mutex acquired
2026-02-17 17:31:27 INFO  [ pool-3-thread-1 -> org.tasktide.itemstore.AbstractItemStore.releaseMutex ]: Releasing mutex
2026-02-17 17:31:28 INFO  [ pool-3-thread-1 -> org.tasktide.itemstore.AbstractItemStore.releaseMutex ]: Released mutex
2026-02-17 17:31:28 DEBUG [ pool-3-thread-1 -> org.tasktide.itemstore.AbstractItemStore.waitForLock ]: Waiting for
2026-02-17 17:31:28 INFO  [ pool-3-thread-1 -> org.tasktide.itemstore.AbstractItemStore.waitForMutex ]: Acquiring mutex
2026-02-17 17:31:32 INFO  [ pool-3-thread-1 -> org.tasktide.itemstore.AbstractItemStore.waitForMutex ]: Mutex acquired
2026-02-17 17:31:32 INFO  [ pool-3-thread-1 -> org.tasktide.itemstore.AbstractItemStore.releaseMutex ]: Releasing mutex
2026-02-17 17:31:32 INFO  [ pool-3-thread-1 -> org.tasktide.itemstore.AbstractItemStore.releaseMutex ]: Released mutex
2026-02-17 17:31:32 DEBUG [ pool-3-thread-1 -> org.tasktide.itemstore.AbstractItemStore.waitForLock ]: Waiting for
2026-02-17 17:31:32 INFO  [ pool-3-thread-1 -> org.tasktide.itemstore.AbstractItemStore.waitForMutex ]: Acquiring mutex
2026-02-17 17:31:34 INFO  [ main -> org.tasktide.engine.TaskTideEngineUtility.waitOnExecutorTrackerWorkItem ]: Displaying Iter-'0' StateSummary of ExecutorServiceTracker:

Total='8', Remaining='2', Done='6', Expected='1'
2026-02-17 17:31:34 INFO  [ main -> org.tasktide.engine.TaskTideEngineUtility.waitOnExecutorTrackerWorkItem ]: Letting '10000'ms elapse for state monitoring of ExecutorServiceTracker:	'8'
2026-02-17 17:31:36 INFO  [ pool-3-thread-1 -> org.tasktide.itemstore.AbstractItemStore.waitForMutex ]: Mutex acquired
2026-02-17 17:31:36 INFO  [ pool-3-thread-1 -> org.tasktide.itemstore.AbstractItemStore.releaseMutex ]: Releasing mutex
2026-02-17 17:31:37 INFO  [ pool-3-thread-1 -> org.tasktide.itemstore.AbstractItemStore.releaseMutex ]: Released mutex
2026-02-17 17:31:37 DEBUG [ pool-3-thread-1 -> org.tasktide.itemstore.AbstractItemStore.waitForLock ]: Waiting for
2026-02-17 17:31:37 INFO  [ pool-3-thread-1 -> org.tasktide.itemstore.AbstractItemStore.waitForMutex ]: Acquiring mutex
2026-02-17 17:31:40 INFO  [ pool-3-thread-1 -> org.tasktide.itemstore.AbstractItemStore.waitForMutex ]: Mutex acquired
2026-02-17 17:31:40 INFO  [ pool-3-thread-1 -> org.tasktide.itemstore.AbstractItemStore.releaseMutex ]: Releasing mutex
2026-02-17 17:31:41 INFO  [ pool-3-thread-1 -> org.tasktide.itemstore.AbstractItemStore.releaseMutex ]: Released mutex
2026-02-17 17:31:41 INFO  [ pool-3-thread-1 -> org.tasktide.engine.observer.worker.TimeKeeperObserver.onTaskEnd ]: Measuring the elapsed time of task 'ItemTask-52176486-3702-4ed7-a242-86810ffef5ed',
2026-02-17 17:31:41 INFO  [ pool-3-thread-1 -> org.tasktide.engine.observer.worker.TimeKeeperObserver.onTaskEnd ]: Task 'ItemTask-52176486-3702-4ed7-a242-86810ffef5ed' completed in 55555ms
2026-02-17 17:31:41 DEBUG [ pool-3-thread-1 -> org.tasktide.engine.observer.worker.TimeKeeperObserver.measureTime ]: Mean duration = '55555ms', Expected Next = '1771349556699ms', Max End '1771349545589ms', Is time = 'false'
2026-02-17 17:31:41 WARN  [ pool-3-thread-1 -> org.tasktide.engine.observer.worker.TimeKeeperObserver.evaluateDuration ]: Warning not enough estimated time for next task to run
2026-02-17 17:31:41 INFO  [ pool-3-thread-1 -> org.tasktide.engine.observer.worker.TimeKeeperObserver.onTaskEnd ]: TimeKeeper evaluated time left next 'false' with ItemTask:	'ItemTask-52176486-3702-4ed7-a242-86810ffef5ed'
2026-02-17 17:31:41 INFO  [ pool-3-thread-1 -> org.tasktide.engine.worker.executor.TaskTideExecutor.runTasks ]: 

Workload processing complete, displaying summary:
Thread Total = '1', Thread Done = '0', Done = '13', Failed = '0', Skipped = '0'
2026-02-17 17:31:41 INFO  [ pool-3-thread-1 -> org.tasktide.engine.worker.processor.TaskTideProcessor.process ]: Processing tasks of workload thread:	'pool-3-thread-1', Size='1', First ItemId = 'ItemTask-f0c942ee-fda7-42eb-91a1-50ed176ddd6f'
2026-02-17 17:31:41 INFO  [ pool-3-thread-1 -> org.tasktide.engine.worker.executor.TaskTideExecutor.runTasks ]: Begining workload processing of N = '1' tasks
2026-02-17 17:31:41 INFO  [ pool-3-thread-1 -> org.tasktide.engine.observer.worker.TimeKeeperObserver.evaluateStart ]: TimeKeeper evaluating starting of task 'ItemTask-f0c942ee-fda7-42eb-91a1-50ed176ddd6f'
2026-02-17 17:31:41 INFO  [ pool-3-thread-1 -> org.tasktide.engine.observer.worker.TimeKeeperObserver.evaluateStart ]: Atomic TimeKeeper for task 'ItemTask-f0c942ee-fda7-42eb-91a1-50ed176ddd6f' set on thread 'pool-3-thread-1'
2026-02-17 17:31:41 INFO  [ pool-3-thread-1 -> org.tasktide.engine.observer.worker.TimeKeeperObserver.onTaskStart ]: TimeKeeper evaluated time left for processing as 'true' for ItemTask:	'ItemTask-f0c942ee-fda7-42eb-91a1-50ed176ddd6f'
2026-02-17 17:31:41 INFO  [ pool-3-thread-1 -> org.tasktide.engine.worker.executor.ItemTaskExecutor.executeTask ]: Executing task on thread 'pool-3-thread-1':ping -c 4 dcu.ie
2026-02-17 17:31:41 DEBUG [ pool-2-thread-3 -> org.tasktide.itemstore.AbstractItemStore.waitForLock ]: Waiting for
2026-02-17 17:31:41 INFO  [ pool-2-thread-3 -> org.tasktide.itemstore.AbstractItemStore.waitForMutex ]: Acquiring mutex
2026-02-17 17:31:44 INFO  [ main -> org.tasktide.engine.TaskTideEngineUtility.waitOnExecutorTrackerWorkItem ]: Displaying Iter-'1' StateSummary of ExecutorServiceTracker:

Total='8', Remaining='2', Done='6', Expected='1'
2026-02-17 17:31:44 INFO  [ main -> org.tasktide.engine.TaskTideEngineUtility.waitOnExecutorTrackerWorkItem ]: Letting '10000'ms elapse for state monitoring of ExecutorServiceTracker:	'8'
2026-02-17 17:31:44 INFO  [ pool-2-thread-3 -> org.tasktide.itemstore.AbstractItemStore.waitForMutex ]: Mutex acquired
2026-02-17 17:31:44 INFO  [ pool-2-thread-3 -> org.tasktide.itemstore.AbstractItemStore.releaseMutex ]: Releasing mutex
2026-02-17 17:31:45 INFO  [ pool-2-thread-3 -> org.tasktide.itemstore.AbstractItemStore.releaseMutex ]: Released mutex
2026-02-17 17:31:45 DEBUG [ pool-2-thread-3 -> org.tasktide.itemstore.AbstractItemStore.waitForLock ]: Waiting for
2026-02-17 17:31:45 INFO  [ pool-2-thread-3 -> org.tasktide.itemstore.AbstractItemStore.waitForMutex ]: Acquiring mutex
2026-02-17 17:31:48 INFO  [ pool-2-thread-3 -> org.tasktide.itemstore.AbstractItemStore.waitForMutex ]: Mutex acquired
2026-02-17 17:31:49 INFO  [ pool-2-thread-3 -> org.tasktide.itemstore.AbstractItemStore.releaseMutex ]: Releasing mutex
2026-02-17 17:31:49 INFO  [ pool-2-thread-3 -> org.tasktide.itemstore.AbstractItemStore.releaseMutex ]: Released mutex
2026-02-17 17:31:49 DEBUG [ pool-2-thread-3 -> org.tasktide.itemstore.AbstractItemStore.waitForLock ]: Waiting for
2026-02-17 17:31:49 INFO  [ pool-2-thread-3 -> org.tasktide.itemstore.AbstractItemStore.waitForMutex ]: Acquiring mutex
2026-02-17 17:31:53 INFO  [ pool-2-thread-3 -> org.tasktide.itemstore.AbstractItemStore.waitForMutex ]: Mutex acquired
2026-02-17 17:31:53 INFO  [ pool-2-thread-3 -> org.tasktide.itemstore.AbstractItemStore.releaseMutex ]: Releasing mutex
2026-02-17 17:31:53 INFO  [ pool-2-thread-2 -> org.tasktide.engine.observer.worker.executor.WorkItemExecutorObserver.pollUntilDone ]: Displaying Iter-'7' StateSummary of WorkItem:	'WorkItem-c7b97529-a09b-4f51-a02c-7249f6591124'

{
    "State Summary": {
        "LOCKED": 0,
        "TODO": 0,
        "DONE": 1,
        "ERROR": 0,
        "FOR_UNLOCK": 0
    }
}


2026-02-17 17:31:53 INFO  [ pool-2-thread-2 -> org.tasktide.engine.observer.worker.executor.WorkItemExecutorObserver.pollUntilDone ]: Completed processing of '1' WorkItems with '1'
2026-02-17 17:31:53 INFO  [ pool-2-thread-2 -> org.tasktide.engine.worker.executor.WorkItemExecutor.executeTask ]: Task processing complete on WorkItem:	'WorkItem-c7b97529-a09b-4f51-a02c-7249f6591124'
2026-02-17 17:31:53 INFO  [ pool-2-thread-2 -> org.tasktide.engine.worker.executor.TaskTideExecutor.runTasks ]: Completed task 'WorkItem-c7b97529-a09b-4f51-a02c-7249f6591124', global count: 14
2026-02-17 17:31:53 INFO  [ pool-2-thread-2 -> org.tasktide.engine.observer.worker.TimeKeeperObserver.onTaskEnd ]: Measuring the elapsed time of task 'WorkItem-c7b97529-a09b-4f51-a02c-7249f6591124',
2026-02-17 17:31:53 INFO  [ pool-2-thread-2 -> org.tasktide.engine.observer.worker.TimeKeeperObserver.onTaskEnd ]: Task 'WorkItem-c7b97529-a09b-4f51-a02c-7249f6591124' completed in 241301ms
2026-02-17 17:31:53 WARN  [ pool-2-thread-2 -> org.tasktide.engine.observer.worker.TimeKeeperObserver.evaluateDuration ]: Warning task excution time '100000ms' breached by '141301ms'
2026-02-17 17:31:53 INFO  [ pool-2-thread-2 -> org.tasktide.engine.observer.worker.TimeKeeperObserver.onTaskEnd ]: TimeKeeper evaluated time left next 'false' with ItemTask:	'WorkItem-c7b97529-a09b-4f51-a02c-7249f6591124'
2026-02-17 17:31:53 INFO  [ pool-2-thread-3 -> org.tasktide.itemstore.AbstractItemStore.releaseMutex ]: Released mutex
2026-02-17 17:31:53 DEBUG [ pool-2-thread-2 -> org.tasktide.itemstore.AbstractItemStore.waitForLock ]: Waiting for
2026-02-17 17:31:53 INFO  [ pool-2-thread-2 -> org.tasktide.itemstore.AbstractItemStore.waitForMutex ]: Acquiring mutex
2026-02-17 17:31:54 INFO  [ main -> org.tasktide.engine.TaskTideEngineUtility.waitOnExecutorTrackerWorkItem ]: Displaying Iter-'2' StateSummary of ExecutorServiceTracker:

Total='8', Remaining='2', Done='6', Expected='1'
2026-02-17 17:31:54 INFO  [ main -> org.tasktide.engine.TaskTideEngineUtility.waitOnExecutorTrackerWorkItem ]: Letting '10000'ms elapse for state monitoring of ExecutorServiceTracker:	'8'
2026-02-17 17:31:57 INFO  [ pool-2-thread-2 -> org.tasktide.itemstore.AbstractItemStore.waitForMutex ]: Mutex acquired
2026-02-17 17:31:57 INFO  [ pool-2-thread-2 -> org.tasktide.itemstore.AbstractItemStore.releaseMutex ]: Releasing mutex
2026-02-17 17:31:57 INFO  [ pool-2-thread-2 -> org.tasktide.itemstore.AbstractItemStore.releaseMutex ]: Released mutex
2026-02-17 17:31:57 DEBUG [ pool-2-thread-2 -> org.tasktide.itemstore.AbstractItemStore.waitForLock ]: Waiting for
2026-02-17 17:31:57 INFO  [ pool-2-thread-2 -> org.tasktide.itemstore.AbstractItemStore.waitForMutex ]: Acquiring mutex
2026-02-17 17:32:01 INFO  [ pool-2-thread-5 -> org.tasktide.engine.observer.worker.executor.WorkItemExecutorObserver.pollUntilDone ]: Displaying Iter-'7' StateSummary of WorkItem:	'WorkItem-bf571273-2592-4931-b537-cb398ad54514'

{
    "State Summary": {
        "LOCKED": 1,
        "TODO": 0,
        "DONE": 0,
        "ERROR": 0,
        "FOR_UNLOCK": 0
    }
}


2026-02-17 17:32:01 INFO  [ pool-2-thread-5 -> org.tasktide.engine.observer.worker.executor.WorkItemExecutorObserver.pollUntilDone ]: Letting '128000'ms elapse for state monitoring of WorkItem:	'WorkItem-bf571273-2592-4931-b537-cb398ad54514'
2026-02-17 17:32:01 INFO  [ pool-2-thread-2 -> org.tasktide.itemstore.AbstractItemStore.waitForMutex ]: Mutex acquired
2026-02-17 17:32:01 INFO  [ pool-2-thread-2 -> org.tasktide.itemstore.AbstractItemStore.releaseMutex ]: Releasing mutex
2026-02-17 17:32:02 INFO  [ pool-2-thread-2 -> org.tasktide.itemstore.AbstractItemStore.releaseMutex ]: Released mutex
2026-02-17 17:32:02 DEBUG [ pool-2-thread-2 -> org.tasktide.itemstore.AbstractItemStore.waitForLock ]: Waiting for
2026-02-17 17:32:02 INFO  [ pool-2-thread-2 -> org.tasktide.itemstore.AbstractItemStore.waitForMutex ]: Acquiring mutex
2026-02-17 17:32:04 INFO  [ main -> org.tasktide.engine.TaskTideEngineUtility.waitOnExecutorTrackerWorkItem ]: Displaying Iter-'3' StateSummary of ExecutorServiceTracker:

Total='8', Remaining='2', Done='6', Expected='1'
2026-02-17 17:32:04 INFO  [ main -> org.tasktide.engine.TaskTideEngineUtility.waitOnExecutorTrackerWorkItem ]: Letting '8000'ms elapse for state monitoring of ExecutorServiceTracker:	'8'
2026-02-17 17:32:05 INFO  [ pool-2-thread-2 -> org.tasktide.itemstore.AbstractItemStore.waitForMutex ]: Mutex acquired
2026-02-17 17:32:05 INFO  [ pool-2-thread-2 -> org.tasktide.itemstore.AbstractItemStore.releaseMutex ]: Releasing mutex
2026-02-17 17:32:06 INFO  [ pool-2-thread-2 -> org.tasktide.itemstore.AbstractItemStore.releaseMutex ]: Released mutex
2026-02-17 17:32:06 INFO  [ pool-2-thread-2 -> org.tasktide.engine.observer.worker.executor.WorkItemExecutorObserver.onTaskEnd ]: Unlocked N = '0' sub tasks for WorkItem:	'WorkItem-c7b97529-a09b-4f51-a02c-7249f6591124'
2026-02-17 17:32:06 DEBUG [ pool-3-thread-1 -> org.tasktide.itemstore.AbstractItemStore.waitForLock ]: Waiting for
2026-02-17 17:32:06 INFO  [ pool-2-thread-2 -> org.tasktide.engine.worker.executor.TaskTideExecutor.runTasks ]: 

Workload processing complete, displaying summary:
Thread Total = '1', Thread Done = '0', Done = '14', Failed = '0', Skipped = '0'
2026-02-17 17:32:06 INFO  [ pool-3-thread-1 -> org.tasktide.itemstore.AbstractItemStore.waitForMutex ]: Acquiring mutex
2026-02-17 17:32:10 INFO  [ pool-3-thread-1 -> org.tasktide.itemstore.AbstractItemStore.waitForMutex ]: Mutex acquired
2026-02-17 17:32:10 INFO  [ pool-3-thread-1 -> org.tasktide.itemstore.AbstractItemStore.releaseMutex ]: Releasing mutex
2026-02-17 17:32:10 INFO  [ pool-3-thread-1 -> org.tasktide.itemstore.AbstractItemStore.releaseMutex ]: Released mutex
2026-02-17 17:32:10 DEBUG [ pool-2-thread-3 -> org.tasktide.itemstore.AbstractItemStore.waitForLock ]: Waiting for
2026-02-17 17:32:10 INFO  [ pool-2-thread-3 -> org.tasktide.itemstore.AbstractItemStore.waitForMutex ]: Acquiring mutex
2026-02-17 17:32:12 INFO  [ main -> org.tasktide.engine.TaskTideEngineUtility.waitOnExecutorTrackerWorkItem ]: Displaying Iter-'4' StateSummary of ExecutorServiceTracker:

Total='8', Remaining='1', Done='7', Expected='1'
2026-02-17 17:32:12 INFO  [ main -> org.tasktide.engine.TaskTideEngineUtility.waitOnExecutorTrackerWorkItem ]: Letting '16000'ms elapse for state monitoring of ExecutorServiceTracker:	'8'
2026-02-17 17:32:14 INFO  [ pool-2-thread-3 -> org.tasktide.itemstore.AbstractItemStore.waitForMutex ]: Mutex acquired
2026-02-17 17:32:14 INFO  [ pool-2-thread-3 -> org.tasktide.itemstore.AbstractItemStore.releaseMutex ]: Releasing mutex
2026-02-17 17:32:15 INFO  [ pool-2-thread-3 -> org.tasktide.itemstore.AbstractItemStore.releaseMutex ]: Released mutex
2026-02-17 17:32:15 WARN  [ pool-2-thread-3 -> org.tasktide.engine.observer.worker.stateobserver.WorkItemStateObserver.onTaskStart ]: Item locked already running
2026-02-17 17:32:15 WARN  [ pool-2-thread-3 -> org.tasktide.engine.observer.ObserverChain.onTaskStart ]: Task 'WorkItem-c7b97529-a09b-4f51-a02c-7249f6591124' failed onTaskStart Observation 'WorkItemStateObserver' check
2026-02-17 17:32:15 WARN  [ pool-2-thread-3 -> org.tasktide.engine.worker.executor.TaskTideExecutor.runTasks ]: Warning, skipping task failing Observer Preprocessing checks for task:	'WorkItem-c7b97529-a09b-4f51-a02c-7249f6591124'
2026-02-17 17:32:15 INFO  [ pool-2-thread-3 -> org.tasktide.engine.worker.executor.TaskTideExecutor.runTasks ]: 

Workload processing complete, displaying summary:
Thread Total = '1', Thread Done = '0', Done = '14', Failed = '0', Skipped = '1'
2026-02-17 17:32:15 DEBUG [ pool-3-thread-1 -> org.tasktide.itemstore.AbstractItemStore.waitForLock ]: Waiting for
2026-02-17 17:32:15 INFO  [ pool-3-thread-1 -> org.tasktide.itemstore.AbstractItemStore.waitForMutex ]: Acquiring mutex
2026-02-17 17:32:18 INFO  [ pool-3-thread-1 -> org.tasktide.itemstore.AbstractItemStore.waitForMutex ]: Mutex acquired
2026-02-17 17:32:18 INFO  [ pool-3-thread-1 -> org.tasktide.itemstore.AbstractItemStore.releaseMutex ]: Releasing mutex
2026-02-17 17:32:19 INFO  [ pool-3-thread-1 -> org.tasktide.itemstore.AbstractItemStore.releaseMutex ]: Released mutex
2026-02-17 17:32:19 DEBUG [ pool-3-thread-1 -> org.tasktide.itemstore.AbstractItemStore.waitForLock ]: Waiting for
2026-02-17 17:32:19 INFO  [ pool-3-thread-1 -> org.tasktide.itemstore.AbstractItemStore.waitForMutex ]: Acquiring mutex
2026-02-17 17:32:23 INFO  [ pool-3-thread-1 -> org.tasktide.itemstore.AbstractItemStore.waitForMutex ]: Mutex acquired
2026-02-17 17:32:23 INFO  [ pool-3-thread-1 -> org.tasktide.itemstore.AbstractItemStore.releaseMutex ]: Releasing mutex
2026-02-17 17:32:23 INFO  [ pool-3-thread-1 -> org.tasktide.itemstore.AbstractItemStore.releaseMutex ]: Released mutex
2026-02-17 17:32:23 DEBUG [ pool-3-thread-1 -> org.tasktide.itemstore.AbstractItemStore.waitForLock ]: Waiting for
2026-02-17 17:32:23 INFO  [ pool-3-thread-1 -> org.tasktide.itemstore.AbstractItemStore.waitForMutex ]: Acquiring mutex
2026-02-17 17:32:27 INFO  [ pool-3-thread-1 -> org.tasktide.itemstore.AbstractItemStore.waitForMutex ]: Mutex acquired
2026-02-17 17:32:27 INFO  [ pool-3-thread-1 -> org.tasktide.itemstore.AbstractItemStore.releaseMutex ]: Releasing mutex
2026-02-17 17:32:28 INFO  [ pool-3-thread-1 -> org.tasktide.itemstore.AbstractItemStore.releaseMutex ]: Released mutex
2026-02-17 17:32:28 DEBUG [ pool-3-thread-1 -> org.tasktide.engine.worker.executor.ProcessExecutor.execute ]: Beginning execution of task:	ping -c 4 dcu.ie
2026-02-17 17:32:28 INFO  [ main -> org.tasktide.engine.TaskTideEngineUtility.waitOnExecutorTrackerWorkItem ]: Displaying Iter-'5' StateSummary of ExecutorServiceTracker:

Total='8', Remaining='1', Done='7', Expected='1'
2026-02-17 17:32:28 INFO  [ main -> org.tasktide.engine.TaskTideEngineUtility.waitOnExecutorTrackerWorkItem ]: Letting '32000'ms elapse for state monitoring of ExecutorServiceTracker:	'8'
2026-02-17 17:32:31 DEBUG [ pool-3-thread-1 -> org.tasktide.engine.worker.executor.ProcessExecutor.execute ]: Execution complete for task:	ping -c 4 dcu.ie
2026-02-17 17:32:31 DEBUG [ pool-3-thread-1 -> org.tasktide.engine.worker.executor.ProcessExecutor.execute ]: Building ProcessLog for task:	ping -c 4 dcu.ie
2026-02-17 17:32:31 DEBUG [ pool-3-thread-1 -> org.tasktide.engine.worker.executor.ProcessExecutor.execute ]: Displaying TaskLogging:
{
    "CPU Duration": 0,
    "End Time": 1771349551364,
    "Exit Code": 0,
    "Process Id": 9366,
    "Process Log": {
        "Stderr": [
            "PING dcu.ie (99.80.221.0) 56(84) bytes of data.",
            "64 bytes from ec2-99-80-221-0.eu-west-1.compute.amazonaws.com (99.80.221.0): icmp_seq=1 ttl=55 time=28.6 ms",
            "64 bytes from ec2-99-80-221-0.eu-west-1.compute.amazonaws.com (99.80.221.0): icmp_seq=2 ttl=55 time=33.2 ms",
            "64 bytes from ec2-99-80-221-0.eu-west-1.compute.amazonaws.com (99.80.221.0): icmp_seq=3 ttl=55 time=124 ms",
            "64 bytes from ec2-99-80-221-0.eu-west-1.compute.amazonaws.com (99.80.221.0): icmp_seq=4 ttl=55 time=37.8 ms",
            "",
            "--- dcu.ie ping statistics ---",
            "4 packets transmitted, 4 received, 0% packet loss, time 3019ms",
            "rtt min/avg/max/mdev = 28.565/55.768/123.517/39.251 ms"
        ],
        "Stdout": [
            "PING dcu.ie (99.80.221.0) 56(84) bytes of data.",
            "64 bytes from ec2-99-80-221-0.eu-west-1.compute.amazonaws.com (99.80.221.0): icmp_seq=1 ttl=55 time=28.6 ms",
            "64 bytes from ec2-99-80-221-0.eu-west-1.compute.amazonaws.com (99.80.221.0): icmp_seq=2 ttl=55 time=33.2 ms",
            "64 bytes from ec2-99-80-221-0.eu-west-1.compute.amazonaws.com (99.80.221.0): icmp_seq=3 ttl=55 time=124 ms",
            "64 bytes from ec2-99-80-221-0.eu-west-1.compute.amazonaws.com (99.80.221.0): icmp_seq=4 ttl=55 time=37.8 ms",
            "",
            "--- dcu.ie ping statistics ---",
            "4 packets transmitted, 4 received, 0% packet loss, time 3019ms",
            "rtt min/avg/max/mdev = 28.565/55.768/123.517/39.251 ms"
        ],
        "id": "ProcessLog-45b253fb-0915-4fa1-bf9d-26feb62653ce"
    },
    "Start Time": 1771349548220,
    "Thread Name": "pool-3-thread-1",
    "id": "TaskLogging-b1851d8f-4404-411f-ac55-d5635bda9c3e"
}
2026-02-17 17:32:31 INFO  [ pool-3-thread-1 -> org.tasktide.engine.worker.executor.ProcessExecutor.execute ]: Successful execution of task:	ping -c 4 dcu.ie
2026-02-17 17:32:31 INFO  [ pool-3-thread-1 -> org.tasktide.engine.worker.executor.ItemTaskExecutor.executeTask ]: Task 'Ping_Test_2' successful on thread 'pool-3-thread-1' with exit code 0

2026-02-17 17:32:31 DEBUG [ pool-3-thread-1 -> org.tasktide.engine.worker.executor.ItemTaskExecutor.executeTask ]: Determining whether to apply results annotation
2026-02-17 17:32:31 DEBUG [ pool-3-thread-1 -> org.tasktide.engine.worker.executor.ItemTaskExecutor.annotateResults ]: No 'Results Path' annotation detected for task:
'ItemTask-f0c942ee-fda7-42eb-91a1-50ed176ddd6f'
2026-02-17 17:32:31 INFO  [ pool-3-thread-1 -> org.tasktide.engine.worker.executor.TaskTideExecutor.runTasks ]: Completed task 'ItemTask-f0c942ee-fda7-42eb-91a1-50ed176ddd6f', global count: 15
2026-02-17 17:32:31 DEBUG [ pool-3-thread-1 -> org.tasktide.itemstore.AbstractItemStore.waitForLock ]: Waiting for
2026-02-17 17:32:31 INFO  [ pool-3-thread-1 -> org.tasktide.itemstore.AbstractItemStore.waitForMutex ]: Acquiring mutex
2026-02-17 17:32:35 INFO  [ pool-3-thread-1 -> org.tasktide.itemstore.AbstractItemStore.waitForMutex ]: Mutex acquired
2026-02-17 17:32:35 INFO  [ pool-3-thread-1 -> org.tasktide.itemstore.AbstractItemStore.releaseMutex ]: Releasing mutex
2026-02-17 17:32:35 INFO  [ pool-3-thread-1 -> org.tasktide.itemstore.AbstractItemStore.releaseMutex ]: Released mutex
2026-02-17 17:32:35 DEBUG [ pool-3-thread-1 -> org.tasktide.itemstore.AbstractItemStore.waitForLock ]: Waiting for
2026-02-17 17:32:35 INFO  [ pool-3-thread-1 -> org.tasktide.itemstore.AbstractItemStore.waitForMutex ]: Acquiring mutex
2026-02-17 17:32:39 INFO  [ pool-3-thread-1 -> org.tasktide.itemstore.AbstractItemStore.waitForMutex ]: Mutex acquired
2026-02-17 17:32:39 INFO  [ pool-3-thread-1 -> org.tasktide.itemstore.AbstractItemStore.releaseMutex ]: Releasing mutex
2026-02-17 17:32:40 INFO  [ pool-3-thread-1 -> org.tasktide.itemstore.AbstractItemStore.releaseMutex ]: Released mutex
2026-02-17 17:32:40 DEBUG [ pool-3-thread-1 -> org.tasktide.itemstore.AbstractItemStore.waitForLock ]: Waiting for
2026-02-17 17:32:40 INFO  [ pool-3-thread-1 -> org.tasktide.itemstore.AbstractItemStore.waitForMutex ]: Acquiring mutex
2026-02-17 17:32:43 INFO  [ pool-3-thread-1 -> org.tasktide.itemstore.AbstractItemStore.waitForMutex ]: Mutex acquired
2026-02-17 17:32:44 INFO  [ pool-3-thread-1 -> org.tasktide.itemstore.AbstractItemStore.releaseMutex ]: Releasing mutex
2026-02-17 17:32:44 INFO  [ pool-3-thread-1 -> org.tasktide.itemstore.AbstractItemStore.releaseMutex ]: Released mutex
2026-02-17 17:32:44 DEBUG [ pool-3-thread-1 -> org.tasktide.itemstore.AbstractItemStore.waitForLock ]: Waiting for
2026-02-17 17:32:44 INFO  [ pool-3-thread-1 -> org.tasktide.itemstore.AbstractItemStore.waitForMutex ]: Acquiring mutex
2026-02-17 17:32:48 INFO  [ pool-3-thread-1 -> org.tasktide.itemstore.AbstractItemStore.waitForMutex ]: Mutex acquired
2026-02-17 17:32:48 INFO  [ pool-3-thread-1 -> org.tasktide.itemstore.AbstractItemStore.releaseMutex ]: Releasing mutex
2026-02-17 17:32:48 INFO  [ pool-3-thread-1 -> org.tasktide.itemstore.AbstractItemStore.releaseMutex ]: Released mutex
2026-02-17 17:32:48 INFO  [ pool-3-thread-1 -> org.tasktide.engine.observer.worker.TimeKeeperObserver.onTaskEnd ]: Measuring the elapsed time of task 'ItemTask-f0c942ee-fda7-42eb-91a1-50ed176ddd6f',
2026-02-17 17:32:48 INFO  [ pool-3-thread-1 -> org.tasktide.engine.observer.worker.TimeKeeperObserver.onTaskEnd ]: Task 'ItemTask-f0c942ee-fda7-42eb-91a1-50ed176ddd6f' completed in 67651ms
2026-02-17 17:32:48 DEBUG [ pool-3-thread-1 -> org.tasktide.engine.observer.worker.TimeKeeperObserver.measureTime ]: Mean duration = '67651ms', Expected Next = '1771349636450ms', Max End '1771349601148ms', Is time = 'false'
2026-02-17 17:32:48 WARN  [ pool-3-thread-1 -> org.tasktide.engine.observer.worker.TimeKeeperObserver.evaluateDuration ]: Warning not enough estimated time for next task to run
2026-02-17 17:32:48 INFO  [ pool-3-thread-1 -> org.tasktide.engine.observer.worker.TimeKeeperObserver.onTaskEnd ]: TimeKeeper evaluated time left next 'false' with ItemTask:	'ItemTask-f0c942ee-fda7-42eb-91a1-50ed176ddd6f'
2026-02-17 17:32:48 INFO  [ pool-3-thread-1 -> org.tasktide.engine.worker.executor.TaskTideExecutor.runTasks ]: 

Workload processing complete, displaying summary:
Thread Total = '1', Thread Done = '0', Done = '15', Failed = '0', Skipped = '0'
2026-02-17 17:33:00 INFO  [ main -> org.tasktide.engine.TaskTideEngineUtility.waitOnExecutorTrackerWorkItem ]: Displaying Iter-'6' StateSummary of ExecutorServiceTracker:

Total='8', Remaining='1', Done='7', Expected='1'
2026-02-17 17:33:00 INFO  [ main -> org.tasktide.engine.TaskTideEngineUtility.waitOnExecutorTrackerWorkItem ]: Letting '64000'ms elapse for state monitoring of ExecutorServiceTracker:	'8'
2026-02-17 17:34:04 INFO  [ main -> org.tasktide.engine.TaskTideEngineUtility.waitOnExecutorTrackerWorkItem ]: Displaying Iter-'7' StateSummary of ExecutorServiceTracker:

Total='8', Remaining='1', Done='7', Expected='1'
2026-02-17 17:34:04 INFO  [ main -> org.tasktide.engine.TaskTideEngineUtility.waitOnExecutorTrackerWorkItem ]: Letting '85000'ms elapse for state monitoring of ExecutorServiceTracker:	'8'
2026-02-17 17:34:09 INFO  [ pool-2-thread-5 -> org.tasktide.engine.observer.worker.executor.WorkItemExecutorObserver.pollUntilDone ]: Displaying Iter-'8' StateSummary of WorkItem:	'WorkItem-bf571273-2592-4931-b537-cb398ad54514'

{
    "State Summary": {
        "LOCKED": 0,
        "TODO": 0,
        "DONE": 1,
        "ERROR": 0,
        "FOR_UNLOCK": 0
    }
}


2026-02-17 17:34:09 INFO  [ pool-2-thread-5 -> org.tasktide.engine.observer.worker.executor.WorkItemExecutorObserver.pollUntilDone ]: Completed processing of '1' WorkItems with '1'
2026-02-17 17:34:09 INFO  [ pool-2-thread-5 -> org.tasktide.engine.worker.executor.WorkItemExecutor.executeTask ]: Task processing complete on WorkItem:	'WorkItem-bf571273-2592-4931-b537-cb398ad54514'
2026-02-17 17:34:09 INFO  [ pool-2-thread-5 -> org.tasktide.engine.worker.executor.TaskTideExecutor.runTasks ]: Completed task 'WorkItem-bf571273-2592-4931-b537-cb398ad54514', global count: 16
2026-02-17 17:34:09 INFO  [ pool-2-thread-5 -> org.tasktide.engine.observer.worker.TimeKeeperObserver.onTaskEnd ]: Measuring the elapsed time of task 'WorkItem-bf571273-2592-4931-b537-cb398ad54514',
2026-02-17 17:34:09 INFO  [ pool-2-thread-5 -> org.tasktide.engine.observer.worker.TimeKeeperObserver.onTaskEnd ]: Task 'WorkItem-bf571273-2592-4931-b537-cb398ad54514' completed in 377718ms
2026-02-17 17:34:09 WARN  [ pool-2-thread-5 -> org.tasktide.engine.observer.worker.TimeKeeperObserver.evaluateDuration ]: Warning task excution time '100000ms' breached by '277718ms'
2026-02-17 17:34:09 INFO  [ pool-2-thread-5 -> org.tasktide.engine.observer.worker.TimeKeeperObserver.onTaskEnd ]: TimeKeeper evaluated time left next 'false' with ItemTask:	'WorkItem-bf571273-2592-4931-b537-cb398ad54514'
2026-02-17 17:34:09 DEBUG [ pool-2-thread-5 -> org.tasktide.itemstore.AbstractItemStore.waitForLock ]: Waiting for
2026-02-17 17:34:09 INFO  [ pool-2-thread-5 -> org.tasktide.itemstore.AbstractItemStore.waitForMutex ]: Acquiring mutex
2026-02-17 17:34:13 INFO  [ pool-2-thread-5 -> org.tasktide.itemstore.AbstractItemStore.waitForMutex ]: Mutex acquired
2026-02-17 17:34:13 INFO  [ pool-2-thread-5 -> org.tasktide.itemstore.AbstractItemStore.releaseMutex ]: Releasing mutex
2026-02-17 17:34:13 INFO  [ pool-2-thread-5 -> org.tasktide.itemstore.AbstractItemStore.releaseMutex ]: Released mutex
2026-02-17 17:34:13 DEBUG [ pool-2-thread-5 -> org.tasktide.itemstore.AbstractItemStore.waitForLock ]: Waiting for
2026-02-17 17:34:13 INFO  [ pool-2-thread-5 -> org.tasktide.itemstore.AbstractItemStore.waitForMutex ]: Acquiring mutex
2026-02-17 17:34:17 INFO  [ pool-2-thread-5 -> org.tasktide.itemstore.AbstractItemStore.waitForMutex ]: Mutex acquired
2026-02-17 17:34:17 INFO  [ pool-2-thread-5 -> org.tasktide.itemstore.AbstractItemStore.releaseMutex ]: Releasing mutex
2026-02-17 17:34:18 INFO  [ pool-2-thread-5 -> org.tasktide.itemstore.AbstractItemStore.releaseMutex ]: Released mutex
2026-02-17 17:34:18 DEBUG [ pool-2-thread-5 -> org.tasktide.itemstore.AbstractItemStore.waitForLock ]: Waiting for
2026-02-17 17:34:18 INFO  [ pool-2-thread-5 -> org.tasktide.itemstore.AbstractItemStore.waitForMutex ]: Acquiring mutex
2026-02-17 17:34:21 INFO  [ pool-2-thread-5 -> org.tasktide.itemstore.AbstractItemStore.waitForMutex ]: Mutex acquired
2026-02-17 17:34:21 INFO  [ pool-2-thread-5 -> org.tasktide.itemstore.AbstractItemStore.releaseMutex ]: Releasing mutex
2026-02-17 17:34:22 INFO  [ pool-2-thread-5 -> org.tasktide.itemstore.AbstractItemStore.releaseMutex ]: Released mutex
2026-02-17 17:34:22 INFO  [ pool-2-thread-5 -> org.tasktide.engine.observer.worker.executor.WorkItemExecutorObserver.onTaskEnd ]: Unlocked N = '0' sub tasks for WorkItem:	'WorkItem-bf571273-2592-4931-b537-cb398ad54514'
2026-02-17 17:34:22 INFO  [ pool-2-thread-5 -> org.tasktide.engine.worker.executor.TaskTideExecutor.runTasks ]: 

Workload processing complete, displaying summary:
Thread Total = '1', Thread Done = '0', Done = '16', Failed = '0', Skipped = '0'
2026-02-17 17:35:29 INFO  [ main -> org.tasktide.engine.TaskTideEngineUtility.waitOnExecutorTrackerWorkItem ]: Displaying Iter-'8' StateSummary of ExecutorServiceTracker:

Total='8', Remaining='0', Done='8', Expected='1'
2026-02-17 17:35:29 INFO  [ main -> org.tasktide.engine.TaskTideEngineUtility.waitOnExecutorTrackerWorkItem ]: Letting '85000'ms elapse for state monitoring of ExecutorServiceTracker:	'8'
2026-02-17 17:37:00 INFO  [ main -> org.tasktide.tasktide.TaskTide.main ]: Configuring the CDI Container Provider
2026-02-17 17:37:01 INFO  [ main -> org.tasktide.tasktide.client.TaskTideClientUtility.configureCdiInstance ]: Starting 'Weld' container
2026-02-17 17:37:29 INFO  [ main -> org.tasktide.tasktide.TaskTide.main ]: Fetching TaskTide configs
2026-02-17 17:37:29 DEBUG [ main -> org.tasktide.tasktide.client.config.GlobalConfig.filePath ]: Argument is configured as:
'Argument{value=sqliteDbStore, refClass=class java.lang.String, name=File Path, shortFlag=-fp, longFlag=--file-path, description=Specifies the file path for RocksDB/Json repository, argType=GLOBAL}'
2026-02-17 17:37:29 DEBUG [ main -> org.tasktide.parser.CliParser.parse ]: Parsing global arguments:	N = '14'
2026-02-17 17:37:29 DEBUG [ main -> org.tasktide.parser.CliParser.parseFromMap ]: Parsing argument data:
'Argument{value=null, refClass=class java.lang.String, name=NoSQL Host:Port, shortFlag=-nsh, longFlag=--nosql-host, description=Specifies the backend NoSQL-DB host:port to use, argType=ACTION}'
2026-02-17 17:37:29 DEBUG [ main -> org.tasktide.parser.CliParser.parseFromMap ]: Fetched raw value of 'null'
2026-02-17 17:37:29 DEBUG [ main -> org.tasktide.parser.CliParser.parseFromMap ]: Parsing argument data:
'Argument{value=4, refClass=class java.lang.Integer, name=Token Expiration, shortFlag=-te, longFlag=--token-expiration, description=Specifies the token expiration limit, default is 4 days, argType=GLOBAL}'
2026-02-17 17:37:29 DEBUG [ main -> org.tasktide.parser.CliParser.parseFromMap ]: Fetched raw value of 'null'
2026-02-17 17:37:29 DEBUG [ main -> org.tasktide.parser.CliParser.parseFromMap ]: Parsing argument data:
'Argument{value=false, refClass=class java.lang.Boolean, name=Help, shortFlag=-h, longFlag=--help, description=Displays command-line documentation, argType=GLOBAL}'
2026-02-17 17:37:29 DEBUG [ main -> org.tasktide.parser.CliParser.parseFromMap ]: Fetched raw value of 'null'
2026-02-17 17:37:29 DEBUG [ main -> org.tasktide.parser.CliParser.parseFromMap ]: Parsing argument data:
'Argument{value=null, refClass=class java.lang.String, name=NoSQL Database Type, shortFlag=-dbt, longFlag=--nosql-database-type, description=Specifies the NoSQL Database Type: Document, KeyValue, Column, Graph, argType=ACTION}'
2026-02-17 17:37:29 DEBUG [ main -> org.tasktide.parser.CliParser.parseFromMap ]: Fetched raw value of 'null'
2026-02-17 17:37:29 DEBUG [ main -> org.tasktide.parser.CliParser.parseFromMap ]: Parsing argument data:
'Argument{value=, refClass=class java.lang.String, name=WorkItem Name, shortFlag=-win, longFlag=--work-item-collection-name, description=Specifies the WorkItem Collection Name to use, argType=GLOBAL}'
2026-02-17 17:37:29 DEBUG [ main -> org.tasktide.parser.CliParser.parseFromMap ]: Fetched raw value of 'null'
2026-02-17 17:37:29 DEBUG [ main -> org.tasktide.parser.CliParser.parseFromMap ]: Parsing argument data:
'Argument{value=null, refClass=class java.lang.String, name=NoSQL Database Provider, shortFlag=-dbt, longFlag=--nosql-database-provider, description=Specifies the NoSQL Software Name: Mongo, CouchDB etc, argType=ACTION}'
2026-02-17 17:37:29 DEBUG [ main -> org.tasktide.parser.CliParser.parseFromMap ]: Fetched raw value of 'null'
2026-02-17 17:37:29 DEBUG [ main -> org.tasktide.parser.CliParser.parseFromMap ]: Parsing argument data:
'Argument{value=Arbitrary, refClass=class java.lang.String, name=Workflow Name, shortFlag=-wn, longFlag=--workflow-name, description=Specifies the workflow name to use, argType=GLOBAL}'
2026-02-17 17:37:29 DEBUG [ main -> org.tasktide.parser.CliParser.parseFromMap ]: Fetched raw value of 'null'
2026-02-17 17:37:29 DEBUG [ main -> org.tasktide.parser.CliParser.parseFromMap ]: Parsing argument data:
'Argument{value=Arbitrary, refClass=class java.lang.String, name=Step Name, shortFlag=-sn, longFlag=--step-name, description=Specifies the step name to use, argType=GLOBAL}'
2026-02-17 17:37:29 DEBUG [ main -> org.tasktide.parser.CliParser.fetchRawValue ]: Parsing on next recod is data
2026-02-17 17:37:29 DEBUG [ main -> org.tasktide.parser.CliParser.parseFromMap ]: Fetched raw value of 'PingTest'
2026-02-17 17:37:29 DEBUG [ main -> org.tasktide.parser.CliParser.parseFromMap ]: Parsing argument data:
'Argument{value=dd/MM/yy HH:mm:ss, refClass=class java.lang.String, name=Date Format, shortFlag=-df, longFlag=--date-format, description=Specifies date format to use. Default is 'dd/MM/yy HH:mm:ss', argType=GLOBAL}'
2026-02-17 17:37:29 DEBUG [ main -> org.tasktide.parser.CliParser.parseFromMap ]: Fetched raw value of 'null'
2026-02-17 17:37:29 DEBUG [ main -> org.tasktide.parser.CliParser.parseFromMap ]: Parsing argument data:
'Argument{value=null, refClass=class java.lang.String, name=NoSQL Password, shortFlag=-nsp, longFlag=--nosql-password, description=Specifies the backend NoSQL-DB password to use, argType=ACTION}'
2026-02-17 17:37:29 DEBUG [ main -> org.tasktide.parser.CliParser.parseFromMap ]: Fetched raw value of 'null'
2026-02-17 17:37:29 DEBUG [ main -> org.tasktide.parser.CliParser.parseFromMap ]: Parsing argument data:
'Argument{value=null, refClass=class java.lang.String, name=NoSQL Provider Class, shortFlag=-nspc, longFlag=--nosql-provider-class, description=Specifies the backend NoSQL-DB Provider Class, argType=ACTION}'
2026-02-17 17:37:29 DEBUG [ main -> org.tasktide.parser.CliParser.parseFromMap ]: Fetched raw value of 'null'
2026-02-17 17:37:29 DEBUG [ main -> org.tasktide.parser.CliParser.parseFromMap ]: Parsing argument data:
'Argument{value=null, refClass=class java.lang.String, name=NoSQL User, shortFlag=-nsu, longFlag=--nosql-user, description=Specifies the backend NoSQL-DB Username to use, argType=ACTION}'
2026-02-17 17:37:29 DEBUG [ main -> org.tasktide.parser.CliParser.parseFromMap ]: Fetched raw value of 'null'
2026-02-17 17:37:29 DEBUG [ main -> org.tasktide.parser.CliParser.parseFromMap ]: Parsing argument data:
'Argument{value=sqliteDbStore, refClass=class java.lang.String, name=File Path, shortFlag=-fp, longFlag=--file-path, description=Specifies the file path for RocksDB/Json repository, argType=GLOBAL}'
2026-02-17 17:37:29 DEBUG [ main -> org.tasktide.parser.CliParser.fetchRawValue ]: Parsing on next recod is data
2026-02-17 17:37:29 DEBUG [ main -> org.tasktide.parser.CliParser.parseFromMap ]: Fetched raw value of './ItemStoreRepo/sqlite'
2026-02-17 17:37:29 DEBUG [ main -> org.tasktide.parser.CliParser.parseFromMap ]: Parsing argument data:
'Argument{value=sqlite, refClass=class java.lang.String, name=Repository Type, shortFlag=-rt, longFlag=--repository-type, description=Specifies the backend repository type: RocksDB, NoSQL, Json, argType=GLOBAL}'
2026-02-17 17:37:29 DEBUG [ main -> org.tasktide.parser.CliParser.fetchRawValue ]: Parsing on next recod is data
2026-02-17 17:37:29 DEBUG [ main -> org.tasktide.parser.CliParser.parseFromMap ]: Fetched raw value of 'sqlite'
2026-02-17 17:37:29 DEBUG [ main -> org.tasktide.parser.CliParser.parse ]: Parsing action arguments for:	'engine'
2026-02-17 17:37:29 DEBUG [ main -> org.tasktide.parser.CliParser.parseFromMap ]: Parsing argument data:
'Argument{value=false, refClass=class java.lang.Boolean, name=Help, shortFlag=-h, longFlag=--help, description=Displays command-line documentation, argType=ACTION}'
2026-02-17 17:37:29 DEBUG [ main -> org.tasktide.parser.CliParser.parseFromMap ]: Fetched raw value of 'null'
2026-02-17 17:37:29 DEBUG [ main -> org.tasktide.parser.CliParser.parseFromMap ]: Parsing argument data:
'Argument{value=, refClass=class java.lang.String, name=Pilot Label Annotation, shortFlag=-pla, longFlag=--pilot-label-annotation, description=For early task binding to pilot job, argType=ACTION}'
2026-02-17 17:37:29 DEBUG [ main -> org.tasktide.parser.CliParser.parseFromMap ]: Fetched raw value of 'null'
2026-02-17 17:37:29 DEBUG [ main -> org.tasktide.parser.CliParser.parseFromMap ]: Parsing argument data:
'Argument{value=1, refClass=class java.lang.Integer, name=WorkItem SubTasking Threshold, shortFlag=-ws, longFlag=--work-item-sub-task-threshold, description=Defines the numbers of WorkItems which are processed as a workload by its ThreadPool, argType=ACTION}'
2026-02-17 17:37:29 DEBUG [ main -> org.tasktide.parser.CliParser.parseFromMap ]: Fetched raw value of 'null'
2026-02-17 17:37:29 DEBUG [ main -> org.tasktide.parser.CliParser.parseFromMap ]: Parsing argument data:
'Argument{value=batch, refClass=class java.lang.String, name=Execution Policy, shortFlag=-ep, longFlag=--execution-policy, description=Execution policy of engine:	Batch (Default), Service, argType=ACTION}'
2026-02-17 17:37:29 DEBUG [ main -> org.tasktide.parser.CliParser.fetchRawValue ]: Parsing on next recod is data
2026-02-17 17:37:29 DEBUG [ main -> org.tasktide.parser.CliParser.parseFromMap ]: Fetched raw value of 'service'
2026-02-17 17:37:29 DEBUG [ main -> org.tasktide.parser.CliParser.parseFromMap ]: Parsing argument data:
'Argument{value=1, refClass=class java.lang.Integer, name=ItemTask Threads, shortFlag=-i, longFlag=--item-task-threads, description=Defines the number of threads that item task processing can be distributed to, argType=ACTION}'
2026-02-17 17:37:29 DEBUG [ main -> org.tasktide.parser.CliParser.parseFromMap ]: Fetched raw value of 'null'
2026-02-17 17:37:29 DEBUG [ main -> org.tasktide.parser.CliParser.parseFromMap ]: Parsing argument data:
'Argument{value=1000000, refClass=class java.lang.Integer, name=TimeKeeper Wall Time, shortFlag=-t, longFlag=--max-wall-time, description=Configures the max wall-time for task processing in __, argType=ACTION}'
2026-02-17 17:37:29 DEBUG [ main -> org.tasktide.parser.CliParser.parseFromMap ]: Fetched raw value of 'null'
2026-02-17 17:37:29 DEBUG [ main -> org.tasktide.parser.CliParser.parseFromMap ]: Parsing argument data:
'Argument{value=1, refClass=class java.lang.Integer, name=WorkItem Threads, shortFlag=-w, longFlag=--work-item-threads, description=Defines the number of threads that work item processing can be distributed to, argType=ACTION}'
2026-02-17 17:37:29 DEBUG [ main -> org.tasktide.parser.CliParser.fetchRawValue ]: Parsing on next recod is data
2026-02-17 17:37:29 DEBUG [ main -> org.tasktide.parser.CliParser.parseFromMap ]: Fetched raw value of '5'
2026-02-17 17:37:29 DEBUG [ main -> org.tasktide.parser.CliParser.parseFromMap ]: Parsing argument data:
'Argument{value=1, refClass=class java.lang.Integer, name=ItemTask SubTasking Threshold, shortFlag=-is, longFlag=--item-task-sub-task-threshold, description=Defines the numbers of ItemTasks which are processed as a workload by its ThreadPool, argType=ACTION}'
2026-02-17 17:37:29 DEBUG [ main -> org.tasktide.parser.CliParser.parseFromMap ]: Fetched raw value of 'null'
2026-02-17 17:37:29 DEBUG [ main -> org.tasktide.parser.CliParser.parseFromMap ]: Parsing argument data:
'Argument{value=, refClass=class java.lang.String, name=Pilot Label Key, shortFlag=-plk, longFlag=--pilot-label-key, description=For early task binding to pilot job, argType=ACTION}'
2026-02-17 17:37:29 DEBUG [ main -> org.tasktide.parser.CliParser.parseFromMap ]: Fetched raw value of 'null'
2026-02-17 17:37:29 DEBUG [ main -> org.tasktide.parser.CliParser.parseFromMap ]: Parsing argument data:
'Argument{value=, refClass=class java.lang.String, name=Pilot Label Value, shortFlag=-plv, longFlag=--pilot-label-value, description=For early task binding to pilot job, argType=ACTION}'
2026-02-17 17:37:29 DEBUG [ main -> org.tasktide.parser.CliParser.parseFromMap ]: Fetched raw value of 'null'
2026-02-17 17:37:29 DEBUG [ main -> org.tasktide.tasktide.client.ClientConfigMap.whichClient ]: Evaluating client module for:	'engine'
2026-02-17 17:37:29 INFO  [ main -> org.tasktide.tasktide.client.TaskTideClientUtility.fetchRepoType ]: Querying configured repo type:	'sqlite'
2026-02-17 17:37:29 INFO  [ main -> org.tasktide.tasktide.TaskTide.main ]: Fetching the TaskTideServiceManager for 'Item Store' Repository
2026-02-17 17:37:29 INFO  [ main -> org.tasktide.tasktide.client.TaskTideClientUtility.initServiceManager ]: Configuring ItemStore ServiceManager
2026-02-17 17:37:29 DEBUG [ main -> org.tasktide.tasktide.client.TaskTideClientUtility.initItemStoreServiceManager ]: Repository FilePath is:	'./ItemStoreRepo/sqlite'
2026-02-17 17:37:29 INFO  [ main -> org.tasktide.core.repository.itemstore_repo.ItemStoreRepositoryUtility.fetchItemStoreMap ]: Prcessing ItemStore from under:	'./ItemStoreRepo/sqlite'
2026-02-17 17:37:29 DEBUG [ main -> org.tasktide.core.repository.itemstore_repo.ItemStoreRepositoryUtility.fetchItemStore ]: ItemStore Directory created under:	'./ItemStoreRepo/sqlite/WORKITEM'
2026-02-17 17:37:29 INFO  [ main -> org.tasktide.itemstore.SqliteStore.initItemStore ]: Initializing DB
2026-02-17 17:37:29 DEBUG [ main -> org.tasktide.itemstore.AbstractItemStore.waitForLock ]: Waiting for
2026-02-17 17:37:29 INFO  [ main -> org.tasktide.itemstore.AbstractItemStore.waitForMutex ]: Acquiring mutex
2026-02-17 17:37:34 INFO  [ main -> org.tasktide.itemstore.AbstractItemStore.waitForMutex ]: Mutex acquired
2026-02-17 17:37:35 INFO  [ main -> org.tasktide.itemstore.AbstractItemStore.releaseMutex ]: Releasing mutex
2026-02-17 17:37:35 INFO  [ main -> org.tasktide.itemstore.AbstractItemStore.releaseMutex ]: Released mutex
2026-02-17 17:37:35 DEBUG [ main -> org.tasktide.core.repository.itemstore_repo.ItemStoreRepositoryUtility.fetchItemStore ]: ItemStore Directory created under:	'./ItemStoreRepo/sqlite/STEP'
2026-02-17 17:37:35 WARN  [ main -> org.tasktide.itemstore.AbstractItemStore.<init> ]: Mutex already configured
2026-02-17 17:37:35 INFO  [ main -> org.tasktide.itemstore.SqliteStore.initItemStore ]: Initializing DB under active mutex
2026-02-17 17:37:36 DEBUG [ main -> org.tasktide.core.repository.itemstore_repo.ItemStoreRepositoryUtility.fetchItemStore ]: ItemStore Directory created under:	'./ItemStoreRepo/sqlite/WORKFLOW'
2026-02-17 17:37:36 WARN  [ main -> org.tasktide.itemstore.AbstractItemStore.<init> ]: Mutex already configured
2026-02-17 17:37:36 INFO  [ main -> org.tasktide.itemstore.SqliteStore.initItemStore ]: Initializing DB under active mutex
2026-02-17 17:37:36 DEBUG [ main -> org.tasktide.core.repository.itemstore_repo.ItemStoreRepositoryUtility.fetchItemStore ]: ItemStore Directory created under:	'./ItemStoreRepo/sqlite/JOB_ENVIRONMENT'
2026-02-17 17:37:36 WARN  [ main -> org.tasktide.itemstore.AbstractItemStore.<init> ]: Mutex already configured
2026-02-17 17:37:36 INFO  [ main -> org.tasktide.itemstore.SqliteStore.initItemStore ]: Initializing DB under active mutex
2026-02-17 17:37:36 DEBUG [ main -> org.tasktide.core.repository.itemstore_repo.ItemStoreRepositoryUtility.fetchItemStore ]: ItemStore Directory created under:	'./ItemStoreRepo/sqlite/METRIC_DATA'
2026-02-17 17:37:36 WARN  [ main -> org.tasktide.itemstore.AbstractItemStore.<init> ]: Mutex already configured
2026-02-17 17:37:36 INFO  [ main -> org.tasktide.itemstore.SqliteStore.initItemStore ]: Initializing DB under active mutex
2026-02-17 17:37:36 DEBUG [ main -> org.tasktide.core.repository.itemstore_repo.ItemStoreRepositoryUtility.fetchItemStore ]: ItemStore Directory created under:	'./ItemStoreRepo/sqlite/METRIC_PROFILE'
2026-02-17 17:37:36 WARN  [ main -> org.tasktide.itemstore.AbstractItemStore.<init> ]: Mutex already configured
2026-02-17 17:37:36 INFO  [ main -> org.tasktide.itemstore.SqliteStore.initItemStore ]: Initializing DB under active mutex
2026-02-17 17:37:36 INFO  [ main -> org.tasktide.itemstore.AbstractItemStore.releaseMutex ]: Releasing mutex
2026-02-17 17:37:36 INFO  [ main -> org.tasktide.itemstore.AbstractItemStore.releaseMutex ]: Released mutex
2026-02-17 17:37:37 DEBUG [ main -> org.tasktide.core.repository.itemstore_repo.ItemStoreRepositoryUtility.initServiceManager ]: Displaying configured service manager:
'{
    "STEP": {
        "configured": true,
        "repo": {
            "collectionName": "Step-Service",
            "repositoryMetaData": {
                "Collection Name": "Step-Service",
                "Model Class": "Step",
                "Repository Type": "Item Store"
            }
        }
    },
    "JOB_ENVIRONMENT": {
        "configured": true,
        "repo": {
            "collectionName": "JobEnvironment",
            "repositoryMetaData": {
                "Collection Name": "JobEnvironment",
                "Model Class": "JobEnvironment",
                "Repository Type": "Item Store"
            }
        }
    },
    "METRIC_DATA": {
        "configured": true,
        "repo": {
            "collectionName": "MetricData",
            "repositoryMetaData": {
                "Collection Name": "MetricData",
                "Model Class": "MetricData",
                "Repository Type": "Item Store"
            }
        }
    },
    "METRIC_PROFILE": {
        "configured": true,
        "repo": {
            "collectionName": "MetricProfile",
            "repositoryMetaData": {
                "Collection Name": "MetricProfile",
                "Model Class": "MetricProfile",
                "Repository Type": "Item Store"
            }
        }
    },
    "WORKITEM": {
        "configured": true,
        "lockWaitTime": 4,
        "repo": {
            "collectionName": "WorkItem-Service",
            "repositoryMetaData": {
                "Collection Name": "WorkItem-Service",
                "Model Class": "WorkItem",
                "Repository Type": "Item Store"
            }
        }
    },
    "WORKFLOW": {
        "configured": true,
        "repo": {
            "collectionName": "Workflow-Service",
            "repositoryMetaData": {
                "Collection Name": "Workflow-Service",
                "Model Class": "Workflow",
                "Repository Type": "Item Store"
            }
        }
    }
}'
2026-02-17 17:37:37 INFO  [ main -> org.tasktide.tasktide.TaskTide.main ]: ServiceManager state is now:	'true'
2026-02-17 17:37:37 INFO  [ main -> org.tasktide.tasktide.TaskTide.main ]: Constructing client:	'Engine'
2026-02-17 17:37:37 DEBUG [ main -> org.tasktide.itemstore.AbstractItemStore.waitForLock ]: Waiting for
2026-02-17 17:37:37 INFO  [ main -> org.tasktide.itemstore.AbstractItemStore.waitForMutex ]: Acquiring mutex
2026-02-17 17:37:41 INFO  [ main -> org.tasktide.itemstore.AbstractItemStore.waitForMutex ]: Mutex acquired
2026-02-17 17:37:41 INFO  [ main -> org.tasktide.itemstore.AbstractItemStore.releaseMutex ]: Releasing mutex
2026-02-17 17:37:41 INFO  [ main -> org.tasktide.itemstore.AbstractItemStore.releaseMutex ]: Released mutex
2026-02-17 17:37:41 DEBUG [ main -> org.tasktide.itemstore.AbstractItemStore.waitForLock ]: Waiting for
2026-02-17 17:37:41 INFO  [ main -> org.tasktide.itemstore.AbstractItemStore.waitForMutex ]: Acquiring mutex
2026-02-17 17:37:45 INFO  [ main -> org.tasktide.itemstore.AbstractItemStore.waitForMutex ]: Mutex acquired
2026-02-17 17:37:46 INFO  [ main -> org.tasktide.itemstore.AbstractItemStore.releaseMutex ]: Releasing mutex
2026-02-17 17:37:46 INFO  [ main -> org.tasktide.itemstore.AbstractItemStore.releaseMutex ]: Released mutex
2026-02-17 17:37:46 INFO  [ main -> org.tasktide.tasktide.client.TaskTideEngineClient.performClientTask ]: Determining engine execution policy
2026-02-17 17:37:46 INFO  [ main -> org.tasktide.tasktide.client.TaskTideEngineClient.performClientTask ]: Operating as a service
2026-02-17 17:37:46 INFO  [ main -> org.tasktide.tasktide.client.TaskTideEngineClient.fetchAndRun ]: Determing how to process workload
2026-02-17 17:37:46 INFO  [ main -> org.tasktide.tasktide.client.TaskTideEngineClient.fetchAndRun ]: Processing single step:	'PingTest'
2026-02-17 17:37:46 INFO  [ main -> org.tasktide.tasktide.client.TaskTideEngineClient.fetchWorkload ]: No pilot label provided, processing all tasks
2026-02-17 17:37:46 DEBUG [ main -> org.tasktide.itemstore.AbstractItemStore.waitForLock ]: Waiting for
2026-02-17 17:37:46 INFO  [ main -> org.tasktide.itemstore.AbstractItemStore.waitForMutex ]: Acquiring mutex
2026-02-17 17:37:50 INFO  [ main -> org.tasktide.itemstore.AbstractItemStore.waitForMutex ]: Mutex acquired
2026-02-17 17:37:50 INFO  [ main -> org.tasktide.itemstore.AbstractItemStore.releaseMutex ]: Releasing mutex
2026-02-17 17:37:51 INFO  [ main -> org.tasktide.itemstore.AbstractItemStore.releaseMutex ]: Released mutex
2026-02-17 17:37:51 WARN  [ main -> org.tasktide.tasktide.client.TaskTideEngineClient.processWorkload ]: Warning, no ToDo tasks available for processing. Query below backend for more information

{Collection Name=WorkItem-Service, Model Class=WorkItem, Repository Type=Item Store}


2026-02-17 17:37:51 INFO  [ main -> org.tasktide.tasktide.client.TaskTideEngineClient.fetchAndRun ]: Processing complete for step:	'PingTest'
2026-02-17 17:37:52 INFO  [ main -> org.tasktide.tasktide.client.TaskTideEngineClient.fetchAndRun ]: Determing how to process workload
2026-02-17 17:37:52 INFO  [ main -> org.tasktide.tasktide.client.TaskTideEngineClient.fetchAndRun ]: Processing single step:	'PingTest'
2026-02-17 17:37:52 INFO  [ main -> org.tasktide.tasktide.client.TaskTideEngineClient.fetchWorkload ]: No pilot label provided, processing all tasks
2026-02-17 17:37:52 DEBUG [ main -> org.tasktide.itemstore.AbstractItemStore.waitForLock ]: Waiting for
2026-02-17 17:37:52 INFO  [ main -> org.tasktide.itemstore.AbstractItemStore.waitForMutex ]: Acquiring mutex
2026-02-17 17:37:56 INFO  [ main -> org.tasktide.itemstore.AbstractItemStore.waitForMutex ]: Mutex acquired
2026-02-17 17:37:56 INFO  [ main -> org.tasktide.itemstore.AbstractItemStore.releaseMutex ]: Releasing mutex
2026-02-17 17:37:56 INFO  [ main -> org.tasktide.itemstore.AbstractItemStore.releaseMutex ]: Released mutex
2026-02-17 17:37:56 WARN  [ main -> org.tasktide.tasktide.client.TaskTideEngineClient.processWorkload ]: Warning, no ToDo tasks available for processing. Query below backend for more information

{Collection Name=WorkItem-Service, Model Class=WorkItem, Repository Type=Item Store}


2026-02-17 17:37:56 INFO  [ main -> org.tasktide.tasktide.client.TaskTideEngineClient.fetchAndRun ]: Processing complete for step:	'PingTest'
2026-02-17 17:38:06 INFO  [ main -> org.tasktide.tasktide.client.TaskTideEngineClient.fetchAndRun ]: Determing how to process workload
2026-02-17 17:38:06 INFO  [ main -> org.tasktide.tasktide.client.TaskTideEngineClient.fetchAndRun ]: Processing single step:	'PingTest'
2026-02-17 17:38:06 INFO  [ main -> org.tasktide.tasktide.client.TaskTideEngineClient.fetchWorkload ]: No pilot label provided, processing all tasks
2026-02-17 17:38:06 DEBUG [ main -> org.tasktide.itemstore.AbstractItemStore.waitForLock ]: Waiting for
2026-02-17 17:38:06 INFO  [ main -> org.tasktide.itemstore.AbstractItemStore.waitForMutex ]: Acquiring mutex
2026-02-17 17:38:10 INFO  [ main -> org.tasktide.itemstore.AbstractItemStore.waitForMutex ]: Mutex acquired
2026-02-17 17:38:10 INFO  [ main -> org.tasktide.itemstore.AbstractItemStore.releaseMutex ]: Releasing mutex
2026-02-17 17:38:11 INFO  [ main -> org.tasktide.itemstore.AbstractItemStore.releaseMutex ]: Released mutex
2026-02-17 17:38:11 WARN  [ main -> org.tasktide.tasktide.client.TaskTideEngineClient.processWorkload ]: Warning, no ToDo tasks available for processing. Query below backend for more information

{Collection Name=WorkItem-Service, Model Class=WorkItem, Repository Type=Item Store}


2026-02-17 17:38:11 INFO  [ main -> org.tasktide.tasktide.client.TaskTideEngineClient.fetchAndRun ]: Processing complete for step:	'PingTest'
2026-02-17 17:38:20 INFO  [ main -> org.tasktide.tasktide.client.TaskTideEngineClient.fetchAndRun ]: Determing how to process workload
2026-02-17 17:38:20 INFO  [ main -> org.tasktide.tasktide.client.TaskTideEngineClient.fetchAndRun ]: Processing single step:	'PingTest'
2026-02-17 17:38:20 INFO  [ main -> org.tasktide.tasktide.client.TaskTideEngineClient.fetchWorkload ]: No pilot label provided, processing all tasks
2026-02-17 17:38:20 DEBUG [ main -> org.tasktide.itemstore.AbstractItemStore.waitForLock ]: Waiting for
2026-02-17 17:38:20 INFO  [ main -> org.tasktide.itemstore.AbstractItemStore.waitForMutex ]: Acquiring mutex
2026-02-17 17:38:21 INFO  [ main -> org.tasktide.tasktide.TaskTide.main ]: Configuring the CDI Container Provider
2026-02-17 17:38:21 INFO  [ main -> org.tasktide.tasktide.client.TaskTideClientUtility.configureCdiInstance ]: Starting 'Weld' container
2026-02-17 17:38:24 INFO  [ main -> org.tasktide.itemstore.AbstractItemStore.waitForMutex ]: Mutex acquired
2026-02-17 17:38:24 INFO  [ main -> org.tasktide.itemstore.AbstractItemStore.releaseMutex ]: Releasing mutex
2026-02-17 17:38:24 INFO  [ main -> org.tasktide.itemstore.AbstractItemStore.releaseMutex ]: Released mutex
2026-02-17 17:38:24 WARN  [ main -> org.tasktide.tasktide.client.TaskTideEngineClient.processWorkload ]: Warning, no ToDo tasks available for processing. Query below backend for more information

{Collection Name=WorkItem-Service, Model Class=WorkItem, Repository Type=Item Store}


2026-02-17 17:38:24 INFO  [ main -> org.tasktide.tasktide.client.TaskTideEngineClient.fetchAndRun ]: Processing complete for step:	'PingTest'
2026-02-17 17:38:33 INFO  [ main -> org.tasktide.tasktide.client.TaskTideEngineClient.fetchAndRun ]: Determing how to process workload
2026-02-17 17:38:33 INFO  [ main -> org.tasktide.tasktide.client.TaskTideEngineClient.fetchAndRun ]: Processing single step:	'PingTest'
2026-02-17 17:38:33 INFO  [ main -> org.tasktide.tasktide.client.TaskTideEngineClient.fetchWorkload ]: No pilot label provided, processing all tasks
2026-02-17 17:38:33 DEBUG [ main -> org.tasktide.itemstore.AbstractItemStore.waitForLock ]: Waiting for
2026-02-17 17:38:33 INFO  [ main -> org.tasktide.itemstore.AbstractItemStore.waitForMutex ]: Acquiring mutex
2026-02-17 17:38:38 INFO  [ main -> org.tasktide.itemstore.AbstractItemStore.waitForMutex ]: Mutex acquired
2026-02-17 17:38:38 INFO  [ main -> org.tasktide.itemstore.AbstractItemStore.releaseMutex ]: Releasing mutex
2026-02-17 17:38:38 INFO  [ main -> org.tasktide.itemstore.AbstractItemStore.releaseMutex ]: Released mutex
2026-02-17 17:38:38 WARN  [ main -> org.tasktide.tasktide.client.TaskTideEngineClient.processWorkload ]: Warning, no ToDo tasks available for processing. Query below backend for more information

{Collection Name=WorkItem-Service, Model Class=WorkItem, Repository Type=Item Store}


2026-02-17 17:38:38 INFO  [ main -> org.tasktide.tasktide.client.TaskTideEngineClient.fetchAndRun ]: Processing complete for step:	'PingTest'
2026-02-17 17:38:39 INFO  [ main -> org.tasktide.tasktide.client.TaskTideEngineClient.fetchAndRun ]: Determing how to process workload
2026-02-17 17:38:39 INFO  [ main -> org.tasktide.tasktide.client.TaskTideEngineClient.fetchAndRun ]: Processing single step:	'PingTest'
2026-02-17 17:38:39 INFO  [ main -> org.tasktide.tasktide.client.TaskTideEngineClient.fetchWorkload ]: No pilot label provided, processing all tasks
2026-02-17 17:38:39 DEBUG [ main -> org.tasktide.itemstore.AbstractItemStore.waitForLock ]: Waiting for
2026-02-17 17:38:39 INFO  [ main -> org.tasktide.itemstore.AbstractItemStore.waitForMutex ]: Acquiring mutex
2026-02-17 17:38:44 INFO  [ main -> org.tasktide.itemstore.AbstractItemStore.waitForMutex ]: Mutex acquired
2026-02-17 17:38:44 INFO  [ main -> org.tasktide.itemstore.AbstractItemStore.releaseMutex ]: Releasing mutex
2026-02-17 17:38:44 INFO  [ main -> org.tasktide.itemstore.AbstractItemStore.releaseMutex ]: Released mutex
2026-02-17 17:38:44 WARN  [ main -> org.tasktide.tasktide.client.TaskTideEngineClient.processWorkload ]: Warning, no ToDo tasks available for processing. Query below backend for more information

{Collection Name=WorkItem-Service, Model Class=WorkItem, Repository Type=Item Store}


2026-02-17 17:38:44 INFO  [ main -> org.tasktide.tasktide.client.TaskTideEngineClient.fetchAndRun ]: Processing complete for step:	'PingTest'
2026-02-17 17:38:45 INFO  [ main -> org.tasktide.tasktide.TaskTide.main ]: Fetching TaskTide configs
2026-02-17 17:38:45 DEBUG [ main -> org.tasktide.tasktide.client.config.GlobalConfig.filePath ]: Argument is configured as:
'Argument{value=sqliteDbStore, refClass=class java.lang.String, name=File Path, shortFlag=-fp, longFlag=--file-path, description=Specifies the file path for RocksDB/Json repository, argType=GLOBAL}'
2026-02-17 17:38:45 DEBUG [ main -> org.tasktide.parser.CliParser.parse ]: Parsing global arguments:	N = '14'
2026-02-17 17:38:45 DEBUG [ main -> org.tasktide.parser.CliParser.parseFromMap ]: Parsing argument data:
'Argument{value=null, refClass=class java.lang.String, name=NoSQL Host:Port, shortFlag=-nsh, longFlag=--nosql-host, description=Specifies the backend NoSQL-DB host:port to use, argType=ACTION}'
2026-02-17 17:38:45 DEBUG [ main -> org.tasktide.parser.CliParser.parseFromMap ]: Fetched raw value of 'null'
2026-02-17 17:38:45 DEBUG [ main -> org.tasktide.parser.CliParser.parseFromMap ]: Parsing argument data:
'Argument{value=4, refClass=class java.lang.Integer, name=Token Expiration, shortFlag=-te, longFlag=--token-expiration, description=Specifies the token expiration limit, default is 4 days, argType=GLOBAL}'
2026-02-17 17:38:45 DEBUG [ main -> org.tasktide.parser.CliParser.parseFromMap ]: Fetched raw value of 'null'
2026-02-17 17:38:45 DEBUG [ main -> org.tasktide.parser.CliParser.parseFromMap ]: Parsing argument data:
'Argument{value=false, refClass=class java.lang.Boolean, name=Help, shortFlag=-h, longFlag=--help, description=Displays command-line documentation, argType=GLOBAL}'
2026-02-17 17:38:45 DEBUG [ main -> org.tasktide.parser.CliParser.parseFromMap ]: Fetched raw value of 'null'
2026-02-17 17:38:45 DEBUG [ main -> org.tasktide.parser.CliParser.parseFromMap ]: Parsing argument data:
'Argument{value=null, refClass=class java.lang.String, name=NoSQL Database Type, shortFlag=-dbt, longFlag=--nosql-database-type, description=Specifies the NoSQL Database Type: Document, KeyValue, Column, Graph, argType=ACTION}'
2026-02-17 17:38:45 DEBUG [ main -> org.tasktide.parser.CliParser.parseFromMap ]: Fetched raw value of 'null'
2026-02-17 17:38:45 DEBUG [ main -> org.tasktide.parser.CliParser.parseFromMap ]: Parsing argument data:
'Argument{value=, refClass=class java.lang.String, name=WorkItem Name, shortFlag=-win, longFlag=--work-item-collection-name, description=Specifies the WorkItem Collection Name to use, argType=GLOBAL}'
2026-02-17 17:38:45 DEBUG [ main -> org.tasktide.parser.CliParser.parseFromMap ]: Fetched raw value of 'null'
2026-02-17 17:38:45 DEBUG [ main -> org.tasktide.parser.CliParser.parseFromMap ]: Parsing argument data:
'Argument{value=null, refClass=class java.lang.String, name=NoSQL Database Provider, shortFlag=-dbt, longFlag=--nosql-database-provider, description=Specifies the NoSQL Software Name: Mongo, CouchDB etc, argType=ACTION}'
2026-02-17 17:38:45 DEBUG [ main -> org.tasktide.parser.CliParser.parseFromMap ]: Fetched raw value of 'null'
2026-02-17 17:38:45 DEBUG [ main -> org.tasktide.parser.CliParser.parseFromMap ]: Parsing argument data:
'Argument{value=Arbitrary, refClass=class java.lang.String, name=Workflow Name, shortFlag=-wn, longFlag=--workflow-name, description=Specifies the workflow name to use, argType=GLOBAL}'
2026-02-17 17:38:45 DEBUG [ main -> org.tasktide.parser.CliParser.parseFromMap ]: Fetched raw value of 'null'
2026-02-17 17:38:45 DEBUG [ main -> org.tasktide.parser.CliParser.parseFromMap ]: Parsing argument data:
'Argument{value=Arbitrary, refClass=class java.lang.String, name=Step Name, shortFlag=-sn, longFlag=--step-name, description=Specifies the step name to use, argType=GLOBAL}'
2026-02-17 17:38:45 DEBUG [ main -> org.tasktide.parser.CliParser.fetchRawValue ]: Parsing on next recod is data
2026-02-17 17:38:45 DEBUG [ main -> org.tasktide.parser.CliParser.parseFromMap ]: Fetched raw value of 'PingTest'
2026-02-17 17:38:45 DEBUG [ main -> org.tasktide.parser.CliParser.parseFromMap ]: Parsing argument data:
'Argument{value=dd/MM/yy HH:mm:ss, refClass=class java.lang.String, name=Date Format, shortFlag=-df, longFlag=--date-format, description=Specifies date format to use. Default is 'dd/MM/yy HH:mm:ss', argType=GLOBAL}'
2026-02-17 17:38:45 DEBUG [ main -> org.tasktide.parser.CliParser.parseFromMap ]: Fetched raw value of 'null'
2026-02-17 17:38:45 DEBUG [ main -> org.tasktide.parser.CliParser.parseFromMap ]: Parsing argument data:
'Argument{value=null, refClass=class java.lang.String, name=NoSQL Password, shortFlag=-nsp, longFlag=--nosql-password, description=Specifies the backend NoSQL-DB password to use, argType=ACTION}'
2026-02-17 17:38:45 DEBUG [ main -> org.tasktide.parser.CliParser.parseFromMap ]: Fetched raw value of 'null'
2026-02-17 17:38:45 DEBUG [ main -> org.tasktide.parser.CliParser.parseFromMap ]: Parsing argument data:
'Argument{value=null, refClass=class java.lang.String, name=NoSQL Provider Class, shortFlag=-nspc, longFlag=--nosql-provider-class, description=Specifies the backend NoSQL-DB Provider Class, argType=ACTION}'
2026-02-17 17:38:45 DEBUG [ main -> org.tasktide.parser.CliParser.parseFromMap ]: Fetched raw value of 'null'
2026-02-17 17:38:45 DEBUG [ main -> org.tasktide.parser.CliParser.parseFromMap ]: Parsing argument data:
'Argument{value=null, refClass=class java.lang.String, name=NoSQL User, shortFlag=-nsu, longFlag=--nosql-user, description=Specifies the backend NoSQL-DB Username to use, argType=ACTION}'
2026-02-17 17:38:45 DEBUG [ main -> org.tasktide.parser.CliParser.parseFromMap ]: Fetched raw value of 'null'
2026-02-17 17:38:45 DEBUG [ main -> org.tasktide.parser.CliParser.parseFromMap ]: Parsing argument data:
'Argument{value=sqliteDbStore, refClass=class java.lang.String, name=File Path, shortFlag=-fp, longFlag=--file-path, description=Specifies the file path for RocksDB/Json repository, argType=GLOBAL}'
2026-02-17 17:38:45 DEBUG [ main -> org.tasktide.parser.CliParser.fetchRawValue ]: Parsing on next recod is data
2026-02-17 17:38:45 DEBUG [ main -> org.tasktide.parser.CliParser.parseFromMap ]: Fetched raw value of './ItemStoreRepo/sqlite'
2026-02-17 17:38:45 DEBUG [ main -> org.tasktide.parser.CliParser.parseFromMap ]: Parsing argument data:
'Argument{value=sqlite, refClass=class java.lang.String, name=Repository Type, shortFlag=-rt, longFlag=--repository-type, description=Specifies the backend repository type: RocksDB, NoSQL, Json, argType=GLOBAL}'
2026-02-17 17:38:45 DEBUG [ main -> org.tasktide.parser.CliParser.fetchRawValue ]: Parsing on next recod is data
2026-02-17 17:38:45 DEBUG [ main -> org.tasktide.parser.CliParser.parseFromMap ]: Fetched raw value of 'sqlite'
2026-02-17 17:38:45 DEBUG [ main -> org.tasktide.parser.CliParser.parse ]: Parsing action arguments for:	'manager'
2026-02-17 17:38:45 DEBUG [ main -> org.tasktide.parser.CliParser.parseFromMap ]: Parsing argument data:
'Argument{value=, refClass=class java.lang.String, name=Target, shortFlag=-tgt, longFlag=--target, description=Target for manager action, argType=ACTION}'
2026-02-17 17:38:45 DEBUG [ main -> org.tasktide.parser.CliParser.fetchRawValue ]: Parsing on next recod is data
2026-02-17 17:38:45 DEBUG [ main -> org.tasktide.parser.CliParser.parseFromMap ]: Fetched raw value of 'WORKITEM'
2026-02-17 17:38:45 DEBUG [ main -> org.tasktide.parser.CliParser.parseFromMap ]: Parsing argument data:
'Argument{value=false, refClass=class java.lang.Boolean, name=Help, shortFlag=-h, longFlag=--help, description=Displays command-line documentation, argType=ACTION}'
2026-02-17 17:38:45 DEBUG [ main -> org.tasktide.parser.CliParser.parseFromMap ]: Fetched raw value of 'null'
2026-02-17 17:38:45 DEBUG [ main -> org.tasktide.parser.CliParser.parseFromMap ]: Parsing argument data:
'Argument{value=|, refClass=class java.lang.String, name=Delimiter, shortFlag=-d, longFlag=--delimiter, description=Defines the delimiter to use for im/export, argType=ACTION}'
2026-02-17 17:38:45 DEBUG [ main -> org.tasktide.parser.CliParser.fetchRawValue ]: Parsing on next recod is data
2026-02-17 17:38:45 DEBUG [ main -> org.tasktide.parser.CliParser.parseFromMap ]: Fetched raw value of '|'
2026-02-17 17:38:45 DEBUG [ main -> org.tasktide.parser.CliParser.parseFromMap ]: Parsing argument data:
'Argument{value=, refClass=class java.lang.String, name=Query String, shortFlag=-qs, longFlag=--query-string, description=JSON formatted string:	 '{'Field': 'Value'}', argType=ACTION}'
2026-02-17 17:38:45 DEBUG [ main -> org.tasktide.parser.CliParser.parseFromMap ]: Fetched raw value of 'null'
2026-02-17 17:38:45 DEBUG [ main -> org.tasktide.parser.CliParser.parseFromMap ]: Parsing argument data:
'Argument{value=, refClass=class java.lang.String, name=Target File, shortFlag=-f, longFlag=--target-file, description=Defines the full file path for import, argType=ACTION}'
2026-02-17 17:38:45 DEBUG [ main -> org.tasktide.parser.CliParser.fetchRawValue ]: Parsing on next recod is data
2026-02-17 17:38:45 DEBUG [ main -> org.tasktide.parser.CliParser.parseFromMap ]: Fetched raw value of '../../../tasktide/tasktide/src/test/resources/singleTaskImports.txt'
2026-02-17 17:38:45 DEBUG [ main -> org.tasktide.parser.CliParser.parseFromMap ]: Parsing argument data:
'Argument{value=import, refClass=class java.lang.String, name=Method, shortFlag=-m, longFlag=--method, description=Whether to run import or export, argType=ACTION}'
2026-02-17 17:38:45 DEBUG [ main -> org.tasktide.parser.CliParser.fetchRawValue ]: Parsing on next recod is data
2026-02-17 17:38:45 DEBUG [ main -> org.tasktide.parser.CliParser.parseFromMap ]: Fetched raw value of 'Import'
2026-02-17 17:38:45 DEBUG [ main -> org.tasktide.parser.CliParser.parseFromMap ]: Parsing argument data:
'Argument{value=, refClass=class java.lang.String, name=ItemId, shortFlag=-ii, longFlag=--itemId, description=ItemId over which the required ManagerAction is taken, argType=ACTION}'
2026-02-17 17:38:45 DEBUG [ main -> org.tasktide.parser.CliParser.parseFromMap ]: Fetched raw value of 'null'
2026-02-17 17:38:45 DEBUG [ main -> org.tasktide.parser.CliParser.parseFromMap ]: Parsing argument data:
'Argument{value=, refClass=class java.lang.String, name=Nested Delimiter, shortFlag=-nd, longFlag=--nested-delimiter, description=Defines the ItemTask delimiter if required, argType=ACTION}'
2026-02-17 17:38:45 DEBUG [ main -> org.tasktide.parser.CliParser.parseFromMap ]: Fetched raw value of 'null'
2026-02-17 17:38:45 DEBUG [ main -> org.tasktide.tasktide.client.ClientConfigMap.whichClient ]: Evaluating client module for:	'manager'
2026-02-17 17:38:45 INFO  [ main -> org.tasktide.tasktide.client.TaskTideClientUtility.fetchRepoType ]: Querying configured repo type:	'sqlite'
2026-02-17 17:38:45 INFO  [ main -> org.tasktide.tasktide.TaskTide.main ]: Fetching the TaskTideServiceManager for 'Item Store' Repository
2026-02-17 17:38:45 INFO  [ main -> org.tasktide.tasktide.client.TaskTideClientUtility.initServiceManager ]: Configuring ItemStore ServiceManager
2026-02-17 17:38:45 DEBUG [ main -> org.tasktide.tasktide.client.TaskTideClientUtility.initItemStoreServiceManager ]: Repository FilePath is:	'./ItemStoreRepo/sqlite'
2026-02-17 17:38:45 INFO  [ main -> org.tasktide.core.repository.itemstore_repo.ItemStoreRepositoryUtility.fetchItemStoreMap ]: Prcessing ItemStore from under:	'./ItemStoreRepo/sqlite'
2026-02-17 17:38:45 DEBUG [ main -> org.tasktide.core.repository.itemstore_repo.ItemStoreRepositoryUtility.fetchItemStore ]: ItemStore Directory created under:	'./ItemStoreRepo/sqlite/WORKITEM'
2026-02-17 17:38:45 INFO  [ main -> org.tasktide.tasktide.client.TaskTideEngineClient.fetchAndRun ]: Determing how to process workload
2026-02-17 17:38:45 INFO  [ main -> org.tasktide.tasktide.client.TaskTideEngineClient.fetchAndRun ]: Processing single step:	'PingTest'
2026-02-17 17:38:45 INFO  [ main -> org.tasktide.tasktide.client.TaskTideEngineClient.fetchWorkload ]: No pilot label provided, processing all tasks
2026-02-17 17:38:45 DEBUG [ main -> org.tasktide.itemstore.AbstractItemStore.waitForLock ]: Waiting for
2026-02-17 17:38:45 INFO  [ main -> org.tasktide.itemstore.AbstractItemStore.waitForMutex ]: Acquiring mutex
2026-02-17 17:38:45 INFO  [ main -> org.tasktide.itemstore.SqliteStore.initItemStore ]: Initializing DB
2026-02-17 17:38:45 DEBUG [ main -> org.tasktide.itemstore.AbstractItemStore.waitForLock ]: Waiting for
2026-02-17 17:38:45 INFO  [ main -> org.tasktide.itemstore.AbstractItemStore.waitForMutex ]: Acquiring mutex
2026-02-17 17:38:49 INFO  [ main -> org.tasktide.itemstore.AbstractItemStore.waitForMutex ]: Mutex acquired
2026-02-17 17:38:49 INFO  [ main -> org.tasktide.itemstore.AbstractItemStore.releaseMutex ]: Releasing mutex
2026-02-17 17:38:50 INFO  [ main -> org.tasktide.itemstore.AbstractItemStore.releaseMutex ]: Released mutex
2026-02-17 17:38:50 WARN  [ main -> org.tasktide.tasktide.client.TaskTideEngineClient.processWorkload ]: Warning, no ToDo tasks available for processing. Query below backend for more information

{Collection Name=WorkItem-Service, Model Class=WorkItem, Repository Type=Item Store}


2026-02-17 17:38:50 INFO  [ main -> org.tasktide.tasktide.client.TaskTideEngineClient.fetchAndRun ]: Processing complete for step:	'PingTest'
2026-02-17 17:38:50 INFO  [ main -> org.tasktide.tasktide.client.TaskTideEngineClient.fetchAndRun ]: Determing how to process workload
2026-02-17 17:38:50 INFO  [ main -> org.tasktide.tasktide.client.TaskTideEngineClient.fetchAndRun ]: Processing single step:	'PingTest'
2026-02-17 17:38:50 INFO  [ main -> org.tasktide.tasktide.client.TaskTideEngineClient.fetchWorkload ]: No pilot label provided, processing all tasks
2026-02-17 17:38:50 DEBUG [ main -> org.tasktide.itemstore.AbstractItemStore.waitForLock ]: Waiting for
2026-02-17 17:38:50 INFO  [ main -> org.tasktide.itemstore.AbstractItemStore.waitForMutex ]: Acquiring mutex
2026-02-17 17:38:53 INFO  [ main -> org.tasktide.itemstore.AbstractItemStore.waitForMutex ]: Mutex acquired
2026-02-17 17:38:54 INFO  [ main -> org.tasktide.itemstore.AbstractItemStore.releaseMutex ]: Releasing mutex
2026-02-17 17:38:54 INFO  [ main -> org.tasktide.itemstore.AbstractItemStore.releaseMutex ]: Released mutex
2026-02-17 17:38:54 DEBUG [ main -> org.tasktide.core.repository.itemstore_repo.ItemStoreRepositoryUtility.fetchItemStore ]: ItemStore Directory created under:	'./ItemStoreRepo/sqlite/STEP'
2026-02-17 17:38:54 WARN  [ main -> org.tasktide.itemstore.AbstractItemStore.<init> ]: Mutex already configured
2026-02-17 17:38:54 INFO  [ main -> org.tasktide.itemstore.SqliteStore.initItemStore ]: Initializing DB under active mutex
2026-02-17 17:38:54 DEBUG [ main -> org.tasktide.core.repository.itemstore_repo.ItemStoreRepositoryUtility.fetchItemStore ]: ItemStore Directory created under:	'./ItemStoreRepo/sqlite/WORKFLOW'
2026-02-17 17:38:54 WARN  [ main -> org.tasktide.itemstore.AbstractItemStore.<init> ]: Mutex already configured
2026-02-17 17:38:54 INFO  [ main -> org.tasktide.itemstore.SqliteStore.initItemStore ]: Initializing DB under active mutex
2026-02-17 17:38:54 DEBUG [ main -> org.tasktide.core.repository.itemstore_repo.ItemStoreRepositoryUtility.fetchItemStore ]: ItemStore Directory created under:	'./ItemStoreRepo/sqlite/JOB_ENVIRONMENT'
2026-02-17 17:38:54 WARN  [ main -> org.tasktide.itemstore.AbstractItemStore.<init> ]: Mutex already configured
2026-02-17 17:38:54 INFO  [ main -> org.tasktide.itemstore.SqliteStore.initItemStore ]: Initializing DB under active mutex
2026-02-17 17:38:54 DEBUG [ main -> org.tasktide.core.repository.itemstore_repo.ItemStoreRepositoryUtility.fetchItemStore ]: ItemStore Directory created under:	'./ItemStoreRepo/sqlite/METRIC_DATA'
2026-02-17 17:38:54 WARN  [ main -> org.tasktide.itemstore.AbstractItemStore.<init> ]: Mutex already configured
2026-02-17 17:38:54 INFO  [ main -> org.tasktide.itemstore.SqliteStore.initItemStore ]: Initializing DB under active mutex
2026-02-17 17:38:55 DEBUG [ main -> org.tasktide.core.repository.itemstore_repo.ItemStoreRepositoryUtility.fetchItemStore ]: ItemStore Directory created under:	'./ItemStoreRepo/sqlite/METRIC_PROFILE'
2026-02-17 17:38:55 WARN  [ main -> org.tasktide.itemstore.AbstractItemStore.<init> ]: Mutex already configured
2026-02-17 17:38:55 INFO  [ main -> org.tasktide.itemstore.SqliteStore.initItemStore ]: Initializing DB under active mutex
2026-02-17 17:38:55 INFO  [ main -> org.tasktide.itemstore.AbstractItemStore.releaseMutex ]: Releasing mutex
2026-02-17 17:38:55 INFO  [ main -> org.tasktide.itemstore.AbstractItemStore.releaseMutex ]: Released mutex
2026-02-17 17:38:55 DEBUG [ main -> org.tasktide.core.repository.itemstore_repo.ItemStoreRepositoryUtility.initServiceManager ]: Displaying configured service manager:
'{
    "METRIC_PROFILE": {
        "configured": true,
        "repo": {
            "collectionName": "MetricProfile",
            "repositoryMetaData": {
                "Collection Name": "MetricProfile",
                "Model Class": "MetricProfile",
                "Repository Type": "Item Store"
            }
        }
    },
    "JOB_ENVIRONMENT": {
        "configured": true,
        "repo": {
            "collectionName": "JobEnvironment",
            "repositoryMetaData": {
                "Collection Name": "JobEnvironment",
                "Model Class": "JobEnvironment",
                "Repository Type": "Item Store"
            }
        }
    },
    "WORKITEM": {
        "configured": true,
        "lockWaitTime": 4,
        "repo": {
            "collectionName": "WorkItem-Service",
            "repositoryMetaData": {
                "Collection Name": "WorkItem-Service",
                "Model Class": "WorkItem",
                "Repository Type": "Item Store"
            }
        }
    },
    "WORKFLOW": {
        "configured": true,
        "repo": {
            "collectionName": "Workflow-Service",
            "repositoryMetaData": {
                "Collection Name": "Workflow-Service",
                "Model Class": "Workflow",
                "Repository Type": "Item Store"
            }
        }
    },
    "STEP": {
        "configured": true,
        "repo": {
            "collectionName": "Step-Service",
            "repositoryMetaData": {
                "Collection Name": "Step-Service",
                "Model Class": "Step",
                "Repository Type": "Item Store"
            }
        }
    },
    "METRIC_DATA": {
        "configured": true,
        "repo": {
            "collectionName": "MetricData",
            "repositoryMetaData": {
                "Collection Name": "MetricData",
                "Model Class": "MetricData",
                "Repository Type": "Item Store"
            }
        }
    }
}'
2026-02-17 17:38:55 INFO  [ main -> org.tasktide.tasktide.TaskTide.main ]: ServiceManager state is now:	'true'
2026-02-17 17:38:55 INFO  [ main -> org.tasktide.tasktide.TaskTide.main ]: Constructing client:	'Manager'
2026-02-17 17:38:55 INFO  [ main -> org.tasktide.tasktide.client.TaskTideManagerClient.performClientTask ]: Executing ManagerCommand:
'{
    "Command Spec": {
        "File Path": "../../../tasktide/tasktide/src/test/resources/singleTaskImports.txt",
        "Options": {
            "Item Id": "",
            "Delimiter": "|",
            "Step Name": "PingTest",
            "Nested Delimiter": ""
        },
        "Query String": ""
    },
    "Command Type": "BATCH_CREATE",
    "Manager Action": "IMPORT",
    "Manager Target": "WORKITEM"
}'
2026-02-17 17:38:55 INFO  [ main -> org.tasktide.core.manager.command.commands.ImportCommand.importFile ]: Evaluating nested delimiter of value ''
2026-02-17 17:38:55 INFO  [ main -> org.tasktide.core.manager.command.commands.ImportCommand.importFile ]: No nested delimiter detected, importing as single tasks
2026-02-17 17:38:55 INFO  [ main -> org.tasktide.core.manager.file_handler.ImportCommandRecordProcessor.recordProcessor ]: Fetching StepId for Step Name:	'PingTest'
2026-02-17 17:38:55 DEBUG [ main -> org.tasktide.itemstore.AbstractItemStore.waitForLock ]: Waiting for
2026-02-17 17:38:55 INFO  [ main -> org.tasktide.itemstore.AbstractItemStore.waitForMutex ]: Acquiring mutex
2026-02-17 17:38:57 INFO  [ main -> org.tasktide.itemstore.AbstractItemStore.waitForMutex ]: Mutex acquired
2026-02-17 17:38:57 INFO  [ main -> org.tasktide.itemstore.AbstractItemStore.releaseMutex ]: Releasing mutex
2026-02-17 17:38:57 INFO  [ main -> org.tasktide.itemstore.AbstractItemStore.releaseMutex ]: Released mutex
2026-02-17 17:38:57 WARN  [ main -> org.tasktide.tasktide.client.TaskTideEngineClient.processWorkload ]: Warning, no ToDo tasks available for processing. Query below backend for more information

{Collection Name=WorkItem-Service, Model Class=WorkItem, Repository Type=Item Store}


2026-02-17 17:38:57 INFO  [ main -> org.tasktide.tasktide.client.TaskTideEngineClient.fetchAndRun ]: Processing complete for step:	'PingTest'
2026-02-17 17:39:00 INFO  [ main -> org.tasktide.itemstore.AbstractItemStore.waitForMutex ]: Mutex acquired
2026-02-17 17:39:00 INFO  [ main -> org.tasktide.itemstore.AbstractItemStore.releaseMutex ]: Releasing mutex
2026-02-17 17:39:01 INFO  [ main -> org.tasktide.itemstore.AbstractItemStore.releaseMutex ]: Released mutex
2026-02-17 17:39:01 DEBUG [ main -> org.tasktide.itemstore.AbstractItemStore.waitForLock ]: Waiting for
2026-02-17 17:39:01 INFO  [ main -> org.tasktide.itemstore.AbstractItemStore.waitForMutex ]: Acquiring mutex
2026-02-17 17:39:03 INFO  [ main -> org.tasktide.tasktide.client.TaskTideEngineClient.fetchAndRun ]: Determing how to process workload
2026-02-17 17:39:03 INFO  [ main -> org.tasktide.tasktide.client.TaskTideEngineClient.fetchAndRun ]: Processing single step:	'PingTest'
2026-02-17 17:39:03 INFO  [ main -> org.tasktide.tasktide.client.TaskTideEngineClient.fetchWorkload ]: No pilot label provided, processing all tasks
2026-02-17 17:39:03 DEBUG [ main -> org.tasktide.itemstore.AbstractItemStore.waitForLock ]: Waiting for
2026-02-17 17:39:03 INFO  [ main -> org.tasktide.itemstore.AbstractItemStore.waitForMutex ]: Acquiring mutex
2026-02-17 17:39:05 INFO  [ main -> org.tasktide.itemstore.AbstractItemStore.waitForMutex ]: Mutex acquired
2026-02-17 17:39:05 INFO  [ main -> org.tasktide.itemstore.AbstractItemStore.releaseMutex ]: Releasing mutex
2026-02-17 17:39:06 INFO  [ main -> org.tasktide.itemstore.AbstractItemStore.releaseMutex ]: Released mutex
2026-02-17 17:39:06 INFO  [ main -> org.tasktide.tasktide.client.TaskTideManagerClient.performClientTask ]: Displaying results:	'true'
2026-02-17 17:39:06 INFO  [ main -> org.tasktide.tasktide.TaskTide.main ]: TaskTideClient completed, tearing down container
2026-02-17 17:39:09 INFO  [ main -> org.tasktide.itemstore.AbstractItemStore.waitForMutex ]: Mutex acquired
2026-02-17 17:39:09 INFO  [ main -> org.tasktide.itemstore.AbstractItemStore.releaseMutex ]: Releasing mutex
2026-02-17 17:39:09 INFO  [ main -> org.tasktide.itemstore.AbstractItemStore.releaseMutex ]: Released mutex
2026-02-17 17:39:09 INFO  [ main -> org.tasktide.tasktide.client.TaskTideEngineClient.processWorkload ]: Processing workload of size:	'4'
2026-02-17 17:39:09 INFO  [ main -> org.tasktide.engine.worker.processor.TaskTideProcessor.processChunks ]: Shuffling, and grouping workload for ExecutorService for ProcessorType:	'WorkItemProcessor'
2026-02-17 17:39:09 INFO  [ main -> org.tasktide.engine.worker.processor.WorkItemProcessor.parallelChunks ]: Fetching N = '5' batches of size '1' for WorkItem workload
2026-02-17 17:39:09 INFO  [ main -> org.tasktide.engine.worker.processor.TaskTideProcessor.processChunks ]: Submitting 'WorkItemProcessor' workload of size:	'4'
2026-02-17 17:39:09 INFO  [ main -> org.tasktide.engine.worker.processor.TaskTideProcessor.submitParallelChunks ]: Submitting sub-workload of size:	'1'
2026-02-17 17:39:09 INFO  [ pool-2-thread-1 -> org.tasktide.engine.worker.executor.TaskTideExecutor.runTasks ]: Begining workload processing of N = '1' tasks
2026-02-17 17:39:09 INFO  [ pool-2-thread-1 -> org.tasktide.engine.observer.worker.TimeKeeperObserver.evaluateStart ]: TimeKeeper evaluating starting of task 'WorkItem-22e95dad-2062-42c2-81c6-b1a9fd98ce71'
2026-02-17 17:39:09 INFO  [ pool-2-thread-1 -> org.tasktide.engine.observer.worker.TimeKeeperObserver.evaluateStart ]: Atomic TimeKeeper for task 'WorkItem-22e95dad-2062-42c2-81c6-b1a9fd98ce71' set on thread 'pool-2-thread-1'
2026-02-17 17:39:09 INFO  [ pool-2-thread-1 -> org.tasktide.engine.observer.worker.TimeKeeperObserver.onTaskStart ]: TimeKeeper evaluated time left for processing as 'true' for ItemTask:	'WorkItem-22e95dad-2062-42c2-81c6-b1a9fd98ce71'
2026-02-17 17:39:09 INFO  [ main -> org.tasktide.engine.worker.processor.TaskTideProcessor.submitParallelChunks ]: Submitting sub-workload of size:	'1'
2026-02-17 17:39:09 INFO  [ main -> org.tasktide.engine.worker.processor.TaskTideProcessor.submitParallelChunks ]: Submitting sub-workload of size:	'1'
2026-02-17 17:39:09 INFO  [ pool-2-thread-2 -> org.tasktide.engine.worker.executor.TaskTideExecutor.runTasks ]: Begining workload processing of N = '1' tasks
2026-02-17 17:39:09 INFO  [ main -> org.tasktide.engine.worker.processor.TaskTideProcessor.submitParallelChunks ]: Submitting sub-workload of size:	'1'
2026-02-17 17:39:09 INFO  [ pool-2-thread-2 -> org.tasktide.engine.observer.worker.TimeKeeperObserver.evaluateStart ]: TimeKeeper evaluating starting of task 'WorkItem-712dbfbe-1ffe-48fb-95a9-378a29f6ba19'
2026-02-17 17:39:09 INFO  [ pool-2-thread-3 -> org.tasktide.engine.worker.executor.TaskTideExecutor.runTasks ]: Begining workload processing of N = '1' tasks
2026-02-17 17:39:09 INFO  [ pool-2-thread-4 -> org.tasktide.engine.worker.executor.TaskTideExecutor.runTasks ]: Begining workload processing of N = '1' tasks
2026-02-17 17:39:09 INFO  [ pool-2-thread-2 -> org.tasktide.engine.observer.worker.TimeKeeperObserver.evaluateStart ]: Atomic TimeKeeper for task 'WorkItem-712dbfbe-1ffe-48fb-95a9-378a29f6ba19' set on thread 'pool-2-thread-2'
2026-02-17 17:39:09 INFO  [ main -> org.tasktide.engine.worker.processor.TaskTideProcessor.processChunks ]: Submitted N = '4' items for workload 'WorkItemProcessor'
2026-02-17 17:39:09 INFO  [ pool-2-thread-4 -> org.tasktide.engine.observer.worker.TimeKeeperObserver.evaluateStart ]: TimeKeeper evaluating starting of task 'WorkItem-a781decd-5c71-4fca-b743-f1d94b92ad0d'
2026-02-17 17:39:09 INFO  [ pool-2-thread-3 -> org.tasktide.engine.observer.worker.TimeKeeperObserver.evaluateStart ]: TimeKeeper evaluating starting of task 'WorkItem-a8d6a1b3-2a13-48d3-a44e-55e1b2000d87'
2026-02-17 17:39:09 INFO  [ pool-2-thread-2 -> org.tasktide.engine.observer.worker.TimeKeeperObserver.onTaskStart ]: TimeKeeper evaluated time left for processing as 'true' for ItemTask:	'WorkItem-712dbfbe-1ffe-48fb-95a9-378a29f6ba19'
2026-02-17 17:39:09 INFO  [ pool-2-thread-3 -> org.tasktide.engine.observer.worker.TimeKeeperObserver.evaluateStart ]: Atomic TimeKeeper for task 'WorkItem-a8d6a1b3-2a13-48d3-a44e-55e1b2000d87' set on thread 'pool-2-thread-3'
2026-02-17 17:39:09 INFO  [ pool-2-thread-4 -> org.tasktide.engine.observer.worker.TimeKeeperObserver.evaluateStart ]: Atomic TimeKeeper for task 'WorkItem-a781decd-5c71-4fca-b743-f1d94b92ad0d' set on thread 'pool-2-thread-4'
2026-02-17 17:39:09 INFO  [ main -> org.tasktide.engine.TaskTideEngineUtility.waitOnExecutorTrackerWorkItem ]: Begining state monitoring of ExecutorServiceTracker:	N tasks = '4'
2026-02-17 17:39:09 INFO  [ pool-2-thread-3 -> org.tasktide.engine.observer.worker.TimeKeeperObserver.onTaskStart ]: TimeKeeper evaluated time left for processing as 'true' for ItemTask:	'WorkItem-a8d6a1b3-2a13-48d3-a44e-55e1b2000d87'
2026-02-17 17:39:09 INFO  [ main -> org.tasktide.engine.TaskTideEngineUtility.waitOnExecutorTrackerWorkItem ]: Letting '10000'ms elapse for state monitoring of ExecutorServiceTracker:	'4'
2026-02-17 17:39:09 INFO  [ pool-2-thread-4 -> org.tasktide.engine.observer.worker.TimeKeeperObserver.onTaskStart ]: TimeKeeper evaluated time left for processing as 'true' for ItemTask:	'WorkItem-a781decd-5c71-4fca-b743-f1d94b92ad0d'
2026-02-17 17:39:09 DEBUG [ pool-2-thread-4 -> org.tasktide.itemstore.AbstractItemStore.waitForLock ]: Waiting for
2026-02-17 17:39:09 INFO  [ pool-2-thread-4 -> org.tasktide.itemstore.AbstractItemStore.waitForMutex ]: Acquiring mutex
2026-02-17 17:39:13 INFO  [ pool-2-thread-4 -> org.tasktide.itemstore.AbstractItemStore.waitForMutex ]: Mutex acquired
2026-02-17 17:39:13 INFO  [ pool-2-thread-4 -> org.tasktide.itemstore.AbstractItemStore.releaseMutex ]: Releasing mutex
2026-02-17 17:39:14 INFO  [ pool-2-thread-4 -> org.tasktide.itemstore.AbstractItemStore.releaseMutex ]: Released mutex
2026-02-17 17:39:14 DEBUG [ pool-2-thread-4 -> org.tasktide.itemstore.AbstractItemStore.waitForLock ]: Waiting for
2026-02-17 17:39:14 INFO  [ pool-2-thread-4 -> org.tasktide.itemstore.AbstractItemStore.waitForMutex ]: Acquiring mutex
2026-02-17 17:39:18 INFO  [ pool-2-thread-4 -> org.tasktide.itemstore.AbstractItemStore.waitForMutex ]: Mutex acquired
2026-02-17 17:39:18 INFO  [ pool-2-thread-4 -> org.tasktide.itemstore.AbstractItemStore.releaseMutex ]: Releasing mutex
2026-02-17 17:39:18 INFO  [ pool-2-thread-4 -> org.tasktide.itemstore.AbstractItemStore.releaseMutex ]: Released mutex
2026-02-17 17:39:18 DEBUG [ pool-2-thread-4 -> org.tasktide.itemstore.AbstractItemStore.waitForLock ]: Waiting for
2026-02-17 17:39:18 INFO  [ pool-2-thread-4 -> org.tasktide.itemstore.AbstractItemStore.waitForMutex ]: Acquiring mutex
2026-02-17 17:39:19 INFO  [ main -> org.tasktide.engine.TaskTideEngineUtility.waitOnExecutorTrackerWorkItem ]: Displaying Iter-'0' StateSummary of ExecutorServiceTracker:

Total='4', Remaining='4', Done='0', Expected='4'
2026-02-17 17:39:19 INFO  [ main -> org.tasktide.engine.TaskTideEngineUtility.waitOnExecutorTrackerWorkItem ]: Letting '10000'ms elapse for state monitoring of ExecutorServiceTracker:	'4'
2026-02-17 17:39:22 INFO  [ pool-2-thread-4 -> org.tasktide.itemstore.AbstractItemStore.waitForMutex ]: Mutex acquired
2026-02-17 17:39:23 INFO  [ pool-2-thread-4 -> org.tasktide.itemstore.AbstractItemStore.releaseMutex ]: Releasing mutex
2026-02-17 17:39:23 INFO  [ pool-2-thread-4 -> org.tasktide.itemstore.AbstractItemStore.releaseMutex ]: Released mutex
2026-02-17 17:39:23 DEBUG [ pool-2-thread-1 -> org.tasktide.itemstore.AbstractItemStore.waitForLock ]: Waiting for
2026-02-17 17:39:23 INFO  [ pool-2-thread-1 -> org.tasktide.itemstore.AbstractItemStore.waitForMutex ]: Acquiring mutex
2026-02-17 17:39:27 INFO  [ pool-2-thread-1 -> org.tasktide.itemstore.AbstractItemStore.waitForMutex ]: Mutex acquired
2026-02-17 17:39:27 INFO  [ pool-2-thread-1 -> org.tasktide.itemstore.AbstractItemStore.releaseMutex ]: Releasing mutex
2026-02-17 17:39:28 INFO  [ pool-2-thread-1 -> org.tasktide.itemstore.AbstractItemStore.releaseMutex ]: Released mutex
2026-02-17 17:39:28 DEBUG [ pool-2-thread-1 -> org.tasktide.itemstore.AbstractItemStore.waitForLock ]: Waiting for
2026-02-17 17:39:28 INFO  [ pool-2-thread-1 -> org.tasktide.itemstore.AbstractItemStore.waitForMutex ]: Acquiring mutex
2026-02-17 17:39:29 INFO  [ main -> org.tasktide.engine.TaskTideEngineUtility.waitOnExecutorTrackerWorkItem ]: Displaying Iter-'1' StateSummary of ExecutorServiceTracker:

Total='4', Remaining='4', Done='0', Expected='4'
2026-02-17 17:39:29 INFO  [ main -> org.tasktide.engine.TaskTideEngineUtility.waitOnExecutorTrackerWorkItem ]: Letting '10000'ms elapse for state monitoring of ExecutorServiceTracker:	'4'
2026-02-17 17:39:32 INFO  [ pool-2-thread-1 -> org.tasktide.itemstore.AbstractItemStore.waitForMutex ]: Mutex acquired
2026-02-17 17:39:32 INFO  [ pool-2-thread-1 -> org.tasktide.itemstore.AbstractItemStore.releaseMutex ]: Releasing mutex
2026-02-17 17:39:32 INFO  [ pool-2-thread-1 -> org.tasktide.itemstore.AbstractItemStore.releaseMutex ]: Released mutex
2026-02-17 17:39:32 DEBUG [ pool-2-thread-1 -> org.tasktide.itemstore.AbstractItemStore.waitForLock ]: Waiting for
2026-02-17 17:39:32 INFO  [ pool-2-thread-1 -> org.tasktide.itemstore.AbstractItemStore.waitForMutex ]: Acquiring mutex
2026-02-17 17:39:36 INFO  [ pool-2-thread-1 -> org.tasktide.itemstore.AbstractItemStore.waitForMutex ]: Mutex acquired
2026-02-17 17:39:36 INFO  [ pool-2-thread-1 -> org.tasktide.itemstore.AbstractItemStore.releaseMutex ]: Releasing mutex
2026-02-17 17:39:37 INFO  [ pool-2-thread-1 -> org.tasktide.itemstore.AbstractItemStore.releaseMutex ]: Released mutex
2026-02-17 17:39:37 DEBUG [ pool-2-thread-3 -> org.tasktide.itemstore.AbstractItemStore.waitForLock ]: Waiting for
2026-02-17 17:39:37 INFO  [ pool-2-thread-3 -> org.tasktide.itemstore.AbstractItemStore.waitForMutex ]: Acquiring mutex
2026-02-17 17:39:39 INFO  [ main -> org.tasktide.engine.TaskTideEngineUtility.waitOnExecutorTrackerWorkItem ]: Displaying Iter-'2' StateSummary of ExecutorServiceTracker:

Total='4', Remaining='4', Done='0', Expected='4'
2026-02-17 17:39:39 INFO  [ main -> org.tasktide.engine.TaskTideEngineUtility.waitOnExecutorTrackerWorkItem ]: Letting '10000'ms elapse for state monitoring of ExecutorServiceTracker:	'4'
2026-02-17 17:39:41 INFO  [ pool-2-thread-3 -> org.tasktide.itemstore.AbstractItemStore.waitForMutex ]: Mutex acquired
2026-02-17 17:39:41 INFO  [ pool-2-thread-3 -> org.tasktide.itemstore.AbstractItemStore.releaseMutex ]: Releasing mutex
2026-02-17 17:39:41 INFO  [ pool-2-thread-3 -> org.tasktide.itemstore.AbstractItemStore.releaseMutex ]: Released mutex
2026-02-17 17:39:41 DEBUG [ pool-2-thread-3 -> org.tasktide.itemstore.AbstractItemStore.waitForLock ]: Waiting for
2026-02-17 17:39:41 INFO  [ pool-2-thread-3 -> org.tasktide.itemstore.AbstractItemStore.waitForMutex ]: Acquiring mutex
2026-02-17 17:39:45 INFO  [ pool-2-thread-3 -> org.tasktide.itemstore.AbstractItemStore.waitForMutex ]: Mutex acquired
2026-02-17 17:39:45 INFO  [ pool-2-thread-3 -> org.tasktide.itemstore.AbstractItemStore.releaseMutex ]: Releasing mutex
2026-02-17 17:39:46 INFO  [ pool-2-thread-3 -> org.tasktide.itemstore.AbstractItemStore.releaseMutex ]: Released mutex
2026-02-17 17:39:46 DEBUG [ pool-2-thread-3 -> org.tasktide.itemstore.AbstractItemStore.waitForLock ]: Waiting for
2026-02-17 17:39:46 INFO  [ pool-2-thread-3 -> org.tasktide.itemstore.AbstractItemStore.waitForMutex ]: Acquiring mutex
2026-02-17 17:39:49 INFO  [ main -> org.tasktide.engine.TaskTideEngineUtility.waitOnExecutorTrackerWorkItem ]: Displaying Iter-'3' StateSummary of ExecutorServiceTracker:

Total='4', Remaining='4', Done='0', Expected='4'
2026-02-17 17:39:49 INFO  [ main -> org.tasktide.engine.TaskTideEngineUtility.waitOnExecutorTrackerWorkItem ]: Letting '8000'ms elapse for state monitoring of ExecutorServiceTracker:	'4'
2026-02-17 17:39:50 INFO  [ pool-2-thread-3 -> org.tasktide.itemstore.AbstractItemStore.waitForMutex ]: Mutex acquired
2026-02-17 17:39:50 INFO  [ pool-2-thread-3 -> org.tasktide.itemstore.AbstractItemStore.releaseMutex ]: Releasing mutex
2026-02-17 17:39:50 INFO  [ pool-2-thread-3 -> org.tasktide.itemstore.AbstractItemStore.releaseMutex ]: Released mutex
2026-02-17 17:39:51 DEBUG [ pool-2-thread-2 -> org.tasktide.itemstore.AbstractItemStore.waitForLock ]: Waiting for
2026-02-17 17:39:51 INFO  [ pool-2-thread-2 -> org.tasktide.itemstore.AbstractItemStore.waitForMutex ]: Acquiring mutex
2026-02-17 17:39:55 INFO  [ pool-2-thread-2 -> org.tasktide.itemstore.AbstractItemStore.waitForMutex ]: Mutex acquired
2026-02-17 17:39:55 INFO  [ pool-2-thread-2 -> org.tasktide.itemstore.AbstractItemStore.releaseMutex ]: Releasing mutex
2026-02-17 17:39:55 INFO  [ pool-2-thread-2 -> org.tasktide.itemstore.AbstractItemStore.releaseMutex ]: Released mutex
2026-02-17 17:39:55 DEBUG [ pool-2-thread-2 -> org.tasktide.itemstore.AbstractItemStore.waitForLock ]: Waiting for
2026-02-17 17:39:55 INFO  [ pool-2-thread-2 -> org.tasktide.itemstore.AbstractItemStore.waitForMutex ]: Acquiring mutex
2026-02-17 17:39:57 INFO  [ main -> org.tasktide.engine.TaskTideEngineUtility.waitOnExecutorTrackerWorkItem ]: Displaying Iter-'4' StateSummary of ExecutorServiceTracker:

Total='4', Remaining='4', Done='0', Expected='4'
2026-02-17 17:39:57 INFO  [ main -> org.tasktide.engine.TaskTideEngineUtility.waitOnExecutorTrackerWorkItem ]: Letting '16000'ms elapse for state monitoring of ExecutorServiceTracker:	'4'
2026-02-17 17:39:59 INFO  [ pool-2-thread-2 -> org.tasktide.itemstore.AbstractItemStore.waitForMutex ]: Mutex acquired
2026-02-17 17:39:59 INFO  [ pool-2-thread-2 -> org.tasktide.itemstore.AbstractItemStore.releaseMutex ]: Releasing mutex
2026-02-17 17:40:00 INFO  [ pool-2-thread-2 -> org.tasktide.itemstore.AbstractItemStore.releaseMutex ]: Released mutex
2026-02-17 17:40:00 DEBUG [ pool-2-thread-2 -> org.tasktide.itemstore.AbstractItemStore.waitForLock ]: Waiting for
2026-02-17 17:40:00 INFO  [ pool-2-thread-2 -> org.tasktide.itemstore.AbstractItemStore.waitForMutex ]: Acquiring mutex
2026-02-17 17:40:04 INFO  [ pool-2-thread-2 -> org.tasktide.itemstore.AbstractItemStore.waitForMutex ]: Mutex acquired
2026-02-17 17:40:04 INFO  [ pool-2-thread-2 -> org.tasktide.itemstore.AbstractItemStore.releaseMutex ]: Releasing mutex
2026-02-17 17:40:04 INFO  [ pool-2-thread-2 -> org.tasktide.itemstore.AbstractItemStore.releaseMutex ]: Released mutex
2026-02-17 17:40:04 DEBUG [ pool-2-thread-3 -> org.tasktide.itemstore.AbstractItemStore.waitForLock ]: Waiting for
2026-02-17 17:40:04 INFO  [ pool-2-thread-3 -> org.tasktide.itemstore.AbstractItemStore.waitForMutex ]: Acquiring mutex
2026-02-17 17:40:08 INFO  [ pool-2-thread-3 -> org.tasktide.itemstore.AbstractItemStore.waitForMutex ]: Mutex acquired
2026-02-17 17:40:08 INFO  [ pool-2-thread-3 -> org.tasktide.itemstore.AbstractItemStore.releaseMutex ]: Releasing mutex
2026-02-17 17:40:09 INFO  [ pool-2-thread-3 -> org.tasktide.itemstore.AbstractItemStore.releaseMutex ]: Released mutex
2026-02-17 17:40:09 DEBUG [ pool-2-thread-1 -> org.tasktide.itemstore.AbstractItemStore.waitForLock ]: Waiting for
2026-02-17 17:40:09 INFO  [ pool-2-thread-3 -> org.tasktide.engine.worker.executor.WorkItemExecutor.executeTask ]: Configuring ItemTaskProcessor for Workload of size '1' on thread 'pool-2-thread-3' for WorkItem:	'WorkItem-a8d6a1b3-2a13-48d3-a44e-55e1b2000d87'
2026-02-17 17:40:09 INFO  [ pool-2-thread-1 -> org.tasktide.itemstore.AbstractItemStore.waitForMutex ]: Acquiring mutex
2026-02-17 17:40:09 INFO  [ pool-2-thread-3 -> org.tasktide.engine.worker.executor.WorkItemExecutor.executeTask ]: Processor configured, processing workload for WorkItem:	'WorkItem-a8d6a1b3-2a13-48d3-a44e-55e1b2000d87'
2026-02-17 17:40:09 INFO  [ pool-2-thread-3 -> org.tasktide.engine.worker.processor.TaskTideProcessor.process ]: Processing tasks of workload thread:	'pool-2-thread-3', Size='1', First ItemId = 'ItemTask-6b7a6fa2-852c-4883-9a6b-2868d712cd5f'
2026-02-17 17:40:09 WARN  [ pool-2-thread-3 -> org.tasktide.engine.worker.processor.TaskTideProcessor.process ]: Warning, workload size '1' < threshold '2' at start-up. Enqueing all tasks
2026-02-17 17:40:09 INFO  [ pool-2-thread-3 -> org.tasktide.engine.worker.executor.WorkItemExecutor.executeTask ]: ExecutorObserver polling ItemTaskStateSummary for WorkItem:	'WorkItem-a8d6a1b3-2a13-48d3-a44e-55e1b2000d87'
2026-02-17 17:40:09 INFO  [ pool-2-thread-3 -> org.tasktide.engine.observer.worker.executor.WorkItemExecutorObserver.pollUntilDone ]: Begining state monitoring of WorkItem:	'WorkItem-a8d6a1b3-2a13-48d3-a44e-55e1b2000d87'
2026-02-17 17:40:09 INFO  [ pool-2-thread-3 -> org.tasktide.engine.observer.worker.executor.WorkItemExecutorObserver.pollUntilDone ]: Letting '10000'ms elapse for state monitoring of WorkItem:	'WorkItem-a8d6a1b3-2a13-48d3-a44e-55e1b2000d87'
2026-02-17 17:40:09 INFO  [ pool-3-thread-1 -> org.tasktide.engine.worker.processor.TaskTideProcessor.process ]: Processing tasks of workload thread:	'pool-3-thread-1', Size='1', First ItemId = 'ItemTask-6b7a6fa2-852c-4883-9a6b-2868d712cd5f'
2026-02-17 17:40:09 INFO  [ pool-3-thread-1 -> org.tasktide.engine.worker.executor.TaskTideExecutor.runTasks ]: Begining workload processing of N = '1' tasks
2026-02-17 17:40:09 INFO  [ pool-3-thread-1 -> org.tasktide.engine.observer.worker.TimeKeeperObserver.evaluateStart ]: TimeKeeper evaluating starting of task 'ItemTask-6b7a6fa2-852c-4883-9a6b-2868d712cd5f'
2026-02-17 17:40:09 INFO  [ pool-3-thread-1 -> org.tasktide.engine.observer.worker.TimeKeeperObserver.evaluateStart ]: Atomic TimeKeeper for task 'ItemTask-6b7a6fa2-852c-4883-9a6b-2868d712cd5f' set on thread 'pool-3-thread-1'
2026-02-17 17:40:09 INFO  [ pool-3-thread-1 -> org.tasktide.engine.observer.worker.TimeKeeperObserver.onTaskStart ]: TimeKeeper evaluated time left for processing as 'true' for ItemTask:	'ItemTask-6b7a6fa2-852c-4883-9a6b-2868d712cd5f'
2026-02-17 17:40:09 INFO  [ pool-3-thread-1 -> org.tasktide.engine.worker.executor.ItemTaskExecutor.executeTask ]: Executing task on thread 'pool-3-thread-1':ping -c 4 tcd.ie
2026-02-17 17:40:13 INFO  [ pool-2-thread-1 -> org.tasktide.itemstore.AbstractItemStore.waitForMutex ]: Mutex acquired
2026-02-17 17:40:13 INFO  [ pool-2-thread-1 -> org.tasktide.itemstore.AbstractItemStore.releaseMutex ]: Releasing mutex
2026-02-17 17:40:13 INFO  [ main -> org.tasktide.engine.TaskTideEngineUtility.waitOnExecutorTrackerWorkItem ]: Displaying Iter-'5' StateSummary of ExecutorServiceTracker:

Total='4', Remaining='4', Done='0', Expected='4'
2026-02-17 17:40:13 INFO  [ main -> org.tasktide.engine.TaskTideEngineUtility.waitOnExecutorTrackerWorkItem ]: Letting '32000'ms elapse for state monitoring of ExecutorServiceTracker:	'4'
2026-02-17 17:40:13 INFO  [ pool-2-thread-1 -> org.tasktide.itemstore.AbstractItemStore.releaseMutex ]: Released mutex
2026-02-17 17:40:13 DEBUG [ pool-2-thread-4 -> org.tasktide.itemstore.AbstractItemStore.waitForLock ]: Waiting for
2026-02-17 17:40:13 INFO  [ pool-2-thread-1 -> org.tasktide.engine.worker.executor.WorkItemExecutor.executeTask ]: Configuring ItemTaskProcessor for Workload of size '1' on thread 'pool-2-thread-1' for WorkItem:	'WorkItem-22e95dad-2062-42c2-81c6-b1a9fd98ce71'
2026-02-17 17:40:13 INFO  [ pool-2-thread-4 -> org.tasktide.itemstore.AbstractItemStore.waitForMutex ]: Acquiring mutex
2026-02-17 17:40:13 INFO  [ pool-2-thread-1 -> org.tasktide.engine.worker.executor.WorkItemExecutor.executeTask ]: Processor configured, processing workload for WorkItem:	'WorkItem-22e95dad-2062-42c2-81c6-b1a9fd98ce71'
2026-02-17 17:40:13 INFO  [ pool-2-thread-1 -> org.tasktide.engine.worker.processor.TaskTideProcessor.process ]: Processing tasks of workload thread:	'pool-2-thread-1', Size='1', First ItemId = 'ItemTask-41fafca4-9601-4c8c-849c-4210c9aa19e4'
2026-02-17 17:40:13 WARN  [ pool-2-thread-1 -> org.tasktide.engine.worker.processor.TaskTideProcessor.process ]: Warning, workload size '1' < threshold '2' at start-up. Enqueing all tasks
2026-02-17 17:40:13 INFO  [ pool-2-thread-1 -> org.tasktide.engine.worker.executor.WorkItemExecutor.executeTask ]: ExecutorObserver polling ItemTaskStateSummary for WorkItem:	'WorkItem-22e95dad-2062-42c2-81c6-b1a9fd98ce71'
2026-02-17 17:40:13 INFO  [ pool-2-thread-1 -> org.tasktide.engine.observer.worker.executor.WorkItemExecutorObserver.pollUntilDone ]: Begining state monitoring of WorkItem:	'WorkItem-22e95dad-2062-42c2-81c6-b1a9fd98ce71'
2026-02-17 17:40:13 INFO  [ pool-2-thread-1 -> org.tasktide.engine.observer.worker.executor.WorkItemExecutorObserver.pollUntilDone ]: Letting '10000'ms elapse for state monitoring of WorkItem:	'WorkItem-22e95dad-2062-42c2-81c6-b1a9fd98ce71'
2026-02-17 17:40:17 INFO  [ pool-2-thread-4 -> org.tasktide.itemstore.AbstractItemStore.waitForMutex ]: Mutex acquired
2026-02-17 17:40:18 INFO  [ pool-2-thread-4 -> org.tasktide.itemstore.AbstractItemStore.releaseMutex ]: Releasing mutex
2026-02-17 17:40:18 INFO  [ pool-2-thread-4 -> org.tasktide.itemstore.AbstractItemStore.releaseMutex ]: Released mutex
2026-02-17 17:40:18 INFO  [ pool-2-thread-4 -> org.tasktide.engine.worker.executor.WorkItemExecutor.executeTask ]: Configuring ItemTaskProcessor for Workload of size '1' on thread 'pool-2-thread-4' for WorkItem:	'WorkItem-a781decd-5c71-4fca-b743-f1d94b92ad0d'
2026-02-17 17:40:18 DEBUG [ pool-3-thread-1 -> org.tasktide.itemstore.AbstractItemStore.waitForLock ]: Waiting for
2026-02-17 17:40:18 INFO  [ pool-2-thread-4 -> org.tasktide.engine.worker.executor.WorkItemExecutor.executeTask ]: Processor configured, processing workload for WorkItem:	'WorkItem-a781decd-5c71-4fca-b743-f1d94b92ad0d'
2026-02-17 17:40:18 INFO  [ pool-3-thread-1 -> org.tasktide.itemstore.AbstractItemStore.waitForMutex ]: Acquiring mutex
2026-02-17 17:40:18 INFO  [ pool-2-thread-4 -> org.tasktide.engine.worker.processor.TaskTideProcessor.process ]: Processing tasks of workload thread:	'pool-2-thread-4', Size='1', First ItemId = 'ItemTask-b86435d1-5fa5-4e9f-a1f6-8b7683df840b'
2026-02-17 17:40:18 WARN  [ pool-2-thread-4 -> org.tasktide.engine.worker.processor.TaskTideProcessor.process ]: Warning, workload size '1' < threshold '2' at start-up. Enqueing all tasks
2026-02-17 17:40:18 INFO  [ pool-2-thread-4 -> org.tasktide.engine.worker.executor.WorkItemExecutor.executeTask ]: ExecutorObserver polling ItemTaskStateSummary for WorkItem:	'WorkItem-a781decd-5c71-4fca-b743-f1d94b92ad0d'
2026-02-17 17:40:18 INFO  [ pool-2-thread-4 -> org.tasktide.engine.observer.worker.executor.WorkItemExecutorObserver.pollUntilDone ]: Begining state monitoring of WorkItem:	'WorkItem-a781decd-5c71-4fca-b743-f1d94b92ad0d'
2026-02-17 17:40:18 INFO  [ pool-2-thread-4 -> org.tasktide.engine.observer.worker.executor.WorkItemExecutorObserver.pollUntilDone ]: Letting '10000'ms elapse for state monitoring of WorkItem:	'WorkItem-a781decd-5c71-4fca-b743-f1d94b92ad0d'
2026-02-17 17:40:19 INFO  [ pool-2-thread-3 -> org.tasktide.engine.observer.worker.executor.WorkItemExecutorObserver.pollUntilDone ]: Displaying Iter-'0' StateSummary of WorkItem:	'WorkItem-a8d6a1b3-2a13-48d3-a44e-55e1b2000d87'

{
    "State Summary": {
        "TODO": 0,
        "ERROR": 0,
        "LOCKED": 1,
        "FOR_UNLOCK": 0,
        "DONE": 0
    }
}


2026-02-17 17:40:19 INFO  [ pool-2-thread-3 -> org.tasktide.engine.observer.worker.executor.WorkItemExecutorObserver.pollUntilDone ]: Letting '10000'ms elapse for state monitoring of WorkItem:	'WorkItem-a8d6a1b3-2a13-48d3-a44e-55e1b2000d87'
2026-02-17 17:40:22 INFO  [ pool-3-thread-1 -> org.tasktide.itemstore.AbstractItemStore.waitForMutex ]: Mutex acquired
2026-02-17 17:40:22 INFO  [ pool-3-thread-1 -> org.tasktide.itemstore.AbstractItemStore.releaseMutex ]: Releasing mutex
2026-02-17 17:40:23 INFO  [ pool-3-thread-1 -> org.tasktide.itemstore.AbstractItemStore.releaseMutex ]: Released mutex
2026-02-17 17:40:23 DEBUG [ pool-3-thread-1 -> org.tasktide.itemstore.AbstractItemStore.waitForLock ]: Waiting for
2026-02-17 17:40:23 INFO  [ pool-3-thread-1 -> org.tasktide.itemstore.AbstractItemStore.waitForMutex ]: Acquiring mutex
2026-02-17 17:40:24 INFO  [ pool-2-thread-1 -> org.tasktide.engine.observer.worker.executor.WorkItemExecutorObserver.pollUntilDone ]: Displaying Iter-'0' StateSummary of WorkItem:	'WorkItem-22e95dad-2062-42c2-81c6-b1a9fd98ce71'

{
    "State Summary": {
        "TODO": 1,
        "ERROR": 0,
        "LOCKED": 0,
        "FOR_UNLOCK": 0,
        "DONE": 0
    }
}


2026-02-17 17:40:24 INFO  [ pool-2-thread-1 -> org.tasktide.engine.observer.worker.executor.WorkItemExecutorObserver.pollUntilDone ]: Letting '10000'ms elapse for state monitoring of WorkItem:	'WorkItem-22e95dad-2062-42c2-81c6-b1a9fd98ce71'
2026-02-17 17:40:27 INFO  [ pool-3-thread-1 -> org.tasktide.itemstore.AbstractItemStore.waitForMutex ]: Mutex acquired
2026-02-17 17:40:27 INFO  [ pool-3-thread-1 -> org.tasktide.itemstore.AbstractItemStore.releaseMutex ]: Releasing mutex
2026-02-17 17:40:27 INFO  [ pool-3-thread-1 -> org.tasktide.itemstore.AbstractItemStore.releaseMutex ]: Released mutex
2026-02-17 17:40:27 DEBUG [ pool-3-thread-1 -> org.tasktide.itemstore.AbstractItemStore.waitForLock ]: Waiting for
2026-02-17 17:40:27 INFO  [ pool-3-thread-1 -> org.tasktide.itemstore.AbstractItemStore.waitForMutex ]: Acquiring mutex
2026-02-17 17:40:28 INFO  [ pool-2-thread-4 -> org.tasktide.engine.observer.worker.executor.WorkItemExecutorObserver.pollUntilDone ]: Displaying Iter-'0' StateSummary of WorkItem:	'WorkItem-a781decd-5c71-4fca-b743-f1d94b92ad0d'

{
    "State Summary": {
        "TODO": 1,
        "ERROR": 0,
        "LOCKED": 0,
        "FOR_UNLOCK": 0,
        "DONE": 0
    }
}


2026-02-17 17:40:28 INFO  [ pool-2-thread-4 -> org.tasktide.engine.observer.worker.executor.WorkItemExecutorObserver.pollUntilDone ]: Letting '10000'ms elapse for state monitoring of WorkItem:	'WorkItem-a781decd-5c71-4fca-b743-f1d94b92ad0d'
2026-02-17 17:40:29 INFO  [ pool-2-thread-3 -> org.tasktide.engine.observer.worker.executor.WorkItemExecutorObserver.pollUntilDone ]: Displaying Iter-'1' StateSummary of WorkItem:	'WorkItem-a8d6a1b3-2a13-48d3-a44e-55e1b2000d87'

{
    "State Summary": {
        "TODO": 0,
        "ERROR": 0,
        "LOCKED": 1,
        "FOR_UNLOCK": 0,
        "DONE": 0
    }
}


2026-02-17 17:40:29 INFO  [ pool-2-thread-3 -> org.tasktide.engine.observer.worker.executor.WorkItemExecutorObserver.pollUntilDone ]: Letting '10000'ms elapse for state monitoring of WorkItem:	'WorkItem-a8d6a1b3-2a13-48d3-a44e-55e1b2000d87'
2026-02-17 17:40:31 INFO  [ pool-3-thread-1 -> org.tasktide.itemstore.AbstractItemStore.waitForMutex ]: Mutex acquired
2026-02-17 17:40:31 INFO  [ pool-3-thread-1 -> org.tasktide.itemstore.AbstractItemStore.releaseMutex ]: Releasing mutex
2026-02-17 17:40:32 INFO  [ pool-3-thread-1 -> org.tasktide.itemstore.AbstractItemStore.releaseMutex ]: Released mutex
2026-02-17 17:40:32 DEBUG [ pool-3-thread-1 -> org.tasktide.itemstore.AbstractItemStore.waitForLock ]: Waiting for
2026-02-17 17:40:32 INFO  [ pool-3-thread-1 -> org.tasktide.itemstore.AbstractItemStore.waitForMutex ]: Acquiring mutex
2026-02-17 17:40:34 INFO  [ pool-2-thread-1 -> org.tasktide.engine.observer.worker.executor.WorkItemExecutorObserver.pollUntilDone ]: Displaying Iter-'1' StateSummary of WorkItem:	'WorkItem-22e95dad-2062-42c2-81c6-b1a9fd98ce71'

{
    "State Summary": {
        "TODO": 1,
        "ERROR": 0,
        "LOCKED": 0,
        "FOR_UNLOCK": 0,
        "DONE": 0
    }
}


2026-02-17 17:40:34 INFO  [ pool-2-thread-1 -> org.tasktide.engine.observer.worker.executor.WorkItemExecutorObserver.pollUntilDone ]: Letting '10000'ms elapse for state monitoring of WorkItem:	'WorkItem-22e95dad-2062-42c2-81c6-b1a9fd98ce71'
2026-02-17 17:40:36 INFO  [ pool-3-thread-1 -> org.tasktide.itemstore.AbstractItemStore.waitForMutex ]: Mutex acquired
2026-02-17 17:40:36 INFO  [ pool-3-thread-1 -> org.tasktide.itemstore.AbstractItemStore.releaseMutex ]: Releasing mutex
2026-02-17 17:40:36 INFO  [ pool-3-thread-1 -> org.tasktide.itemstore.AbstractItemStore.releaseMutex ]: Released mutex
2026-02-17 17:40:36 DEBUG [ pool-2-thread-2 -> org.tasktide.itemstore.AbstractItemStore.waitForLock ]: Waiting for
2026-02-17 17:40:36 DEBUG [ pool-3-thread-1 -> org.tasktide.engine.worker.executor.ProcessExecutor.execute ]: Beginning execution of task:	ping -c 4 tcd.ie
2026-02-17 17:40:36 INFO  [ pool-2-thread-2 -> org.tasktide.itemstore.AbstractItemStore.waitForMutex ]: Acquiring mutex
2026-02-17 17:40:38 INFO  [ pool-2-thread-4 -> org.tasktide.engine.observer.worker.executor.WorkItemExecutorObserver.pollUntilDone ]: Displaying Iter-'1' StateSummary of WorkItem:	'WorkItem-a781decd-5c71-4fca-b743-f1d94b92ad0d'

{
    "State Summary": {
        "TODO": 1,
        "ERROR": 0,
        "LOCKED": 0,
        "FOR_UNLOCK": 0,
        "DONE": 0
    }
}


2026-02-17 17:40:38 INFO  [ pool-2-thread-4 -> org.tasktide.engine.observer.worker.executor.WorkItemExecutorObserver.pollUntilDone ]: Letting '10000'ms elapse for state monitoring of WorkItem:	'WorkItem-a781decd-5c71-4fca-b743-f1d94b92ad0d'
2026-02-17 17:40:39 INFO  [ pool-2-thread-3 -> org.tasktide.engine.observer.worker.executor.WorkItemExecutorObserver.pollUntilDone ]: Displaying Iter-'2' StateSummary of WorkItem:	'WorkItem-a8d6a1b3-2a13-48d3-a44e-55e1b2000d87'

{
    "State Summary": {
        "TODO": 0,
        "ERROR": 0,
        "LOCKED": 1,
        "FOR_UNLOCK": 0,
        "DONE": 0
    }
}


2026-02-17 17:40:39 INFO  [ pool-2-thread-3 -> org.tasktide.engine.observer.worker.executor.WorkItemExecutorObserver.pollUntilDone ]: Letting '10000'ms elapse for state monitoring of WorkItem:	'WorkItem-a8d6a1b3-2a13-48d3-a44e-55e1b2000d87'
2026-02-17 17:40:39 DEBUG [ pool-3-thread-1 -> org.tasktide.engine.worker.executor.ProcessExecutor.execute ]: Execution complete for task:	ping -c 4 tcd.ie
2026-02-17 17:40:39 DEBUG [ pool-3-thread-1 -> org.tasktide.engine.worker.executor.ProcessExecutor.execute ]: Building ProcessLog for task:	ping -c 4 tcd.ie
2026-02-17 17:40:40 DEBUG [ pool-3-thread-1 -> org.tasktide.engine.worker.executor.ProcessExecutor.execute ]: Displaying TaskLogging:
{
    "CPU Duration": 0,
    "End Time": 1771350040058,
    "Exit Code": 0,
    "Process Id": 9805,
    "Process Log": {
        "Stderr": [
            "PING tcd.ie (3.33.249.246) 56(84) bytes of data.",
            "64 bytes from afef5696a78b683ae.awsglobalaccelerator.com (3.33.249.246): icmp_seq=1 ttl=247 time=29.2 ms",
            "64 bytes from afef5696a78b683ae.awsglobalaccelerator.com (3.33.249.246): icmp_seq=2 ttl=247 time=51.0 ms",
            "64 bytes from afef5696a78b683ae.awsglobalaccelerator.com (3.33.249.246): icmp_seq=3 ttl=247 time=30.9 ms",
            "64 bytes from afef5696a78b683ae.awsglobalaccelerator.com (3.33.249.246): icmp_seq=4 ttl=247 time=29.1 ms",
            "",
            "--- tcd.ie ping statistics ---",
            "4 packets transmitted, 4 received, 0% packet loss, time 3000ms",
            "rtt min/avg/max/mdev = 29.082/35.042/51.045/9.265 ms"
        ],
        "Stdout": [
            "PING tcd.ie (3.33.249.246) 56(84) bytes of data.",
            "64 bytes from afef5696a78b683ae.awsglobalaccelerator.com (3.33.249.246): icmp_seq=1 ttl=247 time=29.2 ms",
            "64 bytes from afef5696a78b683ae.awsglobalaccelerator.com (3.33.249.246): icmp_seq=2 ttl=247 time=51.0 ms",
            "64 bytes from afef5696a78b683ae.awsglobalaccelerator.com (3.33.249.246): icmp_seq=3 ttl=247 time=30.9 ms",
            "64 bytes from afef5696a78b683ae.awsglobalaccelerator.com (3.33.249.246): icmp_seq=4 ttl=247 time=29.1 ms",
            "",
            "--- tcd.ie ping statistics ---",
            "4 packets transmitted, 4 received, 0% packet loss, time 3000ms",
            "rtt min/avg/max/mdev = 29.082/35.042/51.045/9.265 ms"
        ],
        "id": "ProcessLog-d350e9ad-e9cd-48ec-9822-c96b25fe4ec3"
    },
    "Start Time": 1771350036839,
    "Thread Name": "pool-3-thread-1",
    "id": "TaskLogging-aa443c19-d8b8-46b3-89c3-55fa64cf07e0"
}
2026-02-17 17:40:40 INFO  [ pool-3-thread-1 -> org.tasktide.engine.worker.executor.ProcessExecutor.execute ]: Successful execution of task:	ping -c 4 tcd.ie
2026-02-17 17:40:40 INFO  [ pool-3-thread-1 -> org.tasktide.engine.worker.executor.ItemTaskExecutor.executeTask ]: Task 'Ping_Test_4' successful on thread 'pool-3-thread-1' with exit code 0

2026-02-17 17:40:40 DEBUG [ pool-3-thread-1 -> org.tasktide.engine.worker.executor.ItemTaskExecutor.executeTask ]: Determining whether to apply results annotation
2026-02-17 17:40:40 DEBUG [ pool-3-thread-1 -> org.tasktide.engine.worker.executor.ItemTaskExecutor.annotateResults ]: No 'Results Path' annotation detected for task:
'ItemTask-6b7a6fa2-852c-4883-9a6b-2868d712cd5f'
2026-02-17 17:40:40 INFO  [ pool-3-thread-1 -> org.tasktide.engine.worker.executor.TaskTideExecutor.runTasks ]: Completed task 'ItemTask-6b7a6fa2-852c-4883-9a6b-2868d712cd5f', global count: 1
2026-02-17 17:40:40 INFO  [ pool-2-thread-2 -> org.tasktide.itemstore.AbstractItemStore.waitForMutex ]: Mutex acquired
2026-02-17 17:40:40 INFO  [ pool-2-thread-2 -> org.tasktide.itemstore.AbstractItemStore.releaseMutex ]: Releasing mutex
2026-02-17 17:40:41 INFO  [ pool-2-thread-2 -> org.tasktide.itemstore.AbstractItemStore.releaseMutex ]: Released mutex
2026-02-17 17:40:41 DEBUG [ pool-3-thread-1 -> org.tasktide.itemstore.AbstractItemStore.waitForLock ]: Waiting for
2026-02-17 17:40:41 INFO  [ pool-2-thread-2 -> org.tasktide.engine.worker.executor.WorkItemExecutor.executeTask ]: Configuring ItemTaskProcessor for Workload of size '1' on thread 'pool-2-thread-2' for WorkItem:	'WorkItem-712dbfbe-1ffe-48fb-95a9-378a29f6ba19'
2026-02-17 17:40:41 INFO  [ pool-3-thread-1 -> org.tasktide.itemstore.AbstractItemStore.waitForMutex ]: Acquiring mutex
2026-02-17 17:40:41 INFO  [ pool-2-thread-2 -> org.tasktide.engine.worker.executor.WorkItemExecutor.executeTask ]: Processor configured, processing workload for WorkItem:	'WorkItem-712dbfbe-1ffe-48fb-95a9-378a29f6ba19'
2026-02-17 17:40:41 INFO  [ pool-2-thread-2 -> org.tasktide.engine.worker.processor.TaskTideProcessor.process ]: Processing tasks of workload thread:	'pool-2-thread-2', Size='1', First ItemId = 'ItemTask-32e80773-2347-44a2-8015-192497966546'
2026-02-17 17:40:41 WARN  [ pool-2-thread-2 -> org.tasktide.engine.worker.processor.TaskTideProcessor.process ]: Warning, workload size '1' < threshold '2' at start-up. Enqueing all tasks
2026-02-17 17:40:41 INFO  [ pool-2-thread-2 -> org.tasktide.engine.worker.executor.WorkItemExecutor.executeTask ]: ExecutorObserver polling ItemTaskStateSummary for WorkItem:	'WorkItem-712dbfbe-1ffe-48fb-95a9-378a29f6ba19'
2026-02-17 17:40:41 INFO  [ pool-2-thread-2 -> org.tasktide.engine.observer.worker.executor.WorkItemExecutorObserver.pollUntilDone ]: Begining state monitoring of WorkItem:	'WorkItem-712dbfbe-1ffe-48fb-95a9-378a29f6ba19'
2026-02-17 17:40:41 INFO  [ pool-2-thread-2 -> org.tasktide.engine.observer.worker.executor.WorkItemExecutorObserver.pollUntilDone ]: Letting '10000'ms elapse for state monitoring of WorkItem:	'WorkItem-712dbfbe-1ffe-48fb-95a9-378a29f6ba19'
2026-02-17 17:40:44 INFO  [ pool-2-thread-1 -> org.tasktide.engine.observer.worker.executor.WorkItemExecutorObserver.pollUntilDone ]: Displaying Iter-'2' StateSummary of WorkItem:	'WorkItem-22e95dad-2062-42c2-81c6-b1a9fd98ce71'

{
    "State Summary": {
        "TODO": 1,
        "ERROR": 0,
        "LOCKED": 0,
        "FOR_UNLOCK": 0,
        "DONE": 0
    }
}


2026-02-17 17:40:44 INFO  [ pool-2-thread-1 -> org.tasktide.engine.observer.worker.executor.WorkItemExecutorObserver.pollUntilDone ]: Letting '10000'ms elapse for state monitoring of WorkItem:	'WorkItem-22e95dad-2062-42c2-81c6-b1a9fd98ce71'
2026-02-17 17:40:45 INFO  [ pool-3-thread-1 -> org.tasktide.itemstore.AbstractItemStore.waitForMutex ]: Mutex acquired
2026-02-17 17:40:45 INFO  [ pool-3-thread-1 -> org.tasktide.itemstore.AbstractItemStore.releaseMutex ]: Releasing mutex
2026-02-17 17:40:45 INFO  [ main -> org.tasktide.engine.TaskTideEngineUtility.waitOnExecutorTrackerWorkItem ]: Displaying Iter-'6' StateSummary of ExecutorServiceTracker:

Total='4', Remaining='4', Done='0', Expected='4'
2026-02-17 17:40:45 INFO  [ main -> org.tasktide.engine.TaskTideEngineUtility.waitOnExecutorTrackerWorkItem ]: Letting '64000'ms elapse for state monitoring of ExecutorServiceTracker:	'4'
2026-02-17 17:40:46 INFO  [ pool-3-thread-1 -> org.tasktide.itemstore.AbstractItemStore.releaseMutex ]: Released mutex
2026-02-17 17:40:46 DEBUG [ pool-3-thread-1 -> org.tasktide.itemstore.AbstractItemStore.waitForLock ]: Waiting for
2026-02-17 17:40:46 INFO  [ pool-3-thread-1 -> org.tasktide.itemstore.AbstractItemStore.waitForMutex ]: Acquiring mutex
2026-02-17 17:40:48 INFO  [ pool-2-thread-4 -> org.tasktide.engine.observer.worker.executor.WorkItemExecutorObserver.pollUntilDone ]: Displaying Iter-'2' StateSummary of WorkItem:	'WorkItem-a781decd-5c71-4fca-b743-f1d94b92ad0d'

{
    "State Summary": {
        "TODO": 1,
        "ERROR": 0,
        "LOCKED": 0,
        "FOR_UNLOCK": 0,
        "DONE": 0
    }
}


2026-02-17 17:40:48 INFO  [ pool-2-thread-4 -> org.tasktide.engine.observer.worker.executor.WorkItemExecutorObserver.pollUntilDone ]: Letting '10000'ms elapse for state monitoring of WorkItem:	'WorkItem-a781decd-5c71-4fca-b743-f1d94b92ad0d'
2026-02-17 17:40:49 INFO  [ pool-2-thread-3 -> org.tasktide.engine.observer.worker.executor.WorkItemExecutorObserver.pollUntilDone ]: Displaying Iter-'3' StateSummary of WorkItem:	'WorkItem-a8d6a1b3-2a13-48d3-a44e-55e1b2000d87'

{
    "State Summary": {
        "TODO": 0,
        "ERROR": 0,
        "LOCKED": 0,
        "FOR_UNLOCK": 0,
        "DONE": 1
    }
}


2026-02-17 17:40:49 INFO  [ pool-2-thread-3 -> org.tasktide.engine.observer.worker.executor.WorkItemExecutorObserver.pollUntilDone ]: Completed processing of '1' WorkItems with '1'
2026-02-17 17:40:49 INFO  [ pool-2-thread-3 -> org.tasktide.engine.worker.executor.WorkItemExecutor.executeTask ]: Task processing complete on WorkItem:	'WorkItem-a8d6a1b3-2a13-48d3-a44e-55e1b2000d87'
2026-02-17 17:40:49 INFO  [ pool-2-thread-3 -> org.tasktide.engine.worker.executor.TaskTideExecutor.runTasks ]: Completed task 'WorkItem-a8d6a1b3-2a13-48d3-a44e-55e1b2000d87', global count: 2
2026-02-17 17:40:49 INFO  [ pool-2-thread-3 -> org.tasktide.engine.observer.worker.TimeKeeperObserver.onTaskEnd ]: Measuring the elapsed time of task 'WorkItem-a8d6a1b3-2a13-48d3-a44e-55e1b2000d87',
2026-02-17 17:40:49 INFO  [ pool-2-thread-3 -> org.tasktide.engine.observer.worker.TimeKeeperObserver.onTaskEnd ]: Task 'WorkItem-a8d6a1b3-2a13-48d3-a44e-55e1b2000d87' completed in 99776ms
2026-02-17 17:40:49 DEBUG [ pool-2-thread-3 -> org.tasktide.engine.observer.worker.TimeKeeperObserver.measureTime ]: Mean duration = '99776ms', Expected Next = '1771350149335ms', Max End '1771350049783ms', Is time = 'false'
2026-02-17 17:40:49 WARN  [ pool-2-thread-3 -> org.tasktide.engine.observer.worker.TimeKeeperObserver.evaluateDuration ]: Warning not enough estimated time for next task to run
2026-02-17 17:40:49 INFO  [ pool-2-thread-3 -> org.tasktide.engine.observer.worker.TimeKeeperObserver.onTaskEnd ]: TimeKeeper evaluated time left next 'false' with ItemTask:	'WorkItem-a8d6a1b3-2a13-48d3-a44e-55e1b2000d87'
2026-02-17 17:40:50 INFO  [ pool-3-thread-1 -> org.tasktide.itemstore.AbstractItemStore.waitForMutex ]: Mutex acquired
2026-02-17 17:40:50 INFO  [ pool-3-thread-1 -> org.tasktide.itemstore.AbstractItemStore.releaseMutex ]: Releasing mutex
2026-02-17 17:40:50 INFO  [ pool-3-thread-1 -> org.tasktide.itemstore.AbstractItemStore.releaseMutex ]: Released mutex
2026-02-17 17:40:50 DEBUG [ pool-3-thread-1 -> org.tasktide.itemstore.AbstractItemStore.waitForLock ]: Waiting for
2026-02-17 17:40:50 INFO  [ pool-3-thread-1 -> org.tasktide.itemstore.AbstractItemStore.waitForMutex ]: Acquiring mutex
2026-02-17 17:40:51 INFO  [ pool-2-thread-2 -> org.tasktide.engine.observer.worker.executor.WorkItemExecutorObserver.pollUntilDone ]: Displaying Iter-'0' StateSummary of WorkItem:	'WorkItem-712dbfbe-1ffe-48fb-95a9-378a29f6ba19'

{
    "State Summary": {
        "TODO": 1,
        "ERROR": 0,
        "LOCKED": 0,
        "FOR_UNLOCK": 0,
        "DONE": 0
    }
}


2026-02-17 17:40:51 INFO  [ pool-2-thread-2 -> org.tasktide.engine.observer.worker.executor.WorkItemExecutorObserver.pollUntilDone ]: Letting '10000'ms elapse for state monitoring of WorkItem:	'WorkItem-712dbfbe-1ffe-48fb-95a9-378a29f6ba19'
2026-02-17 17:40:54 INFO  [ pool-2-thread-1 -> org.tasktide.engine.observer.worker.executor.WorkItemExecutorObserver.pollUntilDone ]: Displaying Iter-'3' StateSummary of WorkItem:	'WorkItem-22e95dad-2062-42c2-81c6-b1a9fd98ce71'

{
    "State Summary": {
        "TODO": 1,
        "ERROR": 0,
        "LOCKED": 0,
        "FOR_UNLOCK": 0,
        "DONE": 0
    }
}


2026-02-17 17:40:54 INFO  [ pool-2-thread-1 -> org.tasktide.engine.observer.worker.executor.WorkItemExecutorObserver.pollUntilDone ]: Letting '8000'ms elapse for state monitoring of WorkItem:	'WorkItem-22e95dad-2062-42c2-81c6-b1a9fd98ce71'
2026-02-17 17:40:54 INFO  [ pool-3-thread-1 -> org.tasktide.itemstore.AbstractItemStore.waitForMutex ]: Mutex acquired
2026-02-17 17:40:54 INFO  [ pool-3-thread-1 -> org.tasktide.itemstore.AbstractItemStore.releaseMutex ]: Releasing mutex
2026-02-17 17:40:55 INFO  [ pool-3-thread-1 -> org.tasktide.itemstore.AbstractItemStore.releaseMutex ]: Released mutex
2026-02-17 17:40:55 DEBUG [ pool-3-thread-1 -> org.tasktide.itemstore.AbstractItemStore.waitForLock ]: Waiting for
2026-02-17 17:40:55 INFO  [ pool-3-thread-1 -> org.tasktide.itemstore.AbstractItemStore.waitForMutex ]: Acquiring mutex
2026-02-17 17:40:58 INFO  [ pool-2-thread-4 -> org.tasktide.engine.observer.worker.executor.WorkItemExecutorObserver.pollUntilDone ]: Displaying Iter-'3' StateSummary of WorkItem:	'WorkItem-a781decd-5c71-4fca-b743-f1d94b92ad0d'

{
    "State Summary": {
        "TODO": 1,
        "ERROR": 0,
        "LOCKED": 0,
        "FOR_UNLOCK": 0,
        "DONE": 0
    }
}


2026-02-17 17:40:58 INFO  [ pool-2-thread-4 -> org.tasktide.engine.observer.worker.executor.WorkItemExecutorObserver.pollUntilDone ]: Letting '8000'ms elapse for state monitoring of WorkItem:	'WorkItem-a781decd-5c71-4fca-b743-f1d94b92ad0d'
2026-02-17 17:40:59 INFO  [ pool-3-thread-1 -> org.tasktide.itemstore.AbstractItemStore.waitForMutex ]: Mutex acquired
2026-02-17 17:40:59 INFO  [ pool-3-thread-1 -> org.tasktide.itemstore.AbstractItemStore.releaseMutex ]: Releasing mutex
2026-02-17 17:40:59 INFO  [ pool-3-thread-1 -> org.tasktide.itemstore.AbstractItemStore.releaseMutex ]: Released mutex
2026-02-17 17:40:59 INFO  [ pool-3-thread-1 -> org.tasktide.engine.observer.worker.TimeKeeperObserver.onTaskEnd ]: Measuring the elapsed time of task 'ItemTask-6b7a6fa2-852c-4883-9a6b-2868d712cd5f',
2026-02-17 17:40:59 INFO  [ pool-3-thread-1 -> org.tasktide.engine.observer.worker.TimeKeeperObserver.onTaskEnd ]: Task 'ItemTask-6b7a6fa2-852c-4883-9a6b-2868d712cd5f' completed in 50484ms
2026-02-17 17:40:59 DEBUG [ pool-3-thread-1 -> org.tasktide.engine.observer.worker.TimeKeeperObserver.measureTime ]: Mean duration = '50484ms', Expected Next = '1771350110424ms', Max End '1771350109456ms', Is time = 'false'
2026-02-17 17:40:59 WARN  [ pool-3-thread-1 -> org.tasktide.engine.observer.worker.TimeKeeperObserver.evaluateDuration ]: Warning not enough estimated time for next task to run
2026-02-17 17:40:59 INFO  [ pool-3-thread-1 -> org.tasktide.engine.observer.worker.TimeKeeperObserver.onTaskEnd ]: TimeKeeper evaluated time left next 'false' with ItemTask:	'ItemTask-6b7a6fa2-852c-4883-9a6b-2868d712cd5f'
2026-02-17 17:40:59 INFO  [ pool-3-thread-1 -> org.tasktide.engine.worker.executor.TaskTideExecutor.runTasks ]: 

Workload processing complete, displaying summary:
Thread Total = '1', Thread Done = '0', Done = '2', Failed = '0', Skipped = '0'
2026-02-17 17:40:59 INFO  [ pool-3-thread-1 -> org.tasktide.engine.worker.processor.TaskTideProcessor.process ]: Processing tasks of workload thread:	'pool-3-thread-1', Size='1', First ItemId = 'ItemTask-41fafca4-9601-4c8c-849c-4210c9aa19e4'
2026-02-17 17:40:59 INFO  [ pool-3-thread-1 -> org.tasktide.engine.worker.executor.TaskTideExecutor.runTasks ]: Begining workload processing of N = '1' tasks
2026-02-17 17:40:59 INFO  [ pool-3-thread-1 -> org.tasktide.engine.observer.worker.TimeKeeperObserver.evaluateStart ]: TimeKeeper evaluating starting of task 'ItemTask-41fafca4-9601-4c8c-849c-4210c9aa19e4'
2026-02-17 17:40:59 INFO  [ pool-3-thread-1 -> org.tasktide.engine.observer.worker.TimeKeeperObserver.evaluateStart ]: Atomic TimeKeeper for task 'ItemTask-41fafca4-9601-4c8c-849c-4210c9aa19e4' set on thread 'pool-3-thread-1'
2026-02-17 17:40:59 INFO  [ pool-3-thread-1 -> org.tasktide.engine.observer.worker.TimeKeeperObserver.onTaskStart ]: TimeKeeper evaluated time left for processing as 'true' for ItemTask:	'ItemTask-41fafca4-9601-4c8c-849c-4210c9aa19e4'
2026-02-17 17:40:59 INFO  [ pool-3-thread-1 -> org.tasktide.engine.worker.executor.ItemTaskExecutor.executeTask ]: Executing task on thread 'pool-3-thread-1':ping -c 4 google.com
2026-02-17 17:40:59 DEBUG [ pool-2-thread-3 -> org.tasktide.itemstore.AbstractItemStore.waitForLock ]: Waiting for
2026-02-17 17:40:59 INFO  [ pool-2-thread-3 -> org.tasktide.itemstore.AbstractItemStore.waitForMutex ]: Acquiring mutex
2026-02-17 17:41:01 INFO  [ pool-2-thread-2 -> org.tasktide.engine.observer.worker.executor.WorkItemExecutorObserver.pollUntilDone ]: Displaying Iter-'1' StateSummary of WorkItem:	'WorkItem-712dbfbe-1ffe-48fb-95a9-378a29f6ba19'

{
    "State Summary": {
        "TODO": 1,
        "ERROR": 0,
        "LOCKED": 0,
        "FOR_UNLOCK": 0,
        "DONE": 0
    }
}


2026-02-17 17:41:01 INFO  [ pool-2-thread-2 -> org.tasktide.engine.observer.worker.executor.WorkItemExecutorObserver.pollUntilDone ]: Letting '10000'ms elapse for state monitoring of WorkItem:	'WorkItem-712dbfbe-1ffe-48fb-95a9-378a29f6ba19'
2026-02-17 17:41:02 INFO  [ pool-2-thread-1 -> org.tasktide.engine.observer.worker.executor.WorkItemExecutorObserver.pollUntilDone ]: Displaying Iter-'4' StateSummary of WorkItem:	'WorkItem-22e95dad-2062-42c2-81c6-b1a9fd98ce71'

{
    "State Summary": {
        "TODO": 0,
        "ERROR": 0,
        "LOCKED": 1,
        "FOR_UNLOCK": 0,
        "DONE": 0
    }
}


2026-02-17 17:41:02 INFO  [ pool-2-thread-1 -> org.tasktide.engine.observer.worker.executor.WorkItemExecutorObserver.pollUntilDone ]: Letting '16000'ms elapse for state monitoring of WorkItem:	'WorkItem-22e95dad-2062-42c2-81c6-b1a9fd98ce71'
2026-02-17 17:41:04 INFO  [ pool-2-thread-3 -> org.tasktide.itemstore.AbstractItemStore.waitForMutex ]: Mutex acquired
2026-02-17 17:41:04 INFO  [ pool-2-thread-3 -> org.tasktide.itemstore.AbstractItemStore.releaseMutex ]: Releasing mutex
2026-02-17 17:41:04 INFO  [ pool-2-thread-3 -> org.tasktide.itemstore.AbstractItemStore.releaseMutex ]: Released mutex
2026-02-17 17:41:04 DEBUG [ pool-2-thread-3 -> org.tasktide.itemstore.AbstractItemStore.waitForLock ]: Waiting for
2026-02-17 17:41:04 INFO  [ pool-2-thread-3 -> org.tasktide.itemstore.AbstractItemStore.waitForMutex ]: Acquiring mutex
2026-02-17 17:41:06 INFO  [ pool-2-thread-4 -> org.tasktide.engine.observer.worker.executor.WorkItemExecutorObserver.pollUntilDone ]: Displaying Iter-'4' StateSummary of WorkItem:	'WorkItem-a781decd-5c71-4fca-b743-f1d94b92ad0d'

{
    "State Summary": {
        "TODO": 1,
        "ERROR": 0,
        "LOCKED": 0,
        "FOR_UNLOCK": 0,
        "DONE": 0
    }
}


2026-02-17 17:41:06 INFO  [ pool-2-thread-4 -> org.tasktide.engine.observer.worker.executor.WorkItemExecutorObserver.pollUntilDone ]: Letting '16000'ms elapse for state monitoring of WorkItem:	'WorkItem-a781decd-5c71-4fca-b743-f1d94b92ad0d'
2026-02-17 17:41:08 INFO  [ pool-2-thread-3 -> org.tasktide.itemstore.AbstractItemStore.waitForMutex ]: Mutex acquired
2026-02-17 17:41:08 INFO  [ pool-2-thread-3 -> org.tasktide.itemstore.AbstractItemStore.releaseMutex ]: Releasing mutex
2026-02-17 17:41:09 INFO  [ pool-2-thread-3 -> org.tasktide.itemstore.AbstractItemStore.releaseMutex ]: Released mutex
2026-02-17 17:41:09 DEBUG [ pool-2-thread-3 -> org.tasktide.itemstore.AbstractItemStore.waitForLock ]: Waiting for
2026-02-17 17:41:09 INFO  [ pool-2-thread-3 -> org.tasktide.itemstore.AbstractItemStore.waitForMutex ]: Acquiring mutex
2026-02-17 17:41:11 INFO  [ pool-2-thread-2 -> org.tasktide.engine.observer.worker.executor.WorkItemExecutorObserver.pollUntilDone ]: Displaying Iter-'2' StateSummary of WorkItem:	'WorkItem-712dbfbe-1ffe-48fb-95a9-378a29f6ba19'

{
    "State Summary": {
        "TODO": 1,
        "ERROR": 0,
        "LOCKED": 0,
        "FOR_UNLOCK": 0,
        "DONE": 0
    }
}


2026-02-17 17:41:11 INFO  [ pool-2-thread-2 -> org.tasktide.engine.observer.worker.executor.WorkItemExecutorObserver.pollUntilDone ]: Letting '10000'ms elapse for state monitoring of WorkItem:	'WorkItem-712dbfbe-1ffe-48fb-95a9-378a29f6ba19'
2026-02-17 17:41:13 INFO  [ pool-2-thread-3 -> org.tasktide.itemstore.AbstractItemStore.waitForMutex ]: Mutex acquired
2026-02-17 17:41:13 INFO  [ pool-2-thread-3 -> org.tasktide.itemstore.AbstractItemStore.releaseMutex ]: Releasing mutex
2026-02-17 17:41:13 INFO  [ pool-2-thread-3 -> org.tasktide.itemstore.AbstractItemStore.releaseMutex ]: Released mutex
2026-02-17 17:41:13 INFO  [ pool-2-thread-3 -> org.tasktide.engine.observer.worker.executor.WorkItemExecutorObserver.onTaskEnd ]: Unlocked N = '0' sub tasks for WorkItem:	'WorkItem-a8d6a1b3-2a13-48d3-a44e-55e1b2000d87'
2026-02-17 17:41:13 DEBUG [ pool-3-thread-1 -> org.tasktide.itemstore.AbstractItemStore.waitForLock ]: Waiting for
2026-02-17 17:41:13 INFO  [ pool-2-thread-3 -> org.tasktide.engine.worker.executor.TaskTideExecutor.runTasks ]: 

Workload processing complete, displaying summary:
Thread Total = '1', Thread Done = '0', Done = '2', Failed = '0', Skipped = '0'
2026-02-17 17:41:13 INFO  [ pool-3-thread-1 -> org.tasktide.itemstore.AbstractItemStore.waitForMutex ]: Acquiring mutex
2026-02-17 17:41:17 INFO  [ pool-3-thread-1 -> org.tasktide.itemstore.AbstractItemStore.waitForMutex ]: Mutex acquired
2026-02-17 17:41:17 INFO  [ pool-3-thread-1 -> org.tasktide.itemstore.AbstractItemStore.releaseMutex ]: Releasing mutex
2026-02-17 17:41:18 INFO  [ pool-2-thread-1 -> org.tasktide.engine.observer.worker.executor.WorkItemExecutorObserver.pollUntilDone ]: Displaying Iter-'5' StateSummary of WorkItem:	'WorkItem-22e95dad-2062-42c2-81c6-b1a9fd98ce71'

{
    "State Summary": {
        "TODO": 0,
        "ERROR": 0,
        "LOCKED": 1,
        "FOR_UNLOCK": 0,
        "DONE": 0
    }
}


2026-02-17 17:41:18 INFO  [ pool-2-thread-1 -> org.tasktide.engine.observer.worker.executor.WorkItemExecutorObserver.pollUntilDone ]: Letting '32000'ms elapse for state monitoring of WorkItem:	'WorkItem-22e95dad-2062-42c2-81c6-b1a9fd98ce71'
2026-02-17 17:41:18 INFO  [ pool-3-thread-1 -> org.tasktide.itemstore.AbstractItemStore.releaseMutex ]: Released mutex
2026-02-17 17:41:18 DEBUG [ pool-3-thread-1 -> org.tasktide.itemstore.AbstractItemStore.waitForLock ]: Waiting for
2026-02-17 17:41:18 INFO  [ pool-3-thread-1 -> org.tasktide.itemstore.AbstractItemStore.waitForMutex ]: Acquiring mutex
2026-02-17 17:41:21 INFO  [ pool-2-thread-2 -> org.tasktide.engine.observer.worker.executor.WorkItemExecutorObserver.pollUntilDone ]: Displaying Iter-'3' StateSummary of WorkItem:	'WorkItem-712dbfbe-1ffe-48fb-95a9-378a29f6ba19'

{
    "State Summary": {
        "TODO": 1,
        "ERROR": 0,
        "LOCKED": 0,
        "FOR_UNLOCK": 0,
        "DONE": 0
    }
}


2026-02-17 17:41:21 INFO  [ pool-2-thread-2 -> org.tasktide.engine.observer.worker.executor.WorkItemExecutorObserver.pollUntilDone ]: Letting '8000'ms elapse for state monitoring of WorkItem:	'WorkItem-712dbfbe-1ffe-48fb-95a9-378a29f6ba19'
2026-02-17 17:41:22 INFO  [ pool-3-thread-1 -> org.tasktide.itemstore.AbstractItemStore.waitForMutex ]: Mutex acquired
2026-02-17 17:41:22 INFO  [ pool-3-thread-1 -> org.tasktide.itemstore.AbstractItemStore.releaseMutex ]: Releasing mutex
2026-02-17 17:41:22 INFO  [ pool-2-thread-4 -> org.tasktide.engine.observer.worker.executor.WorkItemExecutorObserver.pollUntilDone ]: Displaying Iter-'5' StateSummary of WorkItem:	'WorkItem-a781decd-5c71-4fca-b743-f1d94b92ad0d'

{
    "State Summary": {
        "TODO": 1,
        "ERROR": 0,
        "LOCKED": 0,
        "FOR_UNLOCK": 0,
        "DONE": 0
    }
}


2026-02-17 17:41:22 INFO  [ pool-2-thread-4 -> org.tasktide.engine.observer.worker.executor.WorkItemExecutorObserver.pollUntilDone ]: Letting '32000'ms elapse for state monitoring of WorkItem:	'WorkItem-a781decd-5c71-4fca-b743-f1d94b92ad0d'
2026-02-17 17:41:22 INFO  [ pool-3-thread-1 -> org.tasktide.itemstore.AbstractItemStore.releaseMutex ]: Released mutex
2026-02-17 17:41:22 DEBUG [ pool-3-thread-1 -> org.tasktide.itemstore.AbstractItemStore.waitForLock ]: Waiting for
2026-02-17 17:41:22 INFO  [ pool-3-thread-1 -> org.tasktide.itemstore.AbstractItemStore.waitForMutex ]: Acquiring mutex
2026-02-17 17:41:26 INFO  [ pool-3-thread-1 -> org.tasktide.itemstore.AbstractItemStore.waitForMutex ]: Mutex acquired
2026-02-17 17:41:26 INFO  [ pool-3-thread-1 -> org.tasktide.itemstore.AbstractItemStore.releaseMutex ]: Releasing mutex
2026-02-17 17:41:27 INFO  [ pool-3-thread-1 -> org.tasktide.itemstore.AbstractItemStore.releaseMutex ]: Released mutex
2026-02-17 17:41:27 DEBUG [ pool-3-thread-1 -> org.tasktide.itemstore.AbstractItemStore.waitForLock ]: Waiting for
2026-02-17 17:41:27 INFO  [ pool-3-thread-1 -> org.tasktide.itemstore.AbstractItemStore.waitForMutex ]: Acquiring mutex
2026-02-17 17:41:29 INFO  [ pool-2-thread-2 -> org.tasktide.engine.observer.worker.executor.WorkItemExecutorObserver.pollUntilDone ]: Displaying Iter-'4' StateSummary of WorkItem:	'WorkItem-712dbfbe-1ffe-48fb-95a9-378a29f6ba19'

{
    "State Summary": {
        "TODO": 1,
        "ERROR": 0,
        "LOCKED": 0,
        "FOR_UNLOCK": 0,
        "DONE": 0
    }
}


2026-02-17 17:41:29 INFO  [ pool-2-thread-2 -> org.tasktide.engine.observer.worker.executor.WorkItemExecutorObserver.pollUntilDone ]: Letting '16000'ms elapse for state monitoring of WorkItem:	'WorkItem-712dbfbe-1ffe-48fb-95a9-378a29f6ba19'
2026-02-17 17:41:31 INFO  [ pool-3-thread-1 -> org.tasktide.itemstore.AbstractItemStore.waitForMutex ]: Mutex acquired
2026-02-17 17:41:31 INFO  [ pool-3-thread-1 -> org.tasktide.itemstore.AbstractItemStore.releaseMutex ]: Releasing mutex
2026-02-17 17:41:31 INFO  [ pool-3-thread-1 -> org.tasktide.itemstore.AbstractItemStore.releaseMutex ]: Released mutex
2026-02-17 17:41:31 DEBUG [ pool-3-thread-1 -> org.tasktide.engine.worker.executor.ProcessExecutor.execute ]: Beginning execution of task:	ping -c 4 google.com
2026-02-17 17:41:35 DEBUG [ pool-3-thread-1 -> org.tasktide.engine.worker.executor.ProcessExecutor.execute ]: Execution complete for task:	ping -c 4 google.com
2026-02-17 17:41:35 DEBUG [ pool-3-thread-1 -> org.tasktide.engine.worker.executor.ProcessExecutor.execute ]: Building ProcessLog for task:	ping -c 4 google.com
2026-02-17 17:41:35 DEBUG [ pool-3-thread-1 -> org.tasktide.engine.worker.executor.ProcessExecutor.execute ]: Displaying TaskLogging:
{
    "CPU Duration": 0,
    "End Time": 1771350095119,
    "Exit Code": 0,
    "Process Id": 9810,
    "Process Log": {
        "Stderr": [
            "PING google.com (74.125.193.100) 56(84) bytes of data.",
            "64 bytes from ig-in-f100.1e100.net (74.125.193.100): icmp_seq=1 ttl=106 time=30.3 ms",
            "64 bytes from ig-in-f100.1e100.net (74.125.193.100): icmp_seq=2 ttl=106 time=52.4 ms",
            "64 bytes from ig-in-f100.1e100.net (74.125.193.100): icmp_seq=3 ttl=106 time=169 ms",
            "64 bytes from ig-in-f100.1e100.net (74.125.193.100): icmp_seq=4 ttl=106 time=43.4 ms",
            "",
            "--- google.com ping statistics ---",
            "4 packets transmitted, 4 received, 0% packet loss, time 3016ms",
            "rtt min/avg/max/mdev = 30.266/73.677/168.641/55.390 ms"
        ],
        "Stdout": [
            "PING google.com (74.125.193.100) 56(84) bytes of data.",
            "64 bytes from ig-in-f100.1e100.net (74.125.193.100): icmp_seq=1 ttl=106 time=30.3 ms",
            "64 bytes from ig-in-f100.1e100.net (74.125.193.100): icmp_seq=2 ttl=106 time=52.4 ms",
            "64 bytes from ig-in-f100.1e100.net (74.125.193.100): icmp_seq=3 ttl=106 time=169 ms",
            "64 bytes from ig-in-f100.1e100.net (74.125.193.100): icmp_seq=4 ttl=106 time=43.4 ms",
            "",
            "--- google.com ping statistics ---",
            "4 packets transmitted, 4 received, 0% packet loss, time 3016ms",
            "rtt min/avg/max/mdev = 30.266/73.677/168.641/55.390 ms"
        ],
        "id": "ProcessLog-b19be6f3-eb7c-4ab4-96dd-e4a9f68b7905"
    },
    "Start Time": 1771350091923,
    "Thread Name": "pool-3-thread-1",
    "id": "TaskLogging-2348e7cf-1514-4f65-a796-f898c36e9dcc"
}
2026-02-17 17:41:35 INFO  [ pool-3-thread-1 -> org.tasktide.engine.worker.executor.ProcessExecutor.execute ]: Successful execution of task:	ping -c 4 google.com
2026-02-17 17:41:35 INFO  [ pool-3-thread-1 -> org.tasktide.engine.worker.executor.ItemTaskExecutor.executeTask ]: Task 'Ping_Test_1' successful on thread 'pool-3-thread-1' with exit code 0

2026-02-17 17:41:35 DEBUG [ pool-3-thread-1 -> org.tasktide.engine.worker.executor.ItemTaskExecutor.executeTask ]: Determining whether to apply results annotation
2026-02-17 17:41:35 DEBUG [ pool-3-thread-1 -> org.tasktide.engine.worker.executor.ItemTaskExecutor.annotateResults ]: No 'Results Path' annotation detected for task:
'ItemTask-41fafca4-9601-4c8c-849c-4210c9aa19e4'
2026-02-17 17:41:35 INFO  [ pool-3-thread-1 -> org.tasktide.engine.worker.executor.TaskTideExecutor.runTasks ]: Completed task 'ItemTask-41fafca4-9601-4c8c-849c-4210c9aa19e4', global count: 3
2026-02-17 17:41:35 DEBUG [ pool-3-thread-1 -> org.tasktide.itemstore.AbstractItemStore.waitForLock ]: Waiting for
2026-02-17 17:41:35 INFO  [ pool-3-thread-1 -> org.tasktide.itemstore.AbstractItemStore.waitForMutex ]: Acquiring mutex
2026-02-17 17:41:39 INFO  [ pool-3-thread-1 -> org.tasktide.itemstore.AbstractItemStore.waitForMutex ]: Mutex acquired
2026-02-17 17:41:39 INFO  [ pool-3-thread-1 -> org.tasktide.itemstore.AbstractItemStore.releaseMutex ]: Releasing mutex
2026-02-17 17:41:39 INFO  [ pool-3-thread-1 -> org.tasktide.itemstore.AbstractItemStore.releaseMutex ]: Released mutex
2026-02-17 17:41:39 DEBUG [ pool-3-thread-1 -> org.tasktide.itemstore.AbstractItemStore.waitForLock ]: Waiting for
2026-02-17 17:41:39 INFO  [ pool-3-thread-1 -> org.tasktide.itemstore.AbstractItemStore.waitForMutex ]: Acquiring mutex
2026-02-17 17:41:43 INFO  [ pool-3-thread-1 -> org.tasktide.itemstore.AbstractItemStore.waitForMutex ]: Mutex acquired
2026-02-17 17:41:43 INFO  [ pool-3-thread-1 -> org.tasktide.itemstore.AbstractItemStore.releaseMutex ]: Releasing mutex
2026-02-17 17:41:44 INFO  [ pool-3-thread-1 -> org.tasktide.itemstore.AbstractItemStore.releaseMutex ]: Released mutex
2026-02-17 17:41:44 DEBUG [ pool-3-thread-1 -> org.tasktide.itemstore.AbstractItemStore.waitForLock ]: Waiting for
2026-02-17 17:41:44 INFO  [ pool-3-thread-1 -> org.tasktide.itemstore.AbstractItemStore.waitForMutex ]: Acquiring mutex
2026-02-17 17:41:45 INFO  [ pool-2-thread-2 -> org.tasktide.engine.observer.worker.executor.WorkItemExecutorObserver.pollUntilDone ]: Displaying Iter-'5' StateSummary of WorkItem:	'WorkItem-712dbfbe-1ffe-48fb-95a9-378a29f6ba19'

{
    "State Summary": {
        "TODO": 1,
        "ERROR": 0,
        "LOCKED": 0,
        "FOR_UNLOCK": 0,
        "DONE": 0
    }
}


2026-02-17 17:41:45 INFO  [ pool-2-thread-2 -> org.tasktide.engine.observer.worker.executor.WorkItemExecutorObserver.pollUntilDone ]: Letting '32000'ms elapse for state monitoring of WorkItem:	'WorkItem-712dbfbe-1ffe-48fb-95a9-378a29f6ba19'
2026-02-17 17:41:48 INFO  [ pool-3-thread-1 -> org.tasktide.itemstore.AbstractItemStore.waitForMutex ]: Mutex acquired
2026-02-17 17:41:48 INFO  [ pool-3-thread-1 -> org.tasktide.itemstore.AbstractItemStore.releaseMutex ]: Releasing mutex
2026-02-17 17:41:49 INFO  [ pool-3-thread-1 -> org.tasktide.itemstore.AbstractItemStore.releaseMutex ]: Released mutex
2026-02-17 17:41:49 DEBUG [ pool-3-thread-1 -> org.tasktide.itemstore.AbstractItemStore.waitForLock ]: Waiting for
2026-02-17 17:41:49 INFO  [ pool-3-thread-1 -> org.tasktide.itemstore.AbstractItemStore.waitForMutex ]: Acquiring mutex
2026-02-17 17:41:49 INFO  [ main -> org.tasktide.engine.TaskTideEngineUtility.waitOnExecutorTrackerWorkItem ]: Displaying Iter-'7' StateSummary of ExecutorServiceTracker:

Total='4', Remaining='3', Done='1', Expected='4'
2026-02-17 17:41:49 INFO  [ main -> org.tasktide.engine.TaskTideEngineUtility.waitOnExecutorTrackerWorkItem ]: Letting '85000'ms elapse for state monitoring of ExecutorServiceTracker:	'4'
2026-02-17 17:41:50 INFO  [ pool-2-thread-1 -> org.tasktide.engine.observer.worker.executor.WorkItemExecutorObserver.pollUntilDone ]: Displaying Iter-'6' StateSummary of WorkItem:	'WorkItem-22e95dad-2062-42c2-81c6-b1a9fd98ce71'

{
    "State Summary": {
        "TODO": 0,
        "ERROR": 0,
        "LOCKED": 0,
        "FOR_UNLOCK": 0,
        "DONE": 1
    }
}


2026-02-17 17:41:50 INFO  [ pool-2-thread-1 -> org.tasktide.engine.observer.worker.executor.WorkItemExecutorObserver.pollUntilDone ]: Completed processing of '1' WorkItems with '1'
2026-02-17 17:41:50 INFO  [ pool-2-thread-1 -> org.tasktide.engine.worker.executor.WorkItemExecutor.executeTask ]: Task processing complete on WorkItem:	'WorkItem-22e95dad-2062-42c2-81c6-b1a9fd98ce71'
2026-02-17 17:41:50 INFO  [ pool-2-thread-1 -> org.tasktide.engine.worker.executor.TaskTideExecutor.runTasks ]: Completed task 'WorkItem-22e95dad-2062-42c2-81c6-b1a9fd98ce71', global count: 4
2026-02-17 17:41:50 INFO  [ pool-2-thread-1 -> org.tasktide.engine.observer.worker.TimeKeeperObserver.onTaskEnd ]: Measuring the elapsed time of task 'WorkItem-22e95dad-2062-42c2-81c6-b1a9fd98ce71',
2026-02-17 17:41:50 INFO  [ pool-2-thread-1 -> org.tasktide.engine.observer.worker.TimeKeeperObserver.onTaskEnd ]: Task 'WorkItem-22e95dad-2062-42c2-81c6-b1a9fd98ce71' completed in 160431ms
2026-02-17 17:41:50 WARN  [ pool-2-thread-1 -> org.tasktide.engine.observer.worker.TimeKeeperObserver.evaluateDuration ]: Warning task excution time '100000ms' breached by '60431ms'
2026-02-17 17:41:50 INFO  [ pool-2-thread-1 -> org.tasktide.engine.observer.worker.TimeKeeperObserver.onTaskEnd ]: TimeKeeper evaluated time left next 'false' with ItemTask:	'WorkItem-22e95dad-2062-42c2-81c6-b1a9fd98ce71'
2026-02-17 17:41:53 INFO  [ pool-3-thread-1 -> org.tasktide.itemstore.AbstractItemStore.waitForMutex ]: Mutex acquired
2026-02-17 17:41:53 INFO  [ pool-3-thread-1 -> org.tasktide.itemstore.AbstractItemStore.releaseMutex ]: Releasing mutex
2026-02-17 17:41:53 INFO  [ pool-3-thread-1 -> org.tasktide.itemstore.AbstractItemStore.releaseMutex ]: Released mutex
2026-02-17 17:41:53 INFO  [ pool-3-thread-1 -> org.tasktide.engine.observer.worker.TimeKeeperObserver.onTaskEnd ]: Measuring the elapsed time of task 'ItemTask-41fafca4-9601-4c8c-849c-4210c9aa19e4',
2026-02-17 17:41:53 INFO  [ pool-3-thread-1 -> org.tasktide.engine.observer.worker.TimeKeeperObserver.onTaskEnd ]: Task 'ItemTask-41fafca4-9601-4c8c-849c-4210c9aa19e4' completed in 53629ms
2026-02-17 17:41:53 DEBUG [ pool-3-thread-1 -> org.tasktide.engine.observer.worker.TimeKeeperObserver.measureTime ]: Mean duration = '53629ms', Expected Next = '1771350167208ms', Max End '1771350159950ms', Is time = 'false'
2026-02-17 17:41:53 WARN  [ pool-3-thread-1 -> org.tasktide.engine.observer.worker.TimeKeeperObserver.evaluateDuration ]: Warning not enough estimated time for next task to run
2026-02-17 17:41:53 INFO  [ pool-3-thread-1 -> org.tasktide.engine.observer.worker.TimeKeeperObserver.onTaskEnd ]: TimeKeeper evaluated time left next 'false' with ItemTask:	'ItemTask-41fafca4-9601-4c8c-849c-4210c9aa19e4'
2026-02-17 17:41:53 INFO  [ pool-3-thread-1 -> org.tasktide.engine.worker.executor.TaskTideExecutor.runTasks ]: 

Workload processing complete, displaying summary:
Thread Total = '1', Thread Done = '0', Done = '4', Failed = '0', Skipped = '0'
2026-02-17 17:41:53 INFO  [ pool-3-thread-1 -> org.tasktide.engine.worker.processor.TaskTideProcessor.process ]: Processing tasks of workload thread:	'pool-3-thread-1', Size='1', First ItemId = 'ItemTask-b86435d1-5fa5-4e9f-a1f6-8b7683df840b'
2026-02-17 17:41:53 INFO  [ pool-3-thread-1 -> org.tasktide.engine.worker.executor.TaskTideExecutor.runTasks ]: Begining workload processing of N = '1' tasks
2026-02-17 17:41:53 INFO  [ pool-3-thread-1 -> org.tasktide.engine.observer.worker.TimeKeeperObserver.evaluateStart ]: TimeKeeper evaluating starting of task 'ItemTask-b86435d1-5fa5-4e9f-a1f6-8b7683df840b'
2026-02-17 17:41:53 INFO  [ pool-3-thread-1 -> org.tasktide.engine.observer.worker.TimeKeeperObserver.evaluateStart ]: Atomic TimeKeeper for task 'ItemTask-b86435d1-5fa5-4e9f-a1f6-8b7683df840b' set on thread 'pool-3-thread-1'
2026-02-17 17:41:53 INFO  [ pool-3-thread-1 -> org.tasktide.engine.observer.worker.TimeKeeperObserver.onTaskStart ]: TimeKeeper evaluated time left for processing as 'true' for ItemTask:	'ItemTask-b86435d1-5fa5-4e9f-a1f6-8b7683df840b'
2026-02-17 17:41:53 INFO  [ pool-3-thread-1 -> org.tasktide.engine.worker.executor.ItemTaskExecutor.executeTask ]: Executing task on thread 'pool-3-thread-1':ping -c 4 dcu.ie
2026-02-17 17:41:53 DEBUG [ pool-2-thread-1 -> org.tasktide.itemstore.AbstractItemStore.waitForLock ]: Waiting for
2026-02-17 17:41:53 INFO  [ pool-2-thread-1 -> org.tasktide.itemstore.AbstractItemStore.waitForMutex ]: Acquiring mutex
2026-02-17 17:41:54 INFO  [ pool-2-thread-4 -> org.tasktide.engine.observer.worker.executor.WorkItemExecutorObserver.pollUntilDone ]: Displaying Iter-'6' StateSummary of WorkItem:	'WorkItem-a781decd-5c71-4fca-b743-f1d94b92ad0d'

{
    "State Summary": {
        "TODO": 0,
        "ERROR": 0,
        "LOCKED": 1,
        "FOR_UNLOCK": 0,
        "DONE": 0
    }
}


2026-02-17 17:41:54 INFO  [ pool-2-thread-4 -> org.tasktide.engine.observer.worker.executor.WorkItemExecutorObserver.pollUntilDone ]: Letting '64000'ms elapse for state monitoring of WorkItem:	'WorkItem-a781decd-5c71-4fca-b743-f1d94b92ad0d'
2026-02-17 17:41:57 INFO  [ pool-2-thread-1 -> org.tasktide.itemstore.AbstractItemStore.waitForMutex ]: Mutex acquired
2026-02-17 17:41:57 INFO  [ pool-2-thread-1 -> org.tasktide.itemstore.AbstractItemStore.releaseMutex ]: Releasing mutex
2026-02-17 17:41:58 INFO  [ pool-2-thread-1 -> org.tasktide.itemstore.AbstractItemStore.releaseMutex ]: Released mutex
2026-02-17 17:41:58 DEBUG [ pool-2-thread-1 -> org.tasktide.itemstore.AbstractItemStore.waitForLock ]: Waiting for
2026-02-17 17:41:58 INFO  [ pool-2-thread-1 -> org.tasktide.itemstore.AbstractItemStore.waitForMutex ]: Acquiring mutex
2026-02-17 17:42:02 INFO  [ pool-2-thread-1 -> org.tasktide.itemstore.AbstractItemStore.waitForMutex ]: Mutex acquired
2026-02-17 17:42:02 INFO  [ pool-2-thread-1 -> org.tasktide.itemstore.AbstractItemStore.releaseMutex ]: Releasing mutex
2026-02-17 17:42:02 INFO  [ pool-2-thread-1 -> org.tasktide.itemstore.AbstractItemStore.releaseMutex ]: Released mutex
2026-02-17 17:42:02 DEBUG [ pool-2-thread-1 -> org.tasktide.itemstore.AbstractItemStore.waitForLock ]: Waiting for
2026-02-17 17:42:02 INFO  [ pool-2-thread-1 -> org.tasktide.itemstore.AbstractItemStore.waitForMutex ]: Acquiring mutex
2026-02-17 17:42:06 INFO  [ pool-2-thread-1 -> org.tasktide.itemstore.AbstractItemStore.waitForMutex ]: Mutex acquired
2026-02-17 17:42:06 INFO  [ pool-2-thread-1 -> org.tasktide.itemstore.AbstractItemStore.releaseMutex ]: Releasing mutex
2026-02-17 17:42:07 INFO  [ pool-2-thread-1 -> org.tasktide.itemstore.AbstractItemStore.releaseMutex ]: Released mutex
2026-02-17 17:42:07 INFO  [ pool-2-thread-1 -> org.tasktide.engine.observer.worker.executor.WorkItemExecutorObserver.onTaskEnd ]: Unlocked N = '0' sub tasks for WorkItem:	'WorkItem-22e95dad-2062-42c2-81c6-b1a9fd98ce71'
2026-02-17 17:42:07 DEBUG [ pool-3-thread-1 -> org.tasktide.itemstore.AbstractItemStore.waitForLock ]: Waiting for
2026-02-17 17:42:07 INFO  [ pool-2-thread-1 -> org.tasktide.engine.worker.executor.TaskTideExecutor.runTasks ]: 

Workload processing complete, displaying summary:
Thread Total = '1', Thread Done = '0', Done = '4', Failed = '0', Skipped = '0'
2026-02-17 17:42:07 INFO  [ pool-3-thread-1 -> org.tasktide.itemstore.AbstractItemStore.waitForMutex ]: Acquiring mutex
2026-02-17 17:42:11 INFO  [ pool-3-thread-1 -> org.tasktide.itemstore.AbstractItemStore.waitForMutex ]: Mutex acquired
2026-02-17 17:42:11 INFO  [ pool-3-thread-1 -> org.tasktide.itemstore.AbstractItemStore.releaseMutex ]: Releasing mutex
2026-02-17 17:42:11 INFO  [ pool-3-thread-1 -> org.tasktide.itemstore.AbstractItemStore.releaseMutex ]: Released mutex
2026-02-17 17:42:11 DEBUG [ pool-3-thread-1 -> org.tasktide.itemstore.AbstractItemStore.waitForLock ]: Waiting for
2026-02-17 17:42:11 INFO  [ pool-3-thread-1 -> org.tasktide.itemstore.AbstractItemStore.waitForMutex ]: Acquiring mutex
2026-02-17 17:42:15 INFO  [ pool-3-thread-1 -> org.tasktide.itemstore.AbstractItemStore.waitForMutex ]: Mutex acquired
2026-02-17 17:42:16 INFO  [ pool-3-thread-1 -> org.tasktide.itemstore.AbstractItemStore.releaseMutex ]: Releasing mutex
2026-02-17 17:42:16 INFO  [ pool-3-thread-1 -> org.tasktide.itemstore.AbstractItemStore.releaseMutex ]: Released mutex
2026-02-17 17:42:16 DEBUG [ pool-3-thread-1 -> org.tasktide.itemstore.AbstractItemStore.waitForLock ]: Waiting for
2026-02-17 17:42:16 INFO  [ pool-3-thread-1 -> org.tasktide.itemstore.AbstractItemStore.waitForMutex ]: Acquiring mutex
2026-02-17 17:42:17 INFO  [ pool-2-thread-2 -> org.tasktide.engine.observer.worker.executor.WorkItemExecutorObserver.pollUntilDone ]: Displaying Iter-'6' StateSummary of WorkItem:	'WorkItem-712dbfbe-1ffe-48fb-95a9-378a29f6ba19'

{
    "State Summary": {
        "TODO": 1,
        "ERROR": 0,
        "LOCKED": 0,
        "FOR_UNLOCK": 0,
        "DONE": 0
    }
}


2026-02-17 17:42:17 INFO  [ pool-2-thread-2 -> org.tasktide.engine.observer.worker.executor.WorkItemExecutorObserver.pollUntilDone ]: Letting '64000'ms elapse for state monitoring of WorkItem:	'WorkItem-712dbfbe-1ffe-48fb-95a9-378a29f6ba19'
2026-02-17 17:42:20 INFO  [ pool-3-thread-1 -> org.tasktide.itemstore.AbstractItemStore.waitForMutex ]: Mutex acquired
2026-02-17 17:42:20 INFO  [ pool-3-thread-1 -> org.tasktide.itemstore.AbstractItemStore.releaseMutex ]: Releasing mutex
2026-02-17 17:42:21 INFO  [ pool-3-thread-1 -> org.tasktide.itemstore.AbstractItemStore.releaseMutex ]: Released mutex
2026-02-17 17:42:21 DEBUG [ pool-3-thread-1 -> org.tasktide.itemstore.AbstractItemStore.waitForLock ]: Waiting for
2026-02-17 17:42:21 INFO  [ pool-3-thread-1 -> org.tasktide.itemstore.AbstractItemStore.waitForMutex ]: Acquiring mutex
2026-02-17 17:42:25 INFO  [ pool-3-thread-1 -> org.tasktide.itemstore.AbstractItemStore.waitForMutex ]: Mutex acquired
2026-02-17 17:42:25 INFO  [ pool-3-thread-1 -> org.tasktide.itemstore.AbstractItemStore.releaseMutex ]: Releasing mutex
2026-02-17 17:42:25 INFO  [ pool-3-thread-1 -> org.tasktide.itemstore.AbstractItemStore.releaseMutex ]: Released mutex
2026-02-17 17:42:25 DEBUG [ pool-3-thread-1 -> org.tasktide.engine.worker.executor.ProcessExecutor.execute ]: Beginning execution of task:	ping -c 4 dcu.ie
2026-02-17 17:42:28 DEBUG [ pool-3-thread-1 -> org.tasktide.engine.worker.executor.ProcessExecutor.execute ]: Execution complete for task:	ping -c 4 dcu.ie
2026-02-17 17:42:28 DEBUG [ pool-3-thread-1 -> org.tasktide.engine.worker.executor.ProcessExecutor.execute ]: Building ProcessLog for task:	ping -c 4 dcu.ie
2026-02-17 17:42:28 DEBUG [ pool-3-thread-1 -> org.tasktide.engine.worker.executor.ProcessExecutor.execute ]: Displaying TaskLogging:
{
    "CPU Duration": 0,
    "End Time": 1771350148963,
    "Exit Code": 0,
    "Process Id": 9825,
    "Process Log": {
        "Stderr": [
            "PING dcu.ie (99.80.221.0) 56(84) bytes of data.",
            "64 bytes from ec2-99-80-221-0.eu-west-1.compute.amazonaws.com (99.80.221.0): icmp_seq=1 ttl=55 time=33.0 ms",
            "64 bytes from ec2-99-80-221-0.eu-west-1.compute.amazonaws.com (99.80.221.0): icmp_seq=2 ttl=55 time=31.8 ms",
            "64 bytes from ec2-99-80-221-0.eu-west-1.compute.amazonaws.com (99.80.221.0): icmp_seq=3 ttl=55 time=28.5 ms",
            "64 bytes from ec2-99-80-221-0.eu-west-1.compute.amazonaws.com (99.80.221.0): icmp_seq=4 ttl=55 time=75.2 ms",
            "",
            "--- dcu.ie ping statistics ---",
            "4 packets transmitted, 4 received, 0% packet loss, time 3009ms",
            "rtt min/avg/max/mdev = 28.482/42.113/75.177/19.160 ms"
        ],
        "Stdout": [
            "PING dcu.ie (99.80.221.0) 56(84) bytes of data.",
            "64 bytes from ec2-99-80-221-0.eu-west-1.compute.amazonaws.com (99.80.221.0): icmp_seq=1 ttl=55 time=33.0 ms",
            "64 bytes from ec2-99-80-221-0.eu-west-1.compute.amazonaws.com (99.80.221.0): icmp_seq=2 ttl=55 time=31.8 ms",
            "64 bytes from ec2-99-80-221-0.eu-west-1.compute.amazonaws.com (99.80.221.0): icmp_seq=3 ttl=55 time=28.5 ms",
            "64 bytes from ec2-99-80-221-0.eu-west-1.compute.amazonaws.com (99.80.221.0): icmp_seq=4 ttl=55 time=75.2 ms",
            "",
            "--- dcu.ie ping statistics ---",
            "4 packets transmitted, 4 received, 0% packet loss, time 3009ms",
            "rtt min/avg/max/mdev = 28.482/42.113/75.177/19.160 ms"
        ],
        "id": "ProcessLog-44be8f9c-46cd-4e45-bd28-4d4ae7792e6d"
    },
    "Start Time": 1771350145677,
    "Thread Name": "pool-3-thread-1",
    "id": "TaskLogging-a0e77e6e-5f58-492f-8822-d640be58295a"
}
2026-02-17 17:42:28 INFO  [ pool-3-thread-1 -> org.tasktide.engine.worker.executor.ProcessExecutor.execute ]: Successful execution of task:	ping -c 4 dcu.ie
2026-02-17 17:42:28 INFO  [ pool-3-thread-1 -> org.tasktide.engine.worker.executor.ItemTaskExecutor.executeTask ]: Task 'Ping_Test_2' successful on thread 'pool-3-thread-1' with exit code 0

2026-02-17 17:42:28 DEBUG [ pool-3-thread-1 -> org.tasktide.engine.worker.executor.ItemTaskExecutor.executeTask ]: Determining whether to apply results annotation
2026-02-17 17:42:28 DEBUG [ pool-3-thread-1 -> org.tasktide.engine.worker.executor.ItemTaskExecutor.annotateResults ]: No 'Results Path' annotation detected for task:
'ItemTask-b86435d1-5fa5-4e9f-a1f6-8b7683df840b'
2026-02-17 17:42:28 INFO  [ pool-3-thread-1 -> org.tasktide.engine.worker.executor.TaskTideExecutor.runTasks ]: Completed task 'ItemTask-b86435d1-5fa5-4e9f-a1f6-8b7683df840b', global count: 5
2026-02-17 17:42:28 DEBUG [ pool-3-thread-1 -> org.tasktide.itemstore.AbstractItemStore.waitForLock ]: Waiting for
2026-02-17 17:42:28 INFO  [ pool-3-thread-1 -> org.tasktide.itemstore.AbstractItemStore.waitForMutex ]: Acquiring mutex
2026-02-17 17:42:32 INFO  [ pool-3-thread-1 -> org.tasktide.itemstore.AbstractItemStore.waitForMutex ]: Mutex acquired
2026-02-17 17:42:32 INFO  [ pool-3-thread-1 -> org.tasktide.itemstore.AbstractItemStore.releaseMutex ]: Releasing mutex
2026-02-17 17:42:33 INFO  [ pool-3-thread-1 -> org.tasktide.itemstore.AbstractItemStore.releaseMutex ]: Released mutex
2026-02-17 17:42:33 DEBUG [ pool-3-thread-1 -> org.tasktide.itemstore.AbstractItemStore.waitForLock ]: Waiting for
2026-02-17 17:42:33 INFO  [ pool-3-thread-1 -> org.tasktide.itemstore.AbstractItemStore.waitForMutex ]: Acquiring mutex
2026-02-17 17:42:37 INFO  [ pool-3-thread-1 -> org.tasktide.itemstore.AbstractItemStore.waitForMutex ]: Mutex acquired
2026-02-17 17:42:37 INFO  [ pool-3-thread-1 -> org.tasktide.itemstore.AbstractItemStore.releaseMutex ]: Releasing mutex
2026-02-17 17:42:38 INFO  [ pool-3-thread-1 -> org.tasktide.itemstore.AbstractItemStore.releaseMutex ]: Released mutex
2026-02-17 17:42:38 DEBUG [ pool-3-thread-1 -> org.tasktide.itemstore.AbstractItemStore.waitForLock ]: Waiting for
2026-02-17 17:42:38 INFO  [ pool-3-thread-1 -> org.tasktide.itemstore.AbstractItemStore.waitForMutex ]: Acquiring mutex
2026-02-17 17:42:42 INFO  [ pool-3-thread-1 -> org.tasktide.itemstore.AbstractItemStore.waitForMutex ]: Mutex acquired
2026-02-17 17:42:42 INFO  [ pool-3-thread-1 -> org.tasktide.itemstore.AbstractItemStore.releaseMutex ]: Releasing mutex
2026-02-17 17:42:42 INFO  [ pool-3-thread-1 -> org.tasktide.itemstore.AbstractItemStore.releaseMutex ]: Released mutex
2026-02-17 17:42:42 DEBUG [ pool-3-thread-1 -> org.tasktide.itemstore.AbstractItemStore.waitForLock ]: Waiting for
2026-02-17 17:42:42 INFO  [ pool-3-thread-1 -> org.tasktide.itemstore.AbstractItemStore.waitForMutex ]: Acquiring mutex
2026-02-17 17:42:46 INFO  [ pool-3-thread-1 -> org.tasktide.itemstore.AbstractItemStore.waitForMutex ]: Mutex acquired
2026-02-17 17:42:46 INFO  [ pool-3-thread-1 -> org.tasktide.itemstore.AbstractItemStore.releaseMutex ]: Releasing mutex
2026-02-17 17:42:47 INFO  [ pool-3-thread-1 -> org.tasktide.itemstore.AbstractItemStore.releaseMutex ]: Released mutex
2026-02-17 17:42:47 INFO  [ pool-3-thread-1 -> org.tasktide.engine.observer.worker.TimeKeeperObserver.onTaskEnd ]: Measuring the elapsed time of task 'ItemTask-b86435d1-5fa5-4e9f-a1f6-8b7683df840b',
2026-02-17 17:42:47 INFO  [ pool-3-thread-1 -> org.tasktide.engine.observer.worker.TimeKeeperObserver.onTaskEnd ]: Task 'ItemTask-b86435d1-5fa5-4e9f-a1f6-8b7683df840b' completed in 53625ms
2026-02-17 17:42:47 DEBUG [ pool-3-thread-1 -> org.tasktide.engine.observer.worker.TimeKeeperObserver.measureTime ]: Mean duration = '53625ms', Expected Next = '1771350220833ms', Max End '1771350213583ms', Is time = 'false'
2026-02-17 17:42:47 WARN  [ pool-3-thread-1 -> org.tasktide.engine.observer.worker.TimeKeeperObserver.evaluateDuration ]: Warning not enough estimated time for next task to run
2026-02-17 17:42:47 INFO  [ pool-3-thread-1 -> org.tasktide.engine.observer.worker.TimeKeeperObserver.onTaskEnd ]: TimeKeeper evaluated time left next 'false' with ItemTask:	'ItemTask-b86435d1-5fa5-4e9f-a1f6-8b7683df840b'
2026-02-17 17:42:47 INFO  [ pool-3-thread-1 -> org.tasktide.engine.worker.executor.TaskTideExecutor.runTasks ]: 

Workload processing complete, displaying summary:
Thread Total = '1', Thread Done = '0', Done = '5', Failed = '0', Skipped = '0'
2026-02-17 17:42:47 INFO  [ pool-3-thread-1 -> org.tasktide.engine.worker.processor.TaskTideProcessor.process ]: Processing tasks of workload thread:	'pool-3-thread-1', Size='1', First ItemId = 'ItemTask-32e80773-2347-44a2-8015-192497966546'
2026-02-17 17:42:47 INFO  [ pool-3-thread-1 -> org.tasktide.engine.worker.executor.TaskTideExecutor.runTasks ]: Begining workload processing of N = '1' tasks
2026-02-17 17:42:47 INFO  [ pool-3-thread-1 -> org.tasktide.engine.observer.worker.TimeKeeperObserver.evaluateStart ]: TimeKeeper evaluating starting of task 'ItemTask-32e80773-2347-44a2-8015-192497966546'
2026-02-17 17:42:47 INFO  [ pool-3-thread-1 -> org.tasktide.engine.observer.worker.TimeKeeperObserver.evaluateStart ]: Atomic TimeKeeper for task 'ItemTask-32e80773-2347-44a2-8015-192497966546' set on thread 'pool-3-thread-1'
2026-02-17 17:42:47 INFO  [ pool-3-thread-1 -> org.tasktide.engine.observer.worker.TimeKeeperObserver.onTaskStart ]: TimeKeeper evaluated time left for processing as 'true' for ItemTask:	'ItemTask-32e80773-2347-44a2-8015-192497966546'
2026-02-17 17:42:47 INFO  [ pool-3-thread-1 -> org.tasktide.engine.worker.executor.ItemTaskExecutor.executeTask ]: Executing task on thread 'pool-3-thread-1':ping -c 4 ucd.ie
2026-02-17 17:42:47 DEBUG [ pool-3-thread-1 -> org.tasktide.itemstore.AbstractItemStore.waitForLock ]: Waiting for
2026-02-17 17:42:47 INFO  [ pool-3-thread-1 -> org.tasktide.itemstore.AbstractItemStore.waitForMutex ]: Acquiring mutex
2026-02-17 17:42:51 INFO  [ pool-3-thread-1 -> org.tasktide.itemstore.AbstractItemStore.waitForMutex ]: Mutex acquired
2026-02-17 17:42:51 INFO  [ pool-3-thread-1 -> org.tasktide.itemstore.AbstractItemStore.releaseMutex ]: Releasing mutex
2026-02-17 17:42:51 INFO  [ pool-3-thread-1 -> org.tasktide.itemstore.AbstractItemStore.releaseMutex ]: Released mutex
2026-02-17 17:42:51 DEBUG [ pool-3-thread-1 -> org.tasktide.itemstore.AbstractItemStore.waitForLock ]: Waiting for
2026-02-17 17:42:51 INFO  [ pool-3-thread-1 -> org.tasktide.itemstore.AbstractItemStore.waitForMutex ]: Acquiring mutex
2026-02-17 17:42:55 INFO  [ pool-3-thread-1 -> org.tasktide.itemstore.AbstractItemStore.waitForMutex ]: Mutex acquired
2026-02-17 17:42:55 INFO  [ pool-3-thread-1 -> org.tasktide.itemstore.AbstractItemStore.releaseMutex ]: Releasing mutex
2026-02-17 17:42:56 INFO  [ pool-3-thread-1 -> org.tasktide.itemstore.AbstractItemStore.releaseMutex ]: Released mutex
2026-02-17 17:42:56 DEBUG [ pool-3-thread-1 -> org.tasktide.itemstore.AbstractItemStore.waitForLock ]: Waiting for
2026-02-17 17:42:56 INFO  [ pool-3-thread-1 -> org.tasktide.itemstore.AbstractItemStore.waitForMutex ]: Acquiring mutex
2026-02-17 17:42:58 INFO  [ pool-2-thread-4 -> org.tasktide.engine.observer.worker.executor.WorkItemExecutorObserver.pollUntilDone ]: Displaying Iter-'7' StateSummary of WorkItem:	'WorkItem-a781decd-5c71-4fca-b743-f1d94b92ad0d'

{
    "State Summary": {
        "TODO": 0,
        "ERROR": 0,
        "LOCKED": 0,
        "FOR_UNLOCK": 0,
        "DONE": 1
    }
}


2026-02-17 17:42:58 INFO  [ pool-2-thread-4 -> org.tasktide.engine.observer.worker.executor.WorkItemExecutorObserver.pollUntilDone ]: Completed processing of '1' WorkItems with '1'
2026-02-17 17:42:58 INFO  [ pool-2-thread-4 -> org.tasktide.engine.worker.executor.WorkItemExecutor.executeTask ]: Task processing complete on WorkItem:	'WorkItem-a781decd-5c71-4fca-b743-f1d94b92ad0d'
2026-02-17 17:42:58 INFO  [ pool-2-thread-4 -> org.tasktide.engine.worker.executor.TaskTideExecutor.runTasks ]: Completed task 'WorkItem-a781decd-5c71-4fca-b743-f1d94b92ad0d', global count: 6
2026-02-17 17:42:58 INFO  [ pool-2-thread-4 -> org.tasktide.engine.observer.worker.TimeKeeperObserver.onTaskEnd ]: Measuring the elapsed time of task 'WorkItem-a781decd-5c71-4fca-b743-f1d94b92ad0d',
2026-02-17 17:42:58 INFO  [ pool-2-thread-4 -> org.tasktide.engine.observer.worker.TimeKeeperObserver.onTaskEnd ]: Task 'WorkItem-a781decd-5c71-4fca-b743-f1d94b92ad0d' completed in 228980ms
2026-02-17 17:42:58 WARN  [ pool-2-thread-4 -> org.tasktide.engine.observer.worker.TimeKeeperObserver.evaluateDuration ]: Warning task excution time '100000ms' breached by '128980ms'
2026-02-17 17:42:58 INFO  [ pool-2-thread-4 -> org.tasktide.engine.observer.worker.TimeKeeperObserver.onTaskEnd ]: TimeKeeper evaluated time left next 'false' with ItemTask:	'WorkItem-a781decd-5c71-4fca-b743-f1d94b92ad0d'
2026-02-17 17:43:00 INFO  [ pool-3-thread-1 -> org.tasktide.itemstore.AbstractItemStore.waitForMutex ]: Mutex acquired
2026-02-17 17:43:00 INFO  [ pool-3-thread-1 -> org.tasktide.itemstore.AbstractItemStore.releaseMutex ]: Releasing mutex
2026-02-17 17:43:01 INFO  [ pool-3-thread-1 -> org.tasktide.itemstore.AbstractItemStore.releaseMutex ]: Released mutex
2026-02-17 17:43:01 DEBUG [ pool-3-thread-1 -> org.tasktide.itemstore.AbstractItemStore.waitForLock ]: Waiting for
2026-02-17 17:43:01 INFO  [ pool-3-thread-1 -> org.tasktide.itemstore.AbstractItemStore.waitForMutex ]: Acquiring mutex
2026-02-17 17:43:05 INFO  [ pool-3-thread-1 -> org.tasktide.itemstore.AbstractItemStore.waitForMutex ]: Mutex acquired
2026-02-17 17:43:05 INFO  [ pool-3-thread-1 -> org.tasktide.itemstore.AbstractItemStore.releaseMutex ]: Releasing mutex
2026-02-17 17:43:05 INFO  [ pool-3-thread-1 -> org.tasktide.itemstore.AbstractItemStore.releaseMutex ]: Released mutex
2026-02-17 17:43:05 DEBUG [ pool-3-thread-1 -> org.tasktide.engine.worker.executor.ProcessExecutor.execute ]: Beginning execution of task:	ping -c 4 ucd.ie
2026-02-17 17:43:05 DEBUG [ pool-2-thread-4 -> org.tasktide.itemstore.AbstractItemStore.waitForLock ]: Waiting for
2026-02-17 17:43:05 INFO  [ pool-2-thread-4 -> org.tasktide.itemstore.AbstractItemStore.waitForMutex ]: Acquiring mutex
2026-02-17 17:43:08 DEBUG [ pool-3-thread-1 -> org.tasktide.engine.worker.executor.ProcessExecutor.execute ]: Execution complete for task:	ping -c 4 ucd.ie
2026-02-17 17:43:08 DEBUG [ pool-3-thread-1 -> org.tasktide.engine.worker.executor.ProcessExecutor.execute ]: Building ProcessLog for task:	ping -c 4 ucd.ie
2026-02-17 17:43:09 DEBUG [ pool-3-thread-1 -> org.tasktide.engine.worker.executor.ProcessExecutor.execute ]: Displaying TaskLogging:
{
    "CPU Duration": 0,
    "End Time": 1771350189031,
    "Exit Code": 0,
    "Process Id": 9827,
    "Process Log": {
        "Stderr": [
            "PING ucd.ie (15.197.133.170) 56(84) bytes of data.",
            "64 bytes from aba869c6c803a4ae0.awsglobalaccelerator.com (15.197.133.170): icmp_seq=1 ttl=248 time=30.0 ms",
            "64 bytes from aba869c6c803a4ae0.awsglobalaccelerator.com (15.197.133.170): icmp_seq=2 ttl=248 time=33.8 ms",
            "64 bytes from aba869c6c803a4ae0.awsglobalaccelerator.com (15.197.133.170): icmp_seq=3 ttl=248 time=67.5 ms",
            "64 bytes from aba869c6c803a4ae0.awsglobalaccelerator.com (15.197.133.170): icmp_seq=4 ttl=248 time=191 ms",
            "",
            "--- ucd.ie ping statistics ---",
            "4 packets transmitted, 4 received, 0% packet loss, time 3017ms",
            "rtt min/avg/max/mdev = 29.961/80.660/191.366/65.561 ms"
        ],
        "Stdout": [
            "PING ucd.ie (15.197.133.170) 56(84) bytes of data.",
            "64 bytes from aba869c6c803a4ae0.awsglobalaccelerator.com (15.197.133.170): icmp_seq=1 ttl=248 time=30.0 ms",
            "64 bytes from aba869c6c803a4ae0.awsglobalaccelerator.com (15.197.133.170): icmp_seq=2 ttl=248 time=33.8 ms",
            "64 bytes from aba869c6c803a4ae0.awsglobalaccelerator.com (15.197.133.170): icmp_seq=3 ttl=248 time=67.5 ms",
            "64 bytes from aba869c6c803a4ae0.awsglobalaccelerator.com (15.197.133.170): icmp_seq=4 ttl=248 time=191 ms",
            "",
            "--- ucd.ie ping statistics ---",
            "4 packets transmitted, 4 received, 0% packet loss, time 3017ms",
            "rtt min/avg/max/mdev = 29.961/80.660/191.366/65.561 ms"
        ],
        "id": "ProcessLog-57f4744b-427c-4837-8d4a-adb355eb994b"
    },
    "Start Time": 1771350185607,
    "Thread Name": "pool-3-thread-1",
    "id": "TaskLogging-e30c6f12-35d1-40a2-96f8-709343bf7674"
}
2026-02-17 17:43:09 INFO  [ pool-3-thread-1 -> org.tasktide.engine.worker.executor.ProcessExecutor.execute ]: Successful execution of task:	ping -c 4 ucd.ie
2026-02-17 17:43:09 INFO  [ pool-3-thread-1 -> org.tasktide.engine.worker.executor.ItemTaskExecutor.executeTask ]: Task 'Ping_Test_3' successful on thread 'pool-3-thread-1' with exit code 0

2026-02-17 17:43:09 DEBUG [ pool-3-thread-1 -> org.tasktide.engine.worker.executor.ItemTaskExecutor.executeTask ]: Determining whether to apply results annotation
2026-02-17 17:43:09 DEBUG [ pool-3-thread-1 -> org.tasktide.engine.worker.executor.ItemTaskExecutor.annotateResults ]: No 'Results Path' annotation detected for task:
'ItemTask-32e80773-2347-44a2-8015-192497966546'
2026-02-17 17:43:09 INFO  [ pool-3-thread-1 -> org.tasktide.engine.worker.executor.TaskTideExecutor.runTasks ]: Completed task 'ItemTask-32e80773-2347-44a2-8015-192497966546', global count: 7
2026-02-17 17:43:09 INFO  [ pool-2-thread-4 -> org.tasktide.itemstore.AbstractItemStore.waitForMutex ]: Mutex acquired
2026-02-17 17:43:09 INFO  [ pool-2-thread-4 -> org.tasktide.itemstore.AbstractItemStore.releaseMutex ]: Releasing mutex
2026-02-17 17:43:10 INFO  [ pool-2-thread-4 -> org.tasktide.itemstore.AbstractItemStore.releaseMutex ]: Released mutex
2026-02-17 17:43:10 DEBUG [ pool-2-thread-4 -> org.tasktide.itemstore.AbstractItemStore.waitForLock ]: Waiting for
2026-02-17 17:43:10 INFO  [ pool-2-thread-4 -> org.tasktide.itemstore.AbstractItemStore.waitForMutex ]: Acquiring mutex
2026-02-17 17:43:14 INFO  [ pool-2-thread-4 -> org.tasktide.itemstore.AbstractItemStore.waitForMutex ]: Mutex acquired
2026-02-17 17:43:14 INFO  [ pool-2-thread-4 -> org.tasktide.itemstore.AbstractItemStore.releaseMutex ]: Releasing mutex
2026-02-17 17:43:14 INFO  [ pool-2-thread-4 -> org.tasktide.itemstore.AbstractItemStore.releaseMutex ]: Released mutex
2026-02-17 17:43:14 DEBUG [ pool-2-thread-4 -> org.tasktide.itemstore.AbstractItemStore.waitForLock ]: Waiting for
2026-02-17 17:43:14 INFO  [ pool-2-thread-4 -> org.tasktide.itemstore.AbstractItemStore.waitForMutex ]: Acquiring mutex
2026-02-17 17:43:14 INFO  [ main -> org.tasktide.engine.TaskTideEngineUtility.waitOnExecutorTrackerWorkItem ]: Displaying Iter-'8' StateSummary of ExecutorServiceTracker:

Total='4', Remaining='2', Done='2', Expected='4'
2026-02-17 17:43:14 INFO  [ main -> org.tasktide.engine.TaskTideEngineUtility.waitOnExecutorTrackerWorkItem ]: Letting '85000'ms elapse for state monitoring of ExecutorServiceTracker:	'4'
2026-02-17 17:43:18 INFO  [ pool-2-thread-4 -> org.tasktide.itemstore.AbstractItemStore.waitForMutex ]: Mutex acquired
2026-02-17 17:43:18 INFO  [ pool-2-thread-4 -> org.tasktide.itemstore.AbstractItemStore.releaseMutex ]: Releasing mutex
2026-02-17 17:43:19 INFO  [ pool-2-thread-4 -> org.tasktide.itemstore.AbstractItemStore.releaseMutex ]: Released mutex
2026-02-17 17:43:19 INFO  [ pool-2-thread-4 -> org.tasktide.engine.observer.worker.executor.WorkItemExecutorObserver.onTaskEnd ]: Unlocked N = '0' sub tasks for WorkItem:	'WorkItem-a781decd-5c71-4fca-b743-f1d94b92ad0d'
2026-02-17 17:43:19 DEBUG [ pool-3-thread-1 -> org.tasktide.itemstore.AbstractItemStore.waitForLock ]: Waiting for
2026-02-17 17:43:19 INFO  [ pool-2-thread-4 -> org.tasktide.engine.worker.executor.TaskTideExecutor.runTasks ]: 

Workload processing complete, displaying summary:
Thread Total = '1', Thread Done = '0', Done = '7', Failed = '0', Skipped = '0'
2026-02-17 17:43:19 INFO  [ pool-3-thread-1 -> org.tasktide.itemstore.AbstractItemStore.waitForMutex ]: Acquiring mutex
2026-02-17 17:43:21 INFO  [ pool-2-thread-2 -> org.tasktide.engine.observer.worker.executor.WorkItemExecutorObserver.pollUntilDone ]: Displaying Iter-'7' StateSummary of WorkItem:	'WorkItem-712dbfbe-1ffe-48fb-95a9-378a29f6ba19'

{
    "State Summary": {
        "TODO": 0,
        "ERROR": 0,
        "LOCKED": 0,
        "FOR_UNLOCK": 0,
        "DONE": 1
    }
}


2026-02-17 17:43:21 INFO  [ pool-2-thread-2 -> org.tasktide.engine.observer.worker.executor.WorkItemExecutorObserver.pollUntilDone ]: Completed processing of '1' WorkItems with '1'
2026-02-17 17:43:21 INFO  [ pool-2-thread-2 -> org.tasktide.engine.worker.executor.WorkItemExecutor.executeTask ]: Task processing complete on WorkItem:	'WorkItem-712dbfbe-1ffe-48fb-95a9-378a29f6ba19'
2026-02-17 17:43:21 INFO  [ pool-2-thread-2 -> org.tasktide.engine.worker.executor.TaskTideExecutor.runTasks ]: Completed task 'WorkItem-712dbfbe-1ffe-48fb-95a9-378a29f6ba19', global count: 8
2026-02-17 17:43:21 INFO  [ pool-2-thread-2 -> org.tasktide.engine.observer.worker.TimeKeeperObserver.onTaskEnd ]: Measuring the elapsed time of task 'WorkItem-712dbfbe-1ffe-48fb-95a9-378a29f6ba19',
2026-02-17 17:43:21 INFO  [ pool-2-thread-2 -> org.tasktide.engine.observer.worker.TimeKeeperObserver.onTaskEnd ]: Task 'WorkItem-712dbfbe-1ffe-48fb-95a9-378a29f6ba19' completed in 251948ms
2026-02-17 17:43:21 WARN  [ pool-2-thread-2 -> org.tasktide.engine.observer.worker.TimeKeeperObserver.evaluateDuration ]: Warning task excution time '100000ms' breached by '151948ms'
2026-02-17 17:43:21 INFO  [ pool-2-thread-2 -> org.tasktide.engine.observer.worker.TimeKeeperObserver.onTaskEnd ]: TimeKeeper evaluated time left next 'false' with ItemTask:	'WorkItem-712dbfbe-1ffe-48fb-95a9-378a29f6ba19'
2026-02-17 17:43:23 INFO  [ pool-3-thread-1 -> org.tasktide.itemstore.AbstractItemStore.waitForMutex ]: Mutex acquired
2026-02-17 17:43:23 INFO  [ pool-3-thread-1 -> org.tasktide.itemstore.AbstractItemStore.releaseMutex ]: Releasing mutex
2026-02-17 17:43:24 INFO  [ pool-3-thread-1 -> org.tasktide.itemstore.AbstractItemStore.releaseMutex ]: Released mutex
2026-02-17 17:43:24 DEBUG [ pool-3-thread-1 -> org.tasktide.itemstore.AbstractItemStore.waitForLock ]: Waiting for
2026-02-17 17:43:24 INFO  [ pool-3-thread-1 -> org.tasktide.itemstore.AbstractItemStore.waitForMutex ]: Acquiring mutex
2026-02-17 17:43:28 INFO  [ pool-3-thread-1 -> org.tasktide.itemstore.AbstractItemStore.waitForMutex ]: Mutex acquired
2026-02-17 17:43:28 INFO  [ pool-3-thread-1 -> org.tasktide.itemstore.AbstractItemStore.releaseMutex ]: Releasing mutex
2026-02-17 17:43:28 INFO  [ pool-3-thread-1 -> org.tasktide.itemstore.AbstractItemStore.releaseMutex ]: Released mutex
2026-02-17 17:43:28 DEBUG [ pool-3-thread-1 -> org.tasktide.itemstore.AbstractItemStore.waitForLock ]: Waiting for
2026-02-17 17:43:28 INFO  [ pool-3-thread-1 -> org.tasktide.itemstore.AbstractItemStore.waitForMutex ]: Acquiring mutex
2026-02-17 17:43:32 INFO  [ pool-3-thread-1 -> org.tasktide.itemstore.AbstractItemStore.waitForMutex ]: Mutex acquired
2026-02-17 17:43:33 INFO  [ pool-3-thread-1 -> org.tasktide.itemstore.AbstractItemStore.releaseMutex ]: Releasing mutex
2026-02-17 17:43:33 INFO  [ pool-3-thread-1 -> org.tasktide.itemstore.AbstractItemStore.releaseMutex ]: Released mutex
2026-02-17 17:43:33 DEBUG [ pool-3-thread-1 -> org.tasktide.itemstore.AbstractItemStore.waitForLock ]: Waiting for
2026-02-17 17:43:33 INFO  [ pool-3-thread-1 -> org.tasktide.itemstore.AbstractItemStore.waitForMutex ]: Acquiring mutex
2026-02-17 17:43:37 INFO  [ pool-3-thread-1 -> org.tasktide.itemstore.AbstractItemStore.waitForMutex ]: Mutex acquired
2026-02-17 17:43:37 INFO  [ pool-3-thread-1 -> org.tasktide.itemstore.AbstractItemStore.releaseMutex ]: Releasing mutex
2026-02-17 17:43:38 INFO  [ pool-3-thread-1 -> org.tasktide.itemstore.AbstractItemStore.releaseMutex ]: Released mutex
2026-02-17 17:43:38 INFO  [ pool-3-thread-1 -> org.tasktide.engine.observer.worker.TimeKeeperObserver.onTaskEnd ]: Measuring the elapsed time of task 'ItemTask-32e80773-2347-44a2-8015-192497966546',
2026-02-17 17:43:38 INFO  [ pool-3-thread-1 -> org.tasktide.engine.observer.worker.TimeKeeperObserver.onTaskEnd ]: Task 'ItemTask-32e80773-2347-44a2-8015-192497966546' completed in 50842ms
2026-02-17 17:43:38 DEBUG [ pool-3-thread-1 -> org.tasktide.engine.observer.worker.TimeKeeperObserver.measureTime ]: Mean duration = '50842ms', Expected Next = '1771350268898ms', Max End '1771350267214ms', Is time = 'false'
2026-02-17 17:43:38 WARN  [ pool-3-thread-1 -> org.tasktide.engine.observer.worker.TimeKeeperObserver.evaluateDuration ]: Warning not enough estimated time for next task to run
2026-02-17 17:43:38 INFO  [ pool-3-thread-1 -> org.tasktide.engine.observer.worker.TimeKeeperObserver.onTaskEnd ]: TimeKeeper evaluated time left next 'false' with ItemTask:	'ItemTask-32e80773-2347-44a2-8015-192497966546'
2026-02-17 17:43:38 INFO  [ pool-3-thread-1 -> org.tasktide.engine.worker.executor.TaskTideExecutor.runTasks ]: 

Workload processing complete, displaying summary:
Thread Total = '1', Thread Done = '0', Done = '8', Failed = '0', Skipped = '0'
2026-02-17 17:43:38 DEBUG [ pool-2-thread-2 -> org.tasktide.itemstore.AbstractItemStore.waitForLock ]: Waiting for
2026-02-17 17:43:38 INFO  [ pool-2-thread-2 -> org.tasktide.itemstore.AbstractItemStore.waitForMutex ]: Acquiring mutex
2026-02-17 17:43:42 INFO  [ pool-2-thread-2 -> org.tasktide.itemstore.AbstractItemStore.waitForMutex ]: Mutex acquired
2026-02-17 17:43:42 INFO  [ pool-2-thread-2 -> org.tasktide.itemstore.AbstractItemStore.releaseMutex ]: Releasing mutex
2026-02-17 17:43:42 INFO  [ pool-2-thread-2 -> org.tasktide.itemstore.AbstractItemStore.releaseMutex ]: Released mutex
2026-02-17 17:43:42 DEBUG [ pool-2-thread-2 -> org.tasktide.itemstore.AbstractItemStore.waitForLock ]: Waiting for
2026-02-17 17:43:42 INFO  [ pool-2-thread-2 -> org.tasktide.itemstore.AbstractItemStore.waitForMutex ]: Acquiring mutex
2026-02-17 17:43:46 INFO  [ pool-2-thread-2 -> org.tasktide.itemstore.AbstractItemStore.waitForMutex ]: Mutex acquired
2026-02-17 17:43:46 INFO  [ pool-2-thread-2 -> org.tasktide.itemstore.AbstractItemStore.releaseMutex ]: Releasing mutex
2026-02-17 17:43:47 INFO  [ pool-2-thread-2 -> org.tasktide.itemstore.AbstractItemStore.releaseMutex ]: Released mutex
2026-02-17 17:43:47 DEBUG [ pool-2-thread-2 -> org.tasktide.itemstore.AbstractItemStore.waitForLock ]: Waiting for
2026-02-17 17:43:47 INFO  [ pool-2-thread-2 -> org.tasktide.itemstore.AbstractItemStore.waitForMutex ]: Acquiring mutex
2026-02-17 17:43:51 INFO  [ pool-2-thread-2 -> org.tasktide.itemstore.AbstractItemStore.waitForMutex ]: Mutex acquired
2026-02-17 17:43:51 INFO  [ pool-2-thread-2 -> org.tasktide.itemstore.AbstractItemStore.releaseMutex ]: Releasing mutex
2026-02-17 17:43:52 INFO  [ pool-2-thread-2 -> org.tasktide.itemstore.AbstractItemStore.releaseMutex ]: Released mutex
2026-02-17 17:43:52 INFO  [ pool-2-thread-2 -> org.tasktide.engine.observer.worker.executor.WorkItemExecutorObserver.onTaskEnd ]: Unlocked N = '0' sub tasks for WorkItem:	'WorkItem-712dbfbe-1ffe-48fb-95a9-378a29f6ba19'
2026-02-17 17:43:52 INFO  [ pool-2-thread-2 -> org.tasktide.engine.worker.executor.TaskTideExecutor.runTasks ]: 

Workload processing complete, displaying summary:
Thread Total = '1', Thread Done = '0', Done = '8', Failed = '0', Skipped = '0'
2026-02-17 17:44:39 INFO  [ main -> org.tasktide.engine.TaskTideEngineUtility.waitOnExecutorTrackerWorkItem ]: Displaying Iter-'9' StateSummary of ExecutorServiceTracker:

Total='4', Remaining='0', Done='4', Expected='4'
2026-02-17 17:44:39 INFO  [ main -> org.tasktide.tasktide.client.TaskTideEngineClient.fetchAndRun ]: Processing complete for step:	'PingTest'
2026-02-17 17:44:40 INFO  [ main -> org.tasktide.tasktide.client.TaskTideEngineClient.fetchAndRun ]: Determing how to process workload
2026-02-17 17:44:40 INFO  [ main -> org.tasktide.tasktide.client.TaskTideEngineClient.fetchAndRun ]: Processing single step:	'PingTest'
2026-02-17 17:44:40 INFO  [ main -> org.tasktide.tasktide.client.TaskTideEngineClient.fetchWorkload ]: No pilot label provided, processing all tasks
2026-02-17 17:44:40 DEBUG [ main -> org.tasktide.itemstore.AbstractItemStore.waitForLock ]: Waiting for
2026-02-17 17:44:40 INFO  [ main -> org.tasktide.itemstore.AbstractItemStore.waitForMutex ]: Acquiring mutex
2026-02-17 17:44:44 INFO  [ main -> org.tasktide.itemstore.AbstractItemStore.waitForMutex ]: Mutex acquired
2026-02-17 17:44:44 INFO  [ main -> org.tasktide.itemstore.AbstractItemStore.releaseMutex ]: Releasing mutex
2026-02-17 17:44:45 INFO  [ main -> org.tasktide.itemstore.AbstractItemStore.releaseMutex ]: Released mutex
2026-02-17 17:44:45 WARN  [ main -> org.tasktide.tasktide.client.TaskTideEngineClient.processWorkload ]: Warning, no ToDo tasks available for processing. Query below backend for more information

{Collection Name=WorkItem-Service, Model Class=WorkItem, Repository Type=Item Store}


2026-02-17 17:44:45 INFO  [ main -> org.tasktide.tasktide.client.TaskTideEngineClient.fetchAndRun ]: Processing complete for step:	'PingTest'
2026-02-17 17:44:52 INFO  [ main -> org.tasktide.tasktide.client.TaskTideEngineClient.fetchAndRun ]: Determing how to process workload
2026-02-17 17:44:52 INFO  [ main -> org.tasktide.tasktide.client.TaskTideEngineClient.fetchAndRun ]: Processing single step:	'PingTest'
2026-02-17 17:44:52 INFO  [ main -> org.tasktide.tasktide.client.TaskTideEngineClient.fetchWorkload ]: No pilot label provided, processing all tasks
2026-02-17 17:44:52 DEBUG [ main -> org.tasktide.itemstore.AbstractItemStore.waitForLock ]: Waiting for
2026-02-17 17:44:52 INFO  [ main -> org.tasktide.itemstore.AbstractItemStore.waitForMutex ]: Acquiring mutex
2026-02-17 17:44:56 INFO  [ main -> org.tasktide.itemstore.AbstractItemStore.waitForMutex ]: Mutex acquired
2026-02-17 17:44:56 INFO  [ main -> org.tasktide.itemstore.AbstractItemStore.releaseMutex ]: Releasing mutex
2026-02-17 17:44:57 INFO  [ main -> org.tasktide.itemstore.AbstractItemStore.releaseMutex ]: Released mutex
2026-02-17 17:44:57 WARN  [ main -> org.tasktide.tasktide.client.TaskTideEngineClient.processWorkload ]: Warning, no ToDo tasks available for processing. Query below backend for more information

{Collection Name=WorkItem-Service, Model Class=WorkItem, Repository Type=Item Store}


2026-02-17 17:44:57 INFO  [ main -> org.tasktide.tasktide.client.TaskTideEngineClient.fetchAndRun ]: Processing complete for step:	'PingTest'
2026-02-17 17:44:57 INFO  [ main -> org.tasktide.tasktide.client.TaskTideEngineClient.fetchAndRun ]: Determing how to process workload
2026-02-17 17:44:57 INFO  [ main -> org.tasktide.tasktide.client.TaskTideEngineClient.fetchAndRun ]: Processing single step:	'PingTest'
2026-02-17 17:44:57 INFO  [ main -> org.tasktide.tasktide.client.TaskTideEngineClient.fetchWorkload ]: No pilot label provided, processing all tasks
2026-02-17 17:44:57 DEBUG [ main -> org.tasktide.itemstore.AbstractItemStore.waitForLock ]: Waiting for
2026-02-17 17:44:57 INFO  [ main -> org.tasktide.itemstore.AbstractItemStore.waitForMutex ]: Acquiring mutex
2026-02-17 17:45:01 INFO  [ main -> org.tasktide.itemstore.AbstractItemStore.waitForMutex ]: Mutex acquired
2026-02-17 17:45:01 INFO  [ main -> org.tasktide.itemstore.AbstractItemStore.releaseMutex ]: Releasing mutex
2026-02-17 17:45:01 INFO  [ main -> org.tasktide.itemstore.AbstractItemStore.releaseMutex ]: Released mutex
2026-02-17 17:45:01 WARN  [ main -> org.tasktide.tasktide.client.TaskTideEngineClient.processWorkload ]: Warning, no ToDo tasks available for processing. Query below backend for more information

{Collection Name=WorkItem-Service, Model Class=WorkItem, Repository Type=Item Store}


2026-02-17 17:45:01 INFO  [ main -> org.tasktide.tasktide.client.TaskTideEngineClient.fetchAndRun ]: Processing complete for step:	'PingTest'
2026-02-17 17:45:08 INFO  [ main -> org.tasktide.tasktide.client.TaskTideEngineClient.fetchAndRun ]: Determing how to process workload
2026-02-17 17:45:08 INFO  [ main -> org.tasktide.tasktide.client.TaskTideEngineClient.fetchAndRun ]: Processing single step:	'PingTest'
2026-02-17 17:45:08 INFO  [ main -> org.tasktide.tasktide.client.TaskTideEngineClient.fetchWorkload ]: No pilot label provided, processing all tasks
2026-02-17 17:45:08 DEBUG [ main -> org.tasktide.itemstore.AbstractItemStore.waitForLock ]: Waiting for
2026-02-17 17:45:08 INFO  [ main -> org.tasktide.itemstore.AbstractItemStore.waitForMutex ]: Acquiring mutex
2026-02-17 17:45:12 INFO  [ main -> org.tasktide.itemstore.AbstractItemStore.waitForMutex ]: Mutex acquired
2026-02-17 17:45:12 INFO  [ main -> org.tasktide.itemstore.AbstractItemStore.releaseMutex ]: Releasing mutex
2026-02-17 17:45:13 INFO  [ main -> org.tasktide.itemstore.AbstractItemStore.releaseMutex ]: Released mutex
2026-02-17 17:45:13 WARN  [ main -> org.tasktide.tasktide.client.TaskTideEngineClient.processWorkload ]: Warning, no ToDo tasks available for processing. Query below backend for more information

{Collection Name=WorkItem-Service, Model Class=WorkItem, Repository Type=Item Store}


2026-02-17 17:45:13 INFO  [ main -> org.tasktide.tasktide.client.TaskTideEngineClient.fetchAndRun ]: Processing complete for step:	'PingTest'
2026-02-17 17:45:19 INFO  [ main -> org.tasktide.tasktide.client.TaskTideEngineClient.fetchAndRun ]: Determing how to process workload
2026-02-17 17:45:19 INFO  [ main -> org.tasktide.tasktide.client.TaskTideEngineClient.fetchAndRun ]: Processing single step:	'PingTest'
2026-02-17 17:45:19 INFO  [ main -> org.tasktide.tasktide.client.TaskTideEngineClient.fetchWorkload ]: No pilot label provided, processing all tasks
2026-02-17 17:45:19 DEBUG [ main -> org.tasktide.itemstore.AbstractItemStore.waitForLock ]: Waiting for
2026-02-17 17:45:19 INFO  [ main -> org.tasktide.itemstore.AbstractItemStore.waitForMutex ]: Acquiring mutex
2026-02-17 17:45:23 INFO  [ main -> org.tasktide.itemstore.AbstractItemStore.waitForMutex ]: Mutex acquired
2026-02-17 17:45:23 INFO  [ main -> org.tasktide.itemstore.AbstractItemStore.releaseMutex ]: Releasing mutex
2026-02-17 17:45:23 INFO  [ main -> org.tasktide.itemstore.AbstractItemStore.releaseMutex ]: Released mutex
2026-02-17 17:45:23 WARN  [ main -> org.tasktide.tasktide.client.TaskTideEngineClient.processWorkload ]: Warning, no ToDo tasks available for processing. Query below backend for more information

{Collection Name=WorkItem-Service, Model Class=WorkItem, Repository Type=Item Store}


2026-02-17 17:45:23 INFO  [ main -> org.tasktide.tasktide.client.TaskTideEngineClient.fetchAndRun ]: Processing complete for step:	'PingTest'
2026-02-17 17:45:31 INFO  [ main -> org.tasktide.tasktide.client.TaskTideEngineClient.fetchAndRun ]: Determing how to process workload
2026-02-17 17:45:31 INFO  [ main -> org.tasktide.tasktide.client.TaskTideEngineClient.fetchAndRun ]: Processing single step:	'PingTest'
2026-02-17 17:45:31 INFO  [ main -> org.tasktide.tasktide.client.TaskTideEngineClient.fetchWorkload ]: No pilot label provided, processing all tasks
2026-02-17 17:45:31 DEBUG [ main -> org.tasktide.itemstore.AbstractItemStore.waitForLock ]: Waiting for
2026-02-17 17:45:31 INFO  [ main -> org.tasktide.itemstore.AbstractItemStore.waitForMutex ]: Acquiring mutex
2026-02-17 17:45:35 INFO  [ main -> org.tasktide.itemstore.AbstractItemStore.waitForMutex ]: Mutex acquired
2026-02-17 17:45:35 INFO  [ main -> org.tasktide.itemstore.AbstractItemStore.releaseMutex ]: Releasing mutex
2026-02-17 17:45:36 INFO  [ main -> org.tasktide.itemstore.AbstractItemStore.releaseMutex ]: Released mutex
2026-02-17 17:45:36 WARN  [ main -> org.tasktide.tasktide.client.TaskTideEngineClient.processWorkload ]: Warning, no ToDo tasks available for processing. Query below backend for more information

{Collection Name=WorkItem-Service, Model Class=WorkItem, Repository Type=Item Store}


2026-02-17 17:45:36 INFO  [ main -> org.tasktide.tasktide.client.TaskTideEngineClient.fetchAndRun ]: Processing complete for step:	'PingTest'
2026-02-17 17:45:38 INFO  [ main -> org.tasktide.tasktide.client.TaskTideEngineClient.fetchAndRun ]: Determing how to process workload
2026-02-17 17:45:38 INFO  [ main -> org.tasktide.tasktide.client.TaskTideEngineClient.fetchAndRun ]: Processing single step:	'PingTest'
2026-02-17 17:45:38 INFO  [ main -> org.tasktide.tasktide.client.TaskTideEngineClient.fetchWorkload ]: No pilot label provided, processing all tasks
2026-02-17 17:45:38 DEBUG [ main -> org.tasktide.itemstore.AbstractItemStore.waitForLock ]: Waiting for
2026-02-17 17:45:38 INFO  [ main -> org.tasktide.itemstore.AbstractItemStore.waitForMutex ]: Acquiring mutex
2026-02-17 17:45:42 INFO  [ main -> org.tasktide.itemstore.AbstractItemStore.waitForMutex ]: Mutex acquired
2026-02-17 17:45:42 INFO  [ main -> org.tasktide.itemstore.AbstractItemStore.releaseMutex ]: Releasing mutex
2026-02-17 17:45:43 INFO  [ main -> org.tasktide.itemstore.AbstractItemStore.releaseMutex ]: Released mutex
2026-02-17 17:45:43 WARN  [ main -> org.tasktide.tasktide.client.TaskTideEngineClient.processWorkload ]: Warning, no ToDo tasks available for processing. Query below backend for more information

{Collection Name=WorkItem-Service, Model Class=WorkItem, Repository Type=Item Store}


2026-02-17 17:45:43 INFO  [ main -> org.tasktide.tasktide.client.TaskTideEngineClient.fetchAndRun ]: Processing complete for step:	'PingTest'
2026-02-17 17:45:51 INFO  [ main -> org.tasktide.tasktide.client.TaskTideEngineClient.fetchAndRun ]: Determing how to process workload
2026-02-17 17:45:51 INFO  [ main -> org.tasktide.tasktide.client.TaskTideEngineClient.fetchAndRun ]: Processing single step:	'PingTest'
2026-02-17 17:45:51 INFO  [ main -> org.tasktide.tasktide.client.TaskTideEngineClient.fetchWorkload ]: No pilot label provided, processing all tasks
2026-02-17 17:45:51 DEBUG [ main -> org.tasktide.itemstore.AbstractItemStore.waitForLock ]: Waiting for
2026-02-17 17:45:51 INFO  [ main -> org.tasktide.itemstore.AbstractItemStore.waitForMutex ]: Acquiring mutex
2026-02-17 17:45:55 INFO  [ main -> org.tasktide.itemstore.AbstractItemStore.waitForMutex ]: Mutex acquired
2026-02-17 17:45:55 INFO  [ main -> org.tasktide.itemstore.AbstractItemStore.releaseMutex ]: Releasing mutex
2026-02-17 17:45:55 INFO  [ main -> org.tasktide.itemstore.AbstractItemStore.releaseMutex ]: Released mutex
2026-02-17 17:45:55 WARN  [ main -> org.tasktide.tasktide.client.TaskTideEngineClient.processWorkload ]: Warning, no ToDo tasks available for processing. Query below backend for more information

{Collection Name=WorkItem-Service, Model Class=WorkItem, Repository Type=Item Store}


2026-02-17 17:45:55 INFO  [ main -> org.tasktide.tasktide.client.TaskTideEngineClient.fetchAndRun ]: Processing complete for step:	'PingTest'
2026-02-17 17:46:02 INFO  [ main -> org.tasktide.tasktide.client.TaskTideEngineClient.fetchAndRun ]: Determing how to process workload
2026-02-17 17:46:02 INFO  [ main -> org.tasktide.tasktide.client.TaskTideEngineClient.fetchAndRun ]: Processing single step:	'PingTest'
2026-02-17 17:46:02 INFO  [ main -> org.tasktide.tasktide.client.TaskTideEngineClient.fetchWorkload ]: No pilot label provided, processing all tasks
2026-02-17 17:46:02 DEBUG [ main -> org.tasktide.itemstore.AbstractItemStore.waitForLock ]: Waiting for
2026-02-17 17:46:02 INFO  [ main -> org.tasktide.itemstore.AbstractItemStore.waitForMutex ]: Acquiring mutex
2026-02-17 17:46:06 INFO  [ main -> org.tasktide.itemstore.AbstractItemStore.waitForMutex ]: Mutex acquired
2026-02-17 17:46:06 INFO  [ main -> org.tasktide.itemstore.AbstractItemStore.releaseMutex ]: Releasing mutex
2026-02-17 17:46:07 INFO  [ main -> org.tasktide.itemstore.AbstractItemStore.releaseMutex ]: Released mutex
2026-02-17 17:46:07 WARN  [ main -> org.tasktide.tasktide.client.TaskTideEngineClient.processWorkload ]: Warning, no ToDo tasks available for processing. Query below backend for more information

{Collection Name=WorkItem-Service, Model Class=WorkItem, Repository Type=Item Store}


2026-02-17 17:46:07 INFO  [ main -> org.tasktide.tasktide.client.TaskTideEngineClient.fetchAndRun ]: Processing complete for step:	'PingTest'
2026-02-17 17:46:15 INFO  [ main -> org.tasktide.tasktide.client.TaskTideEngineClient.fetchAndRun ]: Determing how to process workload
2026-02-17 17:46:15 INFO  [ main -> org.tasktide.tasktide.client.TaskTideEngineClient.fetchAndRun ]: Processing single step:	'PingTest'
2026-02-17 17:46:15 INFO  [ main -> org.tasktide.tasktide.client.TaskTideEngineClient.fetchWorkload ]: No pilot label provided, processing all tasks
2026-02-17 17:46:15 DEBUG [ main -> org.tasktide.itemstore.AbstractItemStore.waitForLock ]: Waiting for
2026-02-17 17:46:15 INFO  [ main -> org.tasktide.itemstore.AbstractItemStore.waitForMutex ]: Acquiring mutex
2026-02-17 17:46:19 INFO  [ main -> org.tasktide.itemstore.AbstractItemStore.waitForMutex ]: Mutex acquired
2026-02-17 17:46:19 INFO  [ main -> org.tasktide.itemstore.AbstractItemStore.releaseMutex ]: Releasing mutex
2026-02-17 17:46:19 INFO  [ main -> org.tasktide.itemstore.AbstractItemStore.releaseMutex ]: Released mutex
2026-02-17 17:46:19 WARN  [ main -> org.tasktide.tasktide.client.TaskTideEngineClient.processWorkload ]: Warning, no ToDo tasks available for processing. Query below backend for more information

{Collection Name=WorkItem-Service, Model Class=WorkItem, Repository Type=Item Store}


2026-02-17 17:46:19 INFO  [ main -> org.tasktide.tasktide.client.TaskTideEngineClient.fetchAndRun ]: Processing complete for step:	'PingTest'
2026-02-17 17:46:20 INFO  [ main -> org.tasktide.tasktide.client.TaskTideEngineClient.fetchAndRun ]: Determing how to process workload
2026-02-17 17:46:20 INFO  [ main -> org.tasktide.tasktide.client.TaskTideEngineClient.fetchAndRun ]: Processing single step:	'PingTest'
2026-02-17 17:46:20 INFO  [ main -> org.tasktide.tasktide.client.TaskTideEngineClient.fetchWorkload ]: No pilot label provided, processing all tasks
2026-02-17 17:46:20 DEBUG [ main -> org.tasktide.itemstore.AbstractItemStore.waitForLock ]: Waiting for
2026-02-17 17:46:20 INFO  [ main -> org.tasktide.itemstore.AbstractItemStore.waitForMutex ]: Acquiring mutex
2026-02-17 17:46:24 INFO  [ main -> org.tasktide.itemstore.AbstractItemStore.waitForMutex ]: Mutex acquired
2026-02-17 17:46:24 INFO  [ main -> org.tasktide.itemstore.AbstractItemStore.releaseMutex ]: Releasing mutex
2026-02-17 17:46:25 INFO  [ main -> org.tasktide.itemstore.AbstractItemStore.releaseMutex ]: Released mutex
2026-02-17 17:46:25 WARN  [ main -> org.tasktide.tasktide.client.TaskTideEngineClient.processWorkload ]: Warning, no ToDo tasks available for processing. Query below backend for more information

{Collection Name=WorkItem-Service, Model Class=WorkItem, Repository Type=Item Store}


2026-02-17 17:46:25 INFO  [ main -> org.tasktide.tasktide.client.TaskTideEngineClient.fetchAndRun ]: Processing complete for step:	'PingTest'
2026-02-17 17:46:29 INFO  [ main -> org.tasktide.tasktide.client.TaskTideEngineClient.fetchAndRun ]: Determing how to process workload
2026-02-17 17:46:29 INFO  [ main -> org.tasktide.tasktide.client.TaskTideEngineClient.fetchAndRun ]: Processing single step:	'PingTest'
2026-02-17 17:46:29 INFO  [ main -> org.tasktide.tasktide.client.TaskTideEngineClient.fetchWorkload ]: No pilot label provided, processing all tasks
2026-02-17 17:46:29 DEBUG [ main -> org.tasktide.itemstore.AbstractItemStore.waitForLock ]: Waiting for
2026-02-17 17:46:29 INFO  [ main -> org.tasktide.itemstore.AbstractItemStore.waitForMutex ]: Acquiring mutex
2026-02-17 17:46:33 INFO  [ main -> org.tasktide.itemstore.AbstractItemStore.waitForMutex ]: Mutex acquired
2026-02-17 17:46:33 INFO  [ main -> org.tasktide.itemstore.AbstractItemStore.releaseMutex ]: Releasing mutex
2026-02-17 17:46:33 INFO  [ main -> org.tasktide.itemstore.AbstractItemStore.releaseMutex ]: Released mutex
2026-02-17 17:46:33 WARN  [ main -> org.tasktide.tasktide.client.TaskTideEngineClient.processWorkload ]: Warning, no ToDo tasks available for processing. Query below backend for more information

{Collection Name=WorkItem-Service, Model Class=WorkItem, Repository Type=Item Store}


2026-02-17 17:46:33 INFO  [ main -> org.tasktide.tasktide.client.TaskTideEngineClient.fetchAndRun ]: Processing complete for step:	'PingTest'
2026-02-17 17:46:34 INFO  [ main -> org.tasktide.tasktide.client.TaskTideEngineClient.fetchAndRun ]: Determing how to process workload
2026-02-17 17:46:34 INFO  [ main -> org.tasktide.tasktide.client.TaskTideEngineClient.fetchAndRun ]: Processing single step:	'PingTest'
2026-02-17 17:46:34 INFO  [ main -> org.tasktide.tasktide.client.TaskTideEngineClient.fetchWorkload ]: No pilot label provided, processing all tasks
2026-02-17 17:46:34 DEBUG [ main -> org.tasktide.itemstore.AbstractItemStore.waitForLock ]: Waiting for
2026-02-17 17:46:34 INFO  [ main -> org.tasktide.itemstore.AbstractItemStore.waitForMutex ]: Acquiring mutex
2026-02-17 17:46:38 INFO  [ main -> org.tasktide.itemstore.AbstractItemStore.waitForMutex ]: Mutex acquired
2026-02-17 17:46:38 INFO  [ main -> org.tasktide.itemstore.AbstractItemStore.releaseMutex ]: Releasing mutex
2026-02-17 17:46:39 INFO  [ main -> org.tasktide.itemstore.AbstractItemStore.releaseMutex ]: Released mutex
2026-02-17 17:46:39 WARN  [ main -> org.tasktide.tasktide.client.TaskTideEngineClient.processWorkload ]: Warning, no ToDo tasks available for processing. Query below backend for more information

{Collection Name=WorkItem-Service, Model Class=WorkItem, Repository Type=Item Store}


2026-02-17 17:46:39 INFO  [ main -> org.tasktide.tasktide.client.TaskTideEngineClient.fetchAndRun ]: Processing complete for step:	'PingTest'
2026-02-17 17:46:40 INFO  [ main -> org.tasktide.tasktide.client.TaskTideEngineClient.fetchAndRun ]: Determing how to process workload
2026-02-17 17:46:40 INFO  [ main -> org.tasktide.tasktide.client.TaskTideEngineClient.fetchAndRun ]: Processing single step:	'PingTest'
2026-02-17 17:46:40 INFO  [ main -> org.tasktide.tasktide.client.TaskTideEngineClient.fetchWorkload ]: No pilot label provided, processing all tasks
2026-02-17 17:46:40 DEBUG [ main -> org.tasktide.itemstore.AbstractItemStore.waitForLock ]: Waiting for
2026-02-17 17:46:40 INFO  [ main -> org.tasktide.itemstore.AbstractItemStore.waitForMutex ]: Acquiring mutex
2026-02-17 17:46:44 INFO  [ main -> org.tasktide.itemstore.AbstractItemStore.waitForMutex ]: Mutex acquired
2026-02-17 17:46:44 INFO  [ main -> org.tasktide.itemstore.AbstractItemStore.releaseMutex ]: Releasing mutex
2026-02-17 17:46:44 INFO  [ main -> org.tasktide.itemstore.AbstractItemStore.releaseMutex ]: Released mutex
2026-02-17 17:46:44 WARN  [ main -> org.tasktide.tasktide.client.TaskTideEngineClient.processWorkload ]: Warning, no ToDo tasks available for processing. Query below backend for more information

{Collection Name=WorkItem-Service, Model Class=WorkItem, Repository Type=Item Store}


2026-02-17 17:46:44 INFO  [ main -> org.tasktide.tasktide.client.TaskTideEngineClient.fetchAndRun ]: Processing complete for step:	'PingTest'
2026-02-17 17:46:49 INFO  [ main -> org.tasktide.tasktide.client.TaskTideEngineClient.fetchAndRun ]: Determing how to process workload
2026-02-17 17:46:49 INFO  [ main -> org.tasktide.tasktide.client.TaskTideEngineClient.fetchAndRun ]: Processing single step:	'PingTest'
2026-02-17 17:46:49 INFO  [ main -> org.tasktide.tasktide.client.TaskTideEngineClient.fetchWorkload ]: No pilot label provided, processing all tasks
2026-02-17 17:46:49 DEBUG [ main -> org.tasktide.itemstore.AbstractItemStore.waitForLock ]: Waiting for
2026-02-17 17:46:49 INFO  [ main -> org.tasktide.itemstore.AbstractItemStore.waitForMutex ]: Acquiring mutex
2026-02-17 17:46:54 INFO  [ main -> org.tasktide.itemstore.AbstractItemStore.waitForMutex ]: Mutex acquired
2026-02-17 17:46:54 INFO  [ main -> org.tasktide.itemstore.AbstractItemStore.releaseMutex ]: Releasing mutex
2026-02-17 17:46:54 INFO  [ main -> org.tasktide.itemstore.AbstractItemStore.releaseMutex ]: Released mutex
2026-02-17 17:46:54 WARN  [ main -> org.tasktide.tasktide.client.TaskTideEngineClient.processWorkload ]: Warning, no ToDo tasks available for processing. Query below backend for more information

{Collection Name=WorkItem-Service, Model Class=WorkItem, Repository Type=Item Store}


2026-02-17 17:46:54 INFO  [ main -> org.tasktide.tasktide.client.TaskTideEngineClient.fetchAndRun ]: Processing complete for step:	'PingTest'
2026-02-17 17:46:56 INFO  [ main -> org.tasktide.tasktide.client.TaskTideEngineClient.fetchAndRun ]: Determing how to process workload
2026-02-17 17:46:56 INFO  [ main -> org.tasktide.tasktide.client.TaskTideEngineClient.fetchAndRun ]: Processing single step:	'PingTest'
2026-02-17 17:46:56 INFO  [ main -> org.tasktide.tasktide.client.TaskTideEngineClient.fetchWorkload ]: No pilot label provided, processing all tasks
2026-02-17 17:46:56 DEBUG [ main -> org.tasktide.itemstore.AbstractItemStore.waitForLock ]: Waiting for
2026-02-17 17:46:56 INFO  [ main -> org.tasktide.itemstore.AbstractItemStore.waitForMutex ]: Acquiring mutex
2026-02-17 17:47:00 INFO  [ main -> org.tasktide.itemstore.AbstractItemStore.waitForMutex ]: Mutex acquired
2026-02-17 17:47:00 INFO  [ main -> org.tasktide.itemstore.AbstractItemStore.releaseMutex ]: Releasing mutex
2026-02-17 17:47:01 INFO  [ main -> org.tasktide.itemstore.AbstractItemStore.releaseMutex ]: Released mutex
2026-02-17 17:47:01 WARN  [ main -> org.tasktide.tasktide.client.TaskTideEngineClient.processWorkload ]: Warning, no ToDo tasks available for processing. Query below backend for more information

{Collection Name=WorkItem-Service, Model Class=WorkItem, Repository Type=Item Store}


2026-02-17 17:47:01 INFO  [ main -> org.tasktide.tasktide.client.TaskTideEngineClient.fetchAndRun ]: Processing complete for step:	'PingTest'
2026-02-17 17:47:11 INFO  [ main -> org.tasktide.tasktide.client.TaskTideEngineClient.fetchAndRun ]: Determing how to process workload
2026-02-17 17:47:11 INFO  [ main -> org.tasktide.tasktide.client.TaskTideEngineClient.fetchAndRun ]: Processing single step:	'PingTest'
2026-02-17 17:47:11 INFO  [ main -> org.tasktide.tasktide.client.TaskTideEngineClient.fetchWorkload ]: No pilot label provided, processing all tasks
2026-02-17 17:47:11 DEBUG [ main -> org.tasktide.itemstore.AbstractItemStore.waitForLock ]: Waiting for
2026-02-17 17:47:11 INFO  [ main -> org.tasktide.itemstore.AbstractItemStore.waitForMutex ]: Acquiring mutex
2026-02-17 17:47:15 INFO  [ main -> org.tasktide.itemstore.AbstractItemStore.waitForMutex ]: Mutex acquired
2026-02-17 17:47:15 INFO  [ main -> org.tasktide.itemstore.AbstractItemStore.releaseMutex ]: Releasing mutex
2026-02-17 17:47:15 INFO  [ main -> org.tasktide.itemstore.AbstractItemStore.releaseMutex ]: Released mutex
2026-02-17 17:47:15 WARN  [ main -> org.tasktide.tasktide.client.TaskTideEngineClient.processWorkload ]: Warning, no ToDo tasks available for processing. Query below backend for more information

{Collection Name=WorkItem-Service, Model Class=WorkItem, Repository Type=Item Store}


2026-02-17 17:47:15 INFO  [ main -> org.tasktide.tasktide.client.TaskTideEngineClient.fetchAndRun ]: Processing complete for step:	'PingTest'
2026-02-17 17:47:24 INFO  [ main -> org.tasktide.tasktide.client.TaskTideEngineClient.fetchAndRun ]: Determing how to process workload
2026-02-17 17:47:24 INFO  [ main -> org.tasktide.tasktide.client.TaskTideEngineClient.fetchAndRun ]: Processing single step:	'PingTest'
2026-02-17 17:47:24 INFO  [ main -> org.tasktide.tasktide.client.TaskTideEngineClient.fetchWorkload ]: No pilot label provided, processing all tasks
2026-02-17 17:47:24 DEBUG [ main -> org.tasktide.itemstore.AbstractItemStore.waitForLock ]: Waiting for
2026-02-17 17:47:24 INFO  [ main -> org.tasktide.itemstore.AbstractItemStore.waitForMutex ]: Acquiring mutex
2026-02-17 17:47:28 INFO  [ main -> org.tasktide.itemstore.AbstractItemStore.waitForMutex ]: Mutex acquired
2026-02-17 17:47:28 INFO  [ main -> org.tasktide.itemstore.AbstractItemStore.releaseMutex ]: Releasing mutex
2026-02-17 17:47:29 INFO  [ main -> org.tasktide.itemstore.AbstractItemStore.releaseMutex ]: Released mutex
2026-02-17 17:47:29 WARN  [ main -> org.tasktide.tasktide.client.TaskTideEngineClient.processWorkload ]: Warning, no ToDo tasks available for processing. Query below backend for more information

{Collection Name=WorkItem-Service, Model Class=WorkItem, Repository Type=Item Store}


2026-02-17 17:47:29 INFO  [ main -> org.tasktide.tasktide.client.TaskTideEngineClient.fetchAndRun ]: Processing complete for step:	'PingTest'
2026-02-17 17:47:30 INFO  [ main -> org.tasktide.tasktide.client.TaskTideEngineClient.fetchAndRun ]: Determing how to process workload
2026-02-17 17:47:30 INFO  [ main -> org.tasktide.tasktide.client.TaskTideEngineClient.fetchAndRun ]: Processing single step:	'PingTest'
2026-02-17 17:47:30 INFO  [ main -> org.tasktide.tasktide.client.TaskTideEngineClient.fetchWorkload ]: No pilot label provided, processing all tasks
2026-02-17 17:47:30 DEBUG [ main -> org.tasktide.itemstore.AbstractItemStore.waitForLock ]: Waiting for
2026-02-17 17:47:30 INFO  [ main -> org.tasktide.itemstore.AbstractItemStore.waitForMutex ]: Acquiring mutex
2026-02-17 17:47:34 INFO  [ main -> org.tasktide.itemstore.AbstractItemStore.waitForMutex ]: Mutex acquired
2026-02-17 17:47:34 INFO  [ main -> org.tasktide.itemstore.AbstractItemStore.releaseMutex ]: Releasing mutex
2026-02-17 17:47:34 INFO  [ main -> org.tasktide.itemstore.AbstractItemStore.releaseMutex ]: Released mutex
2026-02-17 17:47:34 WARN  [ main -> org.tasktide.tasktide.client.TaskTideEngineClient.processWorkload ]: Warning, no ToDo tasks available for processing. Query below backend for more information

{Collection Name=WorkItem-Service, Model Class=WorkItem, Repository Type=Item Store}


2026-02-17 17:47:34 INFO  [ main -> org.tasktide.tasktide.client.TaskTideEngineClient.fetchAndRun ]: Processing complete for step:	'PingTest'
2026-02-17 17:47:39 INFO  [ main -> org.tasktide.tasktide.client.TaskTideEngineClient.fetchAndRun ]: Determing how to process workload
2026-02-17 17:47:39 INFO  [ main -> org.tasktide.tasktide.client.TaskTideEngineClient.fetchAndRun ]: Processing single step:	'PingTest'
2026-02-17 17:47:39 INFO  [ main -> org.tasktide.tasktide.client.TaskTideEngineClient.fetchWorkload ]: No pilot label provided, processing all tasks
2026-02-17 17:47:39 DEBUG [ main -> org.tasktide.itemstore.AbstractItemStore.waitForLock ]: Waiting for
2026-02-17 17:47:39 INFO  [ main -> org.tasktide.itemstore.AbstractItemStore.waitForMutex ]: Acquiring mutex
2026-02-17 17:47:43 INFO  [ main -> org.tasktide.itemstore.AbstractItemStore.waitForMutex ]: Mutex acquired
2026-02-17 17:47:43 INFO  [ main -> org.tasktide.itemstore.AbstractItemStore.releaseMutex ]: Releasing mutex
2026-02-17 17:47:44 INFO  [ main -> org.tasktide.itemstore.AbstractItemStore.releaseMutex ]: Released mutex
2026-02-17 17:47:44 WARN  [ main -> org.tasktide.tasktide.client.TaskTideEngineClient.processWorkload ]: Warning, no ToDo tasks available for processing. Query below backend for more information

{Collection Name=WorkItem-Service, Model Class=WorkItem, Repository Type=Item Store}


2026-02-17 17:47:44 INFO  [ main -> org.tasktide.tasktide.client.TaskTideEngineClient.fetchAndRun ]: Processing complete for step:	'PingTest'
2026-02-17 17:47:45 INFO  [ main -> org.tasktide.tasktide.client.TaskTideEngineClient.fetchAndRun ]: Determing how to process workload
2026-02-17 17:47:45 INFO  [ main -> org.tasktide.tasktide.client.TaskTideEngineClient.fetchAndRun ]: Processing single step:	'PingTest'
2026-02-17 17:47:45 INFO  [ main -> org.tasktide.tasktide.client.TaskTideEngineClient.fetchWorkload ]: No pilot label provided, processing all tasks
2026-02-17 17:47:45 DEBUG [ main -> org.tasktide.itemstore.AbstractItemStore.waitForLock ]: Waiting for
2026-02-17 17:47:45 INFO  [ main -> org.tasktide.itemstore.AbstractItemStore.waitForMutex ]: Acquiring mutex
2026-02-17 17:47:49 INFO  [ main -> org.tasktide.itemstore.AbstractItemStore.waitForMutex ]: Mutex acquired
2026-02-17 17:47:49 INFO  [ main -> org.tasktide.itemstore.AbstractItemStore.releaseMutex ]: Releasing mutex
2026-02-17 17:47:49 INFO  [ main -> org.tasktide.itemstore.AbstractItemStore.releaseMutex ]: Released mutex
2026-02-17 17:47:49 WARN  [ main -> org.tasktide.tasktide.client.TaskTideEngineClient.processWorkload ]: Warning, no ToDo tasks available for processing. Query below backend for more information

{Collection Name=WorkItem-Service, Model Class=WorkItem, Repository Type=Item Store}


2026-02-17 17:47:49 INFO  [ main -> org.tasktide.tasktide.client.TaskTideEngineClient.fetchAndRun ]: Processing complete for step:	'PingTest'
2026-02-17 17:47:54 INFO  [ main -> org.tasktide.tasktide.client.TaskTideEngineClient.fetchAndRun ]: Determing how to process workload
2026-02-17 17:47:54 INFO  [ main -> org.tasktide.tasktide.client.TaskTideEngineClient.fetchAndRun ]: Processing single step:	'PingTest'
2026-02-17 17:47:54 INFO  [ main -> org.tasktide.tasktide.client.TaskTideEngineClient.fetchWorkload ]: No pilot label provided, processing all tasks
2026-02-17 17:47:54 DEBUG [ main -> org.tasktide.itemstore.AbstractItemStore.waitForLock ]: Waiting for
2026-02-17 17:47:54 INFO  [ main -> org.tasktide.itemstore.AbstractItemStore.waitForMutex ]: Acquiring mutex
2026-02-17 17:47:58 INFO  [ main -> org.tasktide.itemstore.AbstractItemStore.waitForMutex ]: Mutex acquired
2026-02-17 17:47:58 INFO  [ main -> org.tasktide.itemstore.AbstractItemStore.releaseMutex ]: Releasing mutex
2026-02-17 17:47:59 INFO  [ main -> org.tasktide.itemstore.AbstractItemStore.releaseMutex ]: Released mutex
2026-02-17 17:47:59 WARN  [ main -> org.tasktide.tasktide.client.TaskTideEngineClient.processWorkload ]: Warning, no ToDo tasks available for processing. Query below backend for more information

{Collection Name=WorkItem-Service, Model Class=WorkItem, Repository Type=Item Store}


2026-02-17 17:47:59 INFO  [ main -> org.tasktide.tasktide.client.TaskTideEngineClient.fetchAndRun ]: Processing complete for step:	'PingTest'
2026-02-17 17:48:07 INFO  [ main -> org.tasktide.tasktide.client.TaskTideEngineClient.fetchAndRun ]: Determing how to process workload
2026-02-17 17:48:07 INFO  [ main -> org.tasktide.tasktide.client.TaskTideEngineClient.fetchAndRun ]: Processing single step:	'PingTest'
2026-02-17 17:48:07 INFO  [ main -> org.tasktide.tasktide.client.TaskTideEngineClient.fetchWorkload ]: No pilot label provided, processing all tasks
2026-02-17 17:48:07 DEBUG [ main -> org.tasktide.itemstore.AbstractItemStore.waitForLock ]: Waiting for
2026-02-17 17:48:07 INFO  [ main -> org.tasktide.itemstore.AbstractItemStore.waitForMutex ]: Acquiring mutex
2026-02-17 17:48:11 INFO  [ main -> org.tasktide.itemstore.AbstractItemStore.waitForMutex ]: Mutex acquired
2026-02-17 17:48:11 INFO  [ main -> org.tasktide.itemstore.AbstractItemStore.releaseMutex ]: Releasing mutex
2026-02-17 17:48:11 INFO  [ main -> org.tasktide.itemstore.AbstractItemStore.releaseMutex ]: Released mutex
2026-02-17 17:48:11 WARN  [ main -> org.tasktide.tasktide.client.TaskTideEngineClient.processWorkload ]: Warning, no ToDo tasks available for processing. Query below backend for more information

{Collection Name=WorkItem-Service, Model Class=WorkItem, Repository Type=Item Store}


2026-02-17 17:48:11 INFO  [ main -> org.tasktide.tasktide.client.TaskTideEngineClient.fetchAndRun ]: Processing complete for step:	'PingTest'
2026-02-17 17:48:12 INFO  [ main -> org.tasktide.tasktide.client.TaskTideEngineClient.fetchAndRun ]: Determing how to process workload
2026-02-17 17:48:12 INFO  [ main -> org.tasktide.tasktide.client.TaskTideEngineClient.fetchAndRun ]: Processing single step:	'PingTest'
2026-02-17 17:48:12 INFO  [ main -> org.tasktide.tasktide.client.TaskTideEngineClient.fetchWorkload ]: No pilot label provided, processing all tasks
2026-02-17 17:48:12 DEBUG [ main -> org.tasktide.itemstore.AbstractItemStore.waitForLock ]: Waiting for
2026-02-17 17:48:12 INFO  [ main -> org.tasktide.itemstore.AbstractItemStore.waitForMutex ]: Acquiring mutex
2026-02-17 17:48:16 INFO  [ main -> org.tasktide.itemstore.AbstractItemStore.waitForMutex ]: Mutex acquired
2026-02-17 17:48:16 INFO  [ main -> org.tasktide.itemstore.AbstractItemStore.releaseMutex ]: Releasing mutex
2026-02-17 17:48:17 INFO  [ main -> org.tasktide.itemstore.AbstractItemStore.releaseMutex ]: Released mutex
2026-02-17 17:48:17 WARN  [ main -> org.tasktide.tasktide.client.TaskTideEngineClient.processWorkload ]: Warning, no ToDo tasks available for processing. Query below backend for more information

{Collection Name=WorkItem-Service, Model Class=WorkItem, Repository Type=Item Store}


2026-02-17 17:48:17 INFO  [ main -> org.tasktide.tasktide.client.TaskTideEngineClient.fetchAndRun ]: Processing complete for step:	'PingTest'
2026-02-17 17:48:19 INFO  [ main -> org.tasktide.tasktide.TaskTide.main ]: Configuring the CDI Container Provider
2026-02-17 17:48:20 INFO  [ main -> org.tasktide.tasktide.client.TaskTideClientUtility.configureCdiInstance ]: Starting 'Weld' container
2026-02-17 17:48:22 INFO  [ main -> org.tasktide.tasktide.client.TaskTideEngineClient.fetchAndRun ]: Determing how to process workload
2026-02-17 17:48:22 INFO  [ main -> org.tasktide.tasktide.client.TaskTideEngineClient.fetchAndRun ]: Processing single step:	'PingTest'
2026-02-17 17:48:22 INFO  [ main -> org.tasktide.tasktide.client.TaskTideEngineClient.fetchWorkload ]: No pilot label provided, processing all tasks
2026-02-17 17:48:22 DEBUG [ main -> org.tasktide.itemstore.AbstractItemStore.waitForLock ]: Waiting for
2026-02-17 17:48:22 INFO  [ main -> org.tasktide.itemstore.AbstractItemStore.waitForMutex ]: Acquiring mutex
2026-02-17 17:48:26 INFO  [ main -> org.tasktide.itemstore.AbstractItemStore.waitForMutex ]: Mutex acquired
2026-02-17 17:48:26 INFO  [ main -> org.tasktide.itemstore.AbstractItemStore.releaseMutex ]: Releasing mutex
2026-02-17 17:48:27 INFO  [ main -> org.tasktide.itemstore.AbstractItemStore.releaseMutex ]: Released mutex
2026-02-17 17:48:27 WARN  [ main -> org.tasktide.tasktide.client.TaskTideEngineClient.processWorkload ]: Warning, no ToDo tasks available for processing. Query below backend for more information

{Collection Name=WorkItem-Service, Model Class=WorkItem, Repository Type=Item Store}


2026-02-17 17:48:27 INFO  [ main -> org.tasktide.tasktide.client.TaskTideEngineClient.fetchAndRun ]: Processing complete for step:	'PingTest'
2026-02-17 17:48:34 INFO  [ main -> org.tasktide.tasktide.client.TaskTideEngineClient.fetchAndRun ]: Determing how to process workload
2026-02-17 17:48:34 INFO  [ main -> org.tasktide.tasktide.client.TaskTideEngineClient.fetchAndRun ]: Processing single step:	'PingTest'
2026-02-17 17:48:34 INFO  [ main -> org.tasktide.tasktide.client.TaskTideEngineClient.fetchWorkload ]: No pilot label provided, processing all tasks
2026-02-17 17:48:34 DEBUG [ main -> org.tasktide.itemstore.AbstractItemStore.waitForLock ]: Waiting for
2026-02-17 17:48:34 INFO  [ main -> org.tasktide.itemstore.AbstractItemStore.waitForMutex ]: Acquiring mutex
2026-02-17 17:48:38 INFO  [ main -> org.tasktide.itemstore.AbstractItemStore.waitForMutex ]: Mutex acquired
2026-02-17 17:48:38 INFO  [ main -> org.tasktide.itemstore.AbstractItemStore.releaseMutex ]: Releasing mutex
2026-02-17 17:48:39 INFO  [ main -> org.tasktide.itemstore.AbstractItemStore.releaseMutex ]: Released mutex
2026-02-17 17:48:39 WARN  [ main -> org.tasktide.tasktide.client.TaskTideEngineClient.processWorkload ]: Warning, no ToDo tasks available for processing. Query below backend for more information

{Collection Name=WorkItem-Service, Model Class=WorkItem, Repository Type=Item Store}


2026-02-17 17:48:39 INFO  [ main -> org.tasktide.tasktide.client.TaskTideEngineClient.fetchAndRun ]: Processing complete for step:	'PingTest'
2026-02-17 17:48:44 INFO  [ main -> org.tasktide.tasktide.TaskTide.main ]: Fetching TaskTide configs
2026-02-17 17:48:44 DEBUG [ main -> org.tasktide.tasktide.client.config.GlobalConfig.filePath ]: Argument is configured as:
'Argument{value=sqliteDbStore, refClass=class java.lang.String, name=File Path, shortFlag=-fp, longFlag=--file-path, description=Specifies the file path for RocksDB/Json repository, argType=GLOBAL}'
2026-02-17 17:48:44 DEBUG [ main -> org.tasktide.parser.CliParser.parse ]: Parsing global arguments:	N = '14'
2026-02-17 17:48:44 DEBUG [ main -> org.tasktide.parser.CliParser.parseFromMap ]: Parsing argument data:
'Argument{value=null, refClass=class java.lang.String, name=NoSQL Host:Port, shortFlag=-nsh, longFlag=--nosql-host, description=Specifies the backend NoSQL-DB host:port to use, argType=ACTION}'
2026-02-17 17:48:44 DEBUG [ main -> org.tasktide.parser.CliParser.parseFromMap ]: Fetched raw value of 'null'
2026-02-17 17:48:44 DEBUG [ main -> org.tasktide.parser.CliParser.parseFromMap ]: Parsing argument data:
'Argument{value=4, refClass=class java.lang.Integer, name=Token Expiration, shortFlag=-te, longFlag=--token-expiration, description=Specifies the token expiration limit, default is 4 days, argType=GLOBAL}'
2026-02-17 17:48:44 DEBUG [ main -> org.tasktide.parser.CliParser.parseFromMap ]: Fetched raw value of 'null'
2026-02-17 17:48:44 DEBUG [ main -> org.tasktide.parser.CliParser.parseFromMap ]: Parsing argument data:
'Argument{value=false, refClass=class java.lang.Boolean, name=Help, shortFlag=-h, longFlag=--help, description=Displays command-line documentation, argType=GLOBAL}'
2026-02-17 17:48:44 DEBUG [ main -> org.tasktide.parser.CliParser.parseFromMap ]: Fetched raw value of 'null'
2026-02-17 17:48:44 DEBUG [ main -> org.tasktide.parser.CliParser.parseFromMap ]: Parsing argument data:
'Argument{value=null, refClass=class java.lang.String, name=NoSQL Database Type, shortFlag=-dbt, longFlag=--nosql-database-type, description=Specifies the NoSQL Database Type: Document, KeyValue, Column, Graph, argType=ACTION}'
2026-02-17 17:48:44 DEBUG [ main -> org.tasktide.parser.CliParser.parseFromMap ]: Fetched raw value of 'null'
2026-02-17 17:48:44 DEBUG [ main -> org.tasktide.parser.CliParser.parseFromMap ]: Parsing argument data:
'Argument{value=, refClass=class java.lang.String, name=WorkItem Name, shortFlag=-win, longFlag=--work-item-collection-name, description=Specifies the WorkItem Collection Name to use, argType=GLOBAL}'
2026-02-17 17:48:44 DEBUG [ main -> org.tasktide.parser.CliParser.parseFromMap ]: Fetched raw value of 'null'
2026-02-17 17:48:44 DEBUG [ main -> org.tasktide.parser.CliParser.parseFromMap ]: Parsing argument data:
'Argument{value=null, refClass=class java.lang.String, name=NoSQL Database Provider, shortFlag=-dbt, longFlag=--nosql-database-provider, description=Specifies the NoSQL Software Name: Mongo, CouchDB etc, argType=ACTION}'
2026-02-17 17:48:44 DEBUG [ main -> org.tasktide.parser.CliParser.parseFromMap ]: Fetched raw value of 'null'
2026-02-17 17:48:44 DEBUG [ main -> org.tasktide.parser.CliParser.parseFromMap ]: Parsing argument data:
'Argument{value=Arbitrary, refClass=class java.lang.String, name=Workflow Name, shortFlag=-wn, longFlag=--workflow-name, description=Specifies the workflow name to use, argType=GLOBAL}'
2026-02-17 17:48:44 DEBUG [ main -> org.tasktide.parser.CliParser.parseFromMap ]: Fetched raw value of 'null'
2026-02-17 17:48:44 DEBUG [ main -> org.tasktide.parser.CliParser.parseFromMap ]: Parsing argument data:
'Argument{value=Arbitrary, refClass=class java.lang.String, name=Step Name, shortFlag=-sn, longFlag=--step-name, description=Specifies the step name to use, argType=GLOBAL}'
2026-02-17 17:48:44 DEBUG [ main -> org.tasktide.parser.CliParser.fetchRawValue ]: Parsing on next recod is data
2026-02-17 17:48:44 DEBUG [ main -> org.tasktide.parser.CliParser.parseFromMap ]: Fetched raw value of 'PingTest'
2026-02-17 17:48:44 DEBUG [ main -> org.tasktide.parser.CliParser.parseFromMap ]: Parsing argument data:
'Argument{value=dd/MM/yy HH:mm:ss, refClass=class java.lang.String, name=Date Format, shortFlag=-df, longFlag=--date-format, description=Specifies date format to use. Default is 'dd/MM/yy HH:mm:ss', argType=GLOBAL}'
2026-02-17 17:48:44 DEBUG [ main -> org.tasktide.parser.CliParser.parseFromMap ]: Fetched raw value of 'null'
2026-02-17 17:48:44 DEBUG [ main -> org.tasktide.parser.CliParser.parseFromMap ]: Parsing argument data:
'Argument{value=null, refClass=class java.lang.String, name=NoSQL Password, shortFlag=-nsp, longFlag=--nosql-password, description=Specifies the backend NoSQL-DB password to use, argType=ACTION}'
2026-02-17 17:48:44 DEBUG [ main -> org.tasktide.parser.CliParser.parseFromMap ]: Fetched raw value of 'null'
2026-02-17 17:48:44 DEBUG [ main -> org.tasktide.parser.CliParser.parseFromMap ]: Parsing argument data:
'Argument{value=null, refClass=class java.lang.String, name=NoSQL Provider Class, shortFlag=-nspc, longFlag=--nosql-provider-class, description=Specifies the backend NoSQL-DB Provider Class, argType=ACTION}'
2026-02-17 17:48:44 DEBUG [ main -> org.tasktide.parser.CliParser.parseFromMap ]: Fetched raw value of 'null'
2026-02-17 17:48:44 DEBUG [ main -> org.tasktide.parser.CliParser.parseFromMap ]: Parsing argument data:
'Argument{value=null, refClass=class java.lang.String, name=NoSQL User, shortFlag=-nsu, longFlag=--nosql-user, description=Specifies the backend NoSQL-DB Username to use, argType=ACTION}'
2026-02-17 17:48:44 DEBUG [ main -> org.tasktide.parser.CliParser.parseFromMap ]: Fetched raw value of 'null'
2026-02-17 17:48:44 DEBUG [ main -> org.tasktide.parser.CliParser.parseFromMap ]: Parsing argument data:
'Argument{value=sqliteDbStore, refClass=class java.lang.String, name=File Path, shortFlag=-fp, longFlag=--file-path, description=Specifies the file path for RocksDB/Json repository, argType=GLOBAL}'
2026-02-17 17:48:44 DEBUG [ main -> org.tasktide.parser.CliParser.fetchRawValue ]: Parsing on next recod is data
2026-02-17 17:48:44 DEBUG [ main -> org.tasktide.parser.CliParser.parseFromMap ]: Fetched raw value of './ItemStoreRepo/sqlite'
2026-02-17 17:48:44 DEBUG [ main -> org.tasktide.parser.CliParser.parseFromMap ]: Parsing argument data:
'Argument{value=sqlite, refClass=class java.lang.String, name=Repository Type, shortFlag=-rt, longFlag=--repository-type, description=Specifies the backend repository type: RocksDB, NoSQL, Json, argType=GLOBAL}'
2026-02-17 17:48:44 DEBUG [ main -> org.tasktide.parser.CliParser.fetchRawValue ]: Parsing on next recod is data
2026-02-17 17:48:44 DEBUG [ main -> org.tasktide.parser.CliParser.parseFromMap ]: Fetched raw value of 'sqlite'
2026-02-17 17:48:44 DEBUG [ main -> org.tasktide.parser.CliParser.parse ]: Parsing action arguments for:	'manager'
2026-02-17 17:48:44 DEBUG [ main -> org.tasktide.parser.CliParser.parseFromMap ]: Parsing argument data:
'Argument{value=, refClass=class java.lang.String, name=Target, shortFlag=-tgt, longFlag=--target, description=Target for manager action, argType=ACTION}'
2026-02-17 17:48:44 DEBUG [ main -> org.tasktide.parser.CliParser.fetchRawValue ]: Parsing on next recod is data
2026-02-17 17:48:44 DEBUG [ main -> org.tasktide.parser.CliParser.parseFromMap ]: Fetched raw value of 'WORKITEM'
2026-02-17 17:48:44 DEBUG [ main -> org.tasktide.parser.CliParser.parseFromMap ]: Parsing argument data:
'Argument{value=false, refClass=class java.lang.Boolean, name=Help, shortFlag=-h, longFlag=--help, description=Displays command-line documentation, argType=ACTION}'
2026-02-17 17:48:44 DEBUG [ main -> org.tasktide.parser.CliParser.parseFromMap ]: Fetched raw value of 'null'
2026-02-17 17:48:44 DEBUG [ main -> org.tasktide.parser.CliParser.parseFromMap ]: Parsing argument data:
'Argument{value=|, refClass=class java.lang.String, name=Delimiter, shortFlag=-d, longFlag=--delimiter, description=Defines the delimiter to use for im/export, argType=ACTION}'
2026-02-17 17:48:44 DEBUG [ main -> org.tasktide.parser.CliParser.fetchRawValue ]: Parsing on next recod is data
2026-02-17 17:48:44 DEBUG [ main -> org.tasktide.parser.CliParser.parseFromMap ]: Fetched raw value of '|'
2026-02-17 17:48:44 DEBUG [ main -> org.tasktide.parser.CliParser.parseFromMap ]: Parsing argument data:
'Argument{value=, refClass=class java.lang.String, name=Query String, shortFlag=-qs, longFlag=--query-string, description=JSON formatted string:	 '{'Field': 'Value'}', argType=ACTION}'
2026-02-17 17:48:44 DEBUG [ main -> org.tasktide.parser.CliParser.parseFromMap ]: Fetched raw value of 'null'
2026-02-17 17:48:44 DEBUG [ main -> org.tasktide.parser.CliParser.parseFromMap ]: Parsing argument data:
'Argument{value=, refClass=class java.lang.String, name=Target File, shortFlag=-f, longFlag=--target-file, description=Defines the full file path for import, argType=ACTION}'
2026-02-17 17:48:44 DEBUG [ main -> org.tasktide.parser.CliParser.fetchRawValue ]: Parsing on next recod is data
2026-02-17 17:48:44 DEBUG [ main -> org.tasktide.parser.CliParser.parseFromMap ]: Fetched raw value of '../../../tasktide/tasktide/src/test/resources/singleTaskImports.txt'
2026-02-17 17:48:44 DEBUG [ main -> org.tasktide.parser.CliParser.parseFromMap ]: Parsing argument data:
'Argument{value=import, refClass=class java.lang.String, name=Method, shortFlag=-m, longFlag=--method, description=Whether to run import or export, argType=ACTION}'
2026-02-17 17:48:44 DEBUG [ main -> org.tasktide.parser.CliParser.fetchRawValue ]: Parsing on next recod is data
2026-02-17 17:48:44 DEBUG [ main -> org.tasktide.parser.CliParser.parseFromMap ]: Fetched raw value of 'Import'
2026-02-17 17:48:44 DEBUG [ main -> org.tasktide.parser.CliParser.parseFromMap ]: Parsing argument data:
'Argument{value=, refClass=class java.lang.String, name=ItemId, shortFlag=-ii, longFlag=--itemId, description=ItemId over which the required ManagerAction is taken, argType=ACTION}'
2026-02-17 17:48:44 DEBUG [ main -> org.tasktide.parser.CliParser.parseFromMap ]: Fetched raw value of 'null'
2026-02-17 17:48:44 DEBUG [ main -> org.tasktide.parser.CliParser.parseFromMap ]: Parsing argument data:
'Argument{value=, refClass=class java.lang.String, name=Nested Delimiter, shortFlag=-nd, longFlag=--nested-delimiter, description=Defines the ItemTask delimiter if required, argType=ACTION}'
2026-02-17 17:48:44 DEBUG [ main -> org.tasktide.parser.CliParser.parseFromMap ]: Fetched raw value of 'null'
2026-02-17 17:48:44 DEBUG [ main -> org.tasktide.tasktide.client.ClientConfigMap.whichClient ]: Evaluating client module for:	'manager'
2026-02-17 17:48:44 INFO  [ main -> org.tasktide.tasktide.client.TaskTideClientUtility.fetchRepoType ]: Querying configured repo type:	'sqlite'
2026-02-17 17:48:44 INFO  [ main -> org.tasktide.tasktide.TaskTide.main ]: Fetching the TaskTideServiceManager for 'Item Store' Repository
2026-02-17 17:48:44 INFO  [ main -> org.tasktide.tasktide.client.TaskTideClientUtility.initServiceManager ]: Configuring ItemStore ServiceManager
2026-02-17 17:48:44 DEBUG [ main -> org.tasktide.tasktide.client.TaskTideClientUtility.initItemStoreServiceManager ]: Repository FilePath is:	'./ItemStoreRepo/sqlite'
2026-02-17 17:48:44 INFO  [ main -> org.tasktide.core.repository.itemstore_repo.ItemStoreRepositoryUtility.fetchItemStoreMap ]: Prcessing ItemStore from under:	'./ItemStoreRepo/sqlite'
2026-02-17 17:48:44 DEBUG [ main -> org.tasktide.core.repository.itemstore_repo.ItemStoreRepositoryUtility.fetchItemStore ]: ItemStore Directory created under:	'./ItemStoreRepo/sqlite/WORKITEM'
2026-02-17 17:48:45 INFO  [ main -> org.tasktide.itemstore.SqliteStore.initItemStore ]: Initializing DB
2026-02-17 17:48:45 DEBUG [ main -> org.tasktide.itemstore.AbstractItemStore.waitForLock ]: Waiting for
2026-02-17 17:48:45 INFO  [ main -> org.tasktide.itemstore.AbstractItemStore.waitForMutex ]: Acquiring mutex
2026-02-17 17:48:45 INFO  [ main -> org.tasktide.tasktide.client.TaskTideEngineClient.fetchAndRun ]: Determing how to process workload
2026-02-17 17:48:45 INFO  [ main -> org.tasktide.tasktide.client.TaskTideEngineClient.fetchAndRun ]: Processing single step:	'PingTest'
2026-02-17 17:48:45 INFO  [ main -> org.tasktide.tasktide.client.TaskTideEngineClient.fetchWorkload ]: No pilot label provided, processing all tasks
2026-02-17 17:48:45 DEBUG [ main -> org.tasktide.itemstore.AbstractItemStore.waitForLock ]: Waiting for
2026-02-17 17:48:45 INFO  [ main -> org.tasktide.itemstore.AbstractItemStore.waitForMutex ]: Acquiring mutex
2026-02-17 17:48:49 INFO  [ main -> org.tasktide.itemstore.AbstractItemStore.waitForMutex ]: Mutex acquired
2026-02-17 17:48:49 INFO  [ main -> org.tasktide.itemstore.AbstractItemStore.releaseMutex ]: Releasing mutex
2026-02-17 17:48:50 INFO  [ main -> org.tasktide.itemstore.AbstractItemStore.releaseMutex ]: Released mutex
2026-02-17 17:48:50 DEBUG [ main -> org.tasktide.core.repository.itemstore_repo.ItemStoreRepositoryUtility.fetchItemStore ]: ItemStore Directory created under:	'./ItemStoreRepo/sqlite/STEP'
2026-02-17 17:48:50 WARN  [ main -> org.tasktide.itemstore.AbstractItemStore.<init> ]: Mutex already configured
2026-02-17 17:48:50 INFO  [ main -> org.tasktide.itemstore.SqliteStore.initItemStore ]: Initializing DB under active mutex
2026-02-17 17:48:50 DEBUG [ main -> org.tasktide.core.repository.itemstore_repo.ItemStoreRepositoryUtility.fetchItemStore ]: ItemStore Directory created under:	'./ItemStoreRepo/sqlite/WORKFLOW'
2026-02-17 17:48:50 WARN  [ main -> org.tasktide.itemstore.AbstractItemStore.<init> ]: Mutex already configured
2026-02-17 17:48:50 INFO  [ main -> org.tasktide.itemstore.SqliteStore.initItemStore ]: Initializing DB under active mutex
2026-02-17 17:48:50 DEBUG [ main -> org.tasktide.core.repository.itemstore_repo.ItemStoreRepositoryUtility.fetchItemStore ]: ItemStore Directory created under:	'./ItemStoreRepo/sqlite/JOB_ENVIRONMENT'
2026-02-17 17:48:50 WARN  [ main -> org.tasktide.itemstore.AbstractItemStore.<init> ]: Mutex already configured
2026-02-17 17:48:50 INFO  [ main -> org.tasktide.itemstore.SqliteStore.initItemStore ]: Initializing DB under active mutex
2026-02-17 17:48:50 DEBUG [ main -> org.tasktide.core.repository.itemstore_repo.ItemStoreRepositoryUtility.fetchItemStore ]: ItemStore Directory created under:	'./ItemStoreRepo/sqlite/METRIC_DATA'
2026-02-17 17:48:50 WARN  [ main -> org.tasktide.itemstore.AbstractItemStore.<init> ]: Mutex already configured
2026-02-17 17:48:50 INFO  [ main -> org.tasktide.itemstore.SqliteStore.initItemStore ]: Initializing DB under active mutex
2026-02-17 17:48:50 DEBUG [ main -> org.tasktide.core.repository.itemstore_repo.ItemStoreRepositoryUtility.fetchItemStore ]: ItemStore Directory created under:	'./ItemStoreRepo/sqlite/METRIC_PROFILE'
2026-02-17 17:48:50 WARN  [ main -> org.tasktide.itemstore.AbstractItemStore.<init> ]: Mutex already configured
2026-02-17 17:48:50 INFO  [ main -> org.tasktide.itemstore.SqliteStore.initItemStore ]: Initializing DB under active mutex
2026-02-17 17:48:50 INFO  [ main -> org.tasktide.itemstore.AbstractItemStore.releaseMutex ]: Releasing mutex
2026-02-17 17:48:50 INFO  [ main -> org.tasktide.itemstore.AbstractItemStore.releaseMutex ]: Released mutex
2026-02-17 17:48:50 DEBUG [ main -> org.tasktide.core.repository.itemstore_repo.ItemStoreRepositoryUtility.initServiceManager ]: Displaying configured service manager:
'{
    "JOB_ENVIRONMENT": {
        "configured": true,
        "repo": {
            "collectionName": "JobEnvironment",
            "repositoryMetaData": {
                "Collection Name": "JobEnvironment",
                "Model Class": "JobEnvironment",
                "Repository Type": "Item Store"
            }
        }
    },
    "STEP": {
        "configured": true,
        "repo": {
            "collectionName": "Step-Service",
            "repositoryMetaData": {
                "Collection Name": "Step-Service",
                "Model Class": "Step",
                "Repository Type": "Item Store"
            }
        }
    },
    "METRIC_DATA": {
        "configured": true,
        "repo": {
            "collectionName": "MetricData",
            "repositoryMetaData": {
                "Collection Name": "MetricData",
                "Model Class": "MetricData",
                "Repository Type": "Item Store"
            }
        }
    },
    "WORKFLOW": {
        "configured": true,
        "repo": {
            "collectionName": "Workflow-Service",
            "repositoryMetaData": {
                "Collection Name": "Workflow-Service",
                "Model Class": "Workflow",
                "Repository Type": "Item Store"
            }
        }
    },
    "WORKITEM": {
        "configured": true,
        "lockWaitTime": 4,
        "repo": {
            "collectionName": "WorkItem-Service",
            "repositoryMetaData": {
                "Collection Name": "WorkItem-Service",
                "Model Class": "WorkItem",
                "Repository Type": "Item Store"
            }
        }
    },
    "METRIC_PROFILE": {
        "configured": true,
        "repo": {
            "collectionName": "MetricProfile",
            "repositoryMetaData": {
                "Collection Name": "MetricProfile",
                "Model Class": "MetricProfile",
                "Repository Type": "Item Store"
            }
        }
    }
}'
2026-02-17 17:48:50 INFO  [ main -> org.tasktide.tasktide.TaskTide.main ]: ServiceManager state is now:	'true'
2026-02-17 17:48:50 INFO  [ main -> org.tasktide.tasktide.TaskTide.main ]: Constructing client:	'Manager'
2026-02-17 17:48:51 INFO  [ main -> org.tasktide.tasktide.client.TaskTideManagerClient.performClientTask ]: Executing ManagerCommand:
'{
    "Command Spec": {
        "File Path": "../../../tasktide/tasktide/src/test/resources/singleTaskImports.txt",
        "Options": {
            "Item Id": "",
            "Delimiter": "|",
            "Step Name": "PingTest",
            "Nested Delimiter": ""
        },
        "Query String": ""
    },
    "Command Type": "BATCH_CREATE",
    "Manager Action": "IMPORT",
    "Manager Target": "WORKITEM"
}'
2026-02-17 17:48:51 INFO  [ main -> org.tasktide.core.manager.command.commands.ImportCommand.importFile ]: Evaluating nested delimiter of value ''
2026-02-17 17:48:51 INFO  [ main -> org.tasktide.core.manager.command.commands.ImportCommand.importFile ]: No nested delimiter detected, importing as single tasks
2026-02-17 17:48:51 INFO  [ main -> org.tasktide.core.manager.file_handler.ImportCommandRecordProcessor.recordProcessor ]: Fetching StepId for Step Name:	'PingTest'
2026-02-17 17:48:51 DEBUG [ main -> org.tasktide.itemstore.AbstractItemStore.waitForLock ]: Waiting for
2026-02-17 17:48:51 INFO  [ main -> org.tasktide.itemstore.AbstractItemStore.waitForMutex ]: Acquiring mutex
2026-02-17 17:48:53 INFO  [ main -> org.tasktide.itemstore.AbstractItemStore.waitForMutex ]: Mutex acquired
2026-02-17 17:48:53 INFO  [ main -> org.tasktide.itemstore.AbstractItemStore.releaseMutex ]: Releasing mutex
2026-02-17 17:48:53 INFO  [ main -> org.tasktide.itemstore.AbstractItemStore.releaseMutex ]: Released mutex
2026-02-17 17:48:53 WARN  [ main -> org.tasktide.tasktide.client.TaskTideEngineClient.processWorkload ]: Warning, no ToDo tasks available for processing. Query below backend for more information

{Collection Name=WorkItem-Service, Model Class=WorkItem, Repository Type=Item Store}


2026-02-17 17:48:53 INFO  [ main -> org.tasktide.tasktide.client.TaskTideEngineClient.fetchAndRun ]: Processing complete for step:	'PingTest'
2026-02-17 17:48:53 INFO  [ main -> org.tasktide.tasktide.client.TaskTideEngineClient.fetchAndRun ]: Determing how to process workload
2026-02-17 17:48:53 INFO  [ main -> org.tasktide.tasktide.client.TaskTideEngineClient.fetchAndRun ]: Processing single step:	'PingTest'
2026-02-17 17:48:53 INFO  [ main -> org.tasktide.tasktide.client.TaskTideEngineClient.fetchWorkload ]: No pilot label provided, processing all tasks
2026-02-17 17:48:53 DEBUG [ main -> org.tasktide.itemstore.AbstractItemStore.waitForLock ]: Waiting for
2026-02-17 17:48:53 INFO  [ main -> org.tasktide.itemstore.AbstractItemStore.waitForMutex ]: Acquiring mutex
2026-02-17 17:48:55 INFO  [ main -> org.tasktide.itemstore.AbstractItemStore.waitForMutex ]: Mutex acquired
2026-02-17 17:48:55 INFO  [ main -> org.tasktide.itemstore.AbstractItemStore.releaseMutex ]: Releasing mutex
2026-02-17 17:48:56 INFO  [ main -> org.tasktide.itemstore.AbstractItemStore.releaseMutex ]: Released mutex
2026-02-17 17:48:56 DEBUG [ main -> org.tasktide.itemstore.AbstractItemStore.waitForLock ]: Waiting for
2026-02-17 17:48:56 INFO  [ main -> org.tasktide.itemstore.AbstractItemStore.waitForMutex ]: Acquiring mutex
2026-02-17 17:48:59 INFO  [ main -> org.tasktide.itemstore.AbstractItemStore.waitForMutex ]: Mutex acquired
2026-02-17 17:48:59 INFO  [ main -> org.tasktide.itemstore.AbstractItemStore.releaseMutex ]: Releasing mutex
2026-02-17 17:48:59 INFO  [ main -> org.tasktide.itemstore.AbstractItemStore.releaseMutex ]: Released mutex
2026-02-17 17:48:59 WARN  [ main -> org.tasktide.tasktide.client.TaskTideEngineClient.processWorkload ]: Warning, no ToDo tasks available for processing. Query below backend for more information

{Collection Name=WorkItem-Service, Model Class=WorkItem, Repository Type=Item Store}


2026-02-17 17:48:59 INFO  [ main -> org.tasktide.tasktide.client.TaskTideEngineClient.fetchAndRun ]: Processing complete for step:	'PingTest'
2026-02-17 17:49:02 INFO  [ main -> org.tasktide.itemstore.AbstractItemStore.waitForMutex ]: Mutex acquired
2026-02-17 17:49:02 INFO  [ main -> org.tasktide.itemstore.AbstractItemStore.releaseMutex ]: Releasing mutex
2026-02-17 17:49:02 INFO  [ main -> org.tasktide.itemstore.AbstractItemStore.releaseMutex ]: Released mutex
2026-02-17 17:49:02 INFO  [ main -> org.tasktide.tasktide.client.TaskTideManagerClient.performClientTask ]: Displaying results:	'true'
2026-02-17 17:49:02 INFO  [ main -> org.tasktide.tasktide.TaskTide.main ]: TaskTideClient completed, tearing down container
2026-02-17 17:49:09 INFO  [ main -> org.tasktide.tasktide.client.TaskTideEngineClient.fetchAndRun ]: Determing how to process workload
2026-02-17 17:49:09 INFO  [ main -> org.tasktide.tasktide.client.TaskTideEngineClient.fetchAndRun ]: Processing single step:	'PingTest'
2026-02-17 17:49:09 INFO  [ main -> org.tasktide.tasktide.client.TaskTideEngineClient.fetchWorkload ]: No pilot label provided, processing all tasks
2026-02-17 17:49:09 DEBUG [ main -> org.tasktide.itemstore.AbstractItemStore.waitForLock ]: Waiting for
2026-02-17 17:49:09 INFO  [ main -> org.tasktide.itemstore.AbstractItemStore.waitForMutex ]: Acquiring mutex
2026-02-17 17:49:14 INFO  [ main -> org.tasktide.itemstore.AbstractItemStore.waitForMutex ]: Mutex acquired
2026-02-17 17:49:14 INFO  [ main -> org.tasktide.itemstore.AbstractItemStore.releaseMutex ]: Releasing mutex
2026-02-17 17:49:14 INFO  [ main -> org.tasktide.itemstore.AbstractItemStore.releaseMutex ]: Released mutex
2026-02-17 17:49:14 INFO  [ main -> org.tasktide.tasktide.client.TaskTideEngineClient.processWorkload ]: Processing workload of size:	'4'
2026-02-17 17:49:14 INFO  [ main -> org.tasktide.engine.worker.processor.TaskTideProcessor.processChunks ]: Shuffling, and grouping workload for ExecutorService for ProcessorType:	'WorkItemProcessor'
2026-02-17 17:49:14 INFO  [ main -> org.tasktide.engine.worker.processor.WorkItemProcessor.parallelChunks ]: Fetching N = '5' batches of size '1' for WorkItem workload
2026-02-17 17:49:14 INFO  [ main -> org.tasktide.engine.worker.processor.TaskTideProcessor.processChunks ]: Submitting 'WorkItemProcessor' workload of size:	'4'
2026-02-17 17:49:14 INFO  [ main -> org.tasktide.engine.worker.processor.TaskTideProcessor.submitParallelChunks ]: Submitting sub-workload of size:	'1'
2026-02-17 17:49:14 INFO  [ main -> org.tasktide.engine.worker.processor.TaskTideProcessor.submitParallelChunks ]: Submitting sub-workload of size:	'1'
2026-02-17 17:49:14 INFO  [ main -> org.tasktide.engine.worker.processor.TaskTideProcessor.submitParallelChunks ]: Submitting sub-workload of size:	'1'
2026-02-17 17:49:14 INFO  [ pool-2-thread-3 -> org.tasktide.engine.worker.executor.TaskTideExecutor.runTasks ]: Begining workload processing of N = '1' tasks
2026-02-17 17:49:14 INFO  [ pool-2-thread-5 -> org.tasktide.engine.worker.executor.TaskTideExecutor.runTasks ]: Begining workload processing of N = '1' tasks
2026-02-17 17:49:14 INFO  [ pool-2-thread-1 -> org.tasktide.engine.worker.executor.TaskTideExecutor.runTasks ]: Begining workload processing of N = '1' tasks
2026-02-17 17:49:14 INFO  [ main -> org.tasktide.engine.worker.processor.TaskTideProcessor.submitParallelChunks ]: Submitting sub-workload of size:	'1'
2026-02-17 17:49:14 INFO  [ pool-2-thread-3 -> org.tasktide.engine.observer.worker.TimeKeeperObserver.evaluateStart ]: TimeKeeper evaluating starting of task 'WorkItem-9a93bdcb-2ca2-4cb2-928d-b025ecc5d79f'
2026-02-17 17:49:14 INFO  [ pool-2-thread-4 -> org.tasktide.engine.worker.executor.TaskTideExecutor.runTasks ]: Begining workload processing of N = '1' tasks
2026-02-17 17:49:14 INFO  [ pool-2-thread-3 -> org.tasktide.engine.observer.worker.TimeKeeperObserver.evaluateStart ]: Atomic TimeKeeper for task 'WorkItem-9a93bdcb-2ca2-4cb2-928d-b025ecc5d79f' set on thread 'pool-2-thread-3'
2026-02-17 17:49:14 INFO  [ main -> org.tasktide.engine.worker.processor.TaskTideProcessor.processChunks ]: Submitted N = '8' items for workload 'WorkItemProcessor'
2026-02-17 17:49:14 INFO  [ pool-2-thread-5 -> org.tasktide.engine.observer.worker.TimeKeeperObserver.evaluateStart ]: TimeKeeper evaluating starting of task 'WorkItem-d9f74ce5-9148-4039-a5eb-6c7fc18173fa'
2026-02-17 17:49:14 INFO  [ pool-2-thread-3 -> org.tasktide.engine.observer.worker.TimeKeeperObserver.onTaskStart ]: TimeKeeper evaluated time left for processing as 'true' for ItemTask:	'WorkItem-9a93bdcb-2ca2-4cb2-928d-b025ecc5d79f'
2026-02-17 17:49:14 INFO  [ pool-2-thread-1 -> org.tasktide.engine.observer.worker.TimeKeeperObserver.evaluateStart ]: TimeKeeper evaluating starting of task 'WorkItem-401eac3c-3012-4e37-b8fb-4a1e929c25f2'
2026-02-17 17:49:14 INFO  [ pool-2-thread-4 -> org.tasktide.engine.observer.worker.TimeKeeperObserver.evaluateStart ]: TimeKeeper evaluating starting of task 'WorkItem-b1913461-c735-4e70-a0f5-ffc874d12998'
2026-02-17 17:49:14 INFO  [ pool-2-thread-5 -> org.tasktide.engine.observer.worker.TimeKeeperObserver.evaluateStart ]: Atomic TimeKeeper for task 'WorkItem-d9f74ce5-9148-4039-a5eb-6c7fc18173fa' set on thread 'pool-2-thread-5'
2026-02-17 17:49:14 INFO  [ main -> org.tasktide.engine.TaskTideEngineUtility.waitOnExecutorTrackerWorkItem ]: Begining state monitoring of ExecutorServiceTracker:	N tasks = '8'
2026-02-17 17:49:14 INFO  [ pool-2-thread-4 -> org.tasktide.engine.observer.worker.TimeKeeperObserver.evaluateStart ]: Atomic TimeKeeper for task 'WorkItem-b1913461-c735-4e70-a0f5-ffc874d12998' set on thread 'pool-2-thread-4'
2026-02-17 17:49:14 INFO  [ pool-2-thread-1 -> org.tasktide.engine.observer.worker.TimeKeeperObserver.evaluateStart ]: Atomic TimeKeeper for task 'WorkItem-401eac3c-3012-4e37-b8fb-4a1e929c25f2' set on thread 'pool-2-thread-1'
2026-02-17 17:49:14 INFO  [ main -> org.tasktide.engine.TaskTideEngineUtility.waitOnExecutorTrackerWorkItem ]: Letting '10000'ms elapse for state monitoring of ExecutorServiceTracker:	'8'
2026-02-17 17:49:14 INFO  [ pool-2-thread-5 -> org.tasktide.engine.observer.worker.TimeKeeperObserver.onTaskStart ]: TimeKeeper evaluated time left for processing as 'true' for ItemTask:	'WorkItem-d9f74ce5-9148-4039-a5eb-6c7fc18173fa'
2026-02-17 17:49:14 INFO  [ pool-2-thread-1 -> org.tasktide.engine.observer.worker.TimeKeeperObserver.onTaskStart ]: TimeKeeper evaluated time left for processing as 'true' for ItemTask:	'WorkItem-401eac3c-3012-4e37-b8fb-4a1e929c25f2'
2026-02-17 17:49:14 INFO  [ pool-2-thread-4 -> org.tasktide.engine.observer.worker.TimeKeeperObserver.onTaskStart ]: TimeKeeper evaluated time left for processing as 'true' for ItemTask:	'WorkItem-b1913461-c735-4e70-a0f5-ffc874d12998'
2026-02-17 17:49:14 DEBUG [ pool-2-thread-3 -> org.tasktide.itemstore.AbstractItemStore.waitForLock ]: Waiting for
2026-02-17 17:49:14 INFO  [ pool-2-thread-3 -> org.tasktide.itemstore.AbstractItemStore.waitForMutex ]: Acquiring mutex
2026-02-17 17:49:18 INFO  [ pool-2-thread-3 -> org.tasktide.itemstore.AbstractItemStore.waitForMutex ]: Mutex acquired
2026-02-17 17:49:18 INFO  [ pool-2-thread-3 -> org.tasktide.itemstore.AbstractItemStore.releaseMutex ]: Releasing mutex
2026-02-17 17:49:19 INFO  [ pool-2-thread-3 -> org.tasktide.itemstore.AbstractItemStore.releaseMutex ]: Released mutex
2026-02-17 17:49:19 DEBUG [ pool-2-thread-3 -> org.tasktide.itemstore.AbstractItemStore.waitForLock ]: Waiting for
2026-02-17 17:49:19 INFO  [ pool-2-thread-3 -> org.tasktide.itemstore.AbstractItemStore.waitForMutex ]: Acquiring mutex
2026-02-17 17:49:23 INFO  [ pool-2-thread-3 -> org.tasktide.itemstore.AbstractItemStore.waitForMutex ]: Mutex acquired
2026-02-17 17:49:23 INFO  [ pool-2-thread-3 -> org.tasktide.itemstore.AbstractItemStore.releaseMutex ]: Releasing mutex
2026-02-17 17:49:23 INFO  [ pool-2-thread-3 -> org.tasktide.itemstore.AbstractItemStore.releaseMutex ]: Released mutex
2026-02-17 17:49:23 DEBUG [ pool-2-thread-3 -> org.tasktide.itemstore.AbstractItemStore.waitForLock ]: Waiting for
2026-02-17 17:49:23 INFO  [ pool-2-thread-3 -> org.tasktide.itemstore.AbstractItemStore.waitForMutex ]: Acquiring mutex
2026-02-17 17:49:24 INFO  [ main -> org.tasktide.engine.TaskTideEngineUtility.waitOnExecutorTrackerWorkItem ]: Displaying Iter-'0' StateSummary of ExecutorServiceTracker:

Total='8', Remaining='4', Done='4', Expected='4'
2026-02-17 17:49:24 INFO  [ main -> org.tasktide.tasktide.client.TaskTideEngineClient.fetchAndRun ]: Processing complete for step:	'PingTest'
2026-02-17 17:49:27 INFO  [ pool-2-thread-3 -> org.tasktide.itemstore.AbstractItemStore.waitForMutex ]: Mutex acquired
2026-02-17 17:49:27 INFO  [ pool-2-thread-3 -> org.tasktide.itemstore.AbstractItemStore.releaseMutex ]: Releasing mutex
2026-02-17 17:49:28 INFO  [ pool-2-thread-3 -> org.tasktide.itemstore.AbstractItemStore.releaseMutex ]: Released mutex
2026-02-17 17:49:28 DEBUG [ pool-2-thread-4 -> org.tasktide.itemstore.AbstractItemStore.waitForLock ]: Waiting for
2026-02-17 17:49:28 INFO  [ pool-2-thread-4 -> org.tasktide.itemstore.AbstractItemStore.waitForMutex ]: Acquiring mutex
2026-02-17 17:49:31 INFO  [ main -> org.tasktide.tasktide.client.TaskTideEngineClient.fetchAndRun ]: Determing how to process workload
2026-02-17 17:49:31 INFO  [ main -> org.tasktide.tasktide.client.TaskTideEngineClient.fetchAndRun ]: Processing single step:	'PingTest'
2026-02-17 17:49:31 INFO  [ main -> org.tasktide.tasktide.client.TaskTideEngineClient.fetchWorkload ]: No pilot label provided, processing all tasks
2026-02-17 17:49:32 INFO  [ pool-2-thread-4 -> org.tasktide.itemstore.AbstractItemStore.waitForMutex ]: Mutex acquired
2026-02-17 17:49:32 INFO  [ pool-2-thread-4 -> org.tasktide.itemstore.AbstractItemStore.releaseMutex ]: Releasing mutex
2026-02-17 17:49:32 INFO  [ pool-2-thread-4 -> org.tasktide.itemstore.AbstractItemStore.releaseMutex ]: Released mutex
2026-02-17 17:49:32 DEBUG [ pool-2-thread-4 -> org.tasktide.itemstore.AbstractItemStore.waitForLock ]: Waiting for
2026-02-17 17:49:32 INFO  [ pool-2-thread-4 -> org.tasktide.itemstore.AbstractItemStore.waitForMutex ]: Acquiring mutex
2026-02-17 17:49:36 INFO  [ pool-2-thread-4 -> org.tasktide.itemstore.AbstractItemStore.waitForMutex ]: Mutex acquired
2026-02-17 17:49:36 INFO  [ pool-2-thread-4 -> org.tasktide.itemstore.AbstractItemStore.releaseMutex ]: Releasing mutex
2026-02-17 17:49:37 INFO  [ pool-2-thread-4 -> org.tasktide.itemstore.AbstractItemStore.releaseMutex ]: Released mutex
2026-02-17 17:49:37 DEBUG [ pool-2-thread-4 -> org.tasktide.itemstore.AbstractItemStore.waitForLock ]: Waiting for
2026-02-17 17:49:37 INFO  [ pool-2-thread-4 -> org.tasktide.itemstore.AbstractItemStore.waitForMutex ]: Acquiring mutex
2026-02-17 17:49:41 INFO  [ pool-2-thread-4 -> org.tasktide.itemstore.AbstractItemStore.waitForMutex ]: Mutex acquired
2026-02-17 17:49:41 INFO  [ pool-2-thread-4 -> org.tasktide.itemstore.AbstractItemStore.releaseMutex ]: Releasing mutex
2026-02-17 17:49:41 INFO  [ pool-2-thread-4 -> org.tasktide.itemstore.AbstractItemStore.releaseMutex ]: Released mutex
2026-02-17 17:49:41 DEBUG [ pool-2-thread-1 -> org.tasktide.itemstore.AbstractItemStore.waitForLock ]: Waiting for
2026-02-17 17:49:41 INFO  [ pool-2-thread-1 -> org.tasktide.itemstore.AbstractItemStore.waitForMutex ]: Acquiring mutex
2026-02-17 17:49:45 INFO  [ pool-2-thread-1 -> org.tasktide.itemstore.AbstractItemStore.waitForMutex ]: Mutex acquired
2026-02-17 17:49:45 INFO  [ pool-2-thread-1 -> org.tasktide.itemstore.AbstractItemStore.releaseMutex ]: Releasing mutex
2026-02-17 17:49:46 INFO  [ pool-2-thread-1 -> org.tasktide.itemstore.AbstractItemStore.releaseMutex ]: Released mutex
2026-02-17 17:49:46 DEBUG [ pool-2-thread-1 -> org.tasktide.itemstore.AbstractItemStore.waitForLock ]: Waiting for
2026-02-17 17:49:46 INFO  [ pool-2-thread-1 -> org.tasktide.itemstore.AbstractItemStore.waitForMutex ]: Acquiring mutex
2026-02-17 17:49:50 INFO  [ pool-2-thread-1 -> org.tasktide.itemstore.AbstractItemStore.waitForMutex ]: Mutex acquired
2026-02-17 17:49:50 INFO  [ pool-2-thread-1 -> org.tasktide.itemstore.AbstractItemStore.releaseMutex ]: Releasing mutex
2026-02-17 17:49:50 INFO  [ pool-2-thread-1 -> org.tasktide.itemstore.AbstractItemStore.releaseMutex ]: Released mutex
2026-02-17 17:49:50 DEBUG [ pool-2-thread-1 -> org.tasktide.itemstore.AbstractItemStore.waitForLock ]: Waiting for
2026-02-17 17:49:50 INFO  [ pool-2-thread-1 -> org.tasktide.itemstore.AbstractItemStore.waitForMutex ]: Acquiring mutex
2026-02-17 17:49:54 INFO  [ pool-2-thread-1 -> org.tasktide.itemstore.AbstractItemStore.waitForMutex ]: Mutex acquired
2026-02-17 17:49:54 INFO  [ pool-2-thread-1 -> org.tasktide.itemstore.AbstractItemStore.releaseMutex ]: Releasing mutex
2026-02-17 17:49:55 INFO  [ pool-2-thread-1 -> org.tasktide.itemstore.AbstractItemStore.releaseMutex ]: Released mutex
2026-02-17 17:49:55 DEBUG [ pool-2-thread-1 -> org.tasktide.itemstore.AbstractItemStore.waitForLock ]: Waiting for
2026-02-17 17:49:55 INFO  [ pool-2-thread-1 -> org.tasktide.itemstore.AbstractItemStore.waitForMutex ]: Acquiring mutex
2026-02-17 17:49:59 INFO  [ pool-2-thread-1 -> org.tasktide.itemstore.AbstractItemStore.waitForMutex ]: Mutex acquired
2026-02-17 17:49:59 INFO  [ pool-2-thread-1 -> org.tasktide.itemstore.AbstractItemStore.releaseMutex ]: Releasing mutex
2026-02-17 17:49:59 INFO  [ pool-2-thread-1 -> org.tasktide.itemstore.AbstractItemStore.releaseMutex ]: Released mutex
2026-02-17 17:49:59 INFO  [ pool-2-thread-1 -> org.tasktide.engine.worker.executor.WorkItemExecutor.executeTask ]: Configuring ItemTaskProcessor for Workload of size '1' on thread 'pool-2-thread-1' for WorkItem:	'WorkItem-401eac3c-3012-4e37-b8fb-4a1e929c25f2'
2026-02-17 17:49:59 INFO  [ pool-2-thread-1 -> org.tasktide.engine.worker.executor.WorkItemExecutor.executeTask ]: Processor configured, processing workload for WorkItem:	'WorkItem-401eac3c-3012-4e37-b8fb-4a1e929c25f2'
2026-02-17 17:49:59 INFO  [ pool-2-thread-1 -> org.tasktide.engine.worker.processor.TaskTideProcessor.process ]: Processing tasks of workload thread:	'pool-2-thread-1', Size='1', First ItemId = 'ItemTask-b99d92fe-d245-4d0d-980f-5a956da4499e'
2026-02-17 17:49:59 WARN  [ pool-2-thread-1 -> org.tasktide.engine.worker.processor.TaskTideProcessor.process ]: Warning, workload size '1' < threshold '2' at start-up. Enqueing all tasks
2026-02-17 17:49:59 INFO  [ pool-2-thread-1 -> org.tasktide.engine.worker.executor.WorkItemExecutor.executeTask ]: ExecutorObserver polling ItemTaskStateSummary for WorkItem:	'WorkItem-401eac3c-3012-4e37-b8fb-4a1e929c25f2'
2026-02-17 17:49:59 INFO  [ pool-3-thread-1 -> org.tasktide.engine.worker.processor.TaskTideProcessor.process ]: Processing tasks of workload thread:	'pool-3-thread-1', Size='1', First ItemId = 'ItemTask-b99d92fe-d245-4d0d-980f-5a956da4499e'
2026-02-17 17:49:59 INFO  [ pool-2-thread-1 -> org.tasktide.engine.observer.worker.executor.WorkItemExecutorObserver.pollUntilDone ]: Begining state monitoring of WorkItem:	'WorkItem-401eac3c-3012-4e37-b8fb-4a1e929c25f2'
2026-02-17 17:49:59 INFO  [ pool-3-thread-1 -> org.tasktide.engine.worker.executor.TaskTideExecutor.runTasks ]: Begining workload processing of N = '1' tasks
2026-02-17 17:49:59 INFO  [ pool-2-thread-1 -> org.tasktide.engine.observer.worker.executor.WorkItemExecutorObserver.pollUntilDone ]: Letting '10000'ms elapse for state monitoring of WorkItem:	'WorkItem-401eac3c-3012-4e37-b8fb-4a1e929c25f2'
2026-02-17 17:49:59 INFO  [ pool-3-thread-1 -> org.tasktide.engine.observer.worker.TimeKeeperObserver.evaluateStart ]: TimeKeeper evaluating starting of task 'ItemTask-b99d92fe-d245-4d0d-980f-5a956da4499e'
2026-02-17 17:49:59 INFO  [ pool-3-thread-1 -> org.tasktide.engine.observer.worker.TimeKeeperObserver.evaluateStart ]: Atomic TimeKeeper for task 'ItemTask-b99d92fe-d245-4d0d-980f-5a956da4499e' set on thread 'pool-3-thread-1'
2026-02-17 17:49:59 INFO  [ pool-3-thread-1 -> org.tasktide.engine.observer.worker.TimeKeeperObserver.onTaskStart ]: TimeKeeper evaluated time left for processing as 'true' for ItemTask:	'ItemTask-b99d92fe-d245-4d0d-980f-5a956da4499e'
2026-02-17 17:49:59 INFO  [ pool-3-thread-1 -> org.tasktide.engine.worker.executor.ItemTaskExecutor.executeTask ]: Executing task on thread 'pool-3-thread-1':ping -c 4 tcd.ie
2026-02-17 17:49:59 DEBUG [ pool-2-thread-5 -> org.tasktide.itemstore.AbstractItemStore.waitForLock ]: Waiting for
2026-02-17 17:49:59 INFO  [ pool-2-thread-5 -> org.tasktide.itemstore.AbstractItemStore.waitForMutex ]: Acquiring mutex
2026-02-17 17:50:03 INFO  [ pool-2-thread-5 -> org.tasktide.itemstore.AbstractItemStore.waitForMutex ]: Mutex acquired
2026-02-17 17:50:03 INFO  [ pool-2-thread-5 -> org.tasktide.itemstore.AbstractItemStore.releaseMutex ]: Releasing mutex
2026-02-17 17:50:04 INFO  [ pool-2-thread-5 -> org.tasktide.itemstore.AbstractItemStore.releaseMutex ]: Released mutex
2026-02-17 17:50:04 DEBUG [ pool-2-thread-5 -> org.tasktide.itemstore.AbstractItemStore.waitForLock ]: Waiting for
2026-02-17 17:50:04 INFO  [ pool-2-thread-5 -> org.tasktide.itemstore.AbstractItemStore.waitForMutex ]: Acquiring mutex
2026-02-17 17:50:08 INFO  [ pool-2-thread-5 -> org.tasktide.itemstore.AbstractItemStore.waitForMutex ]: Mutex acquired
2026-02-17 17:50:08 INFO  [ pool-2-thread-5 -> org.tasktide.itemstore.AbstractItemStore.releaseMutex ]: Releasing mutex
2026-02-17 17:50:09 INFO  [ pool-2-thread-5 -> org.tasktide.itemstore.AbstractItemStore.releaseMutex ]: Released mutex
2026-02-17 17:50:09 DEBUG [ pool-2-thread-5 -> org.tasktide.itemstore.AbstractItemStore.waitForLock ]: Waiting for
2026-02-17 17:50:09 INFO  [ pool-2-thread-5 -> org.tasktide.itemstore.AbstractItemStore.waitForMutex ]: Acquiring mutex
2026-02-17 17:50:09 INFO  [ pool-2-thread-1 -> org.tasktide.engine.observer.worker.executor.WorkItemExecutorObserver.pollUntilDone ]: Displaying Iter-'0' StateSummary of WorkItem:	'WorkItem-401eac3c-3012-4e37-b8fb-4a1e929c25f2'

{
    "State Summary": {
        "TODO": 0,
        "ERROR": 0,
        "LOCKED": 1,
        "FOR_UNLOCK": 0,
        "DONE": 0
    }
}


2026-02-17 17:50:09 INFO  [ pool-2-thread-1 -> org.tasktide.engine.observer.worker.executor.WorkItemExecutorObserver.pollUntilDone ]: Letting '10000'ms elapse for state monitoring of WorkItem:	'WorkItem-401eac3c-3012-4e37-b8fb-4a1e929c25f2'
2026-02-17 17:50:13 INFO  [ pool-2-thread-5 -> org.tasktide.itemstore.AbstractItemStore.waitForMutex ]: Mutex acquired
2026-02-17 17:50:13 INFO  [ pool-2-thread-5 -> org.tasktide.itemstore.AbstractItemStore.releaseMutex ]: Releasing mutex
2026-02-17 17:50:13 INFO  [ pool-2-thread-5 -> org.tasktide.itemstore.AbstractItemStore.releaseMutex ]: Released mutex
2026-02-17 17:50:13 DEBUG [ pool-3-thread-1 -> org.tasktide.itemstore.AbstractItemStore.waitForLock ]: Waiting for
2026-02-17 17:50:13 INFO  [ pool-3-thread-1 -> org.tasktide.itemstore.AbstractItemStore.waitForMutex ]: Acquiring mutex
2026-02-17 17:50:17 INFO  [ pool-3-thread-1 -> org.tasktide.itemstore.AbstractItemStore.waitForMutex ]: Mutex acquired
2026-02-17 17:50:17 INFO  [ pool-3-thread-1 -> org.tasktide.itemstore.AbstractItemStore.releaseMutex ]: Releasing mutex
2026-02-17 17:50:18 INFO  [ pool-3-thread-1 -> org.tasktide.itemstore.AbstractItemStore.releaseMutex ]: Released mutex
2026-02-17 17:50:18 DEBUG [ pool-2-thread-4 -> org.tasktide.itemstore.AbstractItemStore.waitForLock ]: Waiting for
2026-02-17 17:50:18 INFO  [ pool-2-thread-4 -> org.tasktide.itemstore.AbstractItemStore.waitForMutex ]: Acquiring mutex
2026-02-17 17:50:19 INFO  [ pool-2-thread-1 -> org.tasktide.engine.observer.worker.executor.WorkItemExecutorObserver.pollUntilDone ]: Displaying Iter-'1' StateSummary of WorkItem:	'WorkItem-401eac3c-3012-4e37-b8fb-4a1e929c25f2'

{
    "State Summary": {
        "TODO": 0,
        "ERROR": 0,
        "LOCKED": 1,
        "FOR_UNLOCK": 0,
        "DONE": 0
    }
}


2026-02-17 17:50:19 INFO  [ pool-2-thread-1 -> org.tasktide.engine.observer.worker.executor.WorkItemExecutorObserver.pollUntilDone ]: Letting '10000'ms elapse for state monitoring of WorkItem:	'WorkItem-401eac3c-3012-4e37-b8fb-4a1e929c25f2'
2026-02-17 17:50:22 INFO  [ pool-2-thread-4 -> org.tasktide.itemstore.AbstractItemStore.waitForMutex ]: Mutex acquired
2026-02-17 17:50:22 INFO  [ pool-2-thread-4 -> org.tasktide.itemstore.AbstractItemStore.releaseMutex ]: Releasing mutex
2026-02-17 17:50:22 INFO  [ pool-2-thread-4 -> org.tasktide.itemstore.AbstractItemStore.releaseMutex ]: Released mutex
2026-02-17 17:50:22 INFO  [ pool-2-thread-4 -> org.tasktide.engine.worker.executor.WorkItemExecutor.executeTask ]: Configuring ItemTaskProcessor for Workload of size '1' on thread 'pool-2-thread-4' for WorkItem:	'WorkItem-b1913461-c735-4e70-a0f5-ffc874d12998'
2026-02-17 17:50:22 DEBUG [ main -> org.tasktide.itemstore.AbstractItemStore.waitForLock ]: Waiting for
2026-02-17 17:50:22 INFO  [ pool-2-thread-4 -> org.tasktide.engine.worker.executor.WorkItemExecutor.executeTask ]: Processor configured, processing workload for WorkItem:	'WorkItem-b1913461-c735-4e70-a0f5-ffc874d12998'
2026-02-17 17:50:22 INFO  [ main -> org.tasktide.itemstore.AbstractItemStore.waitForMutex ]: Acquiring mutex
2026-02-17 17:50:22 INFO  [ pool-2-thread-4 -> org.tasktide.engine.worker.processor.TaskTideProcessor.process ]: Processing tasks of workload thread:	'pool-2-thread-4', Size='1', First ItemId = 'ItemTask-9e71ce8a-a207-48da-b72f-405d8b1514f4'
2026-02-17 17:50:22 WARN  [ pool-2-thread-4 -> org.tasktide.engine.worker.processor.TaskTideProcessor.process ]: Warning, workload size '1' < threshold '2' at start-up. Enqueing all tasks
2026-02-17 17:50:22 INFO  [ pool-2-thread-4 -> org.tasktide.engine.worker.executor.WorkItemExecutor.executeTask ]: ExecutorObserver polling ItemTaskStateSummary for WorkItem:	'WorkItem-b1913461-c735-4e70-a0f5-ffc874d12998'
2026-02-17 17:50:22 INFO  [ pool-2-thread-4 -> org.tasktide.engine.observer.worker.executor.WorkItemExecutorObserver.pollUntilDone ]: Begining state monitoring of WorkItem:	'WorkItem-b1913461-c735-4e70-a0f5-ffc874d12998'
2026-02-17 17:50:22 INFO  [ pool-2-thread-4 -> org.tasktide.engine.observer.worker.executor.WorkItemExecutorObserver.pollUntilDone ]: Letting '10000'ms elapse for state monitoring of WorkItem:	'WorkItem-b1913461-c735-4e70-a0f5-ffc874d12998'
2026-02-17 17:50:26 INFO  [ main -> org.tasktide.itemstore.AbstractItemStore.waitForMutex ]: Mutex acquired
2026-02-17 17:50:26 INFO  [ main -> org.tasktide.itemstore.AbstractItemStore.releaseMutex ]: Releasing mutex
2026-02-17 17:50:27 INFO  [ main -> org.tasktide.itemstore.AbstractItemStore.releaseMutex ]: Released mutex
2026-02-17 17:50:27 DEBUG [ pool-2-thread-3 -> org.tasktide.itemstore.AbstractItemStore.waitForLock ]: Waiting for
2026-02-17 17:50:27 WARN  [ main -> org.tasktide.tasktide.client.TaskTideEngineClient.processWorkload ]: Warning, no ToDo tasks available for processing. Query below backend for more information

{Collection Name=WorkItem-Service, Model Class=WorkItem, Repository Type=Item Store}


2026-02-17 17:50:27 INFO  [ pool-2-thread-3 -> org.tasktide.itemstore.AbstractItemStore.waitForMutex ]: Acquiring mutex
2026-02-17 17:50:27 INFO  [ main -> org.tasktide.tasktide.client.TaskTideEngineClient.fetchAndRun ]: Processing complete for step:	'PingTest'
2026-02-17 17:50:29 INFO  [ pool-2-thread-1 -> org.tasktide.engine.observer.worker.executor.WorkItemExecutorObserver.pollUntilDone ]: Displaying Iter-'2' StateSummary of WorkItem:	'WorkItem-401eac3c-3012-4e37-b8fb-4a1e929c25f2'

{
    "State Summary": {
        "TODO": 0,
        "ERROR": 0,
        "LOCKED": 1,
        "FOR_UNLOCK": 0,
        "DONE": 0
    }
}


2026-02-17 17:50:29 INFO  [ pool-2-thread-1 -> org.tasktide.engine.observer.worker.executor.WorkItemExecutorObserver.pollUntilDone ]: Letting '10000'ms elapse for state monitoring of WorkItem:	'WorkItem-401eac3c-3012-4e37-b8fb-4a1e929c25f2'
2026-02-17 17:50:31 INFO  [ pool-2-thread-3 -> org.tasktide.itemstore.AbstractItemStore.waitForMutex ]: Mutex acquired
2026-02-17 17:50:31 INFO  [ pool-2-thread-3 -> org.tasktide.itemstore.AbstractItemStore.releaseMutex ]: Releasing mutex
2026-02-17 17:50:31 INFO  [ pool-2-thread-3 -> org.tasktide.itemstore.AbstractItemStore.releaseMutex ]: Released mutex
2026-02-17 17:50:31 INFO  [ pool-2-thread-3 -> org.tasktide.engine.worker.executor.WorkItemExecutor.executeTask ]: Configuring ItemTaskProcessor for Workload of size '1' on thread 'pool-2-thread-3' for WorkItem:	'WorkItem-9a93bdcb-2ca2-4cb2-928d-b025ecc5d79f'
2026-02-17 17:50:31 INFO  [ pool-2-thread-3 -> org.tasktide.engine.worker.executor.WorkItemExecutor.executeTask ]: Processor configured, processing workload for WorkItem:	'WorkItem-9a93bdcb-2ca2-4cb2-928d-b025ecc5d79f'
2026-02-17 17:50:31 INFO  [ pool-2-thread-3 -> org.tasktide.engine.worker.processor.TaskTideProcessor.process ]: Processing tasks of workload thread:	'pool-2-thread-3', Size='1', First ItemId = 'ItemTask-04c4e76a-53b0-4123-88a0-3e8e83d7bc89'
2026-02-17 17:50:31 WARN  [ pool-2-thread-3 -> org.tasktide.engine.worker.processor.TaskTideProcessor.process ]: Warning, workload size '1' < threshold '2' at start-up. Enqueing all tasks
2026-02-17 17:50:31 INFO  [ pool-2-thread-3 -> org.tasktide.engine.worker.executor.WorkItemExecutor.executeTask ]: ExecutorObserver polling ItemTaskStateSummary for WorkItem:	'WorkItem-9a93bdcb-2ca2-4cb2-928d-b025ecc5d79f'
2026-02-17 17:50:31 INFO  [ pool-2-thread-3 -> org.tasktide.engine.observer.worker.executor.WorkItemExecutorObserver.pollUntilDone ]: Begining state monitoring of WorkItem:	'WorkItem-9a93bdcb-2ca2-4cb2-928d-b025ecc5d79f'
2026-02-17 17:50:31 INFO  [ pool-2-thread-3 -> org.tasktide.engine.observer.worker.executor.WorkItemExecutorObserver.pollUntilDone ]: Letting '10000'ms elapse for state monitoring of WorkItem:	'WorkItem-9a93bdcb-2ca2-4cb2-928d-b025ecc5d79f'
2026-02-17 17:50:31 DEBUG [ pool-3-thread-1 -> org.tasktide.itemstore.AbstractItemStore.waitForLock ]: Waiting for
2026-02-17 17:50:31 INFO  [ pool-3-thread-1 -> org.tasktide.itemstore.AbstractItemStore.waitForMutex ]: Acquiring mutex
2026-02-17 17:50:32 INFO  [ pool-2-thread-4 -> org.tasktide.engine.observer.worker.executor.WorkItemExecutorObserver.pollUntilDone ]: Displaying Iter-'0' StateSummary of WorkItem:	'WorkItem-b1913461-c735-4e70-a0f5-ffc874d12998'

{
    "State Summary": {
        "TODO": 1,
        "ERROR": 0,
        "LOCKED": 0,
        "FOR_UNLOCK": 0,
        "DONE": 0
    }
}


2026-02-17 17:50:32 INFO  [ pool-2-thread-4 -> org.tasktide.engine.observer.worker.executor.WorkItemExecutorObserver.pollUntilDone ]: Letting '10000'ms elapse for state monitoring of WorkItem:	'WorkItem-b1913461-c735-4e70-a0f5-ffc874d12998'
2026-02-17 17:50:34 INFO  [ main -> org.tasktide.tasktide.client.TaskTideEngineClient.fetchAndRun ]: Determing how to process workload
2026-02-17 17:50:34 INFO  [ main -> org.tasktide.tasktide.client.TaskTideEngineClient.fetchAndRun ]: Processing single step:	'PingTest'
2026-02-17 17:50:34 INFO  [ main -> org.tasktide.tasktide.client.TaskTideEngineClient.fetchWorkload ]: No pilot label provided, processing all tasks
2026-02-17 17:50:35 INFO  [ pool-3-thread-1 -> org.tasktide.itemstore.AbstractItemStore.waitForMutex ]: Mutex acquired
2026-02-17 17:50:35 INFO  [ pool-3-thread-1 -> org.tasktide.itemstore.AbstractItemStore.releaseMutex ]: Releasing mutex
2026-02-17 17:50:36 INFO  [ pool-3-thread-1 -> org.tasktide.itemstore.AbstractItemStore.releaseMutex ]: Released mutex
2026-02-17 17:50:36 DEBUG [ pool-3-thread-1 -> org.tasktide.itemstore.AbstractItemStore.waitForLock ]: Waiting for
2026-02-17 17:50:36 INFO  [ pool-3-thread-1 -> org.tasktide.itemstore.AbstractItemStore.waitForMutex ]: Acquiring mutex
2026-02-17 17:50:39 INFO  [ pool-2-thread-1 -> org.tasktide.engine.observer.worker.executor.WorkItemExecutorObserver.pollUntilDone ]: Displaying Iter-'3' StateSummary of WorkItem:	'WorkItem-401eac3c-3012-4e37-b8fb-4a1e929c25f2'

{
    "State Summary": {
        "TODO": 0,
        "ERROR": 0,
        "LOCKED": 1,
        "FOR_UNLOCK": 0,
        "DONE": 0
    }
}


2026-02-17 17:50:39 INFO  [ pool-2-thread-1 -> org.tasktide.engine.observer.worker.executor.WorkItemExecutorObserver.pollUntilDone ]: Letting '8000'ms elapse for state monitoring of WorkItem:	'WorkItem-401eac3c-3012-4e37-b8fb-4a1e929c25f2'
2026-02-17 17:50:40 INFO  [ pool-3-thread-1 -> org.tasktide.itemstore.AbstractItemStore.waitForMutex ]: Mutex acquired
2026-02-17 17:50:40 INFO  [ pool-3-thread-1 -> org.tasktide.itemstore.AbstractItemStore.releaseMutex ]: Releasing mutex
2026-02-17 17:50:40 INFO  [ pool-3-thread-1 -> org.tasktide.itemstore.AbstractItemStore.releaseMutex ]: Released mutex
2026-02-17 17:50:40 DEBUG [ pool-3-thread-1 -> org.tasktide.itemstore.AbstractItemStore.waitForLock ]: Waiting for
2026-02-17 17:50:40 INFO  [ pool-3-thread-1 -> org.tasktide.itemstore.AbstractItemStore.waitForMutex ]: Acquiring mutex
2026-02-17 17:50:41 INFO  [ pool-2-thread-3 -> org.tasktide.engine.observer.worker.executor.WorkItemExecutorObserver.pollUntilDone ]: Displaying Iter-'0' StateSummary of WorkItem:	'WorkItem-9a93bdcb-2ca2-4cb2-928d-b025ecc5d79f'

{
    "State Summary": {
        "TODO": 1,
        "ERROR": 0,
        "LOCKED": 0,
        "FOR_UNLOCK": 0,
        "DONE": 0
    }
}


2026-02-17 17:50:41 INFO  [ pool-2-thread-3 -> org.tasktide.engine.observer.worker.executor.WorkItemExecutorObserver.pollUntilDone ]: Letting '10000'ms elapse for state monitoring of WorkItem:	'WorkItem-9a93bdcb-2ca2-4cb2-928d-b025ecc5d79f'
2026-02-17 17:50:42 INFO  [ pool-2-thread-4 -> org.tasktide.engine.observer.worker.executor.WorkItemExecutorObserver.pollUntilDone ]: Displaying Iter-'1' StateSummary of WorkItem:	'WorkItem-b1913461-c735-4e70-a0f5-ffc874d12998'

{
    "State Summary": {
        "TODO": 1,
        "ERROR": 0,
        "LOCKED": 0,
        "FOR_UNLOCK": 0,
        "DONE": 0
    }
}


2026-02-17 17:50:42 INFO  [ pool-2-thread-4 -> org.tasktide.engine.observer.worker.executor.WorkItemExecutorObserver.pollUntilDone ]: Letting '10000'ms elapse for state monitoring of WorkItem:	'WorkItem-b1913461-c735-4e70-a0f5-ffc874d12998'
2026-02-17 17:50:44 INFO  [ pool-3-thread-1 -> org.tasktide.itemstore.AbstractItemStore.waitForMutex ]: Mutex acquired
2026-02-17 17:50:44 INFO  [ pool-3-thread-1 -> org.tasktide.itemstore.AbstractItemStore.releaseMutex ]: Releasing mutex
2026-02-17 17:50:45 INFO  [ pool-3-thread-1 -> org.tasktide.itemstore.AbstractItemStore.releaseMutex ]: Released mutex
2026-02-17 17:50:45 DEBUG [ pool-3-thread-1 -> org.tasktide.engine.worker.executor.ProcessExecutor.execute ]: Beginning execution of task:	ping -c 4 tcd.ie
2026-02-17 17:50:45 DEBUG [ pool-2-thread-5 -> org.tasktide.itemstore.AbstractItemStore.waitForLock ]: Waiting for
2026-02-17 17:50:45 INFO  [ pool-2-thread-5 -> org.tasktide.itemstore.AbstractItemStore.waitForMutex ]: Acquiring mutex
2026-02-17 17:50:47 INFO  [ pool-2-thread-1 -> org.tasktide.engine.observer.worker.executor.WorkItemExecutorObserver.pollUntilDone ]: Displaying Iter-'4' StateSummary of WorkItem:	'WorkItem-401eac3c-3012-4e37-b8fb-4a1e929c25f2'

{
    "State Summary": {
        "TODO": 0,
        "ERROR": 0,
        "LOCKED": 1,
        "FOR_UNLOCK": 0,
        "DONE": 0
    }
}


2026-02-17 17:50:47 INFO  [ pool-2-thread-1 -> org.tasktide.engine.observer.worker.executor.WorkItemExecutorObserver.pollUntilDone ]: Letting '16000'ms elapse for state monitoring of WorkItem:	'WorkItem-401eac3c-3012-4e37-b8fb-4a1e929c25f2'
2026-02-17 17:50:48 DEBUG [ pool-3-thread-1 -> org.tasktide.engine.worker.executor.ProcessExecutor.execute ]: Execution complete for task:	ping -c 4 tcd.ie
2026-02-17 17:50:48 DEBUG [ pool-3-thread-1 -> org.tasktide.engine.worker.executor.ProcessExecutor.execute ]: Building ProcessLog for task:	ping -c 4 tcd.ie
2026-02-17 17:50:48 DEBUG [ pool-3-thread-1 -> org.tasktide.engine.worker.executor.ProcessExecutor.execute ]: Displaying TaskLogging:
{
    "CPU Duration": 0,
    "End Time": 1771350648374,
    "Exit Code": 0,
    "Process Id": 10054,
    "Process Log": {
        "Stderr": [
            "PING tcd.ie (3.33.249.246) 56(84) bytes of data.",
            "64 bytes from afef5696a78b683ae.awsglobalaccelerator.com (3.33.249.246): icmp_seq=1 ttl=247 time=30.6 ms",
            "64 bytes from afef5696a78b683ae.awsglobalaccelerator.com (3.33.249.246): icmp_seq=2 ttl=247 time=24.3 ms",
            "64 bytes from afef5696a78b683ae.awsglobalaccelerator.com (3.33.249.246): icmp_seq=3 ttl=247 time=28.6 ms",
            "64 bytes from afef5696a78b683ae.awsglobalaccelerator.com (3.33.249.246): icmp_seq=4 ttl=247 time=36.2 ms",
            "",
            "--- tcd.ie ping statistics ---",
            "4 packets transmitted, 4 received, 0% packet loss, time 3016ms",
            "rtt min/avg/max/mdev = 24.331/29.936/36.244/4.286 ms"
        ],
        "Stdout": [
            "PING tcd.ie (3.33.249.246) 56(84) bytes of data.",
            "64 bytes from afef5696a78b683ae.awsglobalaccelerator.com (3.33.249.246): icmp_seq=1 ttl=247 time=30.6 ms",
            "64 bytes from afef5696a78b683ae.awsglobalaccelerator.com (3.33.249.246): icmp_seq=2 ttl=247 time=24.3 ms",
            "64 bytes from afef5696a78b683ae.awsglobalaccelerator.com (3.33.249.246): icmp_seq=3 ttl=247 time=28.6 ms",
            "64 bytes from afef5696a78b683ae.awsglobalaccelerator.com (3.33.249.246): icmp_seq=4 ttl=247 time=36.2 ms",
            "",
            "--- tcd.ie ping statistics ---",
            "4 packets transmitted, 4 received, 0% packet loss, time 3016ms",
            "rtt min/avg/max/mdev = 24.331/29.936/36.244/4.286 ms"
        ],
        "id": "ProcessLog-2cb0aa10-b92b-4ee7-b31d-0cb8ee16db12"
    },
    "Start Time": 1771350645194,
    "Thread Name": "pool-3-thread-1",
    "id": "TaskLogging-5f11d716-5082-4780-9d41-39ef8e9b5cf1"
}
2026-02-17 17:50:48 INFO  [ pool-3-thread-1 -> org.tasktide.engine.worker.executor.ProcessExecutor.execute ]: Successful execution of task:	ping -c 4 tcd.ie
2026-02-17 17:50:48 INFO  [ pool-3-thread-1 -> org.tasktide.engine.worker.executor.ItemTaskExecutor.executeTask ]: Task 'Ping_Test_4' successful on thread 'pool-3-thread-1' with exit code 0

2026-02-17 17:50:48 DEBUG [ pool-3-thread-1 -> org.tasktide.engine.worker.executor.ItemTaskExecutor.executeTask ]: Determining whether to apply results annotation
2026-02-17 17:50:48 DEBUG [ pool-3-thread-1 -> org.tasktide.engine.worker.executor.ItemTaskExecutor.annotateResults ]: No 'Results Path' annotation detected for task:
'ItemTask-b99d92fe-d245-4d0d-980f-5a956da4499e'
2026-02-17 17:50:48 INFO  [ pool-3-thread-1 -> org.tasktide.engine.worker.executor.TaskTideExecutor.runTasks ]: Completed task 'ItemTask-b99d92fe-d245-4d0d-980f-5a956da4499e', global count: 9
2026-02-17 17:50:49 INFO  [ pool-2-thread-5 -> org.tasktide.itemstore.AbstractItemStore.waitForMutex ]: Mutex acquired
2026-02-17 17:50:49 INFO  [ pool-2-thread-5 -> org.tasktide.itemstore.AbstractItemStore.releaseMutex ]: Releasing mutex
2026-02-17 17:50:49 INFO  [ pool-2-thread-5 -> org.tasktide.itemstore.AbstractItemStore.releaseMutex ]: Released mutex
2026-02-17 17:50:49 INFO  [ pool-2-thread-5 -> org.tasktide.engine.worker.executor.WorkItemExecutor.executeTask ]: Configuring ItemTaskProcessor for Workload of size '1' on thread 'pool-2-thread-5' for WorkItem:	'WorkItem-d9f74ce5-9148-4039-a5eb-6c7fc18173fa'
2026-02-17 17:50:49 DEBUG [ pool-3-thread-1 -> org.tasktide.itemstore.AbstractItemStore.waitForLock ]: Waiting for
2026-02-17 17:50:49 INFO  [ pool-2-thread-5 -> org.tasktide.engine.worker.executor.WorkItemExecutor.executeTask ]: Processor configured, processing workload for WorkItem:	'WorkItem-d9f74ce5-9148-4039-a5eb-6c7fc18173fa'
2026-02-17 17:50:49 INFO  [ pool-3-thread-1 -> org.tasktide.itemstore.AbstractItemStore.waitForMutex ]: Acquiring mutex
2026-02-17 17:50:49 INFO  [ pool-2-thread-5 -> org.tasktide.engine.worker.processor.TaskTideProcessor.process ]: Processing tasks of workload thread:	'pool-2-thread-5', Size='1', First ItemId = 'ItemTask-9c7939ed-f418-4483-ad7b-d2a06510d39c'
2026-02-17 17:50:49 WARN  [ pool-2-thread-5 -> org.tasktide.engine.worker.processor.TaskTideProcessor.process ]: Warning, workload size '1' < threshold '2' at start-up. Enqueing all tasks
2026-02-17 17:50:49 INFO  [ pool-2-thread-5 -> org.tasktide.engine.worker.executor.WorkItemExecutor.executeTask ]: ExecutorObserver polling ItemTaskStateSummary for WorkItem:	'WorkItem-d9f74ce5-9148-4039-a5eb-6c7fc18173fa'
2026-02-17 17:50:49 INFO  [ pool-2-thread-5 -> org.tasktide.engine.observer.worker.executor.WorkItemExecutorObserver.pollUntilDone ]: Begining state monitoring of WorkItem:	'WorkItem-d9f74ce5-9148-4039-a5eb-6c7fc18173fa'
2026-02-17 17:50:49 INFO  [ pool-2-thread-5 -> org.tasktide.engine.observer.worker.executor.WorkItemExecutorObserver.pollUntilDone ]: Letting '10000'ms elapse for state monitoring of WorkItem:	'WorkItem-d9f74ce5-9148-4039-a5eb-6c7fc18173fa'
2026-02-17 17:50:51 INFO  [ pool-2-thread-3 -> org.tasktide.engine.observer.worker.executor.WorkItemExecutorObserver.pollUntilDone ]: Displaying Iter-'1' StateSummary of WorkItem:	'WorkItem-9a93bdcb-2ca2-4cb2-928d-b025ecc5d79f'

{
    "State Summary": {
        "TODO": 1,
        "ERROR": 0,
        "LOCKED": 0,
        "FOR_UNLOCK": 0,
        "DONE": 0
    }
}


2026-02-17 17:50:51 INFO  [ pool-2-thread-3 -> org.tasktide.engine.observer.worker.executor.WorkItemExecutorObserver.pollUntilDone ]: Letting '10000'ms elapse for state monitoring of WorkItem:	'WorkItem-9a93bdcb-2ca2-4cb2-928d-b025ecc5d79f'
2026-02-17 17:50:52 INFO  [ pool-2-thread-4 -> org.tasktide.engine.observer.worker.executor.WorkItemExecutorObserver.pollUntilDone ]: Displaying Iter-'2' StateSummary of WorkItem:	'WorkItem-b1913461-c735-4e70-a0f5-ffc874d12998'

{
    "State Summary": {
        "TODO": 1,
        "ERROR": 0,
        "LOCKED": 0,
        "FOR_UNLOCK": 0,
        "DONE": 0
    }
}


2026-02-17 17:50:52 INFO  [ pool-2-thread-4 -> org.tasktide.engine.observer.worker.executor.WorkItemExecutorObserver.pollUntilDone ]: Letting '10000'ms elapse for state monitoring of WorkItem:	'WorkItem-b1913461-c735-4e70-a0f5-ffc874d12998'
2026-02-17 17:50:53 INFO  [ pool-3-thread-1 -> org.tasktide.itemstore.AbstractItemStore.waitForMutex ]: Mutex acquired
2026-02-17 17:50:53 INFO  [ pool-3-thread-1 -> org.tasktide.itemstore.AbstractItemStore.releaseMutex ]: Releasing mutex
2026-02-17 17:50:54 INFO  [ pool-3-thread-1 -> org.tasktide.itemstore.AbstractItemStore.releaseMutex ]: Released mutex
2026-02-17 17:50:54 DEBUG [ main -> org.tasktide.itemstore.AbstractItemStore.waitForLock ]: Waiting for
2026-02-17 17:50:54 INFO  [ main -> org.tasktide.itemstore.AbstractItemStore.waitForMutex ]: Acquiring mutex
2026-02-17 17:50:58 INFO  [ main -> org.tasktide.itemstore.AbstractItemStore.waitForMutex ]: Mutex acquired
2026-02-17 17:50:58 INFO  [ main -> org.tasktide.itemstore.AbstractItemStore.releaseMutex ]: Releasing mutex
2026-02-17 17:50:58 INFO  [ main -> org.tasktide.itemstore.AbstractItemStore.releaseMutex ]: Released mutex
2026-02-17 17:50:58 INFO  [ main -> org.tasktide.tasktide.client.TaskTideEngineClient.processWorkload ]: Processing workload of size:	'1'
2026-02-17 17:50:58 INFO  [ main -> org.tasktide.engine.worker.processor.TaskTideProcessor.processChunks ]: Shuffling, and grouping workload for ExecutorService for ProcessorType:	'WorkItemProcessor'
2026-02-17 17:50:58 INFO  [ main -> org.tasktide.engine.worker.processor.WorkItemProcessor.parallelChunks ]: Fetching N = '5' batches of size '1' for WorkItem workload
2026-02-17 17:50:58 INFO  [ main -> org.tasktide.engine.worker.processor.TaskTideProcessor.processChunks ]: Submitting 'WorkItemProcessor' workload of size:	'1'
2026-02-17 17:50:58 INFO  [ main -> org.tasktide.engine.worker.processor.TaskTideProcessor.submitParallelChunks ]: Submitting sub-workload of size:	'1'
2026-02-17 17:50:58 INFO  [ main -> org.tasktide.engine.worker.processor.TaskTideProcessor.processChunks ]: Submitted N = '8' items for workload 'WorkItemProcessor'
2026-02-17 17:50:58 INFO  [ pool-2-thread-2 -> org.tasktide.engine.worker.executor.TaskTideExecutor.runTasks ]: Begining workload processing of N = '1' tasks
2026-02-17 17:50:58 INFO  [ main -> org.tasktide.engine.TaskTideEngineUtility.waitOnExecutorTrackerWorkItem ]: Begining state monitoring of ExecutorServiceTracker:	N tasks = '8'
2026-02-17 17:50:58 INFO  [ pool-2-thread-2 -> org.tasktide.engine.observer.worker.TimeKeeperObserver.evaluateStart ]: TimeKeeper evaluating starting of task 'WorkItem-401eac3c-3012-4e37-b8fb-4a1e929c25f2'
2026-02-17 17:50:58 INFO  [ main -> org.tasktide.engine.TaskTideEngineUtility.waitOnExecutorTrackerWorkItem ]: Letting '10000'ms elapse for state monitoring of ExecutorServiceTracker:	'8'
2026-02-17 17:50:58 INFO  [ pool-2-thread-2 -> org.tasktide.engine.observer.worker.TimeKeeperObserver.evaluateStart ]: Atomic TimeKeeper for task 'WorkItem-401eac3c-3012-4e37-b8fb-4a1e929c25f2' set on thread 'pool-2-thread-2'
2026-02-17 17:50:58 INFO  [ pool-2-thread-2 -> org.tasktide.engine.observer.worker.TimeKeeperObserver.onTaskStart ]: TimeKeeper evaluated time left for processing as 'true' for ItemTask:	'WorkItem-401eac3c-3012-4e37-b8fb-4a1e929c25f2'
2026-02-17 17:50:58 DEBUG [ pool-3-thread-1 -> org.tasktide.itemstore.AbstractItemStore.waitForLock ]: Waiting for
2026-02-17 17:50:58 INFO  [ pool-3-thread-1 -> org.tasktide.itemstore.AbstractItemStore.waitForMutex ]: Acquiring mutex
2026-02-17 17:50:59 INFO  [ pool-2-thread-5 -> org.tasktide.engine.observer.worker.executor.WorkItemExecutorObserver.pollUntilDone ]: Displaying Iter-'0' StateSummary of WorkItem:	'WorkItem-d9f74ce5-9148-4039-a5eb-6c7fc18173fa'

{
    "State Summary": {
        "TODO": 1,
        "ERROR": 0,
        "LOCKED": 0,
        "FOR_UNLOCK": 0,
        "DONE": 0
    }
}


2026-02-17 17:50:59 INFO  [ pool-2-thread-5 -> org.tasktide.engine.observer.worker.executor.WorkItemExecutorObserver.pollUntilDone ]: Letting '10000'ms elapse for state monitoring of WorkItem:	'WorkItem-d9f74ce5-9148-4039-a5eb-6c7fc18173fa'
2026-02-17 17:51:01 INFO  [ pool-2-thread-3 -> org.tasktide.engine.observer.worker.executor.WorkItemExecutorObserver.pollUntilDone ]: Displaying Iter-'2' StateSummary of WorkItem:	'WorkItem-9a93bdcb-2ca2-4cb2-928d-b025ecc5d79f'

{
    "State Summary": {
        "TODO": 1,
        "ERROR": 0,
        "LOCKED": 0,
        "FOR_UNLOCK": 0,
        "DONE": 0
    }
}


2026-02-17 17:51:01 INFO  [ pool-2-thread-3 -> org.tasktide.engine.observer.worker.executor.WorkItemExecutorObserver.pollUntilDone ]: Letting '10000'ms elapse for state monitoring of WorkItem:	'WorkItem-9a93bdcb-2ca2-4cb2-928d-b025ecc5d79f'
2026-02-17 17:51:02 INFO  [ pool-2-thread-4 -> org.tasktide.engine.observer.worker.executor.WorkItemExecutorObserver.pollUntilDone ]: Displaying Iter-'3' StateSummary of WorkItem:	'WorkItem-b1913461-c735-4e70-a0f5-ffc874d12998'

{
    "State Summary": {
        "TODO": 1,
        "ERROR": 0,
        "LOCKED": 0,
        "FOR_UNLOCK": 0,
        "DONE": 0
    }
}


2026-02-17 17:51:02 INFO  [ pool-2-thread-4 -> org.tasktide.engine.observer.worker.executor.WorkItemExecutorObserver.pollUntilDone ]: Letting '8000'ms elapse for state monitoring of WorkItem:	'WorkItem-b1913461-c735-4e70-a0f5-ffc874d12998'
2026-02-17 17:51:02 INFO  [ pool-3-thread-1 -> org.tasktide.itemstore.AbstractItemStore.waitForMutex ]: Mutex acquired
2026-02-17 17:51:02 INFO  [ pool-3-thread-1 -> org.tasktide.itemstore.AbstractItemStore.releaseMutex ]: Releasing mutex
2026-02-17 17:51:03 INFO  [ pool-3-thread-1 -> org.tasktide.itemstore.AbstractItemStore.releaseMutex ]: Released mutex
2026-02-17 17:51:03 DEBUG [ pool-3-thread-1 -> org.tasktide.itemstore.AbstractItemStore.waitForLock ]: Waiting for
2026-02-17 17:51:03 INFO  [ pool-3-thread-1 -> org.tasktide.itemstore.AbstractItemStore.waitForMutex ]: Acquiring mutex
2026-02-17 17:51:03 INFO  [ pool-2-thread-1 -> org.tasktide.engine.observer.worker.executor.WorkItemExecutorObserver.pollUntilDone ]: Displaying Iter-'5' StateSummary of WorkItem:	'WorkItem-401eac3c-3012-4e37-b8fb-4a1e929c25f2'

{
    "State Summary": {
        "TODO": 0,
        "ERROR": 0,
        "LOCKED": 0,
        "FOR_UNLOCK": 0,
        "DONE": 1
    }
}


2026-02-17 17:51:03 INFO  [ pool-2-thread-1 -> org.tasktide.engine.observer.worker.executor.WorkItemExecutorObserver.pollUntilDone ]: Completed processing of '1' WorkItems with '1'
2026-02-17 17:51:03 INFO  [ pool-2-thread-1 -> org.tasktide.engine.worker.executor.WorkItemExecutor.executeTask ]: Task processing complete on WorkItem:	'WorkItem-401eac3c-3012-4e37-b8fb-4a1e929c25f2'
2026-02-17 17:51:03 INFO  [ pool-2-thread-1 -> org.tasktide.engine.worker.executor.TaskTideExecutor.runTasks ]: Completed task 'WorkItem-401eac3c-3012-4e37-b8fb-4a1e929c25f2', global count: 10
2026-02-17 17:51:03 INFO  [ pool-2-thread-1 -> org.tasktide.engine.observer.worker.TimeKeeperObserver.onTaskEnd ]: Measuring the elapsed time of task 'WorkItem-401eac3c-3012-4e37-b8fb-4a1e929c25f2',
2026-02-17 17:51:03 INFO  [ pool-2-thread-1 -> org.tasktide.engine.observer.worker.TimeKeeperObserver.onTaskEnd ]: Task 'WorkItem-401eac3c-3012-4e37-b8fb-4a1e929c25f2' completed in 109431ms
2026-02-17 17:51:03 WARN  [ pool-2-thread-1 -> org.tasktide.engine.observer.worker.TimeKeeperObserver.evaluateDuration ]: Warning task excution time '100000ms' breached by '9431ms'
2026-02-17 17:51:03 INFO  [ pool-2-thread-1 -> org.tasktide.engine.observer.worker.TimeKeeperObserver.onTaskEnd ]: TimeKeeper evaluated time left next 'false' with ItemTask:	'WorkItem-401eac3c-3012-4e37-b8fb-4a1e929c25f2'
2026-02-17 17:51:07 INFO  [ pool-3-thread-1 -> org.tasktide.itemstore.AbstractItemStore.waitForMutex ]: Mutex acquired
2026-02-17 17:51:07 INFO  [ pool-3-thread-1 -> org.tasktide.itemstore.AbstractItemStore.releaseMutex ]: Releasing mutex
2026-02-17 17:51:08 INFO  [ pool-3-thread-1 -> org.tasktide.itemstore.AbstractItemStore.releaseMutex ]: Released mutex
2026-02-17 17:51:08 DEBUG [ pool-3-thread-1 -> org.tasktide.itemstore.AbstractItemStore.waitForLock ]: Waiting for
2026-02-17 17:51:08 INFO  [ pool-3-thread-1 -> org.tasktide.itemstore.AbstractItemStore.waitForMutex ]: Acquiring mutex
2026-02-17 17:51:08 INFO  [ main -> org.tasktide.engine.TaskTideEngineUtility.waitOnExecutorTrackerWorkItem ]: Displaying Iter-'0' StateSummary of ExecutorServiceTracker:

Total='8', Remaining='4', Done='4', Expected='1'
2026-02-17 17:51:08 INFO  [ main -> org.tasktide.engine.TaskTideEngineUtility.waitOnExecutorTrackerWorkItem ]: Letting '10000'ms elapse for state monitoring of ExecutorServiceTracker:	'8'
2026-02-17 17:51:09 INFO  [ pool-2-thread-5 -> org.tasktide.engine.observer.worker.executor.WorkItemExecutorObserver.pollUntilDone ]: Displaying Iter-'1' StateSummary of WorkItem:	'WorkItem-d9f74ce5-9148-4039-a5eb-6c7fc18173fa'

{
    "State Summary": {
        "TODO": 1,
        "ERROR": 0,
        "LOCKED": 0,
        "FOR_UNLOCK": 0,
        "DONE": 0
    }
}


2026-02-17 17:51:09 INFO  [ pool-2-thread-5 -> org.tasktide.engine.observer.worker.executor.WorkItemExecutorObserver.pollUntilDone ]: Letting '10000'ms elapse for state monitoring of WorkItem:	'WorkItem-d9f74ce5-9148-4039-a5eb-6c7fc18173fa'
2026-02-17 17:51:10 INFO  [ pool-2-thread-4 -> org.tasktide.engine.observer.worker.executor.WorkItemExecutorObserver.pollUntilDone ]: Displaying Iter-'4' StateSummary of WorkItem:	'WorkItem-b1913461-c735-4e70-a0f5-ffc874d12998'

{
    "State Summary": {
        "TODO": 1,
        "ERROR": 0,
        "LOCKED": 0,
        "FOR_UNLOCK": 0,
        "DONE": 0
    }
}


2026-02-17 17:51:10 INFO  [ pool-2-thread-4 -> org.tasktide.engine.observer.worker.executor.WorkItemExecutorObserver.pollUntilDone ]: Letting '16000'ms elapse for state monitoring of WorkItem:	'WorkItem-b1913461-c735-4e70-a0f5-ffc874d12998'
2026-02-17 17:51:11 INFO  [ pool-2-thread-3 -> org.tasktide.engine.observer.worker.executor.WorkItemExecutorObserver.pollUntilDone ]: Displaying Iter-'3' StateSummary of WorkItem:	'WorkItem-9a93bdcb-2ca2-4cb2-928d-b025ecc5d79f'

{
    "State Summary": {
        "TODO": 1,
        "ERROR": 0,
        "LOCKED": 0,
        "FOR_UNLOCK": 0,
        "DONE": 0
    }
}


2026-02-17 17:51:11 INFO  [ pool-2-thread-3 -> org.tasktide.engine.observer.worker.executor.WorkItemExecutorObserver.pollUntilDone ]: Letting '8000'ms elapse for state monitoring of WorkItem:	'WorkItem-9a93bdcb-2ca2-4cb2-928d-b025ecc5d79f'
2026-02-17 17:51:12 INFO  [ pool-3-thread-1 -> org.tasktide.itemstore.AbstractItemStore.waitForMutex ]: Mutex acquired
2026-02-17 17:51:12 INFO  [ pool-3-thread-1 -> org.tasktide.itemstore.AbstractItemStore.releaseMutex ]: Releasing mutex
2026-02-17 17:51:12 INFO  [ pool-3-thread-1 -> org.tasktide.itemstore.AbstractItemStore.releaseMutex ]: Released mutex
2026-02-17 17:51:12 INFO  [ pool-3-thread-1 -> org.tasktide.engine.observer.worker.TimeKeeperObserver.onTaskEnd ]: Measuring the elapsed time of task 'ItemTask-b99d92fe-d245-4d0d-980f-5a956da4499e',
2026-02-17 17:51:12 INFO  [ pool-3-thread-1 -> org.tasktide.engine.observer.worker.TimeKeeperObserver.onTaskEnd ]: Task 'ItemTask-b99d92fe-d245-4d0d-980f-5a956da4499e' completed in 72730ms
2026-02-17 17:51:12 DEBUG [ pool-3-thread-1 -> org.tasktide.engine.observer.worker.TimeKeeperObserver.measureTime ]: Mean duration = '72730ms', Expected Next = '1771350745312ms', Max End '1771350699852ms', Is time = 'false'
2026-02-17 17:51:12 WARN  [ pool-3-thread-1 -> org.tasktide.engine.observer.worker.TimeKeeperObserver.evaluateDuration ]: Warning not enough estimated time for next task to run
2026-02-17 17:51:12 INFO  [ pool-3-thread-1 -> org.tasktide.engine.observer.worker.TimeKeeperObserver.onTaskEnd ]: TimeKeeper evaluated time left next 'false' with ItemTask:	'ItemTask-b99d92fe-d245-4d0d-980f-5a956da4499e'
2026-02-17 17:51:12 INFO  [ pool-3-thread-1 -> org.tasktide.engine.worker.executor.TaskTideExecutor.runTasks ]: 

Workload processing complete, displaying summary:
Thread Total = '1', Thread Done = '0', Done = '10', Failed = '0', Skipped = '0'
2026-02-17 17:51:12 INFO  [ pool-3-thread-1 -> org.tasktide.engine.worker.processor.TaskTideProcessor.process ]: Processing tasks of workload thread:	'pool-3-thread-1', Size='1', First ItemId = 'ItemTask-9e71ce8a-a207-48da-b72f-405d8b1514f4'
2026-02-17 17:51:12 INFO  [ pool-3-thread-1 -> org.tasktide.engine.worker.executor.TaskTideExecutor.runTasks ]: Begining workload processing of N = '1' tasks
2026-02-17 17:51:12 INFO  [ pool-3-thread-1 -> org.tasktide.engine.observer.worker.TimeKeeperObserver.evaluateStart ]: TimeKeeper evaluating starting of task 'ItemTask-9e71ce8a-a207-48da-b72f-405d8b1514f4'
2026-02-17 17:51:12 INFO  [ pool-3-thread-1 -> org.tasktide.engine.observer.worker.TimeKeeperObserver.evaluateStart ]: Atomic TimeKeeper for task 'ItemTask-9e71ce8a-a207-48da-b72f-405d8b1514f4' set on thread 'pool-3-thread-1'
2026-02-17 17:51:12 INFO  [ pool-3-thread-1 -> org.tasktide.engine.observer.worker.TimeKeeperObserver.onTaskStart ]: TimeKeeper evaluated time left for processing as 'true' for ItemTask:	'ItemTask-9e71ce8a-a207-48da-b72f-405d8b1514f4'
2026-02-17 17:51:12 INFO  [ pool-3-thread-1 -> org.tasktide.engine.worker.executor.ItemTaskExecutor.executeTask ]: Executing task on thread 'pool-3-thread-1':ping -c 4 dcu.ie
2026-02-17 17:51:12 DEBUG [ pool-2-thread-1 -> org.tasktide.itemstore.AbstractItemStore.waitForLock ]: Waiting for
2026-02-17 17:51:12 INFO  [ pool-2-thread-1 -> org.tasktide.itemstore.AbstractItemStore.waitForMutex ]: Acquiring mutex
2026-02-17 17:51:16 INFO  [ pool-2-thread-1 -> org.tasktide.itemstore.AbstractItemStore.waitForMutex ]: Mutex acquired
2026-02-17 17:51:16 INFO  [ pool-2-thread-1 -> org.tasktide.itemstore.AbstractItemStore.releaseMutex ]: Releasing mutex
2026-02-17 17:51:17 INFO  [ pool-2-thread-1 -> org.tasktide.itemstore.AbstractItemStore.releaseMutex ]: Released mutex
2026-02-17 17:51:17 DEBUG [ pool-2-thread-1 -> org.tasktide.itemstore.AbstractItemStore.waitForLock ]: Waiting for
2026-02-17 17:51:17 INFO  [ pool-2-thread-1 -> org.tasktide.itemstore.AbstractItemStore.waitForMutex ]: Acquiring mutex
2026-02-17 17:51:18 INFO  [ main -> org.tasktide.engine.TaskTideEngineUtility.waitOnExecutorTrackerWorkItem ]: Displaying Iter-'1' StateSummary of ExecutorServiceTracker:

Total='8', Remaining='4', Done='4', Expected='1'
2026-02-17 17:51:18 INFO  [ main -> org.tasktide.engine.TaskTideEngineUtility.waitOnExecutorTrackerWorkItem ]: Letting '10000'ms elapse for state monitoring of ExecutorServiceTracker:	'8'
2026-02-17 17:51:19 INFO  [ pool-2-thread-3 -> org.tasktide.engine.observer.worker.executor.WorkItemExecutorObserver.pollUntilDone ]: Displaying Iter-'4' StateSummary of WorkItem:	'WorkItem-9a93bdcb-2ca2-4cb2-928d-b025ecc5d79f'

{
    "State Summary": {
        "TODO": 1,
        "ERROR": 0,
        "LOCKED": 0,
        "FOR_UNLOCK": 0,
        "DONE": 0
    }
}


2026-02-17 17:51:19 INFO  [ pool-2-thread-3 -> org.tasktide.engine.observer.worker.executor.WorkItemExecutorObserver.pollUntilDone ]: Letting '16000'ms elapse for state monitoring of WorkItem:	'WorkItem-9a93bdcb-2ca2-4cb2-928d-b025ecc5d79f'
2026-02-17 17:51:19 INFO  [ pool-2-thread-5 -> org.tasktide.engine.observer.worker.executor.WorkItemExecutorObserver.pollUntilDone ]: Displaying Iter-'2' StateSummary of WorkItem:	'WorkItem-d9f74ce5-9148-4039-a5eb-6c7fc18173fa'

{
    "State Summary": {
        "TODO": 1,
        "ERROR": 0,
        "LOCKED": 0,
        "FOR_UNLOCK": 0,
        "DONE": 0
    }
}


2026-02-17 17:51:19 INFO  [ pool-2-thread-5 -> org.tasktide.engine.observer.worker.executor.WorkItemExecutorObserver.pollUntilDone ]: Letting '10000'ms elapse for state monitoring of WorkItem:	'WorkItem-d9f74ce5-9148-4039-a5eb-6c7fc18173fa'
2026-02-17 17:51:21 INFO  [ pool-2-thread-1 -> org.tasktide.itemstore.AbstractItemStore.waitForMutex ]: Mutex acquired
2026-02-17 17:51:21 INFO  [ pool-2-thread-1 -> org.tasktide.itemstore.AbstractItemStore.releaseMutex ]: Releasing mutex
2026-02-17 17:51:21 INFO  [ pool-2-thread-1 -> org.tasktide.itemstore.AbstractItemStore.releaseMutex ]: Released mutex
2026-02-17 17:51:21 DEBUG [ pool-2-thread-1 -> org.tasktide.itemstore.AbstractItemStore.waitForLock ]: Waiting for
2026-02-17 17:51:21 INFO  [ pool-2-thread-1 -> org.tasktide.itemstore.AbstractItemStore.waitForMutex ]: Acquiring mutex
2026-02-17 17:51:25 INFO  [ pool-2-thread-1 -> org.tasktide.itemstore.AbstractItemStore.waitForMutex ]: Mutex acquired
2026-02-17 17:51:25 INFO  [ pool-2-thread-1 -> org.tasktide.itemstore.AbstractItemStore.releaseMutex ]: Releasing mutex
2026-02-17 17:51:26 INFO  [ pool-2-thread-1 -> org.tasktide.itemstore.AbstractItemStore.releaseMutex ]: Released mutex
2026-02-17 17:51:26 INFO  [ pool-2-thread-1 -> org.tasktide.engine.observer.worker.executor.WorkItemExecutorObserver.onTaskEnd ]: Unlocked N = '0' sub tasks for WorkItem:	'WorkItem-401eac3c-3012-4e37-b8fb-4a1e929c25f2'
2026-02-17 17:51:26 INFO  [ pool-2-thread-1 -> org.tasktide.engine.worker.executor.TaskTideExecutor.runTasks ]: 

Workload processing complete, displaying summary:
Thread Total = '1', Thread Done = '0', Done = '10', Failed = '0', Skipped = '0'
2026-02-17 17:51:26 DEBUG [ pool-2-thread-2 -> org.tasktide.itemstore.AbstractItemStore.waitForLock ]: Waiting for
2026-02-17 17:51:26 INFO  [ pool-2-thread-2 -> org.tasktide.itemstore.AbstractItemStore.waitForMutex ]: Acquiring mutex
2026-02-17 17:51:26 INFO  [ pool-2-thread-4 -> org.tasktide.engine.observer.worker.executor.WorkItemExecutorObserver.pollUntilDone ]: Displaying Iter-'5' StateSummary of WorkItem:	'WorkItem-b1913461-c735-4e70-a0f5-ffc874d12998'

{
    "State Summary": {
        "TODO": 0,
        "ERROR": 0,
        "LOCKED": 1,
        "FOR_UNLOCK": 0,
        "DONE": 0
    }
}


2026-02-17 17:51:26 INFO  [ pool-2-thread-4 -> org.tasktide.engine.observer.worker.executor.WorkItemExecutorObserver.pollUntilDone ]: Letting '32000'ms elapse for state monitoring of WorkItem:	'WorkItem-b1913461-c735-4e70-a0f5-ffc874d12998'
2026-02-17 17:51:28 INFO  [ main -> org.tasktide.engine.TaskTideEngineUtility.waitOnExecutorTrackerWorkItem ]: Displaying Iter-'2' StateSummary of ExecutorServiceTracker:

Total='8', Remaining='3', Done='5', Expected='1'
2026-02-17 17:51:28 INFO  [ main -> org.tasktide.engine.TaskTideEngineUtility.waitOnExecutorTrackerWorkItem ]: Letting '10000'ms elapse for state monitoring of ExecutorServiceTracker:	'8'
2026-02-17 17:51:29 INFO  [ pool-2-thread-5 -> org.tasktide.engine.observer.worker.executor.WorkItemExecutorObserver.pollUntilDone ]: Displaying Iter-'3' StateSummary of WorkItem:	'WorkItem-d9f74ce5-9148-4039-a5eb-6c7fc18173fa'

{
    "State Summary": {
        "TODO": 1,
        "ERROR": 0,
        "LOCKED": 0,
        "FOR_UNLOCK": 0,
        "DONE": 0
    }
}


2026-02-17 17:51:29 INFO  [ pool-2-thread-5 -> org.tasktide.engine.observer.worker.executor.WorkItemExecutorObserver.pollUntilDone ]: Letting '8000'ms elapse for state monitoring of WorkItem:	'WorkItem-d9f74ce5-9148-4039-a5eb-6c7fc18173fa'
2026-02-17 17:51:30 INFO  [ pool-2-thread-2 -> org.tasktide.itemstore.AbstractItemStore.waitForMutex ]: Mutex acquired
2026-02-17 17:51:30 INFO  [ pool-2-thread-2 -> org.tasktide.itemstore.AbstractItemStore.releaseMutex ]: Releasing mutex
2026-02-17 17:51:30 INFO  [ pool-2-thread-2 -> org.tasktide.itemstore.AbstractItemStore.releaseMutex ]: Released mutex
2026-02-17 17:51:30 DEBUG [ pool-2-thread-2 -> org.tasktide.itemstore.AbstractItemStore.waitForLock ]: Waiting for
2026-02-17 17:51:30 INFO  [ pool-2-thread-2 -> org.tasktide.itemstore.AbstractItemStore.waitForMutex ]: Acquiring mutex
