2026-02-06 20:54:20 INFO  [ main -> org.tasktide.itemstore.mutex.LockActionReleaseApp.main ]: APP-Configuring arguments for testing
2026-02-06 20:54:20 INFO  [ main -> org.tasktide.itemstore.mutex.LockActionReleaseApp.main ]: APP-Configuring arguments for testing
2026-02-06 20:54:20 INFO  [ main -> org.tasktide.itemstore.mutex.LockActionReleaseApp.main ]: APP-Configuring arguments for testing
2026-02-06 20:54:21 INFO  [ main -> org.tasktide.itemstore.mutex.LockActionReleaseApp.main ]: APP-Configuring arguments for testing
2026-02-06 20:54:21 INFO  [ main -> org.tasktide.itemstore.mutex.LockActionReleaseApp.main ]: APP-Configuring arguments for testing
2026-02-06 20:54:21 INFO  [ main -> org.tasktide.itemstore.mutex.LockActionReleaseApp.main ]: APP-Configuring arguments for testing
2026-02-06 20:54:21 INFO  [ main -> org.tasktide.itemstore.mutex.LockActionReleaseApp.main ]: APP-Configuring arguments for testing
2026-02-06 20:54:21 INFO  [ main -> org.tasktide.itemstore.mutex.LockActionReleaseApp.main ]: APP-Configuring arguments for testing
2026-02-06 20:54:21 INFO  [ main -> org.tasktide.itemstore.mutex.LockActionReleaseApp.main ]: APP-Configuring arguments for testing
2026-02-06 20:54:21 INFO  [ main -> org.tasktide.itemstore.mutex.LockActionReleaseApp.main ]: APP-Configuring arguments for testing
2026-02-06 20:54:21 INFO  [ main -> org.tasktide.itemstore.mutex.LockActionReleaseApp.main ]: APP-Configuring arguments for testing
2026-02-06 20:54:21 INFO  [ main -> org.tasktide.itemstore.mutex.LockActionReleaseApp.main ]: APP-Configuring arguments for testing
2026-02-06 20:54:21 INFO  [ main -> org.tasktide.itemstore.mutex.LockActionReleaseApp.main ]: APP-Configuring arguments for testing
2026-02-06 20:54:21 INFO  [ main -> org.tasktide.itemstore.mutex.LockActionReleaseApp.main ]: APP-Configuring arguments for testing
2026-02-06 20:54:21 INFO  [ main -> org.tasktide.itemstore.mutex.LockActionReleaseApp.main ]: APP-Configuring arguments for testing
2026-02-06 20:54:22 INFO  [ main -> org.tasktide.itemstore.mutex.LockActionReleaseApp.main ]: APP-Configuring arguments for testing
2026-02-06 20:54:23 INFO  [ main -> org.tasktide.itemstore.mutex.LockActionReleaseApp.main ]: APP-Configuring arguments for testing
2026-02-06 20:54:23 INFO  [ main -> org.tasktide.itemstore.mutex.LockActionReleaseApp.main ]: APP-Configuring arguments for testing
2026-02-06 20:54:23 INFO  [ main -> org.tasktide.itemstore.mutex.LockActionReleaseApp.main ]: APP-Configuring arguments for testing
2026-02-06 20:54:23 INFO  [ main -> org.tasktide.itemstore.mutex.LockActionReleaseApp.main ]: APP-Configuring arguments for testing
2026-02-06 20:54:24 INFO  [ main -> org.tasktide.itemstore.mutex.LockActionReleaseApp.main ]: APP-Configuring arguments for testing
2026-02-06 20:54:24 INFO  [ main -> org.tasktide.itemstore.mutex.LockActionReleaseApp.main ]: APP-Configuring arguments for testing
2026-02-06 20:54:24 INFO  [ main -> org.tasktide.itemstore.mutex.LockActionReleaseApp.main ]: APP-Configuring arguments for testing
2026-02-06 20:54:24 INFO  [ main -> org.tasktide.itemstore.mutex.LockActionReleaseApp.main ]: APP-Configuring arguments for testing
2026-02-06 20:54:24 INFO  [ main -> org.tasktide.itemstore.mutex.LockActionReleaseApp.main ]: APP-Configuring arguments for testing
Java HotSpot(TM) 64-Bit Server VM warning: Sharing is only supported for boot loader classes because bootstrap classpath has been appended
Java HotSpot(TM) 64-Bit Server VM warning: Sharing is only supported for boot loader classes because bootstrap classpath has been appended
Java HotSpot(TM) 64-Bit Server VM warning: Sharing is only supported for boot loader classes because bootstrap classpath has been appended
Java HotSpot(TM) 64-Bit Server VM warning: Sharing is only supported for boot loader classes because bootstrap classpath has been appended
Java HotSpot(TM) 64-Bit Server VM warning: Sharing is only supported for boot loader classes because bootstrap classpath has been appended
Java HotSpot(TM) 64-Bit Server VM warning: Sharing is only supported for boot loader classes because bootstrap classpath has been appended
Java HotSpot(TM) 64-Bit Server VM warning: Sharing is only supported for boot loader classes because bootstrap classpath has been appended
Java HotSpot(TM) 64-Bit Server VM warning: Sharing is only supported for boot loader classes because bootstrap classpath has been appended
Java HotSpot(TM) 64-Bit Server VM warning: Sharing is only supported for boot loader classes because bootstrap classpath has been appended
Java HotSpot(TM) 64-Bit Server VM warning: Sharing is only supported for boot loader classes because bootstrap classpath has been appended
Java HotSpot(TM) 64-Bit Server VM warning: Sharing is only supported for boot loader classes because bootstrap classpath has been appended
Java HotSpot(TM) 64-Bit Server VM warning: Sharing is only supported for boot loader classes because bootstrap classpath has been appended
Java HotSpot(TM) 64-Bit Server VM warning: Sharing is only supported for boot loader classes because bootstrap classpath has been appended
Java HotSpot(TM) 64-Bit Server VM warning: Sharing is only supported for boot loader classes because bootstrap classpath has been appended
Java HotSpot(TM) 64-Bit Server VM warning: Sharing is only supported for boot loader classes because bootstrap classpath has been appended
2026-02-06 20:54:27 INFO  [ main -> org.tasktide.itemstore.mutex.LockActionReleaseApp.main ]: APP-Acquring lock
Java HotSpot(TM) 64-Bit Server VM warning: Sharing is only supported for boot loader classes because bootstrap classpath has been appended
Java HotSpot(TM) 64-Bit Server VM warning: Sharing is only supported for boot loader classes because bootstrap classpath has been appended
2026-02-06 20:54:28 INFO  [ main -> org.tasktide.itemstore.mutex.LockActionReleaseApp.main ]: APP-Acquring lock
2026-02-06 20:54:28 INFO  [ main -> org.tasktide.itemstore.mutex.MutexOrchestrator.performLock ]: Waiting for NFS lock
Java HotSpot(TM) 64-Bit Server VM warning: Sharing is only supported for boot loader classes because bootstrap classpath has been appended
2026-02-06 20:54:28 INFO  [ main -> org.tasktide.itemstore.mutex.LockActionReleaseApp.main ]: APP-Acquring lock
2026-02-06 20:54:28 INFO  [ main -> org.tasktide.itemstore.mutex.LockActionReleaseApp.main ]: APP-Acquring lock
Java HotSpot(TM) 64-Bit Server VM warning: Sharing is only supported for boot loader classes because bootstrap classpath has been appended
2026-02-06 20:54:28 DEBUG [ main -> org.tasktide.itemstore.mutex.MutexStrategy$2.apply ]: Initializing mutex
Java HotSpot(TM) 64-Bit Server VM warning: Sharing is only supported for boot loader classes because bootstrap classpath has been appended
Java HotSpot(TM) 64-Bit Server VM warning: Sharing is only supported for boot loader classes because bootstrap classpath has been appended
Java HotSpot(TM) 64-Bit Server VM warning: Sharing is only supported for boot loader classes because bootstrap classpath has been appended
Java HotSpot(TM) 64-Bit Server VM warning: Sharing is only supported for boot loader classes because bootstrap classpath has been appended
2026-02-06 20:54:29 INFO  [ main -> org.tasktide.itemstore.mutex.MutexOrchestrator.performLock ]: Waiting for NFS lock
2026-02-06 20:54:29 INFO  [ main -> org.tasktide.itemstore.mutex.LockActionReleaseApp.main ]: APP-Acquring lock
2026-02-06 20:54:29 INFO  [ main -> org.tasktide.itemstore.mutex.LockActionReleaseApp.main ]: APP-Acquring lock
2026-02-06 20:54:29 INFO  [ main -> org.tasktide.itemstore.mutex.LockActionReleaseApp.main ]: APP-Acquring lock
2026-02-06 20:54:29 INFO  [ main -> org.tasktide.itemstore.mutex.LockActionReleaseApp.main ]: APP-Acquring lock
2026-02-06 20:54:29 INFO  [ main -> org.tasktide.itemstore.mutex.LockActionReleaseApp.main ]: APP-Acquring lock
2026-02-06 20:54:30 INFO  [ main -> org.tasktide.itemstore.mutex.LockActionReleaseApp.main ]: APP-Acquring lock
2026-02-06 20:54:30 INFO  [ main -> org.tasktide.itemstore.mutex.MutexOrchestrator.performLock ]: Waiting for NFS lock
2026-02-06 20:54:30 INFO  [ main -> org.tasktide.itemstore.mutex.MutexOrchestrator.performLock ]: Waiting for NFS lock
2026-02-06 20:54:30 INFO  [ main -> org.tasktide.itemstore.mutex.MutexOrchestrator.performLock ]: Waiting for NFS lock
2026-02-06 20:54:30 DEBUG [ main -> org.tasktide.itemstore.mutex.MutexStrategy$2.apply ]: Mutex initialized, inferring queue position
2026-02-06 20:54:30 DEBUG [ main -> org.tasktide.itemstore.mutex.MutexStrategy$2.apply ]: Initializing mutex
2026-02-06 20:54:30 INFO  [ main -> org.tasktide.itemstore.mutex.MutexOrchestrator.performLock ]: Waiting for NFS lock
2026-02-06 20:54:30 DEBUG [ main -> org.tasktide.itemstore.mutex.MutexStrategy$2.apply ]: Initializing mutex
2026-02-06 20:54:30 INFO  [ main -> org.tasktide.itemstore.mutex.MutexOrchestrator.performLock ]: Waiting for NFS lock
2026-02-06 20:54:30 INFO  [ main -> org.tasktide.itemstore.mutex.LockActionReleaseApp.main ]: APP-Acquring lock
2026-02-06 20:54:30 INFO  [ main -> org.tasktide.itemstore.mutex.MutexOrchestrator.performLock ]: Waiting for NFS lock
2026-02-06 20:54:30 DEBUG [ main -> org.tasktide.itemstore.mutex.MutexStrategy$2.apply ]: Initializing mutex
2026-02-06 20:54:30 INFO  [ main -> org.tasktide.itemstore.mutex.LockActionReleaseApp.main ]: APP-Acquring lock
2026-02-06 20:54:30 DEBUG [ main -> org.tasktide.itemstore.mutex.MutexStrategy$2.apply ]: Initializing mutex
2026-02-06 20:54:30 INFO  [ main -> org.tasktide.itemstore.mutex.LockActionReleaseApp.main ]: APP-Acquring lock
2026-02-06 20:54:30 INFO  [ main -> org.tasktide.itemstore.mutex.LockActionReleaseApp.main ]: APP-Acquring lock
2026-02-06 20:54:30 DEBUG [ main -> org.tasktide.itemstore.mutex.MutexStrategy$2.apply ]: Queue position:	'0'

'{
    "Election File": "C:\\Users\\Brendan Kenna\\GitHub\\TaskTide\\tasktide\\itemstore\\ItemStore-Mutex\\Queue\\1770411267820.10-171-238-13_baa4e8db-1a4d-4c2f-ab72-121c0718d3cf_ce153100-9faa-4410-a16b-25f5ed4a7a5b.lock",
    "End Jitter": "PT0.244S",
    "Host File": "C:\\Users\\Brendan Kenna\\GitHub\\TaskTide\\tasktide\\itemstore\\ItemStore-Mutex\\Host-Lock\\1770411267820.10-171-238-13_baa4e8db-1a4d-4c2f-ab72-121c0718d3cf.lock",
    "Id": "ce153100-9faa-4410-a16b-25f5ed4a7a5b",
    "Lock Dir": "C:\\Users\\Brendan Kenna\\GitHub\\TaskTide\\tasktide\\itemstore\\ItemStore-Mutex",
    "Lock File": "C:\\Users\\Brendan Kenna\\GitHub\\TaskTide\\tasktide\\itemstore\\ItemStore-Mutex\\lock-file.lock",
    "Mutex State": "WAITING",
    "Retry Interval": "PT0.191S",
    "Stale File Threshold": "PT10S",
    "Start Jitter": "PT0.329S",
    "Timestamp": 1770411267849
}'
2026-02-06 20:54:31 DEBUG [ main -> org.tasktide.itemstore.mutex.MutexStrategy$2.apply ]: Initializing mutex
2026-02-06 20:54:31 DEBUG [ main -> org.tasktide.itemstore.mutex.MutexStrategy$2.apply ]: Initializing mutex
2026-02-06 20:54:31 INFO  [ main -> org.tasktide.itemstore.mutex.LockActionReleaseApp.main ]: APP-Acquring lock
2026-02-06 20:54:31 DEBUG [ main -> org.tasktide.itemstore.mutex.MutexStrategy$2.apply ]: Initializing mutex
2026-02-06 20:54:31 DEBUG [ main -> org.tasktide.itemstore.mutex.MutexStrategy$2.apply ]: Mutex initialized, inferring queue position
2026-02-06 20:54:31 INFO  [ main -> org.tasktide.itemstore.mutex.MutexOrchestrator.performLock ]: Waiting for NFS lock
2026-02-06 20:54:31 DEBUG [ main -> org.tasktide.itemstore.mutex.MutexStrategy$2.apply ]: Active leader with Id:	'ce153100-9faa-4410-a16b-25f5ed4a7a5b'
2026-02-06 20:54:31 INFO  [ main -> org.tasktide.itemstore.mutex.LockActionReleaseApp.main ]: APP-Acquring lock
2026-02-06 20:54:31 DEBUG [ main -> org.tasktide.itemstore.mutex.MutexStrategy$2.apply ]: State set, writing mutex for:	'ce153100-9faa-4410-a16b-25f5ed4a7a5b'
2026-02-06 20:54:31 INFO  [ main -> org.tasktide.itemstore.mutex.MutexOrchestrator.performLock ]: Waiting for NFS lock
2026-02-06 20:54:31 INFO  [ main -> org.tasktide.itemstore.mutex.MutexOrchestrator.performLock ]: Waiting for NFS lock
2026-02-06 20:54:31 DEBUG [ main -> org.tasktide.itemstore.mutex.MutexStrategy$2.apply ]: Mutex written for:	'ce153100-9faa-4410-a16b-25f5ed4a7a5b'
2026-02-06 20:54:31 INFO  [ main -> org.tasktide.itemstore.mutex.MutexOrchestrator.performLock ]: Waiting for NFS lock
2026-02-06 20:54:31 DEBUG [ main -> org.tasktide.itemstore.mutex.MutexStrategy$2.apply ]: Initializing mutex
2026-02-06 20:54:31 INFO  [ main -> org.tasktide.itemstore.mutex.MutexOrchestrator.performLock ]: Waiting for NFS lock
2026-02-06 20:54:31 DEBUG [ main -> org.tasktide.itemstore.mutex.MutexStrategy$2.apply ]: Host lock file created for:	'ce153100-9faa-4410-a16b-25f5ed4a7a5b'
2026-02-06 20:54:31 INFO  [ main -> org.tasktide.itemstore.mutex.LockActionReleaseApp.lambda$wireRealMethodsWithLogging$0 ]: NFS Lock acquire -> null
2026-02-06 20:54:31 INFO  [ main -> org.tasktide.itemstore.mutex.MutexOrchestrator.performLock ]: NFS Lock acquired
2026-02-06 20:54:31 INFO  [ main -> org.tasktide.itemstore.mutex.MutexOrchestrator.performLock ]: Confirming leadership:	'ce153100-9faa-4410-a16b-25f5ed4a7a5b'
2026-02-06 20:54:31 DEBUG [ main -> org.tasktide.itemstore.mutex.MutexStrategy$2.apply ]: Mutex initialized, inferring queue position
2026-02-06 20:54:31 INFO  [ main -> org.tasktide.itemstore.mutex.MutexOrchestrator.performLock ]: Waiting for NFS lock
Java HotSpot(TM) 64-Bit Server VM warning: Sharing is only supported for boot loader classes because bootstrap classpath has been appended
2026-02-06 20:54:32 DEBUG [ main -> org.tasktide.itemstore.mutex.MutexStrategy$2.apply ]: Initializing mutex
2026-02-06 20:54:32 DEBUG [ main -> org.tasktide.itemstore.mutex.MutexStrategy$2.apply ]: Initializing mutex
2026-02-06 20:54:32 INFO  [ main -> org.tasktide.itemstore.mutex.LockActionReleaseApp.main ]: APP-Acquring lock
2026-02-06 20:54:32 DEBUG [ main -> org.tasktide.itemstore.mutex.MutexStrategy$2.apply ]: Mutex initialized, inferring queue position
2026-02-06 20:54:32 INFO  [ main -> org.tasktide.itemstore.mutex.MutexOrchestrator.performLock ]: Waiting for NFS lock
2026-02-06 20:54:32 INFO  [ main -> org.tasktide.itemstore.mutex.MutexOrchestrator.performLock ]: Waiting for NFS lock
2026-02-06 20:54:32 DEBUG [ main -> org.tasktide.itemstore.mutex.MutexStrategy$2.apply ]: Queue position:	'2'

'{
    "Election File": "C:\\Users\\Brendan Kenna\\GitHub\\TaskTide\\tasktide\\itemstore\\ItemStore-Mutex\\Queue\\1770411269878.10-171-238-13_e45317bb-11fc-47e2-bc9d-3e471c985ac8_e5545930-b5a7-4530-a1cf-39a74f7c6aed.lock",
    "End Jitter": "PT0.357S",
    "Host File": "C:\\Users\\Brendan Kenna\\GitHub\\TaskTide\\tasktide\\itemstore\\ItemStore-Mutex\\Host-Lock\\1770411269877.10-171-238-13_e45317bb-11fc-47e2-bc9d-3e471c985ac8.lock",
    "Id": "e5545930-b5a7-4530-a1cf-39a74f7c6aed",
    "Lock Dir": "C:\\Users\\Brendan Kenna\\GitHub\\TaskTide\\tasktide\\itemstore\\ItemStore-Mutex",
    "Lock File": "C:\\Users\\Brendan Kenna\\GitHub\\TaskTide\\tasktide\\itemstore\\ItemStore-Mutex\\lock-file.lock",
    "Mutex State": "WAITING",
    "Retry Interval": "PT0.154S",
    "Stale File Threshold": "PT10S",
    "Start Jitter": "PT0.357S",
    "Timestamp": 1770411269910
}'
2026-02-06 20:54:32 DEBUG [ main -> org.tasktide.itemstore.mutex.MutexStrategy$2.apply ]: Initializing mutex
2026-02-06 20:54:32 DEBUG [ main -> org.tasktide.itemstore.mutex.MutexStrategy$2.apply ]: Queue position:	'1'

'{
    "Election File": "C:\\Users\\Brendan Kenna\\GitHub\\TaskTide\\tasktide\\itemstore\\ItemStore-Mutex\\Queue\\1770411268867.10-171-238-13_540e729e-92ae-4705-a982-0deb5ba2fca9_7b6a58a2-0365-47ab-b380-4625ac29097f.lock",
    "End Jitter": "PT0.4S",
    "Host File": "C:\\Users\\Brendan Kenna\\GitHub\\TaskTide\\tasktide\\itemstore\\ItemStore-Mutex\\Host-Lock\\1770411268867.10-171-238-13_540e729e-92ae-4705-a982-0deb5ba2fca9.lock",
    "Id": "7b6a58a2-0365-47ab-b380-4625ac29097f",
    "Lock Dir": "C:\\Users\\Brendan Kenna\\GitHub\\TaskTide\\tasktide\\itemstore\\ItemStore-Mutex",
    "Lock File": "C:\\Users\\Brendan Kenna\\GitHub\\TaskTide\\tasktide\\itemstore\\ItemStore-Mutex\\lock-file.lock",
    "Mutex State": "WAITING",
    "Retry Interval": "PT0.028S",
    "Stale File Threshold": "PT10S",
    "Start Jitter": "PT0.126S",
    "Timestamp": 1770411268889
}'
2026-02-06 20:54:32 DEBUG [ main -> org.tasktide.itemstore.mutex.MutexStrategy$2.apply ]: Initializing mutex
2026-02-06 20:54:32 DEBUG [ main -> org.tasktide.itemstore.mutex.MutexStrategy$2.apply ]: Initializing mutex
2026-02-06 20:54:32 DEBUG [ main -> org.tasktide.itemstore.mutex.MutexStrategy$2.apply ]: Initializing mutex
2026-02-06 20:54:32 INFO  [ main -> org.tasktide.itemstore.mutex.MutexOrchestrator.performLock ]: Leadership confirmed:	'ce153100-9faa-4410-a16b-25f5ed4a7a5b'
2026-02-06 20:54:32 INFO  [ main -> org.tasktide.itemstore.mutex.MutexOrchestrator.performLock ]: Waiting for FileChannel lock
2026-02-06 20:54:32 DEBUG [ main -> org.tasktide.itemstore.mutex.MutexStrategy$2.apply ]: Mutex initialized, inferring queue position
2026-02-06 20:54:33 INFO  [ main -> org.tasktide.itemstore.mutex.LockActionReleaseApp.main ]: APP-Acquring lock
2026-02-06 20:54:33 DEBUG [ main -> org.tasktide.itemstore.mutex.MutexStrategy$2.apply ]: Initializing mutex
2026-02-06 20:54:33 DEBUG [ main -> org.tasktide.itemstore.mutex.MutexStrategy$2.apply ]: Mutex initialized, inferring queue position
2026-02-06 20:54:33 INFO  [ main -> org.tasktide.itemstore.mutex.LockActionReleaseApp.main ]: APP-Acquring lock
2026-02-06 20:54:33 INFO  [ main -> org.tasktide.itemstore.mutex.LockActionReleaseApp.main ]: APP-Acquring lock
2026-02-06 20:54:33 DEBUG [ main -> org.tasktide.itemstore.mutex.MutexStrategy$2.apply ]: Mutex initialized, inferring queue position
2026-02-06 20:54:33 DEBUG [ main -> org.tasktide.itemstore.mutex.MutexStrategy$2.apply ]: Mutex initialized, inferring queue position
2026-02-06 20:54:33 INFO  [ main -> org.tasktide.itemstore.mutex.MutexStrategy$2.apply ]: Leader changed since TTL check-in
2026-02-06 20:54:33 INFO  [ main -> org.tasktide.itemstore.mutex.MutexOrchestrator.performLock ]: Waiting for NFS lock
2026-02-06 20:54:33 DEBUG [ main -> org.tasktide.itemstore.mutex.MutexStrategy$2.apply ]: Queue position:	'2'

'{
    "Election File": "C:\\Users\\Brendan Kenna\\GitHub\\TaskTide\\tasktide\\itemstore\\ItemStore-Mutex\\Queue\\1770411269753.10-171-238-13_6e47d9f9-6d90-4823-91b5-ed24936b0a9d_eea6913b-56de-4327-a408-b722eb3c7f2c.lock",
    "End Jitter": "PT0.157S",
    "Host File": "C:\\Users\\Brendan Kenna\\GitHub\\TaskTide\\tasktide\\itemstore\\ItemStore-Mutex\\Host-Lock\\1770411269633.10-171-238-13_6e47d9f9-6d90-4823-91b5-ed24936b0a9d.lock",
    "Id": "eea6913b-56de-4327-a408-b722eb3c7f2c",
    "Lock Dir": "C:\\Users\\Brendan Kenna\\GitHub\\TaskTide\\tasktide\\itemstore\\ItemStore-Mutex",
    "Lock File": "C:\\Users\\Brendan Kenna\\GitHub\\TaskTide\\tasktide\\itemstore\\ItemStore-Mutex\\lock-file.lock",
    "Mutex State": "WAITING",
    "Retry Interval": "PT0.043S",
    "Stale File Threshold": "PT10S",
    "Start Jitter": "PT0.414S",
    "Timestamp": 1770411269809
}'
2026-02-06 20:54:33 DEBUG [ main -> org.tasktide.itemstore.mutex.MutexStrategy$2.apply ]: Mutex initialized, inferring queue position
2026-02-06 20:54:33 INFO  [ main -> org.tasktide.itemstore.mutex.MutexOrchestrator.performLock ]: File Channel Lock acquired
2026-02-06 20:54:33 INFO  [ main -> org.tasktide.itemstore.mutex.LockActionReleaseApp.main ]: APP-Writing '0' to data file:	'C:\Users\Brendan Kenna\GitHub\TaskTide\tasktide\itemstore\ItemStore-Mutex\multi-process.txt'
2026-02-06 20:54:33 INFO  [ main -> org.tasktide.itemstore.mutex.MutexStrategy$2.apply ]: Leader changed since TTL check-in
2026-02-06 20:54:33 INFO  [ main -> org.tasktide.itemstore.mutex.LockActionReleaseApp.main ]: APP-Acquring lock
2026-02-06 20:54:33 INFO  [ main -> org.tasktide.itemstore.mutex.LockActionReleaseApp.main ]: APP-Acquring lock
2026-02-06 20:54:33 DEBUG [ main -> org.tasktide.itemstore.mutex.MutexStrategy$2.apply ]: Queue position:	'2'

'{
    "Election File": "C:\\Users\\Brendan Kenna\\GitHub\\TaskTide\\tasktide\\itemstore\\ItemStore-Mutex\\Queue\\1770411269413.10-171-238-13_8d6d452a-3a85-4589-a30d-2226f4263d50_74023107-a6e1-4749-adf2-c693c8fbf802.lock",
    "End Jitter": "PT0.435S",
    "Host File": "C:\\Users\\Brendan Kenna\\GitHub\\TaskTide\\tasktide\\itemstore\\ItemStore-Mutex\\Host-Lock\\1770411269338.10-171-238-13_8d6d452a-3a85-4589-a30d-2226f4263d50.lock",
    "Id": "74023107-a6e1-4749-adf2-c693c8fbf802",
    "Lock Dir": "C:\\Users\\Brendan Kenna\\GitHub\\TaskTide\\tasktide\\itemstore\\ItemStore-Mutex",
    "Lock File": "C:\\Users\\Brendan Kenna\\GitHub\\TaskTide\\tasktide\\itemstore\\ItemStore-Mutex\\lock-file.lock",
    "Mutex State": "WAITING",
    "Retry Interval": "PT0.127S",
    "Stale File Threshold": "PT10S",
    "Start Jitter": "PT0.156S",
    "Timestamp": 1770411269426
}'
2026-02-06 20:54:33 INFO  [ main -> org.tasktide.itemstore.mutex.LockActionReleaseApp.main ]: APP-Record written, releasing lock
2026-02-06 20:54:33 INFO  [ main -> org.tasktide.itemstore.mutex.MutexOrchestrator.releaseLock ]: Releasing active lock
2026-02-06 20:54:33 INFO  [ main -> org.tasktide.itemstore.mutex.MutexOrchestrator.releaseActiveLock ]: Releasing FileChannel mutex
2026-02-06 20:54:34 DEBUG [ main -> org.tasktide.itemstore.mutex.MutexStrategy$2.apply ]: Initializing mutex
2026-02-06 20:54:34 DEBUG [ main -> org.tasktide.itemstore.mutex.MutexStrategy$2.apply ]: Mutex initialized, inferring queue position
2026-02-06 20:54:34 INFO  [ main -> org.tasktide.itemstore.mutex.LockActionReleaseApp.lambda$wireRealMethodsWithLogging$1 ]: File Channel Lock release -> Mutex{id=ce153100-9faa-4410-a16b-25f5ed4a7a5b, lockDir=C:\Users\Brendan Kenna\GitHub\TaskTide\tasktide\itemstore\ItemStore-Mutex, lockFile=C:\Users\Brendan Kenna\GitHub\TaskTide\tasktide\itemstore\ItemStore-Mutex\lock-file.lock, hostFile=C:\Users\Brendan Kenna\GitHub\TaskTide\tasktide\itemstore\ItemStore-Mutex\Host-Lock\1770411267820.10-171-238-13_baa4e8db-1a4d-4c2f-ab72-121c0718d3cf.lock, retryInterval=PT0.191S, staleFileThreshold=PT10S, startJitter=PT0.329S, endJitter=PT0.244S, state=LOCKED}
2026-02-06 20:54:34 DEBUG [ main -> org.tasktide.itemstore.mutex.MutexStrategy$2.apply ]: Queue position:	'6'

'{
    "Election File": "C:\\Users\\Brendan Kenna\\GitHub\\TaskTide\\tasktide\\itemstore\\ItemStore-Mutex\\Queue\\1770411270192.10-171-238-13_1948f819-6bda-48ce-a7c5-0273be7549aa_a69913f7-251c-4817-ac59-3fbb9b7d3211.lock",
    "End Jitter": "PT0.275S",
    "Host File": "C:\\Users\\Brendan Kenna\\GitHub\\TaskTide\\tasktide\\itemstore\\ItemStore-Mutex\\Host-Lock\\1770411270191.10-171-238-13_1948f819-6bda-48ce-a7c5-0273be7549aa.lock",
    "Id": "a69913f7-251c-4817-ac59-3fbb9b7d3211",
    "Lock Dir": "C:\\Users\\Brendan Kenna\\GitHub\\TaskTide\\tasktide\\itemstore\\ItemStore-Mutex",
    "Lock File": "C:\\Users\\Brendan Kenna\\GitHub\\TaskTide\\tasktide\\itemstore\\ItemStore-Mutex\\lock-file.lock",
    "Mutex State": "WAITING",
    "Retry Interval": "PT0.193S",
    "Stale File Threshold": "PT10S",
    "Start Jitter": "PT0.331S",
    "Timestamp": 1770411270226
}'
2026-02-06 20:54:34 DEBUG [ main -> org.tasktide.itemstore.mutex.MutexStrategy$2.apply ]: Mutex initialized, inferring queue position
2026-02-06 20:54:34 INFO  [ main -> org.tasktide.itemstore.mutex.MutexOrchestrator.releaseActiveLock ]: Releasing NFS mutex:
'{
    "Election File": "C:\\Users\\Brendan Kenna\\GitHub\\TaskTide\\tasktide\\itemstore\\ItemStore-Mutex\\Queue\\1770411267820.10-171-238-13_baa4e8db-1a4d-4c2f-ab72-121c0718d3cf_ce153100-9faa-4410-a16b-25f5ed4a7a5b.lock",
    "End Jitter": "PT0.244S",
    "Host File": "C:\\Users\\Brendan Kenna\\GitHub\\TaskTide\\tasktide\\itemstore\\ItemStore-Mutex\\Host-Lock\\1770411267820.10-171-238-13_baa4e8db-1a4d-4c2f-ab72-121c0718d3cf.lock",
    "Id": "ce153100-9faa-4410-a16b-25f5ed4a7a5b",
    "Lock Dir": "C:\\Users\\Brendan Kenna\\GitHub\\TaskTide\\tasktide\\itemstore\\ItemStore-Mutex",
    "Lock File": "C:\\Users\\Brendan Kenna\\GitHub\\TaskTide\\tasktide\\itemstore\\ItemStore-Mutex\\lock-file.lock",
    "Mutex State": "LOCKED",
    "Retry Interval": "PT0.191S",
    "Stale File Threshold": "PT10S",
    "Start Jitter": "PT0.329S",
    "Timestamp": 1770411267849
}'
2026-02-06 20:54:34 INFO  [ main -> org.tasktide.itemstore.mutex.LockActionReleaseApp.main ]: APP-Lock released, test complete
2026-02-06 20:54:34 DEBUG [ main -> org.tasktide.itemstore.mutex.MutexStrategy$2.apply ]: Queue position:	'5'

'{
    "Election File": "C:\\Users\\Brendan Kenna\\GitHub\\TaskTide\\tasktide\\itemstore\\ItemStore-Mutex\\Queue\\1770411269959.10-171-238-13_18a5c1c3-8cb3-4f84-9240-a2eb88d1fcf9_0774ced7-60a8-4943-8b96-e3288e49dc97.lock",
    "End Jitter": "PT0.472S",
    "Host File": "C:\\Users\\Brendan Kenna\\GitHub\\TaskTide\\tasktide\\itemstore\\ItemStore-Mutex\\Host-Lock\\1770411269694.10-171-238-13_18a5c1c3-8cb3-4f84-9240-a2eb88d1fcf9.lock",
    "Id": "0774ced7-60a8-4943-8b96-e3288e49dc97",
    "Lock Dir": "C:\\Users\\Brendan Kenna\\GitHub\\TaskTide\\tasktide\\itemstore\\ItemStore-Mutex",
    "Lock File": "C:\\Users\\Brendan Kenna\\GitHub\\TaskTide\\tasktide\\itemstore\\ItemStore-Mutex\\lock-file.lock",
    "Mutex State": "WAITING",
    "Retry Interval": "PT0.207S",
    "Stale File Threshold": "PT10S",
    "Start Jitter": "PT0.217S",
    "Timestamp": 1770411269971
}'
2026-02-06 20:54:34 INFO  [ main -> org.tasktide.itemstore.mutex.MutexOrchestrator.performLock ]: Waiting for NFS lock
2026-02-06 20:54:34 INFO  [ main -> org.tasktide.itemstore.mutex.LockActionReleaseApp.main ]: APP-Acquring lock
2026-02-06 20:54:34 DEBUG [ main -> org.tasktide.itemstore.mutex.MutexStrategy$2.apply ]: Mutex initialized, inferring queue position
2026-02-06 20:54:34 DEBUG [ main -> org.tasktide.itemstore.mutex.MutexStrategy$2.apply ]: Queue position:	'6'

'{
    "Election File": "C:\\Users\\Brendan Kenna\\GitHub\\TaskTide\\tasktide\\itemstore\\ItemStore-Mutex\\Queue\\1770411270107.10-171-238-13_a708e4a6-6e2d-4c05-8558-4016f4bc948f_e3913380-0a67-46b1-a5e4-caa4adfca78e.lock",
    "End Jitter": "PT0.156S",
    "Host File": "C:\\Users\\Brendan Kenna\\GitHub\\TaskTide\\tasktide\\itemstore\\ItemStore-Mutex\\Host-Lock\\1770411270107.10-171-238-13_a708e4a6-6e2d-4c05-8558-4016f4bc948f.lock",
    "Id": "e3913380-0a67-46b1-a5e4-caa4adfca78e",
    "Lock Dir": "C:\\Users\\Brendan Kenna\\GitHub\\TaskTide\\tasktide\\itemstore\\ItemStore-Mutex",
    "Lock File": "C:\\Users\\Brendan Kenna\\GitHub\\TaskTide\\tasktide\\itemstore\\ItemStore-Mutex\\lock-file.lock",
    "Mutex State": "WAITING",
    "Retry Interval": "PT0.019S",
    "Stale File Threshold": "PT10S",
    "Start Jitter": "PT0.133S",
    "Timestamp": 1770411270155
}'
2026-02-06 20:54:34 DEBUG [ main -> org.tasktide.itemstore.mutex.MutexStrategy$2.apply ]: Initializing mutex
2026-02-06 20:54:34 DEBUG [ main -> org.tasktide.itemstore.mutex.MutexStrategy$2.apply ]: Active leader with Id:	'7b6a58a2-0365-47ab-b380-4625ac29097f'
2026-02-06 20:54:34 DEBUG [ main -> org.tasktide.itemstore.mutex.MutexStrategy$2.apply ]: State set, writing mutex for:	'7b6a58a2-0365-47ab-b380-4625ac29097f'
2026-02-06 20:54:34 INFO  [ main -> org.tasktide.itemstore.mutex.MutexOrchestrator.performLock ]: Waiting for NFS lock
2026-02-06 20:54:34 DEBUG [ main -> org.tasktide.itemstore.mutex.MutexStrategy$2.apply ]: Queue position:	'7'

'{
    "Election File": "C:\\Users\\Brendan Kenna\\GitHub\\TaskTide\\tasktide\\itemstore\\ItemStore-Mutex\\Queue\\1770411271213.10-171-238-13_4a5b5977-aeb8-44ec-b236-10046e5aa246_c28c9d3a-7c9d-41e8-90cd-9edfb4b32bf8.lock",
    "End Jitter": "PT0.387S",
    "Host File": "C:\\Users\\Brendan Kenna\\GitHub\\TaskTide\\tasktide\\itemstore\\ItemStore-Mutex\\Host-Lock\\1770411271213.10-171-238-13_4a5b5977-aeb8-44ec-b236-10046e5aa246.lock",
    "Id": "c28c9d3a-7c9d-41e8-90cd-9edfb4b32bf8",
    "Lock Dir": "C:\\Users\\Brendan Kenna\\GitHub\\TaskTide\\tasktide\\itemstore\\ItemStore-Mutex",
    "Lock File": "C:\\Users\\Brendan Kenna\\GitHub\\TaskTide\\tasktide\\itemstore\\ItemStore-Mutex\\lock-file.lock",
    "Mutex State": "WAITING",
    "Retry Interval": "PT0.275S",
    "Stale File Threshold": "PT10S",
    "Start Jitter": "PT0.435S",
    "Timestamp": 1770411271246
}'
Java HotSpot(TM) 64-Bit Server VM warning: Sharing is only supported for boot loader classes because bootstrap classpath has been appended
2026-02-06 20:54:34 DEBUG [ main -> org.tasktide.itemstore.mutex.MutexStrategy$2.apply ]: Mutex initialized, inferring queue position
2026-02-06 20:54:34 DEBUG [ main -> org.tasktide.itemstore.mutex.MutexStrategy$2.apply ]: Mutex written for:	'7b6a58a2-0365-47ab-b380-4625ac29097f'
2026-02-06 20:54:34 DEBUG [ main -> org.tasktide.itemstore.mutex.MutexStrategy$2.apply ]: Queue position:	'8'

'{
    "Election File": "C:\\Users\\Brendan Kenna\\GitHub\\TaskTide\\tasktide\\itemstore\\ItemStore-Mutex\\Queue\\1770411270753.10-171-238-13_f6025251-dfa1-4dd0-a2ba-038b617b4d1b_b1dd4638-38ae-4637-9eae-245715902ba3.lock",
    "End Jitter": "PT0.457S",
    "Host File": "C:\\Users\\Brendan Kenna\\GitHub\\TaskTide\\tasktide\\itemstore\\ItemStore-Mutex\\Host-Lock\\1770411270751.10-171-238-13_f6025251-dfa1-4dd0-a2ba-038b617b4d1b.lock",
    "Id": "b1dd4638-38ae-4637-9eae-245715902ba3",
    "Lock Dir": "C:\\Users\\Brendan Kenna\\GitHub\\TaskTide\\tasktide\\itemstore\\ItemStore-Mutex",
    "Lock File": "C:\\Users\\Brendan Kenna\\GitHub\\TaskTide\\tasktide\\itemstore\\ItemStore-Mutex\\lock-file.lock",
    "Mutex State": "WAITING",
    "Retry Interval": "PT0.199S",
    "Stale File Threshold": "PT10S",
    "Start Jitter": "PT0.144S",
    "Timestamp": 1770411270778
}'
2026-02-06 20:54:34 DEBUG [ main -> org.tasktide.itemstore.mutex.MutexStrategy$2.apply ]: Host lock file created for:	'7b6a58a2-0365-47ab-b380-4625ac29097f'
2026-02-06 20:54:34 DEBUG [ main -> org.tasktide.itemstore.mutex.MutexStrategy$2.apply ]: Mutex initialized, inferring queue position
2026-02-06 20:54:34 DEBUG [ main -> org.tasktide.itemstore.mutex.MutexStrategy$2.apply ]: Mutex initialized, inferring queue position
2026-02-06 20:54:34 INFO  [ main -> org.tasktide.itemstore.mutex.MutexOrchestrator.performLock ]: Waiting for NFS lock
2026-02-06 20:54:34 DEBUG [ main -> org.tasktide.itemstore.mutex.MutexStrategy$2.apply ]: Queue position:	'7'

'{
    "Election File": "C:\\Users\\Brendan Kenna\\GitHub\\TaskTide\\tasktide\\itemstore\\ItemStore-Mutex\\Queue\\1770411270700.10-171-238-13_25ef6b16-c009-408f-8c78-1bb30b4f0485_02f52db1-eb02-45a6-86a2-87c09a016e1c.lock",
    "End Jitter": "PT0.367S",
    "Host File": "C:\\Users\\Brendan Kenna\\GitHub\\TaskTide\\tasktide\\itemstore\\ItemStore-Mutex\\Host-Lock\\1770411270661.10-171-238-13_25ef6b16-c009-408f-8c78-1bb30b4f0485.lock",
    "Id": "02f52db1-eb02-45a6-86a2-87c09a016e1c",
    "Lock Dir": "C:\\Users\\Brendan Kenna\\GitHub\\TaskTide\\tasktide\\itemstore\\ItemStore-Mutex",
    "Lock File": "C:\\Users\\Brendan Kenna\\GitHub\\TaskTide\\tasktide\\itemstore\\ItemStore-Mutex\\lock-file.lock",
    "Mutex State": "WAITING",
    "Retry Interval": "PT0.145S",
    "Stale File Threshold": "PT10S",
    "Start Jitter": "PT0.42S",
    "Timestamp": 1770411270790
}'
2026-02-06 20:54:34 DEBUG [ main -> org.tasktide.itemstore.mutex.MutexStrategy$2.apply ]: Queue position:	'10'

'{
    "Election File": "C:\\Users\\Brendan Kenna\\GitHub\\TaskTide\\tasktide\\itemstore\\ItemStore-Mutex\\Queue\\1770411271540.10-171-238-13_44f9c45f-b37a-4e30-828e-6768e0821edd_8a0e1efd-bc09-4f6a-8b05-aa430901b13f.lock",
    "End Jitter": "PT0.192S",
    "Host File": "C:\\Users\\Brendan Kenna\\GitHub\\TaskTide\\tasktide\\itemstore\\ItemStore-Mutex\\Host-Lock\\1770411271537.10-171-238-13_44f9c45f-b37a-4e30-828e-6768e0821edd.lock",
    "Id": "8a0e1efd-bc09-4f6a-8b05-aa430901b13f",
    "Lock Dir": "C:\\Users\\Brendan Kenna\\GitHub\\TaskTide\\tasktide\\itemstore\\ItemStore-Mutex",
    "Lock File": "C:\\Users\\Brendan Kenna\\GitHub\\TaskTide\\tasktide\\itemstore\\ItemStore-Mutex\\lock-file.lock",
    "Mutex State": "WAITING",
    "Retry Interval": "PT0.137S",
    "Stale File Threshold": "PT10S",
    "Start Jitter": "PT0.206S",
    "Timestamp": 1770411271580
}'
2026-02-06 20:54:34 INFO  [ main -> org.tasktide.itemstore.mutex.MutexOrchestrator.performLock ]: Waiting for NFS lock
2026-02-06 20:54:34 DEBUG [ main -> org.tasktide.itemstore.mutex.MutexStrategy$2.apply ]: Queue position:	'9'

'{
    "Election File": "C:\\Users\\Brendan Kenna\\GitHub\\TaskTide\\tasktide\\itemstore\\ItemStore-Mutex\\Queue\\1770411270806.10-171-238-13_d3d04cdf-9b1d-4c40-95d8-535579ee71b1_c76331e4-4247-4b1b-8e4b-91ffa71ff1bd.lock",
    "End Jitter": "PT0.423S",
    "Host File": "C:\\Users\\Brendan Kenna\\GitHub\\TaskTide\\tasktide\\itemstore\\ItemStore-Mutex\\Host-Lock\\1770411270805.10-171-238-13_d3d04cdf-9b1d-4c40-95d8-535579ee71b1.lock",
    "Id": "c76331e4-4247-4b1b-8e4b-91ffa71ff1bd",
    "Lock Dir": "C:\\Users\\Brendan Kenna\\GitHub\\TaskTide\\tasktide\\itemstore\\ItemStore-Mutex",
    "Lock File": "C:\\Users\\Brendan Kenna\\GitHub\\TaskTide\\tasktide\\itemstore\\ItemStore-Mutex\\lock-file.lock",
    "Mutex State": "WAITING",
    "Retry Interval": "PT0.082S",
    "Stale File Threshold": "PT10S",
    "Start Jitter": "PT0.344S",
    "Timestamp": 1770411270845
}'
2026-02-06 20:54:34 INFO  [ main -> org.tasktide.itemstore.mutex.MutexOrchestrator.performLock ]: Waiting for NFS lock
2026-02-06 20:54:34 DEBUG [ main -> org.tasktide.itemstore.mutex.MutexStrategy$2.apply ]: Initializing mutex
2026-02-06 20:54:34 INFO  [ main -> org.tasktide.itemstore.mutex.LockActionReleaseApp.lambda$wireRealMethodsWithLogging$0 ]: NFS Lock acquire -> null
2026-02-06 20:54:34 INFO  [ main -> org.tasktide.itemstore.mutex.MutexOrchestrator.performLock ]: NFS Lock acquired
2026-02-06 20:54:34 INFO  [ main -> org.tasktide.itemstore.mutex.MutexOrchestrator.performLock ]: Confirming leadership:	'7b6a58a2-0365-47ab-b380-4625ac29097f'
2026-02-06 20:54:35 DEBUG [ main -> org.tasktide.itemstore.mutex.MutexStrategy$2.apply ]: Mutex initialized, inferring queue position
2026-02-06 20:54:35 DEBUG [ main -> org.tasktide.itemstore.mutex.MutexStrategy$2.apply ]: Active leader with Id:	'8a0e1efd-bc09-4f6a-8b05-aa430901b13f'
2026-02-06 20:54:35 DEBUG [ main -> org.tasktide.itemstore.mutex.MutexStrategy$2.apply ]: Queue position:	'11'

'{
    "Election File": "C:\\Users\\Brendan Kenna\\GitHub\\TaskTide\\tasktide\\itemstore\\ItemStore-Mutex\\Queue\\1770411271222.10-171-238-13_d0213e68-d364-4ddb-a420-86c33de18434_09bf3a0c-8764-42ea-98af-fa7118cb8b71.lock",
    "End Jitter": "PT0.211S",
    "Host File": "C:\\Users\\Brendan Kenna\\GitHub\\TaskTide\\tasktide\\itemstore\\ItemStore-Mutex\\Host-Lock\\1770411271222.10-171-238-13_d0213e68-d364-4ddb-a420-86c33de18434.lock",
    "Id": "09bf3a0c-8764-42ea-98af-fa7118cb8b71",
    "Lock Dir": "C:\\Users\\Brendan Kenna\\GitHub\\TaskTide\\tasktide\\itemstore\\ItemStore-Mutex",
    "Lock File": "C:\\Users\\Brendan Kenna\\GitHub\\TaskTide\\tasktide\\itemstore\\ItemStore-Mutex\\lock-file.lock",
    "Mutex State": "WAITING",
    "Retry Interval": "PT0.15S",
    "Stale File Threshold": "PT10S",
    "Start Jitter": "PT0.315S",
    "Timestamp": 1770411271257
}'
2026-02-06 20:54:35 DEBUG [ main -> org.tasktide.itemstore.mutex.MutexStrategy$2.apply ]: Initializing mutex
2026-02-06 20:54:35 INFO  [ main -> org.tasktide.itemstore.mutex.MutexStrategy$2.apply ]: Leader changed since TTL check-in
2026-02-06 20:54:35 DEBUG [ main -> org.tasktide.itemstore.mutex.MutexStrategy$2.apply ]: State set, writing mutex for:	'8a0e1efd-bc09-4f6a-8b05-aa430901b13f'
2026-02-06 20:54:35 INFO  [ main -> org.tasktide.itemstore.mutex.MutexStrategy$2.apply ]: Leader changed since TTL check-in
2026-02-06 20:54:35 INFO  [ main -> org.tasktide.itemstore.mutex.MutexOrchestrator.performLock ]: Waiting for NFS lock
2026-02-06 20:54:35 INFO  [ main -> org.tasktide.itemstore.mutex.MutexStrategy$2.apply ]: Leader changed since TTL check-in
2026-02-06 20:54:35 INFO  [ main -> org.tasktide.itemstore.mutex.MutexStrategy$2.apply ]: Leader changed since TTL check-in
2026-02-06 20:54:35 DEBUG [ main -> org.tasktide.itemstore.mutex.MutexStrategy$2.apply ]: Mutex written for:	'8a0e1efd-bc09-4f6a-8b05-aa430901b13f'
2026-02-06 20:54:35 DEBUG [ main -> org.tasktide.itemstore.mutex.MutexStrategy$2.apply ]: Queue position:	'11'

'{
    "Election File": "C:\\Users\\Brendan Kenna\\GitHub\\TaskTide\\tasktide\\itemstore\\ItemStore-Mutex\\Queue\\1770411271281.10-171-238-13_fac1197f-61ca-48b9-baf1-d02e10ce62ee_d76c643c-8f6b-4b47-ac1b-ede10e180d53.lock",
    "End Jitter": "PT0.13S",
    "Host File": "C:\\Users\\Brendan Kenna\\GitHub\\TaskTide\\tasktide\\itemstore\\ItemStore-Mutex\\Host-Lock\\1770411271265.10-171-238-13_fac1197f-61ca-48b9-baf1-d02e10ce62ee.lock",
    "Id": "d76c643c-8f6b-4b47-ac1b-ede10e180d53",
    "Lock Dir": "C:\\Users\\Brendan Kenna\\GitHub\\TaskTide\\tasktide\\itemstore\\ItemStore-Mutex",
    "Lock File": "C:\\Users\\Brendan Kenna\\GitHub\\TaskTide\\tasktide\\itemstore\\ItemStore-Mutex\\lock-file.lock",
    "Mutex State": "WAITING",
    "Retry Interval": "PT0.171S",
    "Stale File Threshold": "PT10S",
    "Start Jitter": "PT0.208S",
    "Timestamp": 1770411271339
}'
2026-02-06 20:54:35 DEBUG [ main -> org.tasktide.itemstore.mutex.MutexStrategy$2.apply ]: Mutex initialized, inferring queue position
2026-02-06 20:54:35 DEBUG [ main -> org.tasktide.itemstore.mutex.MutexStrategy$2.apply ]: Host lock file created for:	'8a0e1efd-bc09-4f6a-8b05-aa430901b13f'
2026-02-06 20:54:35 INFO  [ main -> org.tasktide.itemstore.mutex.LockActionReleaseApp.lambda$wireRealMethodsWithLogging$0 ]: NFS Lock acquire -> null
2026-02-06 20:54:35 INFO  [ main -> org.tasktide.itemstore.mutex.MutexOrchestrator.performLock ]: NFS Lock acquired
2026-02-06 20:54:35 INFO  [ main -> org.tasktide.itemstore.mutex.MutexOrchestrator.performLock ]: Confirming leadership:	'8a0e1efd-bc09-4f6a-8b05-aa430901b13f'
2026-02-06 20:54:35 DEBUG [ main -> org.tasktide.itemstore.mutex.MutexStrategy$2.apply ]: Queue position:	'14'

'{
    "Election File": "C:\\Users\\Brendan Kenna\\GitHub\\TaskTide\\tasktide\\itemstore\\ItemStore-Mutex\\Queue\\1770411271652.10-171-238-13_57f0dca4-6f44-418e-a6ae-2ca5be7cf0be_086c8f16-5dc8-44be-8318-26a977727c42.lock",
    "End Jitter": "PT0.18S",
    "Host File": "C:\\Users\\Brendan Kenna\\GitHub\\TaskTide\\tasktide\\itemstore\\ItemStore-Mutex\\Host-Lock\\1770411271651.10-171-238-13_57f0dca4-6f44-418e-a6ae-2ca5be7cf0be.lock",
    "Id": "086c8f16-5dc8-44be-8318-26a977727c42",
    "Lock Dir": "C:\\Users\\Brendan Kenna\\GitHub\\TaskTide\\tasktide\\itemstore\\ItemStore-Mutex",
    "Lock File": "C:\\Users\\Brendan Kenna\\GitHub\\TaskTide\\tasktide\\itemstore\\ItemStore-Mutex\\lock-file.lock",
    "Mutex State": "WAITING",
    "Retry Interval": "PT0.229S",
    "Stale File Threshold": "PT10S",
    "Start Jitter": "PT0.173S",
    "Timestamp": 1770411271684
}'
2026-02-06 20:54:35 DEBUG [ main -> org.tasktide.itemstore.mutex.MutexStrategy$2.apply ]: Initializing mutex
2026-02-06 20:54:35 DEBUG [ main -> org.tasktide.itemstore.mutex.MutexStrategy$2.apply ]: Mutex initialized, inferring queue position
2026-02-06 20:54:35 ERROR [ main -> org.tasktide.itemstore.mutex.LockActionReleaseApp.main ]: Unable to acquire lock exiting:

org.tasktide.itemstore.mutex.exceptions.ActiveMutexCheckedException: Sanity checked leader does not match current8a0e1efd-bc09-4f6a-8b05-aa430901b13f
	at org.tasktide.itemstore.mutex.MutexOrchestrator.confirmLeader(MutexOrchestrator.java:287)
	at org.tasktide.itemstore.mutex.MutexOrchestrator.performLock(MutexOrchestrator.java:176)
	at org.tasktide.itemstore.mutex.MutexOrchestrator.acquireLock(MutexOrchestrator.java:132)
	at org.tasktide.itemstore.mutex.LockActionReleaseApp.main(LockActionReleaseApp.java:120)
2026-02-06 20:54:35 DEBUG [ main -> org.tasktide.itemstore.mutex.MutexStrategy$2.apply ]: Queue position:	'15'

'{
    "Election File": "C:\\Users\\Brendan Kenna\\GitHub\\TaskTide\\tasktide\\itemstore\\ItemStore-Mutex\\Queue\\1770411272255.10-171-238-13_67aa570d-aab5-47b4-968b-33379ff5d743_4fe738c4-ade7-4498-bc8b-9489d980a666.lock",
    "End Jitter": "PT0.287S",
    "Host File": "C:\\Users\\Brendan Kenna\\GitHub\\TaskTide\\tasktide\\itemstore\\ItemStore-Mutex\\Host-Lock\\1770411272254.10-171-238-13_67aa570d-aab5-47b4-968b-33379ff5d743.lock",
    "Id": "4fe738c4-ade7-4498-bc8b-9489d980a666",
    "Lock Dir": "C:\\Users\\Brendan Kenna\\GitHub\\TaskTide\\tasktide\\itemstore\\ItemStore-Mutex",
    "Lock File": "C:\\Users\\Brendan Kenna\\GitHub\\TaskTide\\tasktide\\itemstore\\ItemStore-Mutex\\lock-file.lock",
    "Mutex State": "WAITING",
    "Retry Interval": "PT0.151S",
    "Stale File Threshold": "PT10S",
    "Start Jitter": "PT0.414S",
    "Timestamp": 1770411272538
}'
2026-02-06 20:54:35 DEBUG [ main -> org.tasktide.itemstore.mutex.MutexStrategy$2.apply ]: Initializing mutex
2026-02-06 20:54:35 INFO  [ main -> org.tasktide.itemstore.mutex.MutexOrchestrator.performLock ]: Leadership confirmed:	'7b6a58a2-0365-47ab-b380-4625ac29097f'
2026-02-06 20:54:35 INFO  [ main -> org.tasktide.itemstore.mutex.MutexOrchestrator.performLock ]: Waiting for FileChannel lock
2026-02-06 20:54:35 DEBUG [ main -> org.tasktide.itemstore.mutex.MutexStrategy$2.apply ]: Initializing mutex
2026-02-06 20:54:35 DEBUG [ main -> org.tasktide.itemstore.mutex.MutexStrategy$2.apply ]: Mutex initialized, inferring queue position
2026-02-06 20:54:35 DEBUG [ main -> org.tasktide.itemstore.mutex.MutexStrategy$2.apply ]: Queue position:	'16'

'{
    "Election File": "C:\\Users\\Brendan Kenna\\GitHub\\TaskTide\\tasktide\\itemstore\\ItemStore-Mutex\\Queue\\1770411273407.10-171-238-13_417266c6-05ad-446f-85ea-ec7a6e45b72b_832d2297-4e57-4646-987f-cb3e286688d5.lock",
    "End Jitter": "PT0.373S",
    "Host File": "C:\\Users\\Brendan Kenna\\GitHub\\TaskTide\\tasktide\\itemstore\\ItemStore-Mutex\\Host-Lock\\1770411273407.10-171-238-13_417266c6-05ad-446f-85ea-ec7a6e45b72b.lock",
    "Id": "832d2297-4e57-4646-987f-cb3e286688d5",
    "Lock Dir": "C:\\Users\\Brendan Kenna\\GitHub\\TaskTide\\tasktide\\itemstore\\ItemStore-Mutex",
    "Lock File": "C:\\Users\\Brendan Kenna\\GitHub\\TaskTide\\tasktide\\itemstore\\ItemStore-Mutex\\lock-file.lock",
    "Mutex State": "WAITING",
    "Retry Interval": "PT0.261S",
    "Stale File Threshold": "PT10S",
    "Start Jitter": "PT0.398S",
    "Timestamp": 1770411273444
}'
2026-02-06 20:54:35 DEBUG [ main -> org.tasktide.itemstore.mutex.MutexStrategy$2.apply ]: Mutex initialized, inferring queue position
2026-02-06 20:54:35 DEBUG [ main -> org.tasktide.itemstore.mutex.MutexStrategy$2.apply ]: Queue position:	'18'

'{
    "Election File": "C:\\Users\\Brendan Kenna\\GitHub\\TaskTide\\tasktide\\itemstore\\ItemStore-Mutex\\Queue\\1770411274411.10-171-238-13_549f0e81-9927-46f0-bb26-da514aadde29_a6a0d84d-799b-4dbc-bb14-94a173b8b1ac.lock",
    "End Jitter": "PT0.188S",
    "Host File": "C:\\Users\\Brendan Kenna\\GitHub\\TaskTide\\tasktide\\itemstore\\ItemStore-Mutex\\Host-Lock\\1770411274410.10-171-238-13_549f0e81-9927-46f0-bb26-da514aadde29.lock",
    "Id": "a6a0d84d-799b-4dbc-bb14-94a173b8b1ac",
    "Lock Dir": "C:\\Users\\Brendan Kenna\\GitHub\\TaskTide\\tasktide\\itemstore\\ItemStore-Mutex",
    "Lock File": "C:\\Users\\Brendan Kenna\\GitHub\\TaskTide\\tasktide\\itemstore\\ItemStore-Mutex\\lock-file.lock",
    "Mutex State": "WAITING",
    "Retry Interval": "PT0.154S",
    "Stale File Threshold": "PT10S",
    "Start Jitter": "PT0.197S",
    "Timestamp": 1770411274437
}'
2026-02-06 20:54:35 DEBUG [ main -> org.tasktide.itemstore.mutex.MutexStrategy$2.apply ]: Queue position:	'17'

'{
    "Election File": "C:\\Users\\Brendan Kenna\\GitHub\\TaskTide\\tasktide\\itemstore\\ItemStore-Mutex\\Queue\\1770411273654.10-171-238-13_000956c9-e320-4824-9f66-0bdc82af9d65_f718fb4c-9b4a-492b-8376-a0976f567611.lock",
    "End Jitter": "PT0.246S",
    "Host File": "C:\\Users\\Brendan Kenna\\GitHub\\TaskTide\\tasktide\\itemstore\\ItemStore-Mutex\\Host-Lock\\1770411273653.10-171-238-13_000956c9-e320-4824-9f66-0bdc82af9d65.lock",
    "Id": "f718fb4c-9b4a-492b-8376-a0976f567611",
    "Lock Dir": "C:\\Users\\Brendan Kenna\\GitHub\\TaskTide\\tasktide\\itemstore\\ItemStore-Mutex",
    "Lock File": "C:\\Users\\Brendan Kenna\\GitHub\\TaskTide\\tasktide\\itemstore\\ItemStore-Mutex\\lock-file.lock",
    "Mutex State": "WAITING",
    "Retry Interval": "PT0.219S",
    "Stale File Threshold": "PT10S",
    "Start Jitter": "PT0.129S",
    "Timestamp": 1770411273889
}'
2026-02-06 20:54:36 DEBUG [ main -> org.tasktide.itemstore.mutex.MutexStrategy$2.apply ]: Mutex initialized, inferring queue position
2026-02-06 20:54:36 DEBUG [ main -> org.tasktide.itemstore.mutex.MutexStrategy$2.apply ]: Mutex initialized, inferring queue position
2026-02-06 20:54:36 DEBUG [ main -> org.tasktide.itemstore.mutex.MutexStrategy$2.apply ]: Queue position:	'20'

'{
    "Election File": "C:\\Users\\Brendan Kenna\\GitHub\\TaskTide\\tasktide\\itemstore\\ItemStore-Mutex\\Queue\\1770411274642.10-171-238-13_9b906e6d-4e7f-4514-a290-3cd6b03dae3b_65bc142c-42ab-42a6-8c0a-e9497d1fcc45.lock",
    "End Jitter": "PT0.277S",
    "Host File": "C:\\Users\\Brendan Kenna\\GitHub\\TaskTide\\tasktide\\itemstore\\ItemStore-Mutex\\Host-Lock\\1770411274641.10-171-238-13_9b906e6d-4e7f-4514-a290-3cd6b03dae3b.lock",
    "Id": "65bc142c-42ab-42a6-8c0a-e9497d1fcc45",
    "Lock Dir": "C:\\Users\\Brendan Kenna\\GitHub\\TaskTide\\tasktide\\itemstore\\ItemStore-Mutex",
    "Lock File": "C:\\Users\\Brendan Kenna\\GitHub\\TaskTide\\tasktide\\itemstore\\ItemStore-Mutex\\lock-file.lock",
    "Mutex State": "WAITING",
    "Retry Interval": "PT0.202S",
    "Stale File Threshold": "PT10S",
    "Start Jitter": "PT0.209S",
    "Timestamp": 1770411274709
}'
2026-02-06 20:54:36 DEBUG [ main -> org.tasktide.itemstore.mutex.MutexStrategy$2.apply ]: Queue position:	'19'

'{
    "Election File": "C:\\Users\\Brendan Kenna\\GitHub\\TaskTide\\tasktide\\itemstore\\ItemStore-Mutex\\Queue\\1770411274610.10-171-238-13_3d1b6feb-252c-4235-a7e4-bf217bbc5794_5baf6780-a662-4615-983d-1e7d644d95c7.lock",
    "End Jitter": "PT0.477S",
    "Host File": "C:\\Users\\Brendan Kenna\\GitHub\\TaskTide\\tasktide\\itemstore\\ItemStore-Mutex\\Host-Lock\\1770411274609.10-171-238-13_3d1b6feb-252c-4235-a7e4-bf217bbc5794.lock",
    "Id": "5baf6780-a662-4615-983d-1e7d644d95c7",
    "Lock Dir": "C:\\Users\\Brendan Kenna\\GitHub\\TaskTide\\tasktide\\itemstore\\ItemStore-Mutex",
    "Lock File": "C:\\Users\\Brendan Kenna\\GitHub\\TaskTide\\tasktide\\itemstore\\ItemStore-Mutex\\lock-file.lock",
    "Mutex State": "WAITING",
    "Retry Interval": "PT0.171S",
    "Stale File Threshold": "PT10S",
    "Start Jitter": "PT0.201S",
    "Timestamp": 1770411274627
}'
2026-02-06 20:54:36 DEBUG [ main -> org.tasktide.itemstore.mutex.MutexStrategy$2.apply ]: Mutex initialized, inferring queue position
2026-02-06 20:54:36 INFO  [ main -> org.tasktide.itemstore.mutex.LockActionReleaseApp.main ]: APP-Acquring lock
2026-02-06 20:54:36 DEBUG [ main -> org.tasktide.itemstore.mutex.MutexStrategy$2.apply ]: Queue position:	'21'

'{
    "Election File": "C:\\Users\\Brendan Kenna\\GitHub\\TaskTide\\tasktide\\itemstore\\ItemStore-Mutex\\Queue\\1770411274808.10-171-238-13_22b359c7-951b-4f62-a631-769101c0cbd0_517693ef-9da7-4834-a8a0-ee729139889c.lock",
    "End Jitter": "PT0.177S",
    "Host File": "C:\\Users\\Brendan Kenna\\GitHub\\TaskTide\\tasktide\\itemstore\\ItemStore-Mutex\\Host-Lock\\1770411274805.10-171-238-13_22b359c7-951b-4f62-a631-769101c0cbd0.lock",
    "Id": "517693ef-9da7-4834-a8a0-ee729139889c",
    "Lock Dir": "C:\\Users\\Brendan Kenna\\GitHub\\TaskTide\\tasktide\\itemstore\\ItemStore-Mutex",
    "Lock File": "C:\\Users\\Brendan Kenna\\GitHub\\TaskTide\\tasktide\\itemstore\\ItemStore-Mutex\\lock-file.lock",
    "Mutex State": "WAITING",
    "Retry Interval": "PT0.247S",
    "Stale File Threshold": "PT10S",
    "Start Jitter": "PT0.168S",
    "Timestamp": 1770411274833
}'
2026-02-06 20:54:36 INFO  [ main -> org.tasktide.itemstore.mutex.MutexOrchestrator.performLock ]: Waiting for NFS lock
2026-02-06 20:54:36 INFO  [ main -> org.tasktide.itemstore.mutex.MutexOrchestrator.performLock ]: File Channel Lock acquired
2026-02-06 20:54:36 DEBUG [ main -> org.tasktide.itemstore.mutex.MutexStrategy$2.apply ]: Initializing mutex
2026-02-06 20:54:36 INFO  [ main -> org.tasktide.itemstore.mutex.LockActionReleaseApp.main ]: APP-Writing '1' to data file:	'C:\Users\Brendan Kenna\GitHub\TaskTide\tasktide\itemstore\ItemStore-Mutex\multi-process.txt'
2026-02-06 20:54:36 INFO  [ main -> org.tasktide.itemstore.mutex.LockActionReleaseApp.main ]: APP-Record written, releasing lock
2026-02-06 20:54:36 INFO  [ main -> org.tasktide.itemstore.mutex.MutexOrchestrator.releaseLock ]: Releasing active lock
2026-02-06 20:54:36 INFO  [ main -> org.tasktide.itemstore.mutex.MutexOrchestrator.releaseActiveLock ]: Releasing FileChannel mutex
2026-02-06 20:54:37 INFO  [ main -> org.tasktide.itemstore.mutex.LockActionReleaseApp.main ]: APP-Acquring lock
2026-02-06 20:54:37 DEBUG [ main -> org.tasktide.itemstore.mutex.MutexStrategy$2.apply ]: Mutex initialized, inferring queue position
2026-02-06 20:54:37 INFO  [ main -> org.tasktide.itemstore.mutex.LockActionReleaseApp.lambda$wireRealMethodsWithLogging$1 ]: File Channel Lock release -> Mutex{id=7b6a58a2-0365-47ab-b380-4625ac29097f, lockDir=C:\Users\Brendan Kenna\GitHub\TaskTide\tasktide\itemstore\ItemStore-Mutex, lockFile=C:\Users\Brendan Kenna\GitHub\TaskTide\tasktide\itemstore\ItemStore-Mutex\lock-file.lock, hostFile=C:\Users\Brendan Kenna\GitHub\TaskTide\tasktide\itemstore\ItemStore-Mutex\Host-Lock\1770411268867.10-171-238-13_540e729e-92ae-4705-a982-0deb5ba2fca9.lock, retryInterval=PT0.028S, staleFileThreshold=PT10S, startJitter=PT0.126S, endJitter=PT0.4S, state=LOCKED}
2026-02-06 20:54:37 INFO  [ main -> org.tasktide.itemstore.mutex.MutexOrchestrator.releaseActiveLock ]: Releasing NFS mutex:
'{
    "Election File": "C:\\Users\\Brendan Kenna\\GitHub\\TaskTide\\tasktide\\itemstore\\ItemStore-Mutex\\Queue\\1770411268867.10-171-238-13_540e729e-92ae-4705-a982-0deb5ba2fca9_7b6a58a2-0365-47ab-b380-4625ac29097f.lock",
    "End Jitter": "PT0.4S",
    "Host File": "C:\\Users\\Brendan Kenna\\GitHub\\TaskTide\\tasktide\\itemstore\\ItemStore-Mutex\\Host-Lock\\1770411268867.10-171-238-13_540e729e-92ae-4705-a982-0deb5ba2fca9.lock",
    "Id": "7b6a58a2-0365-47ab-b380-4625ac29097f",
    "Lock Dir": "C:\\Users\\Brendan Kenna\\GitHub\\TaskTide\\tasktide\\itemstore\\ItemStore-Mutex",
    "Lock File": "C:\\Users\\Brendan Kenna\\GitHub\\TaskTide\\tasktide\\itemstore\\ItemStore-Mutex\\lock-file.lock",
    "Mutex State": "LOCKED",
    "Retry Interval": "PT0.028S",
    "Stale File Threshold": "PT10S",
    "Start Jitter": "PT0.126S",
    "Timestamp": 1770411268889
}'
2026-02-06 20:54:37 INFO  [ main -> org.tasktide.itemstore.mutex.LockActionReleaseApp.main ]: APP-Lock released, test complete
2026-02-06 20:54:37 DEBUG [ main -> org.tasktide.itemstore.mutex.MutexStrategy$2.apply ]: Active leader with Id:	'74023107-a6e1-4749-adf2-c693c8fbf802'
2026-02-06 20:54:37 DEBUG [ main -> org.tasktide.itemstore.mutex.MutexStrategy$2.apply ]: State set, writing mutex for:	'74023107-a6e1-4749-adf2-c693c8fbf802'
2026-02-06 20:54:37 DEBUG [ main -> org.tasktide.itemstore.mutex.MutexStrategy$2.apply ]: Active leader with Id:	'eea6913b-56de-4327-a408-b722eb3c7f2c'
2026-02-06 20:54:37 DEBUG [ main -> org.tasktide.itemstore.mutex.MutexStrategy$2.apply ]: State set, writing mutex for:	'eea6913b-56de-4327-a408-b722eb3c7f2c'
2026-02-06 20:54:37 DEBUG [ main -> org.tasktide.itemstore.mutex.MutexStrategy$2.apply ]: Queue position:	'21'

'{
    "Election File": "C:\\Users\\Brendan Kenna\\GitHub\\TaskTide\\tasktide\\itemstore\\ItemStore-Mutex\\Queue\\1770411276398.10-171-238-13_2652ec97-fa78-430e-8315-927cfe882572_5fb3e4e7-a86f-4ff9-ba4f-f68b8fe6d763.lock",
    "End Jitter": "PT0.176S",
    "Host File": "C:\\Users\\Brendan Kenna\\GitHub\\TaskTide\\tasktide\\itemstore\\ItemStore-Mutex\\Host-Lock\\1770411276397.10-171-238-13_2652ec97-fa78-430e-8315-927cfe882572.lock",
    "Id": "5fb3e4e7-a86f-4ff9-ba4f-f68b8fe6d763",
    "Lock Dir": "C:\\Users\\Brendan Kenna\\GitHub\\TaskTide\\tasktide\\itemstore\\ItemStore-Mutex",
    "Lock File": "C:\\Users\\Brendan Kenna\\GitHub\\TaskTide\\tasktide\\itemstore\\ItemStore-Mutex\\lock-file.lock",
    "Mutex State": "WAITING",
    "Retry Interval": "PT0.25S",
    "Stale File Threshold": "PT10S",
    "Start Jitter": "PT0.441S",
    "Timestamp": 1770411276419
}'
2026-02-06 20:54:37 INFO  [ main -> org.tasktide.itemstore.mutex.MutexOrchestrator.performLock ]: Waiting for NFS lock
2026-02-06 20:54:37 DEBUG [ main -> org.tasktide.itemstore.mutex.MutexStrategy$2.apply ]: Mutex written for:	'74023107-a6e1-4749-adf2-c693c8fbf802'
2026-02-06 20:54:37 DEBUG [ main -> org.tasktide.itemstore.mutex.MutexStrategy$2.apply ]: Mutex written for:	'eea6913b-56de-4327-a408-b722eb3c7f2c'
2026-02-06 20:54:37 DEBUG [ main -> org.tasktide.itemstore.mutex.MutexStrategy$2.apply ]: Initializing mutex
2026-02-06 20:54:37 DEBUG [ main -> org.tasktide.itemstore.mutex.MutexStrategy$2.apply ]: Host lock file created for:	'eea6913b-56de-4327-a408-b722eb3c7f2c'
2026-02-06 20:54:37 DEBUG [ main -> org.tasktide.itemstore.mutex.MutexStrategy$2.apply ]: Host lock file created for:	'74023107-a6e1-4749-adf2-c693c8fbf802'
2026-02-06 20:54:37 INFO  [ main -> org.tasktide.itemstore.mutex.LockActionReleaseApp.lambda$wireRealMethodsWithLogging$0 ]: NFS Lock acquire -> null
2026-02-06 20:54:37 INFO  [ main -> org.tasktide.itemstore.mutex.MutexOrchestrator.performLock ]: NFS Lock acquired
2026-02-06 20:54:37 INFO  [ main -> org.tasktide.itemstore.mutex.MutexOrchestrator.performLock ]: Confirming leadership:	'eea6913b-56de-4327-a408-b722eb3c7f2c'
2026-02-06 20:54:37 ERROR [ main -> org.tasktide.itemstore.mutex.LockActionReleaseApp.main ]: Unable to acquire lock exiting:

org.tasktide.itemstore.mutex.exceptions.ActiveMutexCheckedException: Sanity checked leader does not match currenteea6913b-56de-4327-a408-b722eb3c7f2c
	at org.tasktide.itemstore.mutex.MutexOrchestrator.confirmLeader(MutexOrchestrator.java:287)
	at org.tasktide.itemstore.mutex.MutexOrchestrator.performLock(MutexOrchestrator.java:176)
	at org.tasktide.itemstore.mutex.MutexOrchestrator.acquireLock(MutexOrchestrator.java:132)
	at org.tasktide.itemstore.mutex.LockActionReleaseApp.main(LockActionReleaseApp.java:120)
2026-02-06 20:54:37 INFO  [ main -> org.tasktide.itemstore.mutex.LockActionReleaseApp.lambda$wireRealMethodsWithLogging$0 ]: NFS Lock acquire -> null
2026-02-06 20:54:37 INFO  [ main -> org.tasktide.itemstore.mutex.MutexOrchestrator.performLock ]: NFS Lock acquired
2026-02-06 20:54:37 INFO  [ main -> org.tasktide.itemstore.mutex.MutexOrchestrator.performLock ]: Confirming leadership:	'74023107-a6e1-4749-adf2-c693c8fbf802'
2026-02-06 20:54:37 DEBUG [ main -> org.tasktide.itemstore.mutex.MutexStrategy$2.apply ]: Mutex initialized, inferring queue position
2026-02-06 20:54:38 DEBUG [ main -> org.tasktide.itemstore.mutex.MutexStrategy$2.apply ]: Queue position:	'22'

'{
    "Election File": "C:\\Users\\Brendan Kenna\\GitHub\\TaskTide\\tasktide\\itemstore\\ItemStore-Mutex\\Queue\\1770411277211.172-25-0-1_f684bb61-557d-4247-b825-174442703bce_ec3f176e-881f-48f1-93fe-6177bdf292dd.lock",
    "End Jitter": "PT0.447S",
    "Host File": "C:\\Users\\Brendan Kenna\\GitHub\\TaskTide\\tasktide\\itemstore\\ItemStore-Mutex\\Host-Lock\\1770411277211.10-171-238-13_f684bb61-557d-4247-b825-174442703bce.lock",
    "Id": "ec3f176e-881f-48f1-93fe-6177bdf292dd",
    "Lock Dir": "C:\\Users\\Brendan Kenna\\GitHub\\TaskTide\\tasktide\\itemstore\\ItemStore-Mutex",
    "Lock File": "C:\\Users\\Brendan Kenna\\GitHub\\TaskTide\\tasktide\\itemstore\\ItemStore-Mutex\\lock-file.lock",
    "Mutex State": "WAITING",
    "Retry Interval": "PT0.141S",
    "Stale File Threshold": "PT10S",
    "Start Jitter": "PT0.454S",
    "Timestamp": 1770411277232
}'
2026-02-06 20:54:38 INFO  [ main -> org.tasktide.itemstore.mutex.MutexOrchestrator.performLock ]: Leadership confirmed:	'74023107-a6e1-4749-adf2-c693c8fbf802'
2026-02-06 20:54:38 INFO  [ main -> org.tasktide.itemstore.mutex.MutexOrchestrator.performLock ]: Waiting for FileChannel lock
2026-02-06 20:54:39 INFO  [ main -> org.tasktide.itemstore.mutex.MutexOrchestrator.performLock ]: File Channel Lock acquired
2026-02-06 20:54:39 INFO  [ main -> org.tasktide.itemstore.mutex.LockActionReleaseApp.main ]: APP-Writing '2' to data file:	'C:\Users\Brendan Kenna\GitHub\TaskTide\tasktide\itemstore\ItemStore-Mutex\multi-process.txt'
2026-02-06 20:54:39 INFO  [ main -> org.tasktide.itemstore.mutex.LockActionReleaseApp.main ]: APP-Record written, releasing lock
2026-02-06 20:54:40 INFO  [ main -> org.tasktide.itemstore.mutex.MutexOrchestrator.releaseLock ]: Releasing active lock
2026-02-06 20:54:40 INFO  [ main -> org.tasktide.itemstore.mutex.MutexOrchestrator.releaseActiveLock ]: Releasing FileChannel mutex
2026-02-06 20:54:40 INFO  [ main -> org.tasktide.itemstore.mutex.LockActionReleaseApp.lambda$wireRealMethodsWithLogging$1 ]: File Channel Lock release -> Mutex{id=74023107-a6e1-4749-adf2-c693c8fbf802, lockDir=C:\Users\Brendan Kenna\GitHub\TaskTide\tasktide\itemstore\ItemStore-Mutex, lockFile=C:\Users\Brendan Kenna\GitHub\TaskTide\tasktide\itemstore\ItemStore-Mutex\lock-file.lock, hostFile=C:\Users\Brendan Kenna\GitHub\TaskTide\tasktide\itemstore\ItemStore-Mutex\Host-Lock\1770411269338.10-171-238-13_8d6d452a-3a85-4589-a30d-2226f4263d50.lock, retryInterval=PT0.127S, staleFileThreshold=PT10S, startJitter=PT0.156S, endJitter=PT0.435S, state=LOCKED}
2026-02-06 20:54:40 INFO  [ main -> org.tasktide.itemstore.mutex.MutexOrchestrator.releaseActiveLock ]: Releasing NFS mutex:
'{
    "Election File": "C:\\Users\\Brendan Kenna\\GitHub\\TaskTide\\tasktide\\itemstore\\ItemStore-Mutex\\Queue\\1770411269413.10-171-238-13_8d6d452a-3a85-4589-a30d-2226f4263d50_74023107-a6e1-4749-adf2-c693c8fbf802.lock",
    "End Jitter": "PT0.435S",
    "Host File": "C:\\Users\\Brendan Kenna\\GitHub\\TaskTide\\tasktide\\itemstore\\ItemStore-Mutex\\Host-Lock\\1770411269338.10-171-238-13_8d6d452a-3a85-4589-a30d-2226f4263d50.lock",
    "Id": "74023107-a6e1-4749-adf2-c693c8fbf802",
    "Lock Dir": "C:\\Users\\Brendan Kenna\\GitHub\\TaskTide\\tasktide\\itemstore\\ItemStore-Mutex",
    "Lock File": "C:\\Users\\Brendan Kenna\\GitHub\\TaskTide\\tasktide\\itemstore\\ItemStore-Mutex\\lock-file.lock",
    "Mutex State": "LOCKED",
    "Retry Interval": "PT0.127S",
    "Stale File Threshold": "PT10S",
    "Start Jitter": "PT0.156S",
    "Timestamp": 1770411269426
}'
2026-02-06 20:54:40 INFO  [ main -> org.tasktide.itemstore.mutex.LockActionReleaseApp.main ]: APP-Lock released, test complete
2026-02-06 20:56:48 DEBUG [ main -> org.tasktide.itemstore.mutex.MutexStrategy$2.apply ]: Active leader with Id:	'e5545930-b5a7-4530-a1cf-39a74f7c6aed'
2026-02-06 20:56:48 DEBUG [ main -> org.tasktide.itemstore.mutex.MutexStrategy$2.apply ]: State set, writing mutex for:	'e5545930-b5a7-4530-a1cf-39a74f7c6aed'
2026-02-06 20:56:48 DEBUG [ main -> org.tasktide.itemstore.mutex.MutexStrategy$2.apply ]: Mutex written for:	'e5545930-b5a7-4530-a1cf-39a74f7c6aed'
2026-02-06 20:56:48 DEBUG [ main -> org.tasktide.itemstore.mutex.MutexStrategy$2.apply ]: Host lock file created for:	'e5545930-b5a7-4530-a1cf-39a74f7c6aed'
2026-02-06 20:56:48 INFO  [ main -> org.tasktide.itemstore.mutex.LockActionReleaseApp.lambda$wireRealMethodsWithLogging$0 ]: NFS Lock acquire -> null
2026-02-06 20:56:48 INFO  [ main -> org.tasktide.itemstore.mutex.MutexOrchestrator.performLock ]: NFS Lock acquired
2026-02-06 20:56:48 INFO  [ main -> org.tasktide.itemstore.mutex.MutexOrchestrator.performLock ]: Confirming leadership:	'e5545930-b5a7-4530-a1cf-39a74f7c6aed'
2026-02-06 20:56:49 INFO  [ main -> org.tasktide.itemstore.mutex.MutexOrchestrator.performLock ]: Leadership confirmed:	'e5545930-b5a7-4530-a1cf-39a74f7c6aed'
2026-02-06 20:56:49 INFO  [ main -> org.tasktide.itemstore.mutex.MutexOrchestrator.performLock ]: Waiting for FileChannel lock
2026-02-06 20:56:49 INFO  [ main -> org.tasktide.itemstore.mutex.MutexOrchestrator.performLock ]: File Channel Lock acquired
2026-02-06 20:56:49 INFO  [ main -> org.tasktide.itemstore.mutex.LockActionReleaseApp.main ]: APP-Writing '3' to data file:	'C:\Users\Brendan Kenna\GitHub\TaskTide\tasktide\itemstore\ItemStore-Mutex\multi-process.txt'
2026-02-06 20:56:49 INFO  [ main -> org.tasktide.itemstore.mutex.LockActionReleaseApp.main ]: APP-Record written, releasing lock
2026-02-06 20:56:49 INFO  [ main -> org.tasktide.itemstore.mutex.MutexOrchestrator.releaseLock ]: Releasing active lock
2026-02-06 20:56:49 INFO  [ main -> org.tasktide.itemstore.mutex.MutexOrchestrator.releaseActiveLock ]: Releasing FileChannel mutex
2026-02-06 20:56:49 INFO  [ main -> org.tasktide.itemstore.mutex.LockActionReleaseApp.lambda$wireRealMethodsWithLogging$1 ]: File Channel Lock release -> Mutex{id=e5545930-b5a7-4530-a1cf-39a74f7c6aed, lockDir=C:\Users\Brendan Kenna\GitHub\TaskTide\tasktide\itemstore\ItemStore-Mutex, lockFile=C:\Users\Brendan Kenna\GitHub\TaskTide\tasktide\itemstore\ItemStore-Mutex\lock-file.lock, hostFile=C:\Users\Brendan Kenna\GitHub\TaskTide\tasktide\itemstore\ItemStore-Mutex\Host-Lock\1770411269877.10-171-238-13_e45317bb-11fc-47e2-bc9d-3e471c985ac8.lock, retryInterval=PT0.154S, staleFileThreshold=PT10S, startJitter=PT0.357S, endJitter=PT0.357S, state=LOCKED}
2026-02-06 20:56:49 INFO  [ main -> org.tasktide.itemstore.mutex.MutexOrchestrator.releaseActiveLock ]: Releasing NFS mutex:
'{
    "Election File": "C:\\Users\\Brendan Kenna\\GitHub\\TaskTide\\tasktide\\itemstore\\ItemStore-Mutex\\Queue\\1770411269878.10-171-238-13_e45317bb-11fc-47e2-bc9d-3e471c985ac8_e5545930-b5a7-4530-a1cf-39a74f7c6aed.lock",
    "End Jitter": "PT0.357S",
    "Host File": "C:\\Users\\Brendan Kenna\\GitHub\\TaskTide\\tasktide\\itemstore\\ItemStore-Mutex\\Host-Lock\\1770411269877.10-171-238-13_e45317bb-11fc-47e2-bc9d-3e471c985ac8.lock",
    "Id": "e5545930-b5a7-4530-a1cf-39a74f7c6aed",
    "Lock Dir": "C:\\Users\\Brendan Kenna\\GitHub\\TaskTide\\tasktide\\itemstore\\ItemStore-Mutex",
    "Lock File": "C:\\Users\\Brendan Kenna\\GitHub\\TaskTide\\tasktide\\itemstore\\ItemStore-Mutex\\lock-file.lock",
    "Mutex State": "LOCKED",
    "Retry Interval": "PT0.154S",
    "Stale File Threshold": "PT10S",
    "Start Jitter": "PT0.357S",
    "Timestamp": 1770411269910
}'
2026-02-06 20:56:49 INFO  [ main -> org.tasktide.itemstore.mutex.LockActionReleaseApp.main ]: APP-Lock released, test complete
2026-02-06 20:56:49 DEBUG [ main -> org.tasktide.itemstore.mutex.MutexStrategy$2.apply ]: Active leader with Id:	'0774ced7-60a8-4943-8b96-e3288e49dc97'
2026-02-06 20:56:49 DEBUG [ main -> org.tasktide.itemstore.mutex.MutexStrategy$2.apply ]: State set, writing mutex for:	'0774ced7-60a8-4943-8b96-e3288e49dc97'
2026-02-06 20:56:49 DEBUG [ main -> org.tasktide.itemstore.mutex.MutexStrategy$2.apply ]: Mutex written for:	'0774ced7-60a8-4943-8b96-e3288e49dc97'
2026-02-06 20:56:49 DEBUG [ main -> org.tasktide.itemstore.mutex.MutexStrategy$2.apply ]: Host lock file created for:	'0774ced7-60a8-4943-8b96-e3288e49dc97'
2026-02-06 20:56:50 INFO  [ main -> org.tasktide.itemstore.mutex.LockActionReleaseApp.lambda$wireRealMethodsWithLogging$0 ]: NFS Lock acquire -> null
2026-02-06 20:56:50 INFO  [ main -> org.tasktide.itemstore.mutex.MutexOrchestrator.performLock ]: NFS Lock acquired
2026-02-06 20:56:50 INFO  [ main -> org.tasktide.itemstore.mutex.MutexOrchestrator.performLock ]: Confirming leadership:	'0774ced7-60a8-4943-8b96-e3288e49dc97'
2026-02-06 20:56:50 INFO  [ main -> org.tasktide.itemstore.mutex.MutexOrchestrator.performLock ]: Leadership confirmed:	'0774ced7-60a8-4943-8b96-e3288e49dc97'
2026-02-06 20:56:50 INFO  [ main -> org.tasktide.itemstore.mutex.MutexOrchestrator.performLock ]: Waiting for FileChannel lock
2026-02-06 20:56:52 INFO  [ main -> org.tasktide.itemstore.mutex.MutexOrchestrator.performLock ]: File Channel Lock acquired
2026-02-06 20:56:52 INFO  [ main -> org.tasktide.itemstore.mutex.LockActionReleaseApp.main ]: APP-Writing '4' to data file:	'C:\Users\Brendan Kenna\GitHub\TaskTide\tasktide\itemstore\ItemStore-Mutex\multi-process.txt'
2026-02-06 20:56:52 INFO  [ main -> org.tasktide.itemstore.mutex.LockActionReleaseApp.main ]: APP-Record written, releasing lock
2026-02-06 20:56:52 INFO  [ main -> org.tasktide.itemstore.mutex.MutexOrchestrator.releaseLock ]: Releasing active lock
2026-02-06 20:56:52 INFO  [ main -> org.tasktide.itemstore.mutex.MutexOrchestrator.releaseActiveLock ]: Releasing FileChannel mutex
2026-02-06 20:56:53 INFO  [ main -> org.tasktide.itemstore.mutex.LockActionReleaseApp.lambda$wireRealMethodsWithLogging$1 ]: File Channel Lock release -> Mutex{id=0774ced7-60a8-4943-8b96-e3288e49dc97, lockDir=C:\Users\Brendan Kenna\GitHub\TaskTide\tasktide\itemstore\ItemStore-Mutex, lockFile=C:\Users\Brendan Kenna\GitHub\TaskTide\tasktide\itemstore\ItemStore-Mutex\lock-file.lock, hostFile=C:\Users\Brendan Kenna\GitHub\TaskTide\tasktide\itemstore\ItemStore-Mutex\Host-Lock\1770411269694.10-171-238-13_18a5c1c3-8cb3-4f84-9240-a2eb88d1fcf9.lock, retryInterval=PT0.207S, staleFileThreshold=PT10S, startJitter=PT0.217S, endJitter=PT0.472S, state=LOCKED}
2026-02-06 20:56:53 INFO  [ main -> org.tasktide.itemstore.mutex.MutexOrchestrator.releaseActiveLock ]: Releasing NFS mutex:
'{
    "Election File": "C:\\Users\\Brendan Kenna\\GitHub\\TaskTide\\tasktide\\itemstore\\ItemStore-Mutex\\Queue\\1770411269959.10-171-238-13_18a5c1c3-8cb3-4f84-9240-a2eb88d1fcf9_0774ced7-60a8-4943-8b96-e3288e49dc97.lock",
    "End Jitter": "PT0.472S",
    "Host File": "C:\\Users\\Brendan Kenna\\GitHub\\TaskTide\\tasktide\\itemstore\\ItemStore-Mutex\\Host-Lock\\1770411269694.10-171-238-13_18a5c1c3-8cb3-4f84-9240-a2eb88d1fcf9.lock",
    "Id": "0774ced7-60a8-4943-8b96-e3288e49dc97",
    "Lock Dir": "C:\\Users\\Brendan Kenna\\GitHub\\TaskTide\\tasktide\\itemstore\\ItemStore-Mutex",
    "Lock File": "C:\\Users\\Brendan Kenna\\GitHub\\TaskTide\\tasktide\\itemstore\\ItemStore-Mutex\\lock-file.lock",
    "Mutex State": "LOCKED",
    "Retry Interval": "PT0.207S",
    "Stale File Threshold": "PT10S",
    "Start Jitter": "PT0.217S",
    "Timestamp": 1770411269971
}'
2026-02-06 20:56:53 INFO  [ main -> org.tasktide.itemstore.mutex.LockActionReleaseApp.main ]: APP-Lock released, test complete
2026-02-06 20:56:53 DEBUG [ main -> org.tasktide.itemstore.mutex.MutexStrategy$2.apply ]: Active leader with Id:	'e3913380-0a67-46b1-a5e4-caa4adfca78e'
2026-02-06 20:56:53 DEBUG [ main -> org.tasktide.itemstore.mutex.MutexStrategy$2.apply ]: State set, writing mutex for:	'e3913380-0a67-46b1-a5e4-caa4adfca78e'
2026-02-06 20:56:53 DEBUG [ main -> org.tasktide.itemstore.mutex.MutexStrategy$2.apply ]: Active leader with Id:	'a69913f7-251c-4817-ac59-3fbb9b7d3211'
2026-02-06 20:56:53 DEBUG [ main -> org.tasktide.itemstore.mutex.MutexStrategy$2.apply ]: State set, writing mutex for:	'a69913f7-251c-4817-ac59-3fbb9b7d3211'
2026-02-06 20:56:53 DEBUG [ main -> org.tasktide.itemstore.mutex.MutexStrategy$2.apply ]: Active leader with Id:	'02f52db1-eb02-45a6-86a2-87c09a016e1c'
2026-02-06 20:56:53 DEBUG [ main -> org.tasktide.itemstore.mutex.MutexStrategy$2.apply ]: State set, writing mutex for:	'02f52db1-eb02-45a6-86a2-87c09a016e1c'
2026-02-06 20:56:53 DEBUG [ main -> org.tasktide.itemstore.mutex.MutexStrategy$2.apply ]: Mutex written for:	'e3913380-0a67-46b1-a5e4-caa4adfca78e'
2026-02-06 20:56:53 DEBUG [ main -> org.tasktide.itemstore.mutex.MutexStrategy$2.apply ]: Mutex written for:	'a69913f7-251c-4817-ac59-3fbb9b7d3211'
2026-02-06 20:56:53 DEBUG [ main -> org.tasktide.itemstore.mutex.MutexStrategy$2.apply ]: Mutex written for:	'02f52db1-eb02-45a6-86a2-87c09a016e1c'
2026-02-06 20:56:53 DEBUG [ main -> org.tasktide.itemstore.mutex.MutexStrategy$2.apply ]: Host lock file created for:	'a69913f7-251c-4817-ac59-3fbb9b7d3211'
2026-02-06 20:56:53 INFO  [ main -> org.tasktide.itemstore.mutex.LockActionReleaseApp.lambda$wireRealMethodsWithLogging$0 ]: NFS Lock acquire -> null
2026-02-06 20:56:53 INFO  [ main -> org.tasktide.itemstore.mutex.MutexOrchestrator.performLock ]: NFS Lock acquired
2026-02-06 20:56:53 INFO  [ main -> org.tasktide.itemstore.mutex.MutexOrchestrator.performLock ]: Confirming leadership:	'a69913f7-251c-4817-ac59-3fbb9b7d3211'
2026-02-06 20:56:53 DEBUG [ main -> org.tasktide.itemstore.mutex.MutexStrategy$2.apply ]: Host lock file created for:	'02f52db1-eb02-45a6-86a2-87c09a016e1c'
2026-02-06 20:56:53 INFO  [ main -> org.tasktide.itemstore.mutex.LockActionReleaseApp.lambda$wireRealMethodsWithLogging$0 ]: NFS Lock acquire -> null
2026-02-06 20:56:53 INFO  [ main -> org.tasktide.itemstore.mutex.MutexOrchestrator.performLock ]: NFS Lock acquired
2026-02-06 20:56:53 INFO  [ main -> org.tasktide.itemstore.mutex.MutexOrchestrator.performLock ]: Confirming leadership:	'02f52db1-eb02-45a6-86a2-87c09a016e1c'
2026-02-06 20:56:53 DEBUG [ main -> org.tasktide.itemstore.mutex.MutexStrategy$2.apply ]: Host lock file created for:	'e3913380-0a67-46b1-a5e4-caa4adfca78e'
2026-02-06 20:56:53 ERROR [ main -> org.tasktide.itemstore.mutex.LockActionReleaseApp.main ]: Unable to acquire lock exiting:

org.tasktide.itemstore.mutex.exceptions.ActiveMutexCheckedException: Sanity checked leader does not match current02f52db1-eb02-45a6-86a2-87c09a016e1c
	at org.tasktide.itemstore.mutex.MutexOrchestrator.confirmLeader(MutexOrchestrator.java:287)
	at org.tasktide.itemstore.mutex.MutexOrchestrator.performLock(MutexOrchestrator.java:176)
	at org.tasktide.itemstore.mutex.MutexOrchestrator.acquireLock(MutexOrchestrator.java:132)
	at org.tasktide.itemstore.mutex.LockActionReleaseApp.main(LockActionReleaseApp.java:120)
2026-02-06 20:56:53 INFO  [ main -> org.tasktide.itemstore.mutex.LockActionReleaseApp.lambda$wireRealMethodsWithLogging$0 ]: NFS Lock acquire -> null
2026-02-06 20:56:53 INFO  [ main -> org.tasktide.itemstore.mutex.MutexOrchestrator.performLock ]: NFS Lock acquired
2026-02-06 20:56:53 INFO  [ main -> org.tasktide.itemstore.mutex.MutexOrchestrator.performLock ]: Confirming leadership:	'e3913380-0a67-46b1-a5e4-caa4adfca78e'
2026-02-06 20:56:53 ERROR [ main -> org.tasktide.itemstore.mutex.LockActionReleaseApp.main ]: Unable to acquire lock exiting:

org.tasktide.itemstore.mutex.exceptions.ActiveMutexCheckedException: Sanity checked leader does not match currenta69913f7-251c-4817-ac59-3fbb9b7d3211
	at org.tasktide.itemstore.mutex.MutexOrchestrator.confirmLeader(MutexOrchestrator.java:287)
	at org.tasktide.itemstore.mutex.MutexOrchestrator.performLock(MutexOrchestrator.java:176)
	at org.tasktide.itemstore.mutex.MutexOrchestrator.acquireLock(MutexOrchestrator.java:132)
	at org.tasktide.itemstore.mutex.LockActionReleaseApp.main(LockActionReleaseApp.java:120)
2026-02-06 20:56:53 INFO  [ main -> org.tasktide.itemstore.mutex.MutexOrchestrator.performLock ]: Leadership confirmed:	'e3913380-0a67-46b1-a5e4-caa4adfca78e'
2026-02-06 20:56:53 INFO  [ main -> org.tasktide.itemstore.mutex.MutexOrchestrator.performLock ]: Waiting for FileChannel lock
2026-02-06 20:56:54 INFO  [ main -> org.tasktide.itemstore.mutex.MutexOrchestrator.performLock ]: File Channel Lock acquired
2026-02-06 20:56:54 INFO  [ main -> org.tasktide.itemstore.mutex.LockActionReleaseApp.main ]: APP-Writing '5' to data file:	'C:\Users\Brendan Kenna\GitHub\TaskTide\tasktide\itemstore\ItemStore-Mutex\multi-process.txt'
2026-02-06 20:56:54 INFO  [ main -> org.tasktide.itemstore.mutex.LockActionReleaseApp.main ]: APP-Record written, releasing lock
2026-02-06 20:56:54 INFO  [ main -> org.tasktide.itemstore.mutex.MutexOrchestrator.releaseLock ]: Releasing active lock
2026-02-06 20:56:54 INFO  [ main -> org.tasktide.itemstore.mutex.MutexOrchestrator.releaseActiveLock ]: Releasing FileChannel mutex
2026-02-06 20:56:54 INFO  [ main -> org.tasktide.itemstore.mutex.LockActionReleaseApp.lambda$wireRealMethodsWithLogging$1 ]: File Channel Lock release -> Mutex{id=e3913380-0a67-46b1-a5e4-caa4adfca78e, lockDir=C:\Users\Brendan Kenna\GitHub\TaskTide\tasktide\itemstore\ItemStore-Mutex, lockFile=C:\Users\Brendan Kenna\GitHub\TaskTide\tasktide\itemstore\ItemStore-Mutex\lock-file.lock, hostFile=C:\Users\Brendan Kenna\GitHub\TaskTide\tasktide\itemstore\ItemStore-Mutex\Host-Lock\1770411270107.10-171-238-13_a708e4a6-6e2d-4c05-8558-4016f4bc948f.lock, retryInterval=PT0.019S, staleFileThreshold=PT10S, startJitter=PT0.133S, endJitter=PT0.156S, state=LOCKED}
2026-02-06 20:56:54 INFO  [ main -> org.tasktide.itemstore.mutex.MutexOrchestrator.releaseActiveLock ]: Releasing NFS mutex:
'{
    "Election File": "C:\\Users\\Brendan Kenna\\GitHub\\TaskTide\\tasktide\\itemstore\\ItemStore-Mutex\\Queue\\1770411270107.10-171-238-13_a708e4a6-6e2d-4c05-8558-4016f4bc948f_e3913380-0a67-46b1-a5e4-caa4adfca78e.lock",
    "End Jitter": "PT0.156S",
    "Host File": "C:\\Users\\Brendan Kenna\\GitHub\\TaskTide\\tasktide\\itemstore\\ItemStore-Mutex\\Host-Lock\\1770411270107.10-171-238-13_a708e4a6-6e2d-4c05-8558-4016f4bc948f.lock",
    "Id": "e3913380-0a67-46b1-a5e4-caa4adfca78e",
    "Lock Dir": "C:\\Users\\Brendan Kenna\\GitHub\\TaskTide\\tasktide\\itemstore\\ItemStore-Mutex",
    "Lock File": "C:\\Users\\Brendan Kenna\\GitHub\\TaskTide\\tasktide\\itemstore\\ItemStore-Mutex\\lock-file.lock",
    "Mutex State": "LOCKED",
    "Retry Interval": "PT0.019S",
    "Stale File Threshold": "PT10S",
    "Start Jitter": "PT0.133S",
    "Timestamp": 1770411270155
}'
2026-02-06 20:56:54 INFO  [ main -> org.tasktide.itemstore.mutex.LockActionReleaseApp.main ]: APP-Lock released, test complete
2026-02-06 20:57:40 DEBUG [ main -> org.tasktide.itemstore.mutex.MutexStrategy$2.apply ]: Active leader with Id:	'b1dd4638-38ae-4637-9eae-245715902ba3'
2026-02-06 20:57:40 DEBUG [ main -> org.tasktide.itemstore.mutex.MutexStrategy$2.apply ]: State set, writing mutex for:	'b1dd4638-38ae-4637-9eae-245715902ba3'
2026-02-06 20:57:40 DEBUG [ main -> org.tasktide.itemstore.mutex.MutexStrategy$2.apply ]: Mutex written for:	'b1dd4638-38ae-4637-9eae-245715902ba3'
2026-02-06 20:57:40 DEBUG [ main -> org.tasktide.itemstore.mutex.MutexStrategy$2.apply ]: Host lock file created for:	'b1dd4638-38ae-4637-9eae-245715902ba3'
2026-02-06 20:57:40 INFO  [ main -> org.tasktide.itemstore.mutex.LockActionReleaseApp.lambda$wireRealMethodsWithLogging$0 ]: NFS Lock acquire -> null
2026-02-06 20:57:40 INFO  [ main -> org.tasktide.itemstore.mutex.MutexOrchestrator.performLock ]: NFS Lock acquired
2026-02-06 20:57:40 INFO  [ main -> org.tasktide.itemstore.mutex.MutexOrchestrator.performLock ]: Confirming leadership:	'b1dd4638-38ae-4637-9eae-245715902ba3'
2026-02-06 20:57:41 INFO  [ main -> org.tasktide.itemstore.mutex.MutexOrchestrator.performLock ]: Leadership confirmed:	'b1dd4638-38ae-4637-9eae-245715902ba3'
2026-02-06 20:57:41 INFO  [ main -> org.tasktide.itemstore.mutex.MutexOrchestrator.performLock ]: Waiting for FileChannel lock
2026-02-06 20:57:42 INFO  [ main -> org.tasktide.itemstore.mutex.MutexOrchestrator.performLock ]: File Channel Lock acquired
2026-02-06 20:57:42 INFO  [ main -> org.tasktide.itemstore.mutex.LockActionReleaseApp.main ]: APP-Writing '6' to data file:	'C:\Users\Brendan Kenna\GitHub\TaskTide\tasktide\itemstore\ItemStore-Mutex\multi-process.txt'
2026-02-06 20:57:42 INFO  [ main -> org.tasktide.itemstore.mutex.LockActionReleaseApp.main ]: APP-Record written, releasing lock
2026-02-06 20:57:43 INFO  [ main -> org.tasktide.itemstore.mutex.MutexOrchestrator.releaseLock ]: Releasing active lock
2026-02-06 20:57:43 INFO  [ main -> org.tasktide.itemstore.mutex.MutexOrchestrator.releaseActiveLock ]: Releasing FileChannel mutex
2026-02-06 20:57:43 INFO  [ main -> org.tasktide.itemstore.mutex.LockActionReleaseApp.lambda$wireRealMethodsWithLogging$1 ]: File Channel Lock release -> Mutex{id=b1dd4638-38ae-4637-9eae-245715902ba3, lockDir=C:\Users\Brendan Kenna\GitHub\TaskTide\tasktide\itemstore\ItemStore-Mutex, lockFile=C:\Users\Brendan Kenna\GitHub\TaskTide\tasktide\itemstore\ItemStore-Mutex\lock-file.lock, hostFile=C:\Users\Brendan Kenna\GitHub\TaskTide\tasktide\itemstore\ItemStore-Mutex\Host-Lock\1770411270751.10-171-238-13_f6025251-dfa1-4dd0-a2ba-038b617b4d1b.lock, retryInterval=PT0.199S, staleFileThreshold=PT10S, startJitter=PT0.144S, endJitter=PT0.457S, state=LOCKED}
2026-02-06 20:57:43 INFO  [ main -> org.tasktide.itemstore.mutex.MutexOrchestrator.releaseActiveLock ]: Releasing NFS mutex:
'{
    "Election File": "C:\\Users\\Brendan Kenna\\GitHub\\TaskTide\\tasktide\\itemstore\\ItemStore-Mutex\\Queue\\1770411270753.10-171-238-13_f6025251-dfa1-4dd0-a2ba-038b617b4d1b_b1dd4638-38ae-4637-9eae-245715902ba3.lock",
    "End Jitter": "PT0.457S",
    "Host File": "C:\\Users\\Brendan Kenna\\GitHub\\TaskTide\\tasktide\\itemstore\\ItemStore-Mutex\\Host-Lock\\1770411270751.10-171-238-13_f6025251-dfa1-4dd0-a2ba-038b617b4d1b.lock",
    "Id": "b1dd4638-38ae-4637-9eae-245715902ba3",
    "Lock Dir": "C:\\Users\\Brendan Kenna\\GitHub\\TaskTide\\tasktide\\itemstore\\ItemStore-Mutex",
    "Lock File": "C:\\Users\\Brendan Kenna\\GitHub\\TaskTide\\tasktide\\itemstore\\ItemStore-Mutex\\lock-file.lock",
    "Mutex State": "LOCKED",
    "Retry Interval": "PT0.199S",
    "Stale File Threshold": "PT10S",
    "Start Jitter": "PT0.144S",
    "Timestamp": 1770411270778
}'
2026-02-06 20:57:43 INFO  [ main -> org.tasktide.itemstore.mutex.LockActionReleaseApp.main ]: APP-Lock released, test complete
2026-02-06 20:57:43 DEBUG [ main -> org.tasktide.itemstore.mutex.MutexStrategy$2.apply ]: Active leader with Id:	'c76331e4-4247-4b1b-8e4b-91ffa71ff1bd'
2026-02-06 20:57:43 DEBUG [ main -> org.tasktide.itemstore.mutex.MutexStrategy$2.apply ]: State set, writing mutex for:	'c76331e4-4247-4b1b-8e4b-91ffa71ff1bd'
2026-02-06 20:57:43 DEBUG [ main -> org.tasktide.itemstore.mutex.MutexStrategy$2.apply ]: Mutex written for:	'c76331e4-4247-4b1b-8e4b-91ffa71ff1bd'
2026-02-06 20:57:43 DEBUG [ main -> org.tasktide.itemstore.mutex.MutexStrategy$2.apply ]: Host lock file created for:	'c76331e4-4247-4b1b-8e4b-91ffa71ff1bd'
2026-02-06 20:57:44 INFO  [ main -> org.tasktide.itemstore.mutex.LockActionReleaseApp.lambda$wireRealMethodsWithLogging$0 ]: NFS Lock acquire -> null
2026-02-06 20:57:44 INFO  [ main -> org.tasktide.itemstore.mutex.MutexOrchestrator.performLock ]: NFS Lock acquired
2026-02-06 20:57:44 INFO  [ main -> org.tasktide.itemstore.mutex.MutexOrchestrator.performLock ]: Confirming leadership:	'c76331e4-4247-4b1b-8e4b-91ffa71ff1bd'
2026-02-06 20:57:45 INFO  [ main -> org.tasktide.itemstore.mutex.MutexOrchestrator.performLock ]: Leadership confirmed:	'c76331e4-4247-4b1b-8e4b-91ffa71ff1bd'
2026-02-06 20:57:45 INFO  [ main -> org.tasktide.itemstore.mutex.MutexOrchestrator.performLock ]: Waiting for FileChannel lock
2026-02-06 20:57:46 INFO  [ main -> org.tasktide.itemstore.mutex.MutexOrchestrator.performLock ]: File Channel Lock acquired
2026-02-06 20:57:46 INFO  [ main -> org.tasktide.itemstore.mutex.LockActionReleaseApp.main ]: APP-Writing '7' to data file:	'C:\Users\Brendan Kenna\GitHub\TaskTide\tasktide\itemstore\ItemStore-Mutex\multi-process.txt'
2026-02-06 20:57:46 INFO  [ main -> org.tasktide.itemstore.mutex.LockActionReleaseApp.main ]: APP-Record written, releasing lock
2026-02-06 20:57:47 INFO  [ main -> org.tasktide.itemstore.mutex.MutexOrchestrator.releaseLock ]: Releasing active lock
2026-02-06 20:57:47 INFO  [ main -> org.tasktide.itemstore.mutex.MutexOrchestrator.releaseActiveLock ]: Releasing FileChannel mutex
2026-02-06 20:57:47 INFO  [ main -> org.tasktide.itemstore.mutex.LockActionReleaseApp.lambda$wireRealMethodsWithLogging$1 ]: File Channel Lock release -> Mutex{id=c76331e4-4247-4b1b-8e4b-91ffa71ff1bd, lockDir=C:\Users\Brendan Kenna\GitHub\TaskTide\tasktide\itemstore\ItemStore-Mutex, lockFile=C:\Users\Brendan Kenna\GitHub\TaskTide\tasktide\itemstore\ItemStore-Mutex\lock-file.lock, hostFile=C:\Users\Brendan Kenna\GitHub\TaskTide\tasktide\itemstore\ItemStore-Mutex\Host-Lock\1770411270805.10-171-238-13_d3d04cdf-9b1d-4c40-95d8-535579ee71b1.lock, retryInterval=PT0.082S, staleFileThreshold=PT10S, startJitter=PT0.344S, endJitter=PT0.423S, state=LOCKED}
2026-02-06 20:57:47 INFO  [ main -> org.tasktide.itemstore.mutex.MutexOrchestrator.releaseActiveLock ]: Releasing NFS mutex:
'{
    "Election File": "C:\\Users\\Brendan Kenna\\GitHub\\TaskTide\\tasktide\\itemstore\\ItemStore-Mutex\\Queue\\1770411270806.10-171-238-13_d3d04cdf-9b1d-4c40-95d8-535579ee71b1_c76331e4-4247-4b1b-8e4b-91ffa71ff1bd.lock",
    "End Jitter": "PT0.423S",
    "Host File": "C:\\Users\\Brendan Kenna\\GitHub\\TaskTide\\tasktide\\itemstore\\ItemStore-Mutex\\Host-Lock\\1770411270805.10-171-238-13_d3d04cdf-9b1d-4c40-95d8-535579ee71b1.lock",
    "Id": "c76331e4-4247-4b1b-8e4b-91ffa71ff1bd",
    "Lock Dir": "C:\\Users\\Brendan Kenna\\GitHub\\TaskTide\\tasktide\\itemstore\\ItemStore-Mutex",
    "Lock File": "C:\\Users\\Brendan Kenna\\GitHub\\TaskTide\\tasktide\\itemstore\\ItemStore-Mutex\\lock-file.lock",
    "Mutex State": "LOCKED",
    "Retry Interval": "PT0.082S",
    "Stale File Threshold": "PT10S",
    "Start Jitter": "PT0.344S",
    "Timestamp": 1770411270845
}'
2026-02-06 20:57:47 INFO  [ main -> org.tasktide.itemstore.mutex.LockActionReleaseApp.main ]: APP-Lock released, test complete
2026-02-06 20:57:58 DEBUG [ main -> org.tasktide.itemstore.mutex.MutexStrategy$2.apply ]: Active leader with Id:	'c28c9d3a-7c9d-41e8-90cd-9edfb4b32bf8'
2026-02-06 20:57:58 DEBUG [ main -> org.tasktide.itemstore.mutex.MutexStrategy$2.apply ]: State set, writing mutex for:	'c28c9d3a-7c9d-41e8-90cd-9edfb4b32bf8'
2026-02-06 20:57:58 DEBUG [ main -> org.tasktide.itemstore.mutex.MutexStrategy$2.apply ]: Active leader with Id:	'09bf3a0c-8764-42ea-98af-fa7118cb8b71'
2026-02-06 20:57:58 DEBUG [ main -> org.tasktide.itemstore.mutex.MutexStrategy$2.apply ]: State set, writing mutex for:	'09bf3a0c-8764-42ea-98af-fa7118cb8b71'
2026-02-06 20:57:58 DEBUG [ main -> org.tasktide.itemstore.mutex.MutexStrategy$2.apply ]: Active leader with Id:	'd76c643c-8f6b-4b47-ac1b-ede10e180d53'
2026-02-06 20:57:58 DEBUG [ main -> org.tasktide.itemstore.mutex.MutexStrategy$2.apply ]: State set, writing mutex for:	'd76c643c-8f6b-4b47-ac1b-ede10e180d53'
2026-02-06 20:57:58 DEBUG [ main -> org.tasktide.itemstore.mutex.MutexStrategy$2.apply ]: Mutex written for:	'c28c9d3a-7c9d-41e8-90cd-9edfb4b32bf8'
2026-02-06 20:57:58 DEBUG [ main -> org.tasktide.itemstore.mutex.MutexStrategy$2.apply ]: Mutex written for:	'09bf3a0c-8764-42ea-98af-fa7118cb8b71'
2026-02-06 20:57:58 DEBUG [ main -> org.tasktide.itemstore.mutex.MutexStrategy$2.apply ]: Mutex written for:	'd76c643c-8f6b-4b47-ac1b-ede10e180d53'
2026-02-06 20:57:58 DEBUG [ main -> org.tasktide.itemstore.mutex.MutexStrategy$2.apply ]: Host lock file created for:	'c28c9d3a-7c9d-41e8-90cd-9edfb4b32bf8'
2026-02-06 20:57:58 INFO  [ main -> org.tasktide.itemstore.mutex.LockActionReleaseApp.lambda$wireRealMethodsWithLogging$0 ]: NFS Lock acquire -> null
2026-02-06 20:57:58 INFO  [ main -> org.tasktide.itemstore.mutex.MutexOrchestrator.performLock ]: NFS Lock acquired
2026-02-06 20:57:58 INFO  [ main -> org.tasktide.itemstore.mutex.MutexOrchestrator.performLock ]: Confirming leadership:	'c28c9d3a-7c9d-41e8-90cd-9edfb4b32bf8'
2026-02-06 20:57:58 DEBUG [ main -> org.tasktide.itemstore.mutex.MutexStrategy$2.apply ]: Host lock file created for:	'09bf3a0c-8764-42ea-98af-fa7118cb8b71'
2026-02-06 20:57:58 DEBUG [ main -> org.tasktide.itemstore.mutex.MutexStrategy$2.apply ]: Host lock file created for:	'd76c643c-8f6b-4b47-ac1b-ede10e180d53'
2026-02-06 20:57:58 INFO  [ main -> org.tasktide.itemstore.mutex.LockActionReleaseApp.lambda$wireRealMethodsWithLogging$0 ]: NFS Lock acquire -> null
2026-02-06 20:57:58 INFO  [ main -> org.tasktide.itemstore.mutex.MutexOrchestrator.performLock ]: NFS Lock acquired
2026-02-06 20:57:58 INFO  [ main -> org.tasktide.itemstore.mutex.MutexOrchestrator.performLock ]: Confirming leadership:	'09bf3a0c-8764-42ea-98af-fa7118cb8b71'
2026-02-06 20:57:58 INFO  [ main -> org.tasktide.itemstore.mutex.LockActionReleaseApp.lambda$wireRealMethodsWithLogging$0 ]: NFS Lock acquire -> null
2026-02-06 20:57:58 INFO  [ main -> org.tasktide.itemstore.mutex.MutexOrchestrator.performLock ]: NFS Lock acquired
2026-02-06 20:57:58 INFO  [ main -> org.tasktide.itemstore.mutex.MutexOrchestrator.performLock ]: Confirming leadership:	'd76c643c-8f6b-4b47-ac1b-ede10e180d53'
2026-02-06 20:57:58 ERROR [ main -> org.tasktide.itemstore.mutex.LockActionReleaseApp.main ]: Unable to acquire lock exiting:

org.tasktide.itemstore.mutex.exceptions.ActiveMutexCheckedException: Sanity checked leader does not match currentd76c643c-8f6b-4b47-ac1b-ede10e180d53
	at org.tasktide.itemstore.mutex.MutexOrchestrator.confirmLeader(MutexOrchestrator.java:287)
	at org.tasktide.itemstore.mutex.MutexOrchestrator.performLock(MutexOrchestrator.java:176)
	at org.tasktide.itemstore.mutex.MutexOrchestrator.acquireLock(MutexOrchestrator.java:132)
	at org.tasktide.itemstore.mutex.LockActionReleaseApp.main(LockActionReleaseApp.java:120)
2026-02-06 20:57:58 ERROR [ main -> org.tasktide.itemstore.mutex.LockActionReleaseApp.main ]: Unable to acquire lock exiting:

org.tasktide.itemstore.mutex.exceptions.ActiveMutexCheckedException: Sanity checked leader does not match current09bf3a0c-8764-42ea-98af-fa7118cb8b71
	at org.tasktide.itemstore.mutex.MutexOrchestrator.confirmLeader(MutexOrchestrator.java:287)
	at org.tasktide.itemstore.mutex.MutexOrchestrator.performLock(MutexOrchestrator.java:176)
	at org.tasktide.itemstore.mutex.MutexOrchestrator.acquireLock(MutexOrchestrator.java:132)
	at org.tasktide.itemstore.mutex.LockActionReleaseApp.main(LockActionReleaseApp.java:120)
2026-02-06 20:57:58 INFO  [ main -> org.tasktide.itemstore.mutex.MutexOrchestrator.performLock ]: Leadership confirmed:	'c28c9d3a-7c9d-41e8-90cd-9edfb4b32bf8'
2026-02-06 20:57:58 INFO  [ main -> org.tasktide.itemstore.mutex.MutexOrchestrator.performLock ]: Waiting for FileChannel lock
2026-02-06 20:57:58 INFO  [ main -> org.tasktide.itemstore.mutex.MutexOrchestrator.performLock ]: File Channel Lock acquired
2026-02-06 20:57:58 INFO  [ main -> org.tasktide.itemstore.mutex.LockActionReleaseApp.main ]: APP-Writing '8' to data file:	'C:\Users\Brendan Kenna\GitHub\TaskTide\tasktide\itemstore\ItemStore-Mutex\multi-process.txt'
2026-02-06 20:57:58 INFO  [ main -> org.tasktide.itemstore.mutex.LockActionReleaseApp.main ]: APP-Record written, releasing lock
2026-02-06 20:57:58 INFO  [ main -> org.tasktide.itemstore.mutex.MutexOrchestrator.releaseLock ]: Releasing active lock
2026-02-06 20:57:58 INFO  [ main -> org.tasktide.itemstore.mutex.MutexOrchestrator.releaseActiveLock ]: Releasing FileChannel mutex
2026-02-06 20:57:58 INFO  [ main -> org.tasktide.itemstore.mutex.LockActionReleaseApp.lambda$wireRealMethodsWithLogging$1 ]: File Channel Lock release -> Mutex{id=c28c9d3a-7c9d-41e8-90cd-9edfb4b32bf8, lockDir=C:\Users\Brendan Kenna\GitHub\TaskTide\tasktide\itemstore\ItemStore-Mutex, lockFile=C:\Users\Brendan Kenna\GitHub\TaskTide\tasktide\itemstore\ItemStore-Mutex\lock-file.lock, hostFile=C:\Users\Brendan Kenna\GitHub\TaskTide\tasktide\itemstore\ItemStore-Mutex\Host-Lock\1770411271213.10-171-238-13_4a5b5977-aeb8-44ec-b236-10046e5aa246.lock, retryInterval=PT0.275S, staleFileThreshold=PT10S, startJitter=PT0.435S, endJitter=PT0.387S, state=LOCKED}
2026-02-06 20:57:58 INFO  [ main -> org.tasktide.itemstore.mutex.MutexOrchestrator.releaseActiveLock ]: Releasing NFS mutex:
'{
    "Election File": "C:\\Users\\Brendan Kenna\\GitHub\\TaskTide\\tasktide\\itemstore\\ItemStore-Mutex\\Queue\\1770411271213.10-171-238-13_4a5b5977-aeb8-44ec-b236-10046e5aa246_c28c9d3a-7c9d-41e8-90cd-9edfb4b32bf8.lock",
    "End Jitter": "PT0.387S",
    "Host File": "C:\\Users\\Brendan Kenna\\GitHub\\TaskTide\\tasktide\\itemstore\\ItemStore-Mutex\\Host-Lock\\1770411271213.10-171-238-13_4a5b5977-aeb8-44ec-b236-10046e5aa246.lock",
    "Id": "c28c9d3a-7c9d-41e8-90cd-9edfb4b32bf8",
    "Lock Dir": "C:\\Users\\Brendan Kenna\\GitHub\\TaskTide\\tasktide\\itemstore\\ItemStore-Mutex",
    "Lock File": "C:\\Users\\Brendan Kenna\\GitHub\\TaskTide\\tasktide\\itemstore\\ItemStore-Mutex\\lock-file.lock",
    "Mutex State": "LOCKED",
    "Retry Interval": "PT0.275S",
    "Stale File Threshold": "PT10S",
    "Start Jitter": "PT0.435S",
    "Timestamp": 1770411271246
}'
2026-02-06 20:57:58 INFO  [ main -> org.tasktide.itemstore.mutex.LockActionReleaseApp.main ]: APP-Lock released, test complete
2026-02-06 20:58:16 DEBUG [ main -> org.tasktide.itemstore.mutex.MutexStrategy$2.apply ]: Active leader with Id:	'086c8f16-5dc8-44be-8318-26a977727c42'
2026-02-06 20:58:16 DEBUG [ main -> org.tasktide.itemstore.mutex.MutexStrategy$2.apply ]: State set, writing mutex for:	'086c8f16-5dc8-44be-8318-26a977727c42'
2026-02-06 20:58:16 DEBUG [ main -> org.tasktide.itemstore.mutex.MutexStrategy$2.apply ]: Active leader with Id:	'4fe738c4-ade7-4498-bc8b-9489d980a666'
2026-02-06 20:58:16 DEBUG [ main -> org.tasktide.itemstore.mutex.MutexStrategy$2.apply ]: State set, writing mutex for:	'4fe738c4-ade7-4498-bc8b-9489d980a666'
2026-02-06 20:58:16 DEBUG [ main -> org.tasktide.itemstore.mutex.MutexStrategy$2.apply ]: Active leader with Id:	'832d2297-4e57-4646-987f-cb3e286688d5'
2026-02-06 20:58:16 DEBUG [ main -> org.tasktide.itemstore.mutex.MutexStrategy$2.apply ]: State set, writing mutex for:	'832d2297-4e57-4646-987f-cb3e286688d5'
2026-02-06 20:58:16 DEBUG [ main -> org.tasktide.itemstore.mutex.MutexStrategy$2.apply ]: Mutex written for:	'086c8f16-5dc8-44be-8318-26a977727c42'
2026-02-06 20:58:16 DEBUG [ main -> org.tasktide.itemstore.mutex.MutexStrategy$2.apply ]: Mutex written for:	'4fe738c4-ade7-4498-bc8b-9489d980a666'
2026-02-06 20:58:16 DEBUG [ main -> org.tasktide.itemstore.mutex.MutexStrategy$2.apply ]: Host lock file created for:	'086c8f16-5dc8-44be-8318-26a977727c42'
2026-02-06 20:58:16 DEBUG [ main -> org.tasktide.itemstore.mutex.MutexStrategy$2.apply ]: Mutex written for:	'832d2297-4e57-4646-987f-cb3e286688d5'
2026-02-06 20:58:16 DEBUG [ main -> org.tasktide.itemstore.mutex.MutexStrategy$2.apply ]: Host lock file created for:	'4fe738c4-ade7-4498-bc8b-9489d980a666'
2026-02-06 20:58:16 DEBUG [ main -> org.tasktide.itemstore.mutex.MutexStrategy$2.apply ]: Host lock file created for:	'832d2297-4e57-4646-987f-cb3e286688d5'
2026-02-06 20:58:16 INFO  [ main -> org.tasktide.itemstore.mutex.LockActionReleaseApp.lambda$wireRealMethodsWithLogging$0 ]: NFS Lock acquire -> null
2026-02-06 20:58:16 INFO  [ main -> org.tasktide.itemstore.mutex.MutexOrchestrator.performLock ]: NFS Lock acquired
2026-02-06 20:58:16 INFO  [ main -> org.tasktide.itemstore.mutex.MutexOrchestrator.performLock ]: Confirming leadership:	'4fe738c4-ade7-4498-bc8b-9489d980a666'
2026-02-06 20:58:16 INFO  [ main -> org.tasktide.itemstore.mutex.LockActionReleaseApp.lambda$wireRealMethodsWithLogging$0 ]: NFS Lock acquire -> null
2026-02-06 20:58:16 INFO  [ main -> org.tasktide.itemstore.mutex.MutexOrchestrator.performLock ]: NFS Lock acquired
2026-02-06 20:58:16 INFO  [ main -> org.tasktide.itemstore.mutex.MutexOrchestrator.performLock ]: Confirming leadership:	'832d2297-4e57-4646-987f-cb3e286688d5'
2026-02-06 20:58:16 INFO  [ main -> org.tasktide.itemstore.mutex.LockActionReleaseApp.lambda$wireRealMethodsWithLogging$0 ]: NFS Lock acquire -> null
2026-02-06 20:58:16 INFO  [ main -> org.tasktide.itemstore.mutex.MutexOrchestrator.performLock ]: NFS Lock acquired
2026-02-06 20:58:16 INFO  [ main -> org.tasktide.itemstore.mutex.MutexOrchestrator.performLock ]: Confirming leadership:	'086c8f16-5dc8-44be-8318-26a977727c42'
2026-02-06 20:58:16 ERROR [ main -> org.tasktide.itemstore.mutex.LockActionReleaseApp.main ]: Unable to acquire lock exiting:

org.tasktide.itemstore.mutex.exceptions.ActiveMutexCheckedException: Sanity checked leader does not match current4fe738c4-ade7-4498-bc8b-9489d980a666
	at org.tasktide.itemstore.mutex.MutexOrchestrator.confirmLeader(MutexOrchestrator.java:287)
	at org.tasktide.itemstore.mutex.MutexOrchestrator.performLock(MutexOrchestrator.java:176)
	at org.tasktide.itemstore.mutex.MutexOrchestrator.acquireLock(MutexOrchestrator.java:132)
	at org.tasktide.itemstore.mutex.LockActionReleaseApp.main(LockActionReleaseApp.java:120)
2026-02-06 20:58:16 ERROR [ main -> org.tasktide.itemstore.mutex.LockActionReleaseApp.main ]: Unable to acquire lock exiting:

org.tasktide.itemstore.mutex.exceptions.ActiveMutexCheckedException: Sanity checked leader does not match current832d2297-4e57-4646-987f-cb3e286688d5
	at org.tasktide.itemstore.mutex.MutexOrchestrator.confirmLeader(MutexOrchestrator.java:287)
	at org.tasktide.itemstore.mutex.MutexOrchestrator.performLock(MutexOrchestrator.java:176)
	at org.tasktide.itemstore.mutex.MutexOrchestrator.acquireLock(MutexOrchestrator.java:132)
	at org.tasktide.itemstore.mutex.LockActionReleaseApp.main(LockActionReleaseApp.java:120)
2026-02-06 20:58:16 ERROR [ main -> org.tasktide.itemstore.mutex.LockActionReleaseApp.main ]: Unable to acquire lock exiting:

org.tasktide.itemstore.mutex.exceptions.ActiveMutexCheckedException: Sanity checked leader does not match current086c8f16-5dc8-44be-8318-26a977727c42
	at org.tasktide.itemstore.mutex.MutexOrchestrator.confirmLeader(MutexOrchestrator.java:287)
	at org.tasktide.itemstore.mutex.MutexOrchestrator.performLock(MutexOrchestrator.java:176)
	at org.tasktide.itemstore.mutex.MutexOrchestrator.acquireLock(MutexOrchestrator.java:132)
	at org.tasktide.itemstore.mutex.LockActionReleaseApp.main(LockActionReleaseApp.java:120)
2026-02-06 21:00:39 DEBUG [ main -> org.tasktide.itemstore.mutex.MutexStrategy$2.apply ]: Active leader with Id:	'f718fb4c-9b4a-492b-8376-a0976f567611'
2026-02-06 21:00:39 DEBUG [ main -> org.tasktide.itemstore.mutex.MutexStrategy$2.apply ]: State set, writing mutex for:	'f718fb4c-9b4a-492b-8376-a0976f567611'
2026-02-06 21:00:39 DEBUG [ main -> org.tasktide.itemstore.mutex.MutexStrategy$2.apply ]: Active leader with Id:	'a6a0d84d-799b-4dbc-bb14-94a173b8b1ac'
2026-02-06 21:00:39 DEBUG [ main -> org.tasktide.itemstore.mutex.MutexStrategy$2.apply ]: State set, writing mutex for:	'a6a0d84d-799b-4dbc-bb14-94a173b8b1ac'
2026-02-06 21:00:39 DEBUG [ main -> org.tasktide.itemstore.mutex.MutexStrategy$2.apply ]: Mutex written for:	'f718fb4c-9b4a-492b-8376-a0976f567611'
2026-02-06 21:00:39 DEBUG [ main -> org.tasktide.itemstore.mutex.MutexStrategy$2.apply ]: Mutex written for:	'a6a0d84d-799b-4dbc-bb14-94a173b8b1ac'
2026-02-06 21:00:39 DEBUG [ main -> org.tasktide.itemstore.mutex.MutexStrategy$2.apply ]: Host lock file created for:	'f718fb4c-9b4a-492b-8376-a0976f567611'
2026-02-06 21:00:39 DEBUG [ main -> org.tasktide.itemstore.mutex.MutexStrategy$2.apply ]: Host lock file created for:	'a6a0d84d-799b-4dbc-bb14-94a173b8b1ac'
2026-02-06 21:00:39 INFO  [ main -> org.tasktide.itemstore.mutex.LockActionReleaseApp.lambda$wireRealMethodsWithLogging$0 ]: NFS Lock acquire -> null
2026-02-06 21:00:39 INFO  [ main -> org.tasktide.itemstore.mutex.MutexOrchestrator.performLock ]: NFS Lock acquired
2026-02-06 21:00:39 INFO  [ main -> org.tasktide.itemstore.mutex.MutexOrchestrator.performLock ]: Confirming leadership:	'a6a0d84d-799b-4dbc-bb14-94a173b8b1ac'
2026-02-06 21:00:39 INFO  [ main -> org.tasktide.itemstore.mutex.LockActionReleaseApp.lambda$wireRealMethodsWithLogging$0 ]: NFS Lock acquire -> null
2026-02-06 21:00:39 INFO  [ main -> org.tasktide.itemstore.mutex.MutexOrchestrator.performLock ]: NFS Lock acquired
2026-02-06 21:00:39 INFO  [ main -> org.tasktide.itemstore.mutex.MutexOrchestrator.performLock ]: Confirming leadership:	'f718fb4c-9b4a-492b-8376-a0976f567611'
2026-02-06 21:00:39 ERROR [ main -> org.tasktide.itemstore.mutex.LockActionReleaseApp.main ]: Unable to acquire lock exiting:

org.tasktide.itemstore.mutex.exceptions.ActiveMutexCheckedException: Sanity checked leader does not match currenta6a0d84d-799b-4dbc-bb14-94a173b8b1ac
	at org.tasktide.itemstore.mutex.MutexOrchestrator.confirmLeader(MutexOrchestrator.java:287)
	at org.tasktide.itemstore.mutex.MutexOrchestrator.performLock(MutexOrchestrator.java:176)
	at org.tasktide.itemstore.mutex.MutexOrchestrator.acquireLock(MutexOrchestrator.java:132)
	at org.tasktide.itemstore.mutex.LockActionReleaseApp.main(LockActionReleaseApp.java:120)
2026-02-06 21:00:40 INFO  [ main -> org.tasktide.itemstore.mutex.MutexOrchestrator.performLock ]: Leadership confirmed:	'f718fb4c-9b4a-492b-8376-a0976f567611'
2026-02-06 21:00:40 INFO  [ main -> org.tasktide.itemstore.mutex.MutexOrchestrator.performLock ]: Waiting for FileChannel lock
2026-02-06 21:00:40 INFO  [ main -> org.tasktide.itemstore.mutex.MutexOrchestrator.performLock ]: File Channel Lock acquired
2026-02-06 21:00:40 INFO  [ main -> org.tasktide.itemstore.mutex.LockActionReleaseApp.main ]: APP-Writing '9' to data file:	'C:\Users\Brendan Kenna\GitHub\TaskTide\tasktide\itemstore\ItemStore-Mutex\multi-process.txt'
2026-02-06 21:00:40 INFO  [ main -> org.tasktide.itemstore.mutex.LockActionReleaseApp.main ]: APP-Record written, releasing lock
2026-02-06 21:00:41 INFO  [ main -> org.tasktide.itemstore.mutex.MutexOrchestrator.releaseLock ]: Releasing active lock
2026-02-06 21:00:41 INFO  [ main -> org.tasktide.itemstore.mutex.MutexOrchestrator.releaseActiveLock ]: Releasing FileChannel mutex
2026-02-06 21:00:41 INFO  [ main -> org.tasktide.itemstore.mutex.LockActionReleaseApp.lambda$wireRealMethodsWithLogging$1 ]: File Channel Lock release -> Mutex{id=f718fb4c-9b4a-492b-8376-a0976f567611, lockDir=C:\Users\Brendan Kenna\GitHub\TaskTide\tasktide\itemstore\ItemStore-Mutex, lockFile=C:\Users\Brendan Kenna\GitHub\TaskTide\tasktide\itemstore\ItemStore-Mutex\lock-file.lock, hostFile=C:\Users\Brendan Kenna\GitHub\TaskTide\tasktide\itemstore\ItemStore-Mutex\Host-Lock\1770411273653.10-171-238-13_000956c9-e320-4824-9f66-0bdc82af9d65.lock, retryInterval=PT0.219S, staleFileThreshold=PT10S, startJitter=PT0.129S, endJitter=PT0.246S, state=LOCKED}
2026-02-06 21:00:41 INFO  [ main -> org.tasktide.itemstore.mutex.MutexOrchestrator.releaseActiveLock ]: Releasing NFS mutex:
'{
    "Election File": "C:\\Users\\Brendan Kenna\\GitHub\\TaskTide\\tasktide\\itemstore\\ItemStore-Mutex\\Queue\\1770411273654.10-171-238-13_000956c9-e320-4824-9f66-0bdc82af9d65_f718fb4c-9b4a-492b-8376-a0976f567611.lock",
    "End Jitter": "PT0.246S",
    "Host File": "C:\\Users\\Brendan Kenna\\GitHub\\TaskTide\\tasktide\\itemstore\\ItemStore-Mutex\\Host-Lock\\1770411273653.10-171-238-13_000956c9-e320-4824-9f66-0bdc82af9d65.lock",
    "Id": "f718fb4c-9b4a-492b-8376-a0976f567611",
    "Lock Dir": "C:\\Users\\Brendan Kenna\\GitHub\\TaskTide\\tasktide\\itemstore\\ItemStore-Mutex",
    "Lock File": "C:\\Users\\Brendan Kenna\\GitHub\\TaskTide\\tasktide\\itemstore\\ItemStore-Mutex\\lock-file.lock",
    "Mutex State": "LOCKED",
    "Retry Interval": "PT0.219S",
    "Stale File Threshold": "PT10S",
    "Start Jitter": "PT0.129S",
    "Timestamp": 1770411273889
}'
2026-02-06 21:00:41 INFO  [ main -> org.tasktide.itemstore.mutex.LockActionReleaseApp.main ]: APP-Lock released, test complete
2026-02-06 21:00:50 DEBUG [ main -> org.tasktide.itemstore.mutex.MutexStrategy$2.apply ]: Active leader with Id:	'65bc142c-42ab-42a6-8c0a-e9497d1fcc45'
2026-02-06 21:00:50 DEBUG [ main -> org.tasktide.itemstore.mutex.MutexStrategy$2.apply ]: State set, writing mutex for:	'65bc142c-42ab-42a6-8c0a-e9497d1fcc45'
2026-02-06 21:00:50 DEBUG [ main -> org.tasktide.itemstore.mutex.MutexStrategy$2.apply ]: Mutex written for:	'65bc142c-42ab-42a6-8c0a-e9497d1fcc45'
2026-02-06 21:00:50 DEBUG [ main -> org.tasktide.itemstore.mutex.MutexStrategy$2.apply ]: Host lock file created for:	'65bc142c-42ab-42a6-8c0a-e9497d1fcc45'
2026-02-06 21:00:51 INFO  [ main -> org.tasktide.itemstore.mutex.LockActionReleaseApp.lambda$wireRealMethodsWithLogging$0 ]: NFS Lock acquire -> null
2026-02-06 21:00:51 INFO  [ main -> org.tasktide.itemstore.mutex.MutexOrchestrator.performLock ]: NFS Lock acquired
2026-02-06 21:00:51 INFO  [ main -> org.tasktide.itemstore.mutex.MutexOrchestrator.performLock ]: Confirming leadership:	'65bc142c-42ab-42a6-8c0a-e9497d1fcc45'
2026-02-06 21:00:51 ERROR [ main -> org.tasktide.itemstore.mutex.LockActionReleaseApp.main ]: Unable to acquire lock exiting:

org.tasktide.itemstore.mutex.exceptions.ActiveMutexCheckedException: Sanity checked leader does not match current65bc142c-42ab-42a6-8c0a-e9497d1fcc45
	at org.tasktide.itemstore.mutex.MutexOrchestrator.confirmLeader(MutexOrchestrator.java:287)
	at org.tasktide.itemstore.mutex.MutexOrchestrator.performLock(MutexOrchestrator.java:176)
	at org.tasktide.itemstore.mutex.MutexOrchestrator.acquireLock(MutexOrchestrator.java:132)
	at org.tasktide.itemstore.mutex.LockActionReleaseApp.main(LockActionReleaseApp.java:120)
2026-02-06 21:00:54 DEBUG [ main -> org.tasktide.itemstore.mutex.MutexStrategy$2.apply ]: Active leader with Id:	'5fb3e4e7-a86f-4ff9-ba4f-f68b8fe6d763'
2026-02-06 21:00:54 DEBUG [ main -> org.tasktide.itemstore.mutex.MutexStrategy$2.apply ]: State set, writing mutex for:	'5fb3e4e7-a86f-4ff9-ba4f-f68b8fe6d763'
2026-02-06 21:00:54 DEBUG [ main -> org.tasktide.itemstore.mutex.MutexStrategy$2.apply ]: Active leader with Id:	'ec3f176e-881f-48f1-93fe-6177bdf292dd'
2026-02-06 21:00:54 DEBUG [ main -> org.tasktide.itemstore.mutex.MutexStrategy$2.apply ]: State set, writing mutex for:	'ec3f176e-881f-48f1-93fe-6177bdf292dd'
2026-02-06 21:00:54 DEBUG [ main -> org.tasktide.itemstore.mutex.MutexStrategy$2.apply ]: Mutex written for:	'5fb3e4e7-a86f-4ff9-ba4f-f68b8fe6d763'
2026-02-06 21:00:54 DEBUG [ main -> org.tasktide.itemstore.mutex.MutexStrategy$2.apply ]: Mutex written for:	'ec3f176e-881f-48f1-93fe-6177bdf292dd'
2026-02-06 21:00:54 DEBUG [ main -> org.tasktide.itemstore.mutex.MutexStrategy$2.apply ]: Host lock file created for:	'5fb3e4e7-a86f-4ff9-ba4f-f68b8fe6d763'
2026-02-06 21:00:54 DEBUG [ main -> org.tasktide.itemstore.mutex.MutexStrategy$2.apply ]: Host lock file created for:	'ec3f176e-881f-48f1-93fe-6177bdf292dd'
2026-02-06 21:00:54 INFO  [ main -> org.tasktide.itemstore.mutex.LockActionReleaseApp.lambda$wireRealMethodsWithLogging$0 ]: NFS Lock acquire -> null
2026-02-06 21:00:54 INFO  [ main -> org.tasktide.itemstore.mutex.MutexOrchestrator.performLock ]: NFS Lock acquired
2026-02-06 21:00:54 INFO  [ main -> org.tasktide.itemstore.mutex.MutexOrchestrator.performLock ]: Confirming leadership:	'5fb3e4e7-a86f-4ff9-ba4f-f68b8fe6d763'
2026-02-06 21:00:54 INFO  [ main -> org.tasktide.itemstore.mutex.LockActionReleaseApp.lambda$wireRealMethodsWithLogging$0 ]: NFS Lock acquire -> null
2026-02-06 21:00:54 INFO  [ main -> org.tasktide.itemstore.mutex.MutexOrchestrator.performLock ]: NFS Lock acquired
2026-02-06 21:00:54 INFO  [ main -> org.tasktide.itemstore.mutex.MutexOrchestrator.performLock ]: Confirming leadership:	'ec3f176e-881f-48f1-93fe-6177bdf292dd'
2026-02-06 21:00:54 ERROR [ main -> org.tasktide.itemstore.mutex.LockActionReleaseApp.main ]: Unable to acquire lock exiting:

org.tasktide.itemstore.mutex.exceptions.ActiveMutexCheckedException: Sanity checked leader does not match currentec3f176e-881f-48f1-93fe-6177bdf292dd
	at org.tasktide.itemstore.mutex.MutexOrchestrator.confirmLeader(MutexOrchestrator.java:287)
	at org.tasktide.itemstore.mutex.MutexOrchestrator.performLock(MutexOrchestrator.java:176)
	at org.tasktide.itemstore.mutex.MutexOrchestrator.acquireLock(MutexOrchestrator.java:132)
	at org.tasktide.itemstore.mutex.LockActionReleaseApp.main(LockActionReleaseApp.java:120)
2026-02-06 21:00:54 ERROR [ main -> org.tasktide.itemstore.mutex.LockActionReleaseApp.main ]: Unable to acquire lock exiting:

org.tasktide.itemstore.mutex.exceptions.ActiveMutexCheckedException: Sanity checked leader does not match current5fb3e4e7-a86f-4ff9-ba4f-f68b8fe6d763
	at org.tasktide.itemstore.mutex.MutexOrchestrator.confirmLeader(MutexOrchestrator.java:287)
	at org.tasktide.itemstore.mutex.MutexOrchestrator.performLock(MutexOrchestrator.java:176)
	at org.tasktide.itemstore.mutex.MutexOrchestrator.acquireLock(MutexOrchestrator.java:132)
	at org.tasktide.itemstore.mutex.LockActionReleaseApp.main(LockActionReleaseApp.java:120)
2026-02-06 21:01:11 DEBUG [ main -> org.tasktide.itemstore.mutex.MutexStrategy$2.apply ]: Active leader with Id:	'5baf6780-a662-4615-983d-1e7d644d95c7'
2026-02-06 21:01:11 DEBUG [ main -> org.tasktide.itemstore.mutex.MutexStrategy$2.apply ]: State set, writing mutex for:	'5baf6780-a662-4615-983d-1e7d644d95c7'
2026-02-06 21:01:11 DEBUG [ main -> org.tasktide.itemstore.mutex.MutexStrategy$2.apply ]: Mutex written for:	'5baf6780-a662-4615-983d-1e7d644d95c7'
2026-02-06 21:01:11 DEBUG [ main -> org.tasktide.itemstore.mutex.MutexStrategy$2.apply ]: Host lock file created for:	'5baf6780-a662-4615-983d-1e7d644d95c7'
2026-02-06 21:01:11 INFO  [ main -> org.tasktide.itemstore.mutex.LockActionReleaseApp.lambda$wireRealMethodsWithLogging$0 ]: NFS Lock acquire -> null
2026-02-06 21:01:11 INFO  [ main -> org.tasktide.itemstore.mutex.MutexOrchestrator.performLock ]: NFS Lock acquired
2026-02-06 21:01:11 INFO  [ main -> org.tasktide.itemstore.mutex.MutexOrchestrator.performLock ]: Confirming leadership:	'5baf6780-a662-4615-983d-1e7d644d95c7'
2026-02-06 21:01:12 INFO  [ main -> org.tasktide.itemstore.mutex.MutexOrchestrator.performLock ]: Leadership confirmed:	'5baf6780-a662-4615-983d-1e7d644d95c7'
2026-02-06 21:01:12 INFO  [ main -> org.tasktide.itemstore.mutex.MutexOrchestrator.performLock ]: Waiting for FileChannel lock
2026-02-06 21:01:13 INFO  [ main -> org.tasktide.itemstore.mutex.MutexOrchestrator.performLock ]: File Channel Lock acquired
2026-02-06 21:01:13 INFO  [ main -> org.tasktide.itemstore.mutex.LockActionReleaseApp.main ]: APP-Writing '10' to data file:	'C:\Users\Brendan Kenna\GitHub\TaskTide\tasktide\itemstore\ItemStore-Mutex\multi-process.txt'
2026-02-06 21:01:13 INFO  [ main -> org.tasktide.itemstore.mutex.LockActionReleaseApp.main ]: APP-Record written, releasing lock
2026-02-06 21:01:13 INFO  [ main -> org.tasktide.itemstore.mutex.MutexOrchestrator.releaseLock ]: Releasing active lock
2026-02-06 21:01:13 INFO  [ main -> org.tasktide.itemstore.mutex.MutexOrchestrator.releaseActiveLock ]: Releasing FileChannel mutex
2026-02-06 21:01:13 DEBUG [ main -> org.tasktide.itemstore.mutex.MutexStrategy$2.apply ]: Active leader with Id:	'517693ef-9da7-4834-a8a0-ee729139889c'
2026-02-06 21:01:13 DEBUG [ main -> org.tasktide.itemstore.mutex.MutexStrategy$2.apply ]: State set, writing mutex for:	'517693ef-9da7-4834-a8a0-ee729139889c'
2026-02-06 21:01:13 DEBUG [ main -> org.tasktide.itemstore.mutex.MutexStrategy$2.apply ]: Mutex written for:	'517693ef-9da7-4834-a8a0-ee729139889c'
2026-02-06 21:01:13 DEBUG [ main -> org.tasktide.itemstore.mutex.MutexStrategy$2.apply ]: Host lock file created for:	'517693ef-9da7-4834-a8a0-ee729139889c'
2026-02-06 21:01:13 INFO  [ main -> org.tasktide.itemstore.mutex.LockActionReleaseApp.lambda$wireRealMethodsWithLogging$1 ]: File Channel Lock release -> Mutex{id=5baf6780-a662-4615-983d-1e7d644d95c7, lockDir=C:\Users\Brendan Kenna\GitHub\TaskTide\tasktide\itemstore\ItemStore-Mutex, lockFile=C:\Users\Brendan Kenna\GitHub\TaskTide\tasktide\itemstore\ItemStore-Mutex\lock-file.lock, hostFile=C:\Users\Brendan Kenna\GitHub\TaskTide\tasktide\itemstore\ItemStore-Mutex\Host-Lock\1770411274609.10-171-238-13_3d1b6feb-252c-4235-a7e4-bf217bbc5794.lock, retryInterval=PT0.171S, staleFileThreshold=PT10S, startJitter=PT0.201S, endJitter=PT0.477S, state=LOCKED}
2026-02-06 21:01:13 INFO  [ main -> org.tasktide.itemstore.mutex.MutexOrchestrator.releaseActiveLock ]: Releasing NFS mutex:
'{
    "Election File": "C:\\Users\\Brendan Kenna\\GitHub\\TaskTide\\tasktide\\itemstore\\ItemStore-Mutex\\Queue\\1770411274610.10-171-238-13_3d1b6feb-252c-4235-a7e4-bf217bbc5794_5baf6780-a662-4615-983d-1e7d644d95c7.lock",
    "End Jitter": "PT0.477S",
    "Host File": "C:\\Users\\Brendan Kenna\\GitHub\\TaskTide\\tasktide\\itemstore\\ItemStore-Mutex\\Host-Lock\\1770411274609.10-171-238-13_3d1b6feb-252c-4235-a7e4-bf217bbc5794.lock",
    "Id": "5baf6780-a662-4615-983d-1e7d644d95c7",
    "Lock Dir": "C:\\Users\\Brendan Kenna\\GitHub\\TaskTide\\tasktide\\itemstore\\ItemStore-Mutex",
    "Lock File": "C:\\Users\\Brendan Kenna\\GitHub\\TaskTide\\tasktide\\itemstore\\ItemStore-Mutex\\lock-file.lock",
    "Mutex State": "LOCKED",
    "Retry Interval": "PT0.171S",
    "Stale File Threshold": "PT10S",
    "Start Jitter": "PT0.201S",
    "Timestamp": 1770411274627
}'
2026-02-06 21:01:13 INFO  [ main -> org.tasktide.itemstore.mutex.LockActionReleaseApp.main ]: APP-Lock released, test complete
2026-02-06 21:01:14 INFO  [ main -> org.tasktide.itemstore.mutex.LockActionReleaseApp.lambda$wireRealMethodsWithLogging$0 ]: NFS Lock acquire -> null
2026-02-06 21:01:14 INFO  [ main -> org.tasktide.itemstore.mutex.MutexOrchestrator.performLock ]: NFS Lock acquired
2026-02-06 21:01:14 INFO  [ main -> org.tasktide.itemstore.mutex.MutexOrchestrator.performLock ]: Confirming leadership:	'517693ef-9da7-4834-a8a0-ee729139889c'
2026-02-06 21:01:14 INFO  [ main -> org.tasktide.itemstore.mutex.MutexOrchestrator.performLock ]: Leadership confirmed:	'517693ef-9da7-4834-a8a0-ee729139889c'
2026-02-06 21:01:14 INFO  [ main -> org.tasktide.itemstore.mutex.MutexOrchestrator.performLock ]: Waiting for FileChannel lock
2026-02-06 21:01:15 INFO  [ main -> org.tasktide.itemstore.mutex.MutexOrchestrator.performLock ]: File Channel Lock acquired
2026-02-06 21:01:15 INFO  [ main -> org.tasktide.itemstore.mutex.LockActionReleaseApp.main ]: APP-Writing '11' to data file:	'C:\Users\Brendan Kenna\GitHub\TaskTide\tasktide\itemstore\ItemStore-Mutex\multi-process.txt'
2026-02-06 21:01:15 INFO  [ main -> org.tasktide.itemstore.mutex.LockActionReleaseApp.main ]: APP-Record written, releasing lock
2026-02-06 21:01:15 INFO  [ main -> org.tasktide.itemstore.mutex.MutexOrchestrator.releaseLock ]: Releasing active lock
2026-02-06 21:01:15 INFO  [ main -> org.tasktide.itemstore.mutex.MutexOrchestrator.releaseActiveLock ]: Releasing FileChannel mutex
2026-02-06 21:01:15 INFO  [ main -> org.tasktide.itemstore.mutex.LockActionReleaseApp.lambda$wireRealMethodsWithLogging$1 ]: File Channel Lock release -> Mutex{id=517693ef-9da7-4834-a8a0-ee729139889c, lockDir=C:\Users\Brendan Kenna\GitHub\TaskTide\tasktide\itemstore\ItemStore-Mutex, lockFile=C:\Users\Brendan Kenna\GitHub\TaskTide\tasktide\itemstore\ItemStore-Mutex\lock-file.lock, hostFile=C:\Users\Brendan Kenna\GitHub\TaskTide\tasktide\itemstore\ItemStore-Mutex\Host-Lock\1770411274805.10-171-238-13_22b359c7-951b-4f62-a631-769101c0cbd0.lock, retryInterval=PT0.247S, staleFileThreshold=PT10S, startJitter=PT0.168S, endJitter=PT0.177S, state=LOCKED}
2026-02-06 21:01:15 INFO  [ main -> org.tasktide.itemstore.mutex.MutexOrchestrator.releaseActiveLock ]: Releasing NFS mutex:
'{
    "Election File": "C:\\Users\\Brendan Kenna\\GitHub\\TaskTide\\tasktide\\itemstore\\ItemStore-Mutex\\Queue\\1770411274808.10-171-238-13_22b359c7-951b-4f62-a631-769101c0cbd0_517693ef-9da7-4834-a8a0-ee729139889c.lock",
    "End Jitter": "PT0.177S",
    "Host File": "C:\\Users\\Brendan Kenna\\GitHub\\TaskTide\\tasktide\\itemstore\\ItemStore-Mutex\\Host-Lock\\1770411274805.10-171-238-13_22b359c7-951b-4f62-a631-769101c0cbd0.lock",
    "Id": "517693ef-9da7-4834-a8a0-ee729139889c",
    "Lock Dir": "C:\\Users\\Brendan Kenna\\GitHub\\TaskTide\\tasktide\\itemstore\\ItemStore-Mutex",
    "Lock File": "C:\\Users\\Brendan Kenna\\GitHub\\TaskTide\\tasktide\\itemstore\\ItemStore-Mutex\\lock-file.lock",
    "Mutex State": "LOCKED",
    "Retry Interval": "PT0.247S",
    "Stale File Threshold": "PT10S",
    "Start Jitter": "PT0.168S",
    "Timestamp": 1770411274833
}'
2026-02-06 21:01:15 INFO  [ main -> org.tasktide.itemstore.mutex.LockActionReleaseApp.main ]: APP-Lock released, test complete
